t_hours,pEGFR_tram_0.0x_norm,panRAS_tram_0.0x_norm,pCRAF_tram_0.0x_norm,pMEK_tram_0.0x_norm,pERK_tram_0.0x_norm,DUSP_tram_0.0x_norm,pAKT_tram_0.0x_norm,p4EBP1_tram_0.0x_norm,pHer2_tram_0.0x_norm,pHer3_tram_0.0x_norm,pDGFR_tram_0.0x_norm,pS6K_tram_0.0x_norm,pEGFR_tram_0.1x_norm,panRAS_tram_0.1x_norm,pCRAF_tram_0.1x_norm,pMEK_tram_0.1x_norm,pERK_tram_0.1x_norm,DUSP_tram_0.1x_norm,pAKT_tram_0.1x_norm,p4EBP1_tram_0.1x_norm,pHer2_tram_0.1x_norm,pHer3_tram_0.1x_norm,pDGFR_tram_0.1x_norm,pS6K_tram_0.1x_norm,pEGFR_tram_0.3x_norm,panRAS_tram_0.3x_norm,pCRAF_tram_0.3x_norm,pMEK_tram_0.3x_norm,pERK_tram_0.3x_norm,DUSP_tram_0.3x_norm,pAKT_tram_0.3x_norm,p4EBP1_tram_0.3x_norm,pHer2_tram_0.3x_norm,pHer3_tram_0.3x_norm,pDGFR_tram_0.3x_norm,pS6K_tram_0.3x_norm,pEGFR_tram_1.0x_norm,panRAS_tram_1.0x_norm,pCRAF_tram_1.0x_norm,pMEK_tram_1.0x_norm,pERK_tram_1.0x_norm,DUSP_tram_1.0x_norm,pAKT_tram_1.0x_norm,p4EBP1_tram_1.0x_norm,pHer2_tram_1.0x_norm,pHer3_tram_1.0x_norm,pDGFR_tram_1.0x_norm,pS6K_tram_1.0x_norm,pEGFR_tram_3.0x_norm,panRAS_tram_3.0x_norm,pCRAF_tram_3.0x_norm,pMEK_tram_3.0x_norm,pERK_tram_3.0x_norm,DUSP_tram_3.0x_norm,pAKT_tram_3.0x_norm,p4EBP1_tram_3.0x_norm,pHer2_tram_3.0x_norm,pHer3_tram_3.0x_norm,pDGFR_tram_3.0x_norm,pS6K_tram_3.0x_norm,pEGFR_tram_10.0x_norm,panRAS_tram_10.0x_norm,pCRAF_tram_10.0x_norm,pMEK_tram_10.0x_norm,pERK_tram_10.0x_norm,DUSP_tram_10.0x_norm,pAKT_tram_10.0x_norm,p4EBP1_tram_10.0x_norm,pHer2_tram_10.0x_norm,pHer3_tram_10.0x_norm,pDGFR_tram_10.0x_norm,pS6K_tram_10.0x_norm
0.0,0.9993554687970315,0.0,0.2924877587795639,0.9999999999999157,0.9999999999999963,0.9999999999999998,0.30932197577567816,0.5632703209775765,0.0,0.1358939141475549,0.0,0.9999999999999983,0.9993488085263458,0.0,0.2920828080648711,0.9999999999999157,0.9999999999999963,1.0,0.3093019764677453,0.5632703246505554,0.0,0.12946773327925032,0.0,0.9999999999999983,0.9993442972499263,0.0,0.2915762815060632,0.9999999999999157,0.9999999999999963,1.0,0.30927743085108916,0.5632703291371794,0.0,0.12141471543737932,0.0,0.9999999999999983,0.9993417547329481,0.0,0.29059847070996103,0.9999999999999158,0.9999999999999964,0.9999999999999998,0.30923149240526615,0.5632703373969741,0.0,0.10578799120335257,0.0,0.9999999999999983,0.9993407707061556,0.0,0.2890061875496408,0.9999999999999158,0.9999999999999966,0.9999999999999998,0.30916024132096975,0.5632703498635125,0.0,0.08001167345838443,0.0,0.9999999999999983,0.9993394690446704,0.0,0.28588679463024885,0.999999999999916,0.9999999999999967,1.0,0.30903102114253483,0.5632703715419176,0.0,0.02766024950595364,0.0,0.9999999999999983
0.2412060301507538,0.9998162709300898,0.004487778917450021,0.30019004210181804,0.2623540412763686,0.9205552837727227,0.8905298945420053,0.3962788521495302,0.644856101883434,0.0033727935721562926,0.14597583007949336,0.0016757770642840488,0.9851855168068198,0.99981207227589,0.004487628344226607,0.2997885523653789,0.26250602767159203,0.9152783048562213,0.8905299853610713,0.3962613701221047,0.6448561048707578,0.003377891560140021,0.1396072496966313,0.0016795983304301173,0.9851855165334059,0.9998085088501866,0.004487443063825069,0.29928635403362985,0.26269553090816533,0.9126314650150628,0.8905300961542773,0.39623991414769305,0.6448561085198066,0.003373139483632188,0.1315921899310804,0.0016794241158437637,0.9851855162029931,0.9998064157580817,0.00448709482488621,0.29831689862336996,0.26305826254831616,0.9129384094173764,0.890530298672696,0.3961997584526457,0.6448561152375902,0.0033569158196937302,0.1160170004311843,0.001675889033422389,0.9851855156007515,0.9998058993585833,0.004486551026955244,0.2967382251894443,0.26364121377146776,0.9148233863100049,0.8905306023006976,0.3961374770533331,0.6448561253766522,0.0033294557938664303,0.09032412783729703,0.001669573988753057,0.9851855147070633,0.9998054874831149,0.004485553877720873,0.29364551435187514,0.2647686882583187,0.9185303442450026,0.8905311320939707,0.3960245251451532,0.6448561430414608,0.003276417044046365,0.038150241542821796,0.0016572122327738485,0.9851855132064578
0.4824120603015076,0.999999999999999,0.008975845295938716,0.30783127882797273,0.1887910218676562,0.8504405590114428,0.8018323025471017,0.4750171994036233,0.7129624425139832,0.007160902708204545,0.1566899877496598,0.0038849968926926216,0.9705086463500898,0.999999999999999,0.008975544139707003,0.3074332265710453,0.18895704308730257,0.8447350870641906,0.8018324621213313,0.4750019967418144,0.7129624449289325,0.007179651484751529,0.15040948313531,0.0038963127157113967,0.970508645805802,0.999999999999999,0.00897517356705151,0.3069353261524797,0.18916446788983438,0.8391794267367998,0.8018326597171276,0.47498333839935497,0.7129624478787936,0.007183101883663844,0.14247786394393053,0.003901576089753068,0.9705086451480407,0.999999999999999,0.008974477066789853,0.3059741624426822,0.1895628164452279,0.836069485464426,0.8018330251339351,0.474948418911597,0.712962453309333,0.007157800457180684,0.12698705662540744,0.0038974124895081214,0.9705086439491453,0.999999999999999,0.008973389436142074,0.3044089913255769,0.19020381276670273,0.8386620167469009,0.8018335746115729,0.4748942594482241,0.7129624615054607,0.007100837262357166,0.10138877162219048,0.0038834307630009036,0.9705086421700881,0.999999999999999,0.008971395073801782,0.3013427511870671,0.19144371915289002,0.8455589856824498,0.8018345336473571,0.4747960382521355,0.7129624758197921,0.006987917299686335,0.04940602736521427,0.0038547657176706035,0.9705086391828229
0.7236180904522613,0.9999134604986595,0.013464199352717967,0.31542362533253887,0.18115703098329092,0.7879304653985653,0.7285080729212942,0.5461038880791204,0.7696751906650214,0.011328902938523861,0.16794139949103826,0.006599318136147884,0.9559689788270992,0.9999178080917707,0.013463747603748015,0.3150289924622866,0.1813233735614058,0.7824726649583147,0.7285082847276988,0.5460907432782148,0.7696751926033456,0.011361625313254346,0.16175351686897974,0.006618140084837856,0.9559689780144647,0.9999226449859784,0.013463191727148315,0.31453536804780924,0.18153136849686258,0.7763195983839244,0.7285085492756356,0.5460746106986175,0.7696751949709902,0.011379352970814043,0.15392872745910308,0.006631380542693131,0.9559689770324263,0.999927904734421,0.013462146943163045,0.31358245139896007,0.18193195917634425,0.7694402077128843,0.7285090452304014,0.5460444185725701,0.7696751993296302,0.011360272247209873,0.13857930339878163,0.006633103148311498,0.9559689752424548,0.9999296164970487,0.013460515444924038,0.3120306995567699,0.18257848546963543,0.7702996887018558,0.7285097968923036,0.5459975917691006,0.7696752059078619,0.01127797800031595,0.11310454465531757,0.006612853299035255,0.9559689725862927,0.9999297686567649,0.013457523805542413,0.3089907613799697,0.18382998625447353,0.7795527561069738,0.7285111106201843,0.5459126697796207,0.7696752174322111,0.011099949193311044,0.061328240307232294,0.006564625843508479,0.9559689681262554
0.9648241206030151,0.9995639614089918,0.017952841618960307,0.322983776637873,0.1800359647629416,0.7317336838171494,0.6668796110686348,0.6100752836624785,0.8167576170138522,0.015846798928075195,0.17965158498568531,0.009793114848046711,0.9415660895976409,0.9995725993785872,0.017952239267628824,0.3225925524714438,0.18020126995754382,0.7265965713645789,0.6668798630673793,0.6100639907451831,0.816757618556502,0.01589279953365728,0.17355736284633644,0.009818999641855957,0.9415660885191857,0.9995825670203496,0.017951498075014893,0.32210319116546327,0.1804080430217843,0.7205332913761769,0.6668801793521267,0.6100501311170913,0.8167576204407514,0.015925850529723024,0.16584666642619303,0.00984051540969889,0.9415660872159144,0.9995953750048514,0.017950104985081792,0.3211584979888343,0.18080696580052666,0.7117572772563755,0.6668807788257407,0.6100241931761599,0.8167576239093759,0.015923920476436877,0.15068083021667547,0.009852678014796792,0.9415660848404224,0.9996013974380173,0.017947929584312777,0.3196201181813118,0.18145306207795556,0.7091972701182057,0.6668816974470989,0.6099839650833251,0.8167576291440444,0.015828001360517967,0.1253806450443484,0.009830905400917191,0.9415660813154142,0.9996020150356264,0.017943940603929696,0.31660637310291734,0.1827059764562276,0.7194269839724544,0.6668833086944516,0.6099110111403258,0.8167576383517176,0.015582991967534493,0.07383387561804469,0.009761337347423722,0.9415660753964631
1.2060301507537687,0.9989590989984626,0.022441773089810987,0.33052882011091994,0.17953454648271625,0.6808603916406688,0.614355721333422,0.6674379945028898,0.8557000756622593,0.02068873934827474,0.1917546148868854,0.01344289665211689,0.9272995401515758,0.9989719333068553,0.02244102012636794,0.3301410016689022,0.1796986859412177,0.6760388673113635,0.6143560045997364,0.6674283621583924,0.8557000768772285,0.02074718040950756,0.18575435022170994,0.013475337082750555,0.9272995388098113,0.9989870476245729,0.022440093605893163,0.3296558999802169,0.17990403979875577,0.6702398512640346,0.6143563611534236,0.6674165406710826,0.8557000783609823,0.02079521473117685,0.17816031148590494,0.013504808688191313,0.9272995371883497,0.9990085041181253,0.022438352187570763,0.3287194252037236,0.18030061688776225,0.660843219438449,0.6143570423598413,0.6673944174290497,0.8557000810926186,0.020815337815075774,0.16320051939885596,0.013529272954209344,0.9272995342328845,0.9990218314688144,0.022435632849274596,0.3271944065198144,0.18094486300819293,0.6549399764975335,0.6143580982524486,0.6673601063545501,0.8557000852153465,0.020719806485250736,0.13813170199165928,0.013511741788858903,0.9272995298472567,0.9990241605562804,0.02243064646358439,0.3242068095806425,0.18219775504709698,0.6644317317704305,0.6143599615566465,0.6672978840744653,0.8557000925016116,0.020411101186299383,0.08685149414441734,0.013421356960276085,0.9272995224832052
1.4472361809045227,0.9981066079677884,0.026930995368714315,0.3380727418072508,0.17906908140488556,0.634535665916045,0.5690583986028422,0.7186696470858052,0.8877619635504261,0.025832113697887862,0.20419432887443462,0.017526901704150083,0.9131688791173195,0.9981235358999757,0.026930091783589245,0.3376883324622894,0.17923205044100413,0.6300105873835087,0.5690587063900291,0.7186614978309442,0.8877619644943338,0.02590215482159409,0.19828805084987297,0.017565390080857942,0.9131688775147618,0.998143726671084,0.026928979923263013,0.3372074947374238,0.1794359626745197,0.6245175718072087,0.5690590944940562,0.7186514966449904,0.8877619656466389,0.025964436389016483,0.1908116734416799,0.017602322634128788,0.9131688755781421,0.9981742647170769,0.026926890154000974,0.3362792479562943,0.1798299914979057,0.6151029299747063,0.5690598402396094,0.718632780378515,0.8877619677682382,0.026008161193357443,0.17606918032555818,0.017639455104726167,0.9131688720482247,0.9981973639279085,0.026923626843017294,0.33476760747766726,0.1804715725429857,0.6067949497757881,0.5690610082299014,0.7186037538967291,0.8877619709715638,0.025924535963520446,0.1512792813968479,0.017630809603157705,0.913168866810175,0.9982036361698511,0.02691764298732688,0.3318061694187126,0.18172361814613155,0.6140633548874581,0.5690630860818947,0.7185511162491258,0.8877619766636476,0.025560825574779393,0.10031764940698194,0.017522556845343387,0.9131688580147924
1.6884422110552764,0.9970142648863739,0.03142051080833252,0.34562444677226606,0.17858243790232917,0.5921412939382715,0.5295925652522862,0.7642201185212517,0.9140081015456523,0.031256883133862705,0.2169222857841244,0.022024784805196804,0.8991736428368763,0.9970351821704595,0.031419456591720456,0.3452434539784191,0.17874424452872328,0.5878916433197452,0.5295928923731613,0.7642132878963105,0.9140081022618388,0.0313377127577146,0.2111098852147167,0.022068827933805976,0.8991736409760265,0.9970603479148565,0.03141815937954837,0.3447668896177818,0.17894671675009027,0.5827064923430795,0.5295933053126687,0.7642049051561498,0.9140081031359313,0.03141338828887403,0.2037515213215352,0.022112676491315035,0.8991736387272692,0.9971000806990334,0.03141572123676936,0.343846889783361,0.1793381135190027,0.5735393386572185,0.5295941020919702,0.7641892180550752,0.9140081047418888,0.03148069359874799,0.18923208221073054,0.022162147276292666,0.8991736346284182,0.9971346405238168,0.0314119139175594,0.3423486612379667,0.17997647624792237,0.5637950031816628,0.5295953610965546,0.764164890133252,0.914008107161761,0.031416662929420684,0.16475538014580518,0.022165320084520122,0.8991736285461319,0.9971477609785651,0.03140493252685511,0.3394134318322303,0.18122674425037416,0.5679765344069713,0.5295976216335141,0.764120774232851,0.9140081114975582,0.031010431249772,0.11417434154850213,0.02204385811350811,0.8991736183331686
1.9296482412060303,0.9956898081184411,0.0359103226398731,0.3531874579670461,0.1780694926609811,0.5531768107344195,0.494901250636385,0.8045120309486784,0.9353377900636229,0.03694511623635184,0.22989632094276677,0.026917417803354198,0.8853133567541797,0.9957146112247921,0.0359091177821096,0.35280989083964087,0.17823014617944863,0.5491825850460245,0.4949015930187793,0.804506366740027,0.9353377906048461,0.037035958970157636,0.224177599181725,0.026966541009622796,0.8853133546375251,0.9957446381983553,0.03590763520604165,0.3523376112956498,0.1784311853097819,0.544293993924124,0.4949020255244529,0.8044994156197394,0.9353377912652877,0.03712415115697677,0.21693727286704817,0.02701675299097204,0.8853133520796369,0.9957935239897735,0.03590484866707314,0.3514258810652513,0.17881991317289805,0.5354883973906874,0.4949028626203351,0.8044864080052954,0.9353377924791307,0.03721428898632755,0.20264386266380083,0.02707791383451929,0.8853133474173203,0.995840576611472,0.035900497303862085,0.349941104249625,0.17945469215223753,0.5250244627421329,0.4949041950724333,0.8044662362441873,0.9353377943026424,0.03717430419584404,0.1785034174134034,0.02709439552404823,0.8853133404989124,0.9958636717900792,0.03589251831233441,0.34703215282617067,0.180702191203419,0.5258960308690674,0.4949066104727494,0.8044296583740679,0.9353377976749645,0.03673949620852941,0.12836766949534506,0.026965052490064298,0.8853133288819514
2.1708542713567835,0.9941408994002091,0.04040043510512346,0.36076092504506024,0.17753015724703242,0.5172308689286736,0.46416794369878067,0.8399424322517585,0.9525117000708171,0.04288059378744198,0.24307935101009231,0.032186691172774784,0.8715875354935161,0.9941694863884608,0.04039907959649509,0.3603867923896258,0.177689666964527,0.5134737523972452,0.46416829813459815,0.839937793735058,0.9525117004652053,0.04298071107561939,0.23745404320865668,0.03224043918152558,0.8715875331235402,0.9942042561999148,0.0403974116445395,0.359918808712956,0.1778892817958518,0.5088661867468326,0.46416874605779285,0.8399321015094432,0.952511700946656,0.04308055361106313,0.23033158626836941,0.03229647068636907,0.87158753025952,0.9942621745609276,0.04039427668647315,0.35901536981098736,0.178275326998283,0.5004668961335249,0.46416961498333154,0.8399214500899824,0.9525117018317409,0.04319243504585955,0.2162656668400824,0.032368528568867634,0.8715875250392155,0.9943222904158224,0.040389381243252115,0.3575440825951717,0.1789062867288561,0.48975115704428135,0.46417100646461246,0.8399049330202194,0.9525117031623456,0.043178689483730916,0.19247656162629553,0.032398809035107584,0.8715875172928139,0.9943583300153069,0.0403804045842422,0.35466148111125323,0.1801500642227254,0.4875454916132095,0.4641735526773593,0.8398749836284165,0.9525117056903877,0.04272875166607288,0.14284733453300644,0.03226670676570494,0.8715875042855211
2.4120603015075375,0.9923750883503096,0.044890853580939326,0.3683412615964054,0.1769647944974467,0.4839614002891386,0.43675202530763513,0.8708837951313421,0.9661730479717064,0.04904852965627138,0.25643851651589666,0.037815384893314895,0.8579956835487441,0.9924073591961143,0.04488934741180121,0.3679705706755231,0.1771231695350225,0.4804248135079585,0.436752389219661,0.8708800523743981,0.9661730482493733,0.049157218366684234,0.2509063049502656,0.03787332164888958,0.8579956809279192,0.9924467522295858,0.04488749407199314,0.36750689197819336,0.17732136964852954,0.4760818275700562,0.43675284923301794,0.8708754595628633,0.9661730485885293,0.04926786991684105,0.2439014227246015,0.03793464423193287,0.8579956777607566,0.9925135411380489,0.044884010671876674,0.3666117622864625,0.17770473090566022,0.468100643977317,0.43675374316230037,0.8708668658326904,0.9661730492119793,0.04940025007027446,0.23006356862510668,0.03801674498517346,0.857995671987909,0.9925869873566769,0.044878571112280705,0.3651539958233207,0.17833172145784748,0.45742282158477043,0.43675518179806966,0.8708535404201859,0.9661730501503698,0.0494134776116862,0.20663554719286872,0.03806067319640406,0.857995663421584,0.9926385543870762,0.04486859671819913,0.3622978074537519,0.17957092836396815,0.4526144213636681,0.4367578377446828,0.8708293796857968,0.9661730519823049,0.04896015273565697,0.15756687996785396,0.03793018875125357,0.8579956490364441
2.6532663316582914,0.9903997873781852,0.049381584698863265,0.3759237817299311,0.17637379168442166,0.4530809707309573,0.41214393772291164,0.8976850521347903,0.9768656162989452,0.05543535068925391,0.26994450628647393,0.04378706558252141,0.8445372959423348,0.9904356440875722,0.049379927859721416,0.37555653777019843,0.1765310409349306,0.4497499393120434,0.41214430902350574,0.8976820853149289,0.9768656164869463,0.055551941104790156,0.2645050290692534,0.04384877369794726,0.8445372930731211,0.9904795411607827,0.04937788912010226,0.37509717061153597,0.17672783622040272,0.4456554694051472,0.4121447784362839,0.8976784448435592,0.976865616716661,0.055672590722474824,0.25761733609851434,0.04391487720292458,0.8445372896057846,0.9905550161737509,0.04937405725509106,0.37421036301625277,0.1771085193328617,0.43808811145559695,0.4121456918416126,0.8976716335148679,0.9768656171392215,0.055824161883580706,0.2440075643748105,0.04400614789673598,0.8445372832858098,0.9906418643734435,0.04936807354248033,0.37276613992478375,0.17773144634968738,0.4276231124967573,0.4121471678466329,0.8976610727318959,0.9768656177764842,0.05586417906027789,0.22094683144724556,0.044063176290403655,0.8445372739075814,0.99071106191555,0.0493571013445437,0.369936413644282,0.1789653645501376,0.4207628690355409,0.4121499149780585,0.8976419262596075,0.9768656192226248,0.05541699778198699,0.17248409040908316,0.043937715827325675,0.8445372581562234
2.8944723618090453,0.9882222506699951,0.053872636454474064,0.3835039220702375,0.17575752966067626,0.4243458834156789,0.3899335102554401,0.9206725027968568,0.9850488768124668,0.06202852661954751,0.2835710299173141,0.05008601085219305,0.83121185914707,0.9882615972991787,0.05387082893587741,0.3831401283223269,0.17591366177593984,0.4212068634735596,0.38993388723963723,0.9206702015459094,0.9850488769334987,0.06215238033225038,0.2782238872608519,0.0501510909291053,0.831211856031913,0.9883098805062114,0.05386860478467187,0.3826850767855117,0.1761090621887602,0.4173457198227074,0.3899343638580774,0.9206673779438281,0.9850488770813333,0.06228224911320449,0.27145292852923597,0.05022148454345275,0.8312118522673548,0.9883938452018335,0.05386442443203196,0.3818065993440368,0.17648707711037917,0.4101800344477304,0.38993529223150997,0.9206620954414337,0.9850488773535864,0.06245168965012089,0.2580708839371415,0.05032105591869287,0.8312118454056364,0.9884940407353793,0.05385789652948203,0.38037593405790454,0.1771058825433569,0.4000311509140267,0.38993679752454974,0.9206539059299157,0.9850488777646029,0.0625177421885785,0.2353812686760843,0.050390396777719566,0.8312118352234954,0.9885824923169857,0.05384592645786083,0.3775727039581058,0.1783339259020835,0.3916459972347279,0.3899396201288492,0.9206390599249354,0.9850488786871054,0.062083994303275894,0.1875612068621762,0.05027238468955293,0.8312118181277122
3.1356783919597992,0.9858495649967659,0.05836401831670508,0.3910779056763126,0.17511638227039095,0.397547680620889,0.36978673037092025,0.9401510209032323,0.9911112107273652,0.06881642273903055,0.29729437062822417,0.05669713516518915,0.8180188516729424,0.9858923076294291,0.058362060109507195,0.3907175637750638,0.17527140566012261,0.39458838765559456,0.3697871116362861,0.9401492836877665,0.991111210799243,0.06894693065786478,0.2920391296188792,0.056765205098906514,0.8180188483142846,0.9859448607795623,0.05835965053518688,0.3902668299184787,0.17546542108938168,0.3909464105259594,0.36978759365891406,0.9401471523261962,0.9911112108869642,0.06908527170825744,0.2853843942188713,0.05683941757552198,0.8180188442554664,0.9860371127097591,0.05835512167232062,0.3893966867427651,0.1758407802515275,0.38416653650824556,0.36978853329967665,0.940143165363247,0.9911112110486933,0.06927127250507543,0.27222945918920743,0.05694643629332094,0.8180188368573815,0.98615051857837,0.0583480495428638,0.3879795870162525,0.17645543014291507,0.3743925862097969,0.36979006118287494,0.9401369852261189,0.9911112112929246,0.06936225342114943,0.2499131589969961,0.05702716028306672,0.8180188258793217,0.9862594182222821,0.0583350815264481,0.3852028743777573,0.17767713149782527,0.3649384296857629,0.3697929453888757,0.9401257832883493,0.9911112118419918,0.06894721585129926,0.20276479182256865,0.056918143489166004,0.8180188074525403
3.3768844221105527,0.9832886413981402,0.06285574132652015,0.39864293641082005,0.17445071448940033,0.3725067075791786,0.3514289013525758,0.9564050828463319,0.9953808481906525,0.07578818536806649,0.3110930341924603,0.06360593518825138,0.8049577444089125,0.9833346881024799,0.06285363242196651,0.3982860468221767,0.17460463732725423,0.3697159618977004,0.351429285737284,0.9564038163789235,0.9953808482274908,0.07592476588293068,0.30592923261174876,0.06367662948841063,0.804957740809185,0.9833913969470027,0.06285103741330952,0.3978396312392107,0.1747972775243155,0.3662800330934587,0.35142977167430095,0.9564022627486626,0.9953808482724056,0.07607086350678477,0.29939016316892453,0.0637542089532386,0.8049577364590554,0.9834917311694853,0.06284616001814694,0.3969778235851044,0.17516999483414109,0.3598685832581844,0.35143071952386956,0.9563993569745448,0.9953808483554389,0.07627214247578407,0.2864615267109416,0.06386784439314662,0.8049577285299708,0.9836181561637422,0.06283854362487727,0.3955742923216012,0.17578047148149636,0.35050062196516146,0.3514322644216884,0.9563948536775466,0.9953808484811557,0.07638673035237448,0.2645195891783766,0.06395894310193671,0.8049577167639491,0.9837483368645509,0.06282457759148702,0.39282410870414447,0.17699546426135093,0.34034926376328883,0.3514351982540711,0.9563866926348491,0.9953808487717072,0.07599399361455236,0.21806537268504875,0.06385973945811861,0.8049576970195138
3.6180904522613067,0.9805462116627517,0.06734781819401794,0.4061970983209315,0.1737608795412531,0.3490670310390716,0.33463200248882075,0.9696998694076059,0.9981352259254814,0.08293364463387068,0.32494745353454957,0.0707984404438554,0.7920280011663785,0.9805954724397248,0.06734555858378334,0.40584366074218226,0.173913709771975,0.34643462297117944,0.3346323890237838,0.9696989880909965,0.9981352259392854,0.08307574195337064,0.3198746030029693,0.07087140958977126,0.7920279973280139,0.9806562247823786,0.06734277813017871,0.4054015630625171,0.17410498430994234,0.3431926162077642,0.33463287763481936,0.9696979071199315,0.9981352259561089,0.08322891050596119,0.3134506025307552,0.0709519231478645,0.7920279926894895,0.9807644360193589,0.06733755218117243,0.4045480903040354,0.1744750745334182,0.33713184166762994,0.3346338311493814,0.9696958858425367,0.9981352259875831,0.08344422050184522,0.300747305389554,0.0710713711596721,0.7920279842347506,0.9809036530331064,0.06732939148761885,0.40315812718603783,0.17508137139012744,0.3281834591570703,0.33463538839957196,0.9696927542311445,0.9981352260360561,0.08358096822269548,0.27917994643564864,0.07117179725883155,0.7920279716886849,0.9810556555504714,0.06731442736411489,0.4004344773831409,0.17628937096295325,0.31762711722654907,0.3346383615395676,0.9696870805225553,0.9981352261479491,0.08321276847649395,0.23343695703026665,0.07108264620493197,0.7920279506402725
3.8592964824120606,0.9776288269717343,0.07184026339071313,0.41373913359237025,0.1730472165663424,0.3270924372017746,0.31920516413110117,0.9802823290841697,0.9996088651276818,0.09024323396571228,0.33883974471917655,0.07826117174814069,0.7792290791065526,0.9776812137000789,0.07183785306709144,0.4133891472511065,0.17319896191491999,0.3246090110342241,0.31920555200189804,0.9802817544878001,0.9996088651309095,0.09039031661865476,0.333857333341796,0.07833608158249941,0.7792290750319604,0.9777458994415094,0.07183488715841975,0.4129513665152129,0.17338888016942783,0.32154971886550215,0.3192060422466761,0.9802810498983313,0.9996088651347668,0.09054989923985084,0.3275477704572759,0.07841911482786972,0.779229070107959,0.977861783430133,0.07182931263495278,0.41210622687258275,0.17375635854142663,0.31582213185454105,0.31920699929642904,0.9802797328801623,0.9996088651419391,0.09077803221131316,0.3150687359674852,0.07854359972201609,0.7792290611328743,0.9780135416109491,0.07182060760525451,0.4107298295814906,0.17435847682643194,0.30729586727338176,0.3192085649818803,0.9802776933085954,0.9996088651525803,0.09093542477066252,0.29387555474709126,0.07865229312492324,0.7792290478146857,0.9781876753756918,0.07180464531795558,0.408032713924633,0.17555926391207158,0.29655872909891345,0.3192115684869803,0.9802739996708615,0.9996088651935033,0.09059293909638572,0.24885653465422758,0.0785729895127934,0.7792290254736345
4.100502512562814,0.9745428571731392,0.07633309323671406,0.4212682145410887,0.17231004941892242,0.3064632536574279,0.3049874023119135,0.9883821810915218,0.9999999999999998,0.097707923854483,0.3527535045143632,0.08598110751884826,0.7665604295302613,0.9745982835533209,0.07633053219278962,0.4209216783907673,0.17246071740015298,0.3041202080104632,0.30498779083506405,0.9883818414476383,0.9999999999999998,0.097859483336595,0.3478609991451945,0.08605763867769055,0.766560425221859,0.9746667946963395,0.07632738081975121,0.4204882132949518,0.17264928853973327,0.30123326257583183,0.3049882818418685,0.9883814251387896,0.9999999999999998,0.09802485066679627,0.34166521218517226,0.0861427951602731,0.7665604200153057,0.9747901490451578,0.07632145770253788,0.41965140431155956,0.17301417050951046,0.2958219624940433,0.3049892406432327,0.9883806474424965,0.9999999999999998,0.09826463960274483,0.32940926815104676,0.08627157064639482,0.7665604105252036,0.974954182008815,0.07631220830185802,0.4182885693309725,0.17361211691181894,0.28771335897890965,0.3049908114685887,0.9883794439896061,0.9999999999999998,0.09844113228972365,0.3085893956718207,0.08638747575576197,0.7665603964427802,0.9751505756610425,0.07629524777679833,0.41561798526112825,0.1748055237765107,0.2769645224201424,0.3049938376742627,0.9883772661013611,0.9999999999999998,0.09812472396870929,0.26430362335289803,0.0863174809262553,0.766560372819263
4.341708542713567,0.9712944919020552,0.08082632597680679,0.42878376415901404,0.17154968678965724,0.28707378905451414,0.2918420042268298,0.9942128806838461,0.9994761717801705,0.10531916577590665,0.3666736414987698,0.09394565440264467,0.7540214975762968,0.971352873401743,0.08082361420657656,0.42844067699342075,0.17169928471752152,0.2848631913461935,0.2918423928232166,0.9942127104243059,0.9994761717844077,0.10547471532602118,0.36187048970865215,0.09402350177895391,0.7540214930364832,0.9714251040345401,0.08082027736100093,0.42801152603332626,0.17188651770025729,0.2821389868667774,0.2918428838548981,0.9942125019026224,0.9994761717897411,0.10564526425793572,0.355787790080064,0.09411040245782644,0.7540214875502811,0.9715557287716997,0.08081400563217092,0.4271830448556675,0.17224881876603987,0.27702782022274436,0.29184384290222054,0.9942121128244722,0.9994761717996171,0.10589558382360148,0.3437536848268121,0.09424275194189392,0.7540214775504464,0.9717317602558315,0.08080421182731862,0.4258337679477398,0.17284260385816416,0.26932802473846007,0.29184541607907205,0.9942115116338477,0.9994761718151804,0.10608962772943753,0.32330588909276325,0.09436482911950247,0.7540214627116232,0.9719504021353794,0.08078625299081515,0.42318971098564395,0.17402850323165714,0.25869331792324174,0.29184845837478907,0.9942104251274231,0.9994761718023415,0.10579904247659802,0.27975987987653855,0.09430335966175192,0.7540214378179325
4.582914572864322,0.9678897404980888,0.085319981851747,0.43628533614799514,0.17076642287129457,0.26883026292976564,0.2796521425887022,0.9979725239728946,0.9981789555260187,0.11306884643794793,0.38058623311788975,0.10214262517416373,0.7416117233978704,0.9679509942984902,0.08531711935033359,0.43594569666186134,0.1709149578673502,0.26674477569889304,0.279652530763694,0.9979724632904667,0.9981789555444379,0.11322791992250172,0.3758718649179353,0.10222149740892914,0.7416117186290131,0.9680268405633297,0.08531359702528374,0.43552085820852243,0.1711008614417388,0.26417439604943954,0.2796530211923527,0.99797238913116,0.9981789555668642,0.11340307240604504,0.36990153988418484,0.10230978010352838,0.741611712866023,0.9681645384833637,0.08530697666903607,0.434700701735179,0.1714605970382858,0.2593480219954887,0.2796539792063874,0.9979722511910515,0.998178955607648,0.11366283878025152,0.3580879543774859,0.1024450165792834,0.7416117023616722,0.9683522862953217,0.08529663842887784,0.4333649781988068,0.1720502341626346,0.2520454728837315,0.27965555236460254,0.9979720388993274,0.998178955667699,0.11387289794230827,0.3380107163665789,0.10257224978450916,0.7416116867742046,0.9685930562668784,0.08527768120826831,0.43074744250379426,0.17322853051518666,0.2416173167085497,0.2796586049060905,0.9979716567734689,0.9981789558298955,0.11360741760003078,0.2952087764279798,0.10251834691652244,0.7416116606228388
4.824120603015075,0.9643344380968678,0.0898140831769579,0.44377254405177996,0.16996053883607717,0.25164904200312144,0.26831733751550657,0.9998448696265797,0.9962280452823209,0.12094924220135224,0.3944783944361906,0.11056020942439565,0.7293305419208002,0.9643984830414315,0.08981106994080451,0.44343635086986316,0.17010801783763052,0.24968185966009662,0.26831772485369115,0.9998448640446477,0.9962280453166801,0.12111139311193977,0.3898522237934583,0.11063982843556502,0.7293305369252985,0.9644778430959831,0.08980736213100468,0.44301582320624017,0.17029260054508902,0.24725701278096046,0.26831821415212187,0.9998448573652156,0.9962280453587452,0.12129059504482126,0.38399353882628756,0.11072914729955591,0.7293305308884245,0.9646224199761098,0.08980039313396003,0.4422039881599743,0.17064978596833127,0.24270091579705233,0.26831917005814193,0.9998448453257143,0.9962280454358864,0.12155876531532622,0.3723990960396061,0.1108666130129051,0.7293305198848422,0.9648215987854304,0.08978951042997708,0.44088181295998,0.17123529044085808,0.23578244920329738,0.26832074119403504,0.9998448275567158,0.9962280455516963,0.12178332829970365,0.3526906655921466,0.11099801489669874,0.7293305035565415,0.9650842929267429,0.08976955475444925,0.4382907916405715,0.17240591319674772,0.22562769824036125,0.2683237991735366,0.9998447967694999,0.9962280457609702,0.12154188974196362,0.3106353254053187,0.11095059807496437,0.7293304761615282
5.065326633165829,0.9606342410350093,0.09430865437621577,0.45124502408686984,0.1691323038248981,0.23545532169445996,0.25775079669054907,0.9999999999999742,0.993724518273054,0.12895299342952238,0.40833818607027955,0.11918696901485255,0.7171773844743438,0.9607009975791821,0.09430549040352888,0.4509122757764017,0.16927873359170748,0.23360011514193738,0.257751182832444,0.9999999999999742,0.9937245183305584,0.12911779394156656,0.40379961226764144,0.11926706953241088,0.7171773792545475,0.9607837715519338,0.09430159710540191,0.4504960571130743,0.16946200377101397,0.23131307332096912,0.2577516705464471,0.9999999999999742,0.9937245184003902,0.12930051409940535,0.39805181308733373,0.11935709451929949,0.7171773729466204,0.9609350362781947,0.09429427945720129,0.4496925400723057,0.16981665412578412,0.2270135449471055,0.2577526234220151,0.9999999999999742,0.9937245185283632,0.12957608532735715,0.38667508548175716,0.11949616043591679,0.7171773614489853,0.9611453596184854,0.09428285226443155,0.4483839078998287,0.17039804265843161,0.22046512729333348,0.25775419082005363,0.9999999999999742,0.9937245187189853,0.129813672978902,0.3673335234913321,0.11963077563772417,0.717177344387545,0.9614297094921885,0.09426189806600048,0.4458193931831754,0.17156094089981536,0.2106311816345361,0.25775724979643033,0.9999999999999742,0.9937245191882759,0.1295949599849487,0.32602587856889703,0.11958868372388404,0.717177315760571
5.306532663316583,0.9567946410056841,0.09880372207539362,0.45870241638383624,0.1682819769756755,0.2201818117767189,0.24787703223026628,0.9985954699459537,0.9907538820319118,0.1370730603852018,0.4221545015817843,0.128011799585984,0.7051516772384792,0.9568640311706144,0.09880040736617796,0.4583731114589752,0.16842736409707734,0.21843268109611097,0.2478774168736074,0.9985954305845738,0.9907538821129652,0.13724010053078314,0.41770291041693774,0.12809212873712378,0.7051516717967732,0.9569501211165303,0.09879632857840785,0.4579611999397849,0.16860932988761654,0.21627622860101786,0.2478779026208151,0.9985953820799521,0.9907538822116516,0.13742582961224667,0.41206522474498475,0.12818254511587365,0.70515166522067,0.957107885754402,0.09878866227225724,0.4571659973503393,0.16896146005256912,0.21222033457559644,0.24787885168859472,0.9985952907682617,0.9907538823932545,0.13770783782223525,0.40090474026277556,0.12832261035302928,0.7051516532342087,0.9573290674674916,0.09877669056996166,0.45587090264887115,0.16953875032941215,0.20602754771060777,0.2478804138919035,0.9985951480858702,0.9907538826665687,0.13795700848037762,0.38192795066590135,0.12845951765366426,0.7051516354473663,0.957634754895632,0.0987547377844884,0.4533328859819612,0.17069388870602456,0.19654700840261197,0.24788347036891464,0.9985948870949397,0.9907538831863021,0.13775952217619997,0.34136792664300986,0.12842154049078436,0.7051516056030258
5.547738693467337,0.9528209656958999,0.10329931515478642,0.46614435681264466,0.16740980849830883,0.2057677988258266,0.23863011589517702,0.995777014817509,0.9873884224712314,0.1453027004521442,0.4359169930534932,0.13702392069420702,0.6932528424669736,0.9528929130247227,0.10329584971131393,0.46581849373529965,0.1675541593980146,0.20411923170696006,0.2386304987763796,0.9957768954089461,0.987388422581437,0.14547158734812185,0.4315517579171654,0.13710423759962692,0.6932528368056864,0.9529822228803624,0.10329158543511056,0.46541088743845294,0.16773482874392687,0.2020866178043118,0.23863098222485749,0.9957767484384534,0.9873884227156419,0.14565983707116179,0.42602339701995656,0.13719474547679206,0.6932528299642284,0.9531463027052399,0.10328357046841487,0.46462399561637957,0.16808445334704525,0.19826215669129485,0.23863192681356254,0.9957764722307321,0.9873884229623086,0.14594735613899976,0.4150776440400659,0.13733523665919398,0.693252817494081,0.9533780579955746,0.10327105424106398,0.4633424325919073,0.16865766370802845,0.1924105206325718,0.2386334825699732,0.9957760415377831,0.9873884233327127,0.14620670903321978,0.3964633987734954,0.13747355027055266,0.6932527989894784,0.9537047266855264,0.1032481028098845,0.460830904699169,0.16980501923646446,0.18330474544751343,0.238636533159729,0.995775255982638,0.9873884241135504,0.14602882223591157,0.3566499607512017,0.13743845274497815,0.6932527679389464
5.788944723618091,0.9487183784781555,0.10779546476849783,0.47357047387072615,0.16651604070740872,0.1921583619757407,0.22995225719822418,0.9916792015292342,0.9836891987376406,0.15363545018711824,0.44961600969290827,0.14621287049982318,0.6814802989759932,0.9487928079915893,0.10779184859558921,0.4732480510500691,0.1666593616488466,0.19060519702181639,0.22995263809496266,0.9916789653034345,0.9836891988780274,0.15380580731175172,0.4453364925566065,0.14629294588270256,0.6814802930975078,0.9488852435271471,0.10778739883509231,0.47284474798756926,0.1668387423035009,0.18869009383333069,0.22995311896473056,0.9916786747115902,0.9836891990493025,0.15399610955667753,0.4399166526327951,0.146383259733972,0.6814802859935528,0.9490554570214869,0.10777903521016556,0.47206616311854827,0.1671858757042526,0.18508555187419604,0.22995405850736664,0.991678129017014,0.9836891993643445,0.15428825004053623,0.4291840841623364,0.14652363030161178,0.681480273044933,0.9492975032230688,0.10776597444834592,0.47079812574289226,0.1677550249063522,0.17956073761898866,0.22995560675061272,0.9916772789339038,0.9836891998388606,0.1545564273815394,0.41093004296744123,0.14666250053117375,0.6814802538302722,0.9496447677649813,0.10774202431933594,0.46831307667252875,0.1688945844492778,0.17084255130339718,0.22995864879233788,0.9916757298301753,0.9836892007647754,0.15439642676049678,0.37186136216403337,0.14662904120572817,0.6814802215873286
6.030150753768845,0.9444918902063084,0.1122922044423536,0.48098038659063275,0.16560090940497335,0.17930358858006235,0.22179251390961063,0.9864263598312196,0.9797078616024593,0.16206509488942425,0.4632425211928431,0.1555684769864721,0.6698334618930085,0.9445687283636615,0.11228843754770326,0.4806614023818609,0.16574320649609095,0.17784098350541294,0.22179289262843688,0.9864259736551656,0.9797078617766524,0.1622365614349073,0.4590480734831539,0.15564809281365677,0.6698334557996418,0.9446641971396735,0.11228380231035118,0.4802624004979996,0.1659213060250227,0.1760374490635955,0.22179337067708438,0.986425498747991,0.9797078619892096,0.16242846747218137,0.4537359368763396,0.15573794105160244,0.6698334484359917,0.9448403659775033,0.11227509003532145,0.4794921186348664,0.1662659623032457,0.17264195562158943,0.221794304684726,0.9864246073197543,0.9797078623800957,0.16272437549605412,0.44321497405468546,0.155877670589049,0.6698334350140034,0.9450924231189933,0.11226148473689458,0.4782376006451871,0.1668310693390929,0.16742992385993027,0.22179584449817133,0.9864232193886657,0.9797078629685525,0.16300006372990306,0.4253187001775328,0.1560162841280998,0.669833415096861,0.9454598760929278,0.11223653586655448,0.47577901979517184,0.16796282763400702,0.15910566733895776,0.2217988754877348,0.9864206916414769,0.9797078641412401,0.16285618222340978,0.3869922855141535,0.15598322932221845,0.6698333816734456
6.2713567839195985,0.9401463540383241,0.11678957004573969,0.4883737047087633,0.16466464444745024,0.16715806839441988,0.21410588874655803,0.980133038707471,0.9754880182187425,0.17058566208246465,0.4767880811566367,0.16508086545028583,0.658311743658827,0.9402255286964727,0.11678565244024162,0.48805815741183173,0.1648059236443045,0.16578147139563779,0.21410626512443748,0.9801324727885556,0.9754880184270778,0.17075789232703403,0.47267804457425416,0.1651598145709255,0.6583117373529241,0.9403239400169286,0.11678083173735915,0.4876634545816283,0.16498274942994556,0.16408391604136252,0.21410674014755063,0.9801317769723877,0.9754880186816441,0.17095097206219417,0.46747278089351824,0.16524893910598612,0.6583117297324103,0.9405058890269979,0.11677177082671773,0.4869014716416772,0.16532494237706516,0.1608871990735447,0.2141076682075002,0.9801304712359475,0.9754880191501242,0.17124982815457276,0.4571618160733359,0.1653875326234352,0.6583117158421873,0.9407676802381593,0.1167576209980448,0.4856604665388798,0.16588602633384109,0.15597428759433285,0.21410919881049004,0.9801284388971745,0.9754880198570051,0.1715317584962062,0.439620789186109,0.16552511246367332,0.6583116952301616,0.9411548977716412,0.11673167335299983,0.4832283426834554,0.16700998441431175,0.14804539063712752,0.2141122167767172,0.9801247384203798,0.9754880211689702,0.171402200649361,0.40203359422209733,0.16549124716227628,0.6583116606409672
6.5125628140703515,0.9356864794783283,0.12128759989914675,0.4957500275368996,0.16370747107885364,0.15568028805810818,0.2068524086428416,0.9729048948643855,0.9710665578605578,0.1791913931623688,0.4902447619988285,0.1747404277134524,0.6469145530306954,0.9357679198566964,0.12128353159737243,0.4954379153949284,0.16384773818833492,0.15438541299281586,0.2068527825363613,0.9729041225131395,0.9710665581067371,0.17936405591360735,0.4862184692456299,0.1748185135314918,0.6469145465145383,0.9358691847283116,0.12127852544452072,0.495047509422176,0.16402329743271601,0.15278857003934598,0.20685325435549906,0.9729031729993831,0.9710665584073869,0.1795578972154212,0.48111923635213144,0.17490666937329158,0.6469145386399201,0.9360567418567521,0.12126911592016087,0.4942938211836857,0.164363040546265,0.14978091485134515,0.20685417610967669,0.972901391495535,0.9710665589605407,0.17985891524507708,0.4710166357225335,0.17504365663820692,0.6469145242865052,0.9363279936698194,0.12125442157726755,0.4930663222291584,0.16492012049719512,0.14515389179974683,0.20685569682924262,0.9728986192025717,0.9710665597944483,0.18014586384254744,0.4538282623878941,0.17517946183675037,0.6469145029870889,0.936734539896326,0.12122747513683264,0.4906606435299545,0.16603628444652313,0.1376180643467499,0.20685869980922958,0.9728935725297477,0.9710665613833143,0.18002882534219378,0.41697677059342036,0.17514359786064787,0.6469144672426188
6.7537688442211055,0.9311168298341044,0.12578633475987136,0.5031089441794914,0.1627296103423226,0.14483225137884828,0.1999964934292731,0.9648391592509844,0.9664746395782875,0.18787673702762464,0.5036051231829188,0.1845378256528012,0.6356412964144007,0.9312004664775405,0.1257821157805636,0.5028002653773284,0.16286887102546785,0.14361505535118232,0.19999686471863717,0.9648381566190732,0.9664746398628209,0.1880495150848437,0.4996618986410591,0.18461486180153827,0.6356412896903157,0.9313044975660413,0.12577692419812417,0.5024141539927992,0.1630431707523935,0.14211395441482408,0.1999973331844633,0.9648369241073536,0.9664746402103802,0.18824372313271595,0.4946678435606481,0.184701816660206,0.6356412815643998,0.9314974938253148,0.1257671660903031,0.5016687560917689,0.16338047723302435,0.13928616415292314,0.19999824833271485,0.9648346119038353,0.9664746408499149,0.18854614923675114,0.48477194948657587,0.18483675150827444,0.6356412667528999,0.93177793638404,0.12575192726031054,0.5004547563038957,0.16393357215168297,0.13493225681525,0.19999975859799735,0.9648310142331684,0.9664746418144073,0.18883693694888315,0.46793357195319124,0.18497007674808488,0.635641244773636,0.9322033669032008,0.12572398201814075,0.4980755103266665,0.16504195209153855,0.12778440806467145,0.20000274507921967,0.9648244656782567,0.9664746436276537,0.1887306199744561,0.43181386697020846,0.1849310591294992,0.6356412078877169
6.994974874371859,0.926441826775929,0.13028581784890217,0.5104500332754816,0.16173127977799123,0.1345790907786699,0.19350636460110685,0.9560252411169623,0.9617385864284355,0.19663633650484413,0.5168621718485216,0.19446398114379346,0.6244913781581938,0.9265275915204274,0.1302814482152815,0.5101447859381143,0.1618695395536582,0.13343575417316647,0.19350673318408465,0.9560239869808766,0.9617385867517823,0.19680892615533055,0.5130013322003533,0.19453979117137385,0.6244913712284885,0.9266343031094948,0.13027607122899226,0.5097629667975933,0.1620425866115446,0.13202569729928143,0.19350719816951292,0.9560224453916464,0.9617385871470102,0.19700312282605534,0.5081115919516264,0.19462532507170235,0.6244913628540714,0.9268325725253587,0.13026596457722886,0.5090258547241444,0.16237746935936082,0.12936905621415465,0.19350810645691036,0.9560195535810003,0.9617385878744737,0.1973062343782405,0.4984207250372568,0.19475778472745917,0.6244913475895478,0.9271219397311665,0.13025018129998372,0.5078253468740738,0.16292659805193344,0.125275963348208,0.1935096057811337,0.9560150544436216,0.9617385889726038,0.1975997263195316,0.48192962861487487,0.19488795976204787,0.6244913249379224,0.9275658044374502,0.13022123726655843,0.5054725205945444,0.1640272073288268,0.1185089066250154,0.19351257445039044,0.9560068652260415,0.9617385909732041,0.19750235138698735,0.44653745166944475,0.19484467139366418,0.6244912869241315
7.236180904522613,0.9216657562935118,0.13478609487200247,0.5177728628641537,0.16071269427905951,0.12488872232019906,0.1873535418122369,0.946545310010486,0.9568806421674932,0.20546501488980606,0.5300093280112627,0.20451006452259013,0.61346419955978,0.9217535822344185,0.13478157461222828,0.5174710450550427,0.16084995852430603,0.12381563102333952,0.1873539075983129,0.946543785573958,0.9568806425326163,0.20563712544101576,0.5262301828141823,0.20458448159226789,0.6134641924266772,0.9218628901872217,0.1347760122537811,0.5170935157372788,0.1610217595884628,0.12249217134186324,0.1873543689922339,0.9465419118028632,0.9568806429785937,0.20583094873784175,0.5214438851716396,0.20466838650537633,0.613464183806454,0.9220662697454123,0.13476555710798532,0.5163646848318711,0.1613542312020464,0.11999841095629514,0.1873552701975338,0.9465383970408918,0.9568806437993359,0.20613405337056484,0.5119563461109085,0.2047979709244022,0.6134641680938457,0.9223642993578707,0.1347492294374228,0.5151776614387537,0.16189941225254575,0.11615430410110614,0.18735675816164032,0.9465329289568031,0.9568806450374042,0.20642915830985314,0.4958097654409601,0.20492435995316044,0.6134641447772109,0.9228261447195931,0.1347192866433494,0.5128512412435948,0.16299226677846743,0.10975929964440702,0.1873597076923275,0.9465229764197313,0.9568806473347203,0.20633897347660088,0.46114056271444487,0.20487572502483498,0.6134641056445304
7.477386934673366,0.916792770506421,0.13928721403097497,0.5250769900759052,0.15967406637001438,0.11573157051566119,0.1815124346639229,0.9364747924466831,0.951919598076608,0.21435776748968174,0.5430403941238976,0.21466749022079107,0.6025591606590446,0.9168825919652405,0.139282543178793,0.5247785997954424,0.15981034032320085,0.11472529989617114,0.18151279757919478,0.9364729811267655,0.9519195984837834,0.2145291208245576,0.539342246337349,0.21474035682108333,0.6025591533248554,0.916994413684353,0.13927679548638408,0.524405357800201,0.15998090189761877,0.11348422231625087,0.18151325529045742,0.9364707547879464,0.9519195989810035,0.21472222433248142,0.5346585105271388,0.21482243630652909,0.6025591444616107,0.9172027432705423,0.13926599190789218,0.5236848032499773,0.160310974672078,0.11114549004095184,0.18151414923169978,0.9364665788174129,0.9519195998960467,0.21502465898719186,0.5253725817551153,0.2149487675274205,0.6025591283059648,0.9175091769638546,0.1392491199138331,0.5225112565760183,0.1608522263992025,0.10753900699244712,0.18151562548470201,0.9364600821970636,0.9519196012761316,0.21532032861053177,0.5095677061678366,0.21507076850240628,0.60255910433178,0.9179885477662377,0.13921817841167072,0.5202112282702006,0.16193734410564847,0.1015061819188116,0.1815185548894108,0.9364482574709292,0.9519196038411305,0.21523561667766297,0.4756166683416862,0.21501575514332905,0.6025590640937551
7.718592964824121,0.9118269013821441,0.1437892261551208,0.5323619599327218,0.1586156073449673,0.10708025331733027,0.17595993645780955,0.9258830148993276,0.946871359143795,0.22330974068427872,0.5559495152264227,0.22492788955297785,0.5917756582657462,0.9119186538791281,0.14378440475027285,0.5320669951163821,0.15875089610634835,0.10613755420246772,0.17596029644072944,0.925880902158253,0.946871359592819,0.2234800708693726,0.5523316616884991,0.2249990572366622,0.5917756507327955,0.9120329082730135,0.1437784717692721,0.5316980378621481,0.15892022452511106,0.1049748584728387,0.17596075039358763,0.9258783053757961,0.9468713601412658,0.22367212327497907,0.5477495990156429,0.22507912612062672,0.5917756416293215,0.9122460306218022,0.14376731983215166,0.5309857546966122,0.1592479104502428,0.10278368959106703,0.17596163691964753,0.9258734346351137,0.9468713611507923,0.22397325335893062,0.538663546171413,0.22520184767924875,0.5917756250357077,0.9125606140254936,0.1437499036019903,0.5298256767409837,0.15978525087099296,0.09940392396161718,0.17596310116663305,0.9258658571665234,0.9468713626740757,0.22426848155522858,0.523197524244055,0.2253188916482072,0.5917756004114415,0.9130570548435394,0.14371796346959942,0.5275520255447823,0.16086265126683855,0.09372259587874497,0.17596600964225095,0.9258520644050218,0.9468713654555647,0.22418756566185918,0.48995961909471497,0.2252565137865654,0.5917755590828365
7.959798994974874,0.9067720446607896,0.14829218445195141,0.5396273073898183,0.1575375266803644,0.0989094934962465,0.17067522961233997,0.9148333293456063,0.9417493218984658,0.23231624723478775,0.5687311824490583,0.23528314511585247,0.5811130892583067,0.9068656648830903,0.14828721254079574,0.5393357659065241,0.15767183521356046,0.09802727870531214,0.1706755866088205,0.9148309025293666,0.9417493223907303,0.2324853000905584,0.5651929143462585,0.2353524742027933,0.5811130815288363,0.9069822723267139,0.14828109432437975,0.5389710907284886,0.15783993664265966,0.09693916309550415,0.17067603673763976,0.9148279197369318,0.9417493229919437,0.2326759846539294,0.5607116288102546,0.23543035821096836,0.5811130721878368,0.9072000329568463,0.1482695941165206,0.5382670738157433,0.15816524740401067,0.09488845318289713,0.1706769157189922,0.914822324982514,0.9417493240985699,0.23297520309403064,0.5518237021411948,0.23554913446279271,0.5811130551611893,0.9075225156547326,0.14825163375709838,0.5371204563093789,0.15869869420399288,0.09172493847932843,0.17067836770916134,0.914813621034908,0.9417493257682577,0.23326902497880833,0.5366936458511374,0.23566068472114624,0.5811130298941682,0.9080355720677881,0.14821869510118585,0.5348731668519997,0.15976839800431192,0.08638386946259564,0.17068125441561072,0.9147977769445659,0.9417493288162282,0.2331902726582964,0.5041636466697699,0.23559000306672276,0.5811129874848316
8.201005025125628,0.9016319892906817,0.15279614486870446,0.5468725539768898,0.15644003385366315,0.09119575788451754,0.16563938802732292,0.9033839596428975,0.9365648440626956,0.24137272748676752,0.5813801740524919,0.24572533064124266,0.5705708468485347,0.9017274150679427,0.1527910225046995,0.5465844336270462,0.1565733669866716,0.09037109107582601,0.16563974199298184,0.9033812078235988,0.9365648445989518,0.24154026025768752,0.5779207773216231,0.24579268999066015,0.5705708389248061,0.9018462973728976,0.15278471911456304,0.5462240377746365,0.15674024742358522,0.08935393884297224,0.1656401882441692,0.9033778255732909,0.9365648452537948,0.2417292744068331,0.573539366141522,0.24586822546635617,0.5705708293490218,0.9020685445389938,0.15277287073912918,0.545528281816669,0.15706319439975672,0.08743692071472532,0.16564105957518982,0.9033714815249702,0.936564846459049,0.24202600092425808,0.5648478016890948,0.24598274106604265,0.5705708118943187,0.9023986800751184,0.15275436637871997,0.5443951162151706,0.15759276490785912,0.08447961536643026,0.1656424991009134,0.9033616116104188,0.9365648482772113,0.24231749210550768,0.5500507898329958,0.24608829250967137,0.5705707859918976,0.9029278995825537,0.15272042933782135,0.5421741725321637,0.1586547937263276,0.07946720639472216,0.16564536335548904,0.903343643869914,0.9365648516078228,0.24223931869663193,0.5182232984535503,0.24600841553890015,0.5705707425136408
8.442211055276381,0.8964103967891199,0.15730116574089467,0.5540972106088776,0.15532333744747956,0.08391723900070579,0.160835276055762,0.8915880214800669,0.9313274902124302,0.25047477153279335,0.5938915691891975,0.2562467557264878,0.5601483244186586,0.8965075670632963,0.15729589298521907,0.5538125091227666,0.15545569987353386,0.0831473236277695,0.16083562695561193,0.8915849353062041,0.9313274907924725,0.2506405525026302,0.5905103249254654,0.2563120224617901,0.5601483163029808,0.8966286474404491,0.1572894044923165,0.5534563897576321,0.155621365149478,0.08219768958159233,0.1608360692869335,0.8915811420857513,0.9313274915008519,0.2508276073592609,0.5862278790711801,0.25638505602494893,0.5601483064951913,0.896855232068744,0.1572772080688519,0.5527688892864839,0.15594195941172254,0.08040791001359646,0.16083693288420062,0.8915740270858059,0.9313274928047225,0.2511212876063978,0.5777308998483769,0.2564950152895885,0.5601482886174695,0.8971927779159106,0.1572581598591899,0.5516491667644355,0.1564676705798706,0.07764717859875774,0.16083835977659294,0.8915629573338288,0.9313274947719852,0.2514095631736175,0.5632639812731303,0.2565940935555947,0.5601482620870647,0.8977377106882438,0.15722322460683896,0.5494545522953502,0.15752204666679914,0.07295162268682874,0.16084120108761094,0.8915428034933393,0.9313274983488353,0.2513304340834972,0.5321334487580426,0.2565041777688194,0.5601482175544625
8.683417085427134,0.891110818468717,0.16180730798272627,0.5613007756819186,0.15418764629778683,0.07705361691247851,0.15624728460923573,0.8794941116752093,0.9260453469809865,0.25961809628695137,0.6062607106164218,0.26683993155542696,0.549844913382027,0.8912096732697008,0.1618018849049079,0.5610194907177093,0.15431904257580986,0.07633578669855907,0.15624763241452388,0.8794906832488995,0.9260453476049543,0.2597819044517642,0.6029568954361281,0.26690299082614377,0.5498449050766965,0.8913328762988225,0.16179521139015582,0.5606676449112539,0.154483498354494,0.07545038560112353,0.15624807079174377,0.8794864693292461,0.9260453483670993,0.2599667244282867,0.5987725000999519,0.26697337907861335,0.5498448950396612,0.8915636519347303,0.16178266705614205,0.5599883942843344,0.15480175066633842,0.07378168508266757,0.15624892658813566,0.8794785650553272,0.9260453497700758,0.2602568292540868,0.5904683171268016,0.26707850543684253,0.5498448767439258,0.8919083694681055,0.16176307517445776,0.5588821057282445,0.15532361905145856,0.07120828065190515,0.15625034070943689,0.8794662667613142,0.9260453518874481,0.2605410429052865,0.5763285134951264,0.26717066615336194,0.5498448495928974,0.8924685689958937,0.1617271419233399,0.556713803304796,0.15637036507744975,0.06681768016902559,0.1562531586348163,0.8794438738156171,0.9260453556976185,0.260459475334891,0.5458892572823627,0.2670699161213856,0.549844804019897
8.92462311557789,0.8857366981926481,0.16631463509298974,0.5684827347059833,0.15303316978199757,0.0705859309980645,0.15186116709997946,0.8671466417813749,0.9207252480044061,0.2687985401233189,0.6184831882434184,0.27749756640638323,0.5396600037430274,0.8858371786141587,0.1663090617714727,0.5682048638477218,0.1531636043365737,0.069917641231873,0.1518615117870911,0.8671428645388838,0.9207252486728132,0.26896016487875646,0.6152560746222164,0.2775583111569106,0.5396599952503045,0.8859624302139022,0.16630220332659215,0.5678572885786011,0.15332685611583055,0.06909333718240333,0.1518619461826411,0.8671382218275937,0.9207252494893062,0.26914248729246104,0.6111688096576862,0.2776259203957554,0.5396599849867415,0.8861972529692921,0.16628931123880342,0.5671862819739152,0.1536427769307881,0.06753983122663262,0.15186279412482653,0.8671295130182181,0.9207252509924092,0.26942851203489476,0.6030556229149122,0.27772595584964793,0.5396599662779422,0.8865489074306913,0.1662691758901388,0.566093417974904,0.15416081867847803,0.06514487752099601,0.15186419536429716,0.8671159622170279,0.920725253261241,0.2697078551991141,0.5892399311785969,0.27781078388409314,0.5396599385135888,0.8871239310346034,0.16623224489610308,0.5639514098102075,0.15519995754989838,0.061047335200086206,0.15186698947966695,0.8670912858999842,0.9207252573188782,0.26962241936325804,0.5594861499394264,0.2776984520945063,0.539659891911846
9.165829145728644,0.8802913758429057,0.17082321315806492,0.5756425599908613,0.15186011821762638,0.06449646133121006,0.1476638941115995,0.8545861568582569,0.9153729659875602,0.2780120572908099,0.6305548243487653,0.28821256023838315,0.5295929839203781,0.880393424019345,0.1708174896810249,0.5753681007464111,0.15198959533931256,0.06387528092081489,0.14766423566137407,0.8545820254589951,0.9153729667011771,0.278171298134511,0.6274036809406562,0.28827089098398045,0.5295929752424648,0.8805206514183693,0.1708104464092591,0.5750247928979633,0.15215164845051923,0.06310907765399144,0.14766466605352827,0.8545769473637721,0.9153729675728285,0.27835087284009685,0.6234126212753999,0.2883355969236826,0.5295929647550491,0.8807593799202528,0.1707972067453192,0.574362024309197,0.1524652479105323,0.0616651395911322,0.14766550610014262,0.8545674215636518,0.9153729691774479,0.2786323366490483,0.615488620592842,0.28843030152553906,0.529592945638039,0.8811177403771047,0.17077652816482697,0.5732825751554029,0.15297947874127768,0.05944011354254589,0.14766689437085126,0.8545525986345982,0.9153729715992384,0.2789060376182218,0.6019940152277258,0.28850741023904464,0.5295929172675883,0.8817071496183656,0.17073859973117753,0.5711668428323263,0.15401103344124323,0.055623802784115384,0.14766966426183809,0.8545256027065596,0.9153729759383827,0.27881535755441667,0.572919801802865,0.28838279676566375,0.5295928696453867
9.407035175879397,0.874778086285562,0.17533311075487867,0.5827797110679688,0.15066870292904253,0.058768644054293474,0.14364354277251362,0.8418495872958288,0.9099933701780318,0.2872547180528354,0.6424716650039127,0.2989780088618568,0.5196432415487999,0.8748816453676996,0.1753272372207152,0.5825086608671216,0.1507972267736544,0.05819224812489717,0.14364388117202115,0.8418450975107951,0.9099933709369078,0.28741138428827034,0.6393957569468861,0.2990338334630301,0.5196432326879766,0.875010777074473,0.17532000923770685,0.582169617224977,0.1509580863807995,0.05748127996176985,0.1436443075464101,0.8418395788048278,0.9099933718638138,0.2875879733115712,0.6354999729774087,0.29909552095506964,0.5196432219794561,0.8752532724106181,0.17530642219759146,0.581515080456893,0.15126937431549256,0.05614152477367295,0.14364513967019424,0.8418292261147805,0.9099933735701833,0.287864418470152,0.6277633388751707,0.2991846722771578,0.5196432024592035,0.8756181117049083,0.17528520065284617,0.5804490361261522,0.15177980951167255,0.05407823903731039,0.1436465149086932,0.8418131154044144,0.9099933761455005,0.28813174149580806,0.6145867739344432,0.2992537027513827,0.5196431734899456,0.8762214726630968,0.17524627513359745,0.5783595605934673,0.15280380296017007,0.050531457809986115,0.14364926032095987,0.8417837704930827,0.9099933807556427,0.28803449551471577,0.5861861268146779,0.29911615480864967,0.5196431248606693
9.64824120603015,0.8691999640502184,0.17984439898827798,0.5898936338632167,0.14945913649897313,0.05338696643042119,0.1397891755124815,0.8289705596303314,0.9045905700026133,0.29652270161742106,0.6542299627132427,0.30978719499652635,0.5098101643576268,0.8693049781828618,0.17983837550633855,0.5896259900555095,0.14958671108749305,0.052853129587762386,0.13978951075280954,0.8289657082525135,0.9045905708068291,0.2966766120736657,0.6512285519056147,0.30984042844150245,0.5098101553161707,0.8694359439576271,0.17983096294099005,0.5892912073048799,0.14974638218777975,0.05219465319454009,0.13978993310002777,0.8289597449633364,0.9045905717891338,0.2968499892652567,0.6474271098542038,0.3098989912044764,0.5098101443892747,0.8696820696253714,0.17981702874865063,0.5886448959681304,0.15005536811173475,0.05095392271405659,0.1397907572837611,0.8289485578310803,0.9045905735975381,0.2971209805461577,0.63987601429976,0.3099823838282914,0.509810124470741,0.8700531643207151,0.17979526454211053,0.5875922461199102,0.15056202250644782,0.04904450897118299,0.13979211944551542,0.8289311473224913,0.9045905763269365,0.29738122496568314,0.6270144252340043,0.3100430041140249,0.5098100949099782,0.8706700478742158,0.1797553423468984,0.5855290076757524,0.1515784774450179,0.04575572020793737,0.13979484016834842,0.8288994306552862,0.9045905812021986,0.29727614576187555,0.5992812584208314,0.30989191536743066,0.509810045286602
9.889447236180905,0.8635600488807184,0.18435715147740006,0.5969837606282519,0.14823163350674518,0.04833686811007416,0.1360907324121299,0.8159796740018792,0.8991680343677005,0.30581228979445635,0.6658261662578816,0.32063358020085886,0.5000931377077092,0.8636664631822131,0.18435097816876717,0.5967195204808132,0.14835826272566746,0.04784345833801425,0.13609106448792746,0.8159744587591324,0.8991680352173547,0.30596327256541567,0.6628985116322084,0.32068414439943294,0.5000931284879042,0.8637991940112908,0.18434338116405458,0.5963889952038014,0.14851675014773597,0.04723484525527608,0.13609148280302716,0.8159680480616992,0.8991680362552029,0.3061332232779943,0.6591904738997847,0.32073948476306763,0.5000931173453697,0.8640488158705892,0.18432910006898107,0.5957509027097716,0.14882344325858454,0.04608819469135943,0.13609229903836131,0.8159560210821375,0.8991680381659287,0.3063983473425093,0.6518230810483934,0.320816929793762,0.5000930970334948,0.8644259462024143,0.18430679354059187,0.5947116366770206,0.1493263312253215,0.04432508792795282,0.13609364809533397,0.8159373020866616,0.8991680410499506,0.3066508467499031,0.6392733864203751,0.320868834188343,0.5000930668884593,0.8650559282349269,0.18426587513921439,0.5926746149558751,0.1503352701115328,0.041282950107233936,0.13609634396247888,0.8159031969162862,0.8991680461863331,0.30653672137050364,0.6122015382373727,0.3207036440614723,0.5000930162845467
10.130653266331658,0.8578612865171883,0.1888714443689133,0.6040495090568584,0.14698641029987639,0.04360467568347718,0.1325389521921948,0.8029047378268908,0.8937286894507355,0.3151198641448776,0.6772569060713249,0.331510802552175,0.4904915478617059,0.8579690470581978,0.1888651213670974,0.6037886697520946,0.1471120978994088,0.043149648659120875,0.1325392811007148,0.8028991573033809,0.8937286903460848,0.31526775633285015,0.6744022638337372,0.3315586261316105,0.4904915384657868,0.8581034751273026,0.18885734008099309,0.6034623984248136,0.14726940630321905,0.042588378336726275,0.13253969538220134,0.8028922974231006,0.893728691439756,0.31543407710393395,0.6707866893083153,0.33161065478336404,0.49049152711032207,0.8583564613512981,0.18884271236003985,0.6028325179800968,0.147573815479426,0.041531063649704617,0.13254050366795475,0.8028794271564712,0.8937286934532757,0.3156929419089233,0.6636011561496497,0.3316819793683914,0.4904915064100273,0.8587394111688365,0.18881986388974348,0.6018066247605367,0.14807295092133538,0.03990698689653162,0.1325418396066354,0.8028593940294908,0.8937286964924668,0.3159370633198443,0.651360259129624,0.3317248876922414,0.4904914756880046,0.8593820727354883,0.18877794981727403,0.5997957987158179,0.14907439584091622,0.03710037610686311,0.13254451044785634,0.8028228892467406,0.8937287018994579,0.315812732893196,0.6249434998685175,0.33154508054227827,0.4904914241137567
10.37185929648241,0.852106530446736,0.19338735618671607,0.6110902833264251,0.14572368556366536,0.039177535885767945,0.12912529764044486,0.7897709706374306,0.8882750010536848,0.3244419052344693,0.6885189922318986,0.3424126777376865,0.4810047792533147,0.852215584230065,0.19338088363836947,0.6108328419598889,0.14584843515775095,0.03875892972369083,0.1291256233816158,0.7897650241976258,0.8882750019949651,0.3245865527001972,0.6857366161125663,0.3424576958404033,0.48100476968349376,0.8523516428990188,0.19337291824477057,0.6105108209497957,0.14600456903355982,0.03824258307715796,0.1291260336313651,0.7897577143176546,0.8882750031447076,0.3247490509425645,0.6822125604910898,0.34250633157397686,0.48100475811776755,0.8526078639270875,0.1933579442036521,0.60988914555108,0.14630670283158945,0.037270049256675354,0.12912683397327793,0.7897439991164553,0.8882750052613949,0.325001285160463,0.6752070375163719,0.34257137842446955,0.4810047370339165,0.8529964206369597,0.19333455421411572,0.6088766137990632,0.1468020991721431,0.03577799903532259,0.12912815679350112,0.7897226489910087,0.8882750084560923,0.3252364281821954,0.6632718273611151,0.34260503529409003,0.4810047057421269,0.8536513480786733,0.19329164507564534,0.6068919616899718,0.14779607175830276,0.033196024794737655,0.1291308024542308,0.7896837385651965,0.8882750141455796,0.32510078750533916,0.6375038663398832,0.3424101395440359,0.4810046532050105
10.613065326633166,0.846298546536335,0.19790496794827236,0.6181054723129564,0.1444436802970864,0.03504334534576457,0.12584188109495298,0.7766012460854572,0.882809048684758,0.33377498517093396,0.6996093957873295,0.3533331879979128,0.47163221735516864,0.8464088414766661,0.19789834601393008,0.617851425891015,0.14456749536216632,0.0346592757928441,0.12584220367208457,0.7765949338040192,0.8828090496719555,0.33391624229946265,0.6968985372517755,0.35337534209111476,0.4716322076137512,0.8465464652540614,0.19789019670356686,0.6175336514539681,0.14472245902858488,0.03418552930850795,0.1258426098958913,0.776587173980122,0.8828090508777805,0.33407473601100446,0.6934650533117531,0.3534205115696161,0.47163219584053423,0.8468057937446746,0.19787487667874865,0.6169201738823216,0.14502232568058515,0.033293399611784805,0.1258434023069828,0.7765726138316532,0.8828090530976844,0.33431998848484323,0.6866376850769664,0.35347913850861745,0.47163217437814353,0.8471997482517962,0.1978509456381264,0.6159209918995646,0.14551399585460073,0.031926632258156805,0.12584471202048328,0.7765499463800809,0.8828090564480886,0.3345455845271323,0.6750050383841589,0.3535033126451723,0.4716321425239368,0.8478665332463268,0.1978070421128269,0.6139624912811483,0.14650051721352253,0.029558648274503625,0.12584733244503796,0.7765086286874352,0.88280906241372,0.3343975815971623,0.6498795300121508,0.3532928999638666,0.47163208903787557
10.85427135678392,0.8404400180024807,0.20242436314600298,0.6250944494993491,0.14314661855684732,0.031190683128389154,0.12268139775260306,0.763416291570657,0.877332585779183,0.3431157626699971,0.7105252428894415,0.3642664753215371,0.4623732459197374,0.8405515029089065,0.2024175920009799,0.624843794936703,0.1432695024304696,0.030839339188026102,0.12268171717128482,0.7634096141730615,0.877332586812275,0.3432534921513159,0.7078851513536286,0.3643057130144825,0.4623732360090451,0.8406906274300685,0.20240925898235593,0.6245302632138715,0.1434233000340137,0.03040595955369213,0.12268211937773378,0.7634014052601829,0.8773325880741835,0.34340780964334455,0.704541289229247,0.364347350543447,0.46237322403112874,0.840952938219516,0.20239359334285356,0.6239249760288023,0.14372090744353408,0.029590025680506116,0.12268290387631141,0.7633860016486924,0.8773325903973759,0.34364574887613053,0.697890214923228,0.3643994300731884,0.46237320219523564,0.8413520848743807,0.20236912176751942,0.6229391317549066,0.14420886388735696,0.028342044645521088,0.12268420050438371,0.7633620188666252,0.8773325939037743,0.34386126040685,0.6865569968563858,0.36441391363864384,0.462373169785944,0.8420303245206047,0.20232422461425026,0.6210067594591434,0.14518795453557545,0.02617765574784389,0.12268679567929225,0.7633182964499745,0.8773326001376054,0.34369989585273203,0.6620675461521854,0.36418759801858464,0.46237311536628106
11.095477386934673,0.8345335467344669,0.2069456277128377,0.6320565726227275,0.14183272755642296,0.02760876572713212,0.11963707650968203,0.7502348558057687,0.871847089067887,0.3524609812257795,0.7212638071057869,0.3752068398573324,0.45322724781349066,0.8346461712928487,0.20693870754781576,0.6318093067398974,0.1419546834359993,0.027288405572525695,0.11963739277735423,0.7502278146118476,0.871847090146879,0.3525950538401152,0.7186937301376163,0.3752431147213039,0.45322723773584195,0.8347867332976532,0.20693019104830507,0.6315000137546164,0.1421073189486772,0.026893244659979536,0.11963779097724847,0.7502191581949135,0.8718470914649099,0.3527450334712785,0.715438537578219,0.37528116202485906,0.45322722555599887,0.8350519033582827,0.20691418019753255,0.63090290928802,0.14240267468827503,0.026149457544699776,0.11963856758594599,0.7502029139721715,0.8718470938915301,0.35297534712500583,0.708961891552767,0.3753265808995664,0.45322720335158284,0.8354560399018878,0.20688916865512838,0.629930390290748,0.14288692933072342,0.025014001262892497,0.11963985115786037,0.7501776199776558,0.871847097554317,0.35318026693139276,0.697924956970456,0.375331188836873,0.4532271703944408,0.8361453367654824,0.20684327871770908,0.6280241224091374,0.1438586091357928,0.023043067103466847,0.11964242109918963,0.7501314992130077,0.871847104049639,0.35300459336404283,0.6740651245382802,0.3750886256575796,0.45322711505670826
11.336683417085426,0.8285816544487556,0.2114688499673539,0.6389911834559101,0.14050223774469187,0.02428740614161471,0.11670263576294529,0.7370738654844222,0.8663538007441659,0.3618074676831474,0.7318225025163094,0.3861487388141953,0.4441936057841576,0.8286953692041811,0.21146178098943777,0.6387473029766336,0.1406232686865753,0.023996353290642917,0.11670294888825049,0.7370664623571113,0.8663538018691564,0.3619377620896984,0.7293216860246772,0.3861820102040092,0.4441935955418302,0.828837306514848,0.2114530812560731,0.6384422446311808,0.14077474590421313,0.023637343457817633,0.11670334309409694,0.7370573606874097,0.8663538032434136,0.36208325200424873,0.7261542086373297,0.386216416203222,0.4441935831628014,0.8291052149129059,0.2114367256337423,0.6378533149812019,0.14106785721041068,0.022961804626164435,0.1167041118394018,0.737040279952172,0.8663538057736243,0.36230564640644863,0.7198501209032806,0.386255075006083,0.4441935605948299,0.8295141424188059,0.21141117474606147,0.6368941084467853,0.14154842146374372,0.021932834937872916,0.11670538239304491,0.7370136807956171,0.866353809592954,0.3624994968610362,0.7091063154048581,0.3862496443838052,0.44419352709712784,0.8302141045777655,0.2113642929596602,0.635013920305116,0.14251270959411338,0.020145470980676674,0.11670792708495145,0.7369651717167948,0.8663538163545005,0.3623086181097756,0.6858696219010029,0.38599052938830974,0.4441934708523409
11.577889447236181,0.8225867792323327,0.2159941203364042,0.6458976092847531,0.13915538244301026,0.021216993030639206,0.11387225261898591,0.723948546701029,0.8608537629671134,0.3711521371319525,0.7421988827414122,0.39708679610889075,0.43527170395731263,0.8227015355697165,0.2159869027696884,0.6456571108336601,0.1392754913610581,0.020953632655643272,0.11387256261207594,0.7239407839959922,0.8608537641381832,0.3712785396465907,0.7397665711601419,0.39711702897608264,0.435271693552656,0.8228447870663376,0.21597802007038105,0.645356282906368,0.13942581390213984,0.020628782212097817,0.11387295283852851,0.7239312399294642,0.8608537655687079,0.37141939749878083,0.7366858526454018,0.3971477495567363,0.43527168097731556,0.8231153149153738,0.21596132015420472,0.6447755199318739,0.13971668767317028,0.02001773541476502,0.11387371375178133,0.7239133279118086,0.8608537682024667,0.371633597121657,0.7305524493528509,0.3971795622559416,0.43527165805108525,0.8235288377237082,0.21593523059986047,0.6438296126562179,0.1401935724250983,0.019089426154274725,0.11387497133536752,0.7238854313966724,0.8608537721779612,0.37181592939703945,0.7200986102761328,0.3971639515751433,0.4352716240208435,0.8242390787646536,0.21588735799672915,0.6419754787951807,0.1411504873035623,0.01747600214122676,0.1138774907268727,0.723834547364642,0.8608537792176035,0.3716089995992375,0.697478540567088,0.39688801978308436,0.4352715668737952
11.819095477386934,0.8165512890245633,0.22052153173124237,0.652775159466004,0.13779239908696575,0.018388407744081004,0.11114049763741476,0.7108726379052568,0.8553478533884314,0.3804919761967429,0.7523906227711947,0.40801577421294916,0.42646092531743124,0.8166670391534774,0.22051416581778607,0.6525380395659,0.13791158875017126,0.01815118351338089,0.11114080451021902,0.7108645184265362,0.8553478546055672,0.3806143806116096,0.7500260592262128,0.4080429389493175,0.42646091475275255,0.8168115447552717,0.22050510044209445,0.6522414377076545,0.13806076005360168,0.017858572837148857,0.11114119077357197,0.7108545353713298,0.8553478560923763,0.38075047334154294,0.747031141591824,0.40806993676655606,0.4264609019838531,0.8170845751813935,0.2204880567499579,0.6516688330212704,0.1383494028447765,0.01730839687640055,0.1111419438882167,0.7108357983393703,0.8553478588297829,0.380956220377508,0.7410665454635137,0.4080948303399402,0.4264608787043091,0.8175025008527789,0.22046142926784612,0.6507362113981442,0.13882261844856703,0.016475124031860792,0.11114318855138652,0.7108066138894623,0.8553478629617772,0.3811266138054863,0.7308995027726803,0.4080689189436002,0.426460844148667,0.818222639802136,0.22041256698011016,0.6489081055746017,0.1397721776991176,0.015026262346693034,0.11114568271665683,0.7107533709037028,0.8553478702729214,0.3809028367851015,0.708889509625807,0.4077759439077342,0.42646078611447175
12.06030150753769,0.8104774826550667,0.22505117948009035,0.6596231254014657,0.13641352952904068,0.015792994743740577,0.10850230497515265,0.69785850082791,0.8498368092932856,0.3898240425285156,0.7623955165523467,0.41893057425320734,0.4177606510438456,0.810594179595319,0.22504366548072294,0.6593893804703241,0.13653180256045047,0.015580405851862178,0.10850260874098835,0.6978500277898972,0.8498368105564623,0.3899423499336721,0.760097943027865,0.4189546465341084,0.4177606403216642,0.8107398802422635,0.2250344177411686,0.6590970002008546,0.13667982588264982,0.015318183739258433,0.10850299105917002,0.6978396096584163,0.8498368120995566,0.3900735535463772,0.7571878668016542,0.4189778908179717,0.4177606273621943,0.8110152983488065,0.22501703083296432,0.6585325451619124,0.13696624390073536,0.014825385718358071,0.10850373641179545,0.6978200548258875,0.8498368149406693,0.3902706074906774,0.7513901975641561,0.4189958048817355,0.4177606037347266,0.8114374376134397,0.22498986622536105,0.6576131951718333,0.1374358001648275,0.014081718078963254,0.1085049682097398,0.6977895933355156,0.8498368192294181,0.390428668931608,0.7415067747210397,0.41895949237505803,0.41776056866142747,0.8121670989711722,0.22494001549255188,0.6558110903258996,0.1383780205723195,0.012788290508473396,0.10850743724752157,0.6977340100635583,0.8498368268064695,0.3901872973915161,0.7201002821456416,0.41864928516544053,0.4177605097603128
12.301507537688442,0.8043675883340476,0.22958316126842215,0.6664407799566943,0.13501901961045013,0.01342254617092449,0.10595295057391697,0.6849172238758237,0.8443212481682207,0.39914546565898446,0.7722114691089506,0.4298262382724198,0.40917026415699825,0.804485185899885,0.22957549946364444,0.6662104063047347,0.1351363784850748,0.013233144465790382,0.10595325124643344,0.6849084008674016,0.8443212494774838,0.3992595842591387,0.7699801265887882,0.42984719889730433,0.40917025327951695,0.8046320235325798,0.22956606969665708,0.6659222430090145,0.13528325689777373,0.012999524599270689,0.10595362963813354,0.6848975520316676,0.8443212510769,0.3993857835974568,0.7671539309997418,0.42986666525481027,0.4091702401321494,0.804909716361359,0.22954834017641967,0.6653659287167534,0.13556745599667294,0.01256073337560159,0.10595436726742813,0.6848771874728109,0.8443212540217593,0.3995739208183261,0.7615213057507919,0.4298775516852292,0.40917021616156146,0.8053358830616104,0.22952063931207037,0.6644598359163032,0.1360333621758076,0.011901423341146654,0.10595558626133075,0.6848454611705108,0.8443212584672302,0.39971928400613493,0.7519183204641721,0.429830757342642,0.40917018057770105,0.8060746968097087,0.22946980148867094,0.6626837041391455,0.13696825965013923,0.010754546432649828,0.10595803021217044,0.6847875588792912,0.8443212663142573,0.39945961863233126,0.7311087266659483,0.4295031654951885,0.4091701208173458
12.542713567839197,0.798223753854205,0.23411757633899224,0.673227383285354,0.13360911837898795,0.011269309585259249,0.10348804614780414,0.672058675201638,0.8388016839715872,0.40845346285881895,0.7818365111345027,0.4406979769774215,0.4006891489683181,0.7983422066354119,0.23410976702973324,0.6730003771127601,0.13372556542221137,0.011101696648625566,0.10348834374130733,0.672049506150599,0.8388016853269965,0.40856330775636546,0.7796706397710277,0.44071581168461293,0.4006891379378784,0.7984901241713532,0.23410015559656644,0.6727164260381482,0.13387130181112106,0.010894954004416282,0.10348871822611745,0.6720382313990493,0.8388016869827849,0.4086843962316453,0.7769273629652764,0.44073148186919137,0.4006891246054617,0.7987699806573387,0.23408208411428072,0.6721682433261489,0.13415328748886574,0.010506913513846531,0.10348944817278768,0.6720170659694051,0.8388016900314454,0.4088634094589425,0.7714578966077013,0.4407353043602261,0.40068910029697424,0.7991999916807289,0.2340538479311665,0.6712753928389193,0.13461555227675806,0.00992688758256069,0.10349065442829788,0.6719840882989376,0.8388016946336064,0.4089957342105432,0.7621321616874192,0.44067796642457063,0.40068906421039296,0.799947593205766,0.23400202449142707,0.6695252053592725,0.13554314181857863,0.008917916404848403,0.10349307332293019,0.6719238905068908,0.8388017027555186,0.4087171225585892,0.7419128421999308,0.4403328727939615,0.40068900359617726
12.78391959798995,0.7920480741098658,0.23865452678971447,0.6799821719260664,0.13218408078088406,0.009325872630456856,0.10110346265038915,0.659291730678077,0.8332785489495296,0.41774530178676966,0.7912687616830363,0.4515411058592286,0.3923166878735014,0.7921673374604616,0.23864657029826236,0.6797585293196936,0.1322996181660631,0.009178697599446721,0.10110375718125933,0.6592822198188495,0.8332785503510027,0.4178507948543035,0.7891676009202968,0.4515558052079304,0.39231667669253945,0.7923162787802152,0.23863677758626048,0.6794787855716431,0.1324442152269152,0.008997165766434945,0.10110412778064214,0.6592705243184573,0.8332785520631038,0.4179666742876948,0.7865062801181135,0.4515676669716651,0.3923166631779344,0.7925981897259718,0.2386183648400509,0.6789387249992601,0.13272399261813564,0.008656730043659256,0.10110485008776407,0.6592485675867941,0.8332785552155346,0.41813637231134354,0.7811980856757299,0.4515644007502044,0.3923166385365978,0.793031864970765,0.23858959434922625,0.6780591015010987,0.1331826241347428,0.008151081753732189,0.10110604367142338,0.6592143531106538,0.8332785599745637,0.4182553440646311,0.7721464096586568,0.4514964759794527,0.39231660195432194,0.7937878949735359,0.23853678688984026,0.6763348286891088,0.13410291978471028,0.0072716059805230234,0.10110843767763106,0.6591518850972465,0.8332785683636208,0.41795718007797467,0.7525107197702355,0.4511337981762343,0.39231654050978526
13.025125628140703,0.78584258098686,0.24319411689953221,0.6867043635489033,0.13074416709264702,0.007585179918450512,0.09879533350438112,0.6466242924465759,0.8277522029488574,0.427018316173159,0.8005064437112358,0.4623510728512498,0.38405226080031624,0.785962611013496,0.2431860135704571,0.6864840804785427,0.130858796837986,0.007457137191571046,0.0987956249882664,0.6466144442984132,0.8277522043964494,0.4271193858886492,0.7984692324343468,0.46236263207134926,0.3840522494711982,0.7861125209452942,0.24317603999419413,0.6862085390162089,0.13100225707373003,0.007299205551025763,0.09879599172347582,0.6466023335651565,0.8277522061649042,0.4272299663075728,0.795888904121603,0.46237067897981265,0.3840522357773088,0.786396378990184,0.24315728673250447,0.6856765908605951,0.13127983094417237,0.007003333487120756,0.09879670643506865,0.6465795957533713,0.8277522094211393,0.4273901735930272,0.7907400931238437,0.4623603104535978,0.38405221080846325,0.7868335413162785,0.24312798302137906,0.6848101785680967,0.13173483672467115,0.0065673159062314395,0.09879788741919293,0.6465441600449138,0.8277522143369515,0.4274955028178955,0.7819592810196028,0.4622817735716738,0.3840521737385866,0.7875976459137928,0.24307419327469756,0.6831117898604601,0.1326478515431439,0.0058091537407222345,0.09880025657900476,0.6464794492278153,0.8277522229986505,0.4271772258086406,0.7629005582148244,0.4619014627157451,0.38405211146719015
13.266331658291456,0.7796092251640167,0.24773645212011036,0.6933931632382236,0.12928963971659246,0.006040581257321362,0.09656006987931376,0.6340633230885518,0.8222229424758448,0.43626992808145276,0.8095478858972681,0.47312349605815296,0.3758952565147629,0.7797299787030378,0.24772820232100273,0.6931762355550126,0.12940336368504038,0.0059304078988896974,0.09656035833307243,0.6340531424229202,0.8222229439695351,0.43636650930666443,0.8075738625459208,0.47313191486655376,0.3758952450398565,0.7798808029944624,0.24771804832305847,0.6929048911890465,0.1295456894046228,0.005794518426874757,0.09656072122643469,0.6340406222839626,0.8222229457943294,0.43647170866894935,0.8050735626189865,0.4731361460689517,0.37589523116950624,0.7801665025611537,0.2476989553463032,0.6923810454405105,0.12982106414884065,0.005540267798914363,0.0965614283878473,0.6340171142003685,0.8222229491543642,0.4366222648308589,0.8000822453916477,0.4731186723830355,0.3758952058781897,0.7806069777103658,0.24766911958117452,0.691527828102397,0.13027245113917213,0.005169284793535963,0.09656259684526607,0.6339804737527048,0.8222229542270156,0.4367136862017713,0.7915690992619626,0.4730295153672445,0.3758951683279368,0.7813788082205103,0.24761434941468,0.6898552920274276,0.13117819716978318,0.004524474925458254,0.09656494128097455,0.6339135490767095,0.8222229631598031,0.4363747796792751,0.7730806655161677,0.4726315550745716,0.37589510524486414
13.507537688442211,0.7733499247532155,0.25228164139966636,0.7000477458375893,0.12782077042790485,0.004685646872601464,0.0943942561034472,0.6216150727493416,0.8166910166125179,0.44549758725887195,0.8183914907663323,0.48385406112591844,0.36784505248608135,0.7734713593686149,0.25227324552223335,0.6998341692691133,0.12793359032184481,0.004592121199257852,0.09439454154490905,0.6216045645710963,0.8166910181522619,0.44558962117281553,0.8164798934723947,0.48385934364742716,0.3678450408679697,0.7736230446838435,0.25226291157472924,0.6995670166555708,0.12807478363493488,0.004476766728208335,0.09439490061983648,0.6215916411410936,0.8166910200333528,0.44568936528443737,0.8140586574135187,0.4838597637785353,0.36784502682423115,0.7739104819729771,0.2522434797380243,0.6990512630058924,0.12834796326427286,0.004261290970884347,0.09439560027841722,0.6215673741351504,0.8166910234971266,0.445830124931846,0.8092229434283996,0.48383519262811137,0.3678450012159669,0.7743540985630921,0.2522131131686622,0.6982112238842241,0.12879573780171438,0.003950892616517303,0.0943967562852063,0.6215295462877879,0.8166910287265823,0.4459073970972038,0.8009742630409267,0.4837354244161456,0.3678449631932886,0.7751333115637442,0.25215736459446847,0.6965645080175643,0.12969422602684186,0.003411691163325746,0.09439907613904944,0.6214604382355843,0.8166910379289399,0.44554738848774,0.7830494268506881,0.48331983025441705,0.367844899316391
13.748743718592966,0.7670665100410106,0.2568297940706966,0.7066672782278816,0.12633783205523244,0.0035143432032380293,0.09229473511148606,0.6092849732669025,0.8111566275803164,0.4546988429781699,0.827035769453909,0.4945386427771775,0.3599010374462356,0.7671885840007866,0.25682125253143373,0.7064570483762529,0.12644974941710646,0.003436282238837682,0.09229501755756948,0.6092741427923217,0.8111566291661388,0.4547862768269604,0.8251858361519606,0.4945407973383339,0.3599010256872393,0.7673410778904312,0.25681073913668606,0.706194082014352,0.1265898122334037,0.0033400033239696274,0.09229537283674855,0.6092608224457869,0.8111566311035453,0.4548804990318566,0.8228426991710834,0.4945374162626789,0.35990101147295733,0.767630150821894,0.25679096935131235,0.7056864098527389,0.12686080037707903,0.0031605456702077147,0.09229606503912066,0.6092358083552131,0.8111566346710797,0.45501133117789944,0.8181606973307856,0.4945057654029328,0.35990098555294375,0.7680767402530646,0.2567600733129185,0.7048595317171849,0.12730496818907341,0.0029064195821128526,0.09229720867266597,0.6091968112083994,0.8111566400573182,0.4550742358319844,0.8101732807216528,0.4943954111136776,0.35990094706566256,0.7688629974961022,0.2567033484954447,0.7032386026438283,0.12819620852192704,0.0024652902459511164,0.0922995040197109,0.6091255517790299,0.8111566495318189,0.4546926948641324,0.7928053390910916,0.4939622290782635,0.35990088239862067
13.989949748743719,0.7607607838470735,0.2613810232682356,0.7132508925351845,0.12484110745910756,0.0025208205426132677,0.09025849138586088,0.5970778791124812,0.8056199441216941,0.4638712643516972,0.8354792915498757,0.5051731706402928,0.35206259132725054,0.7608834561197697,0.261372336509606,0.7130440048724458,0.124952123665717,0.0024570788446621823,0.09025877085543758,0.5970667317485154,0.8056199457535298,0.4639540514004686,0.8336902600828123,0.5051722097071043,0.3520625794299709,0.7610367070170747,0.2613616442017423,0.7127852190985466,0.12509105768832818,0.0023784623179637526,0.09025912236345962,0.5970530210956656,0.8056199477471842,0.4640426925202112,0.8314242572516621,0.5051650424402636,0.35206256504822314,0.7613273152238237,0.26134153743793076,0.7122856174995239,0.1253598575794908,0.0022323531048876353,0.09025980715901817,0.5970272722037216,0.8056199514183814,0.46416348046706757,0.8268940761560035,0.5051263395334221,0.3520625388219303,0.7617767116741414,0.2613101133560748,0.7114718826062537,0.12580042376210143,0.0020303205559746513,0.0902609384989144,0.5969871245603534,0.8056199569613287,0.4642118221746161,0.8191647201262493,0.5050054402192892,0.35206249987778737,0.7625696800112376,0.26125241461475895,0.7098767059272018,0.12668442498346705,0.0016799319015182912,0.09026320950744367,0.5969137469085755,0.8056199667058723,0.4638083608225802,0.8023469602202468,0.5045547465359355,0.3520624344415464
14.231155778894472,0.7544344627413502,0.26593544198101554,0.7197977159183514,0.12333088053978813,0.0016995899598561226,0.08828273743753247,0.5849979588853413,0.8000811014208976,0.4730125218680227,0.8437207354536977,0.5157537657756299,0.34432910350885876,0.7545576929737178,0.26592661047198407,0.719594165784485,0.12344099680233121,0.0016490573001932418,0.08828301394868034,0.5849865002131261,0.8000811030987278,0.47309062114955597,0.8419918436937417,0.5157497057460242,0.34432909147578455,0.7547116501658804,0.26591573981754035,0.7193395547698482,0.12357880352851366,0.0015867334147106344,0.08828336170940758,0.5849724060786505,0.8000811051486086,0.4731736291718807,0.8398020101009707,0.5157387721974699,0.344329076929568,0.7550036949375931,0.26589529710582094,0.718848012489407,0.1238454180054185,0.0014713847373585766,0.08828403914672106,0.5849459350724497,0.8000811089234299,0.47328426991822575,0.8354217583567409,0.5156930543208186,0.34432905040242656,0.7554557352716676,0.2658633464982312,0.7180474025762084,0.12428238702275768,0.0013173926835702524,0.08828515827310948,0.5849046563671709,0.8000811146230314,0.47331787518069957,0.8279472590661735,0.5155616661864519,0.34432901100937585,0.7562550865995404,0.26580467631704824,0.7164779428548099,0.1251591567826794,0.001050608178696757,0.08828740506029209,0.5848291948983867,0.8000811246381686,0.4728921459528847,0.81167296009887,0.5150935656880296,0.34432894481483495
14.472361809045227,0.7480892422837665,0.2704931674051392,0.7263068354797654,0.12180744646897866,0.0010453092525449371,0.08636479876253471,0.5730489150123077,0.7945402110087482,0.4821202967971926,0.8517588255922416,0.5262765895776756,0.3366999549535555,0.7482129907999802,0.270484191642618,0.726106618076866,0.12191666382751583,0.0010069096777942381,0.08636507233341045,0.573037150772409,0.7945402127325547,0.4821936730828861,0.850089311524802,0.526269450731644,0.3366999427869486,0.7483676044272984,0.2704731432422944,0.7258561758202673,0.12205334454072449,0.000959550950697337,0.0863654163708063,0.5730226801777994,0.7945402148386398,0.48227100312549165,0.8479746823826039,0.5262547756423259,0.336699928078992,0.7486609887092455,0.2704523656767008,0.7253726812814251,0.12231777603150865,0.0008724545058146372,0.08636608649866749,0.5729955001161494,0.794540218717045,0.482371407298032,0.8437424688157217,0.5262020891678444,0.3366999012559503,0.7491155124794567,0.27041989015849316,0.7245851775436495,0.12275115169212006,0.0007625724653428958,0.08636719349250982,0.5729531103683712,0.7945402245732363,0.48239012445262364,0.8365196221780192,0.5260602833779086,0.3366998614213323,0.7499209237358815,0.2703602511935239,0.7230413982766055,0.12362069645231434,0.0005724479388476622,0.08636941617286639,0.5728756005729178,0.7945402348597556,0.48194182036018457,0.8207820566879686,0.525574909256565,0.33669979447390264
14.71356783919598,0.7417267352679104,0.27505431624295656,0.7327773347676392,0.1202711015515799,0.0005529615827934861,0.08450220046311076,0.5612338831896186,0.7889973605885187,0.49119237015080336,0.8595923910344766,0.536737991069444,0.3291745350948964,0.7418509630448104,0.2750451967519463,0.7325804451598446,0.12037942087437795,0.0005256513329656177,0.08450247111458611,0.5612218192619499,0.7889973623581978,0.49126099371029275,0.857981492881753,0.5367277973748128,0.32917452279783505,0.742006184069875,0.2750339712409538,0.7323341654872612,0.12051497664397397,0.0004919699796318971,0.08450281145539619,0.5612069794014174,0.7889973645203746,0.49133260772181664,0.8559411036833975,0.5367094100746017,0.3291745079317478,0.7423008124041283,0.27501285997990177,0.7318587067789976,0.12077722716711008,0.0004306922511746862,0.08450347432676514,0.5611791036712936,0.7889973685021902,0.4914226990039395,0.8518550376510319,0.5366498102010606,0.32917448081912337,0.742757661759623,0.27497986126511736,0.731084289866589,0.12120701262290456,0.00036110506004553557,0.0845045692726058,0.5611356234217312,0.7889973745148038,0.4914263973144182,0.8448806399175167,0.5364976721255771,0.32917444055156214,0.743568814703653,0.2749192563424335,0.729566153518307,0.12206933763410964,0.0002408795157584755,0.08450676807320923,0.5610561016349195,0.7889973850698873,0.49095525037901205,0.8296730756326228,0.5359951846955695,0.32917437288662693
14.954773869346733,0.7353485259042174,0.2796190086269483,0.7392082615776603,0.11872215246016364,0.0002176826720242813,0.0826925761061184,0.5495555939557498,0.7834526205297636,0.5002265462227968,0.8672203134571291,0.5471343804678745,0.3217522268533637,0.7354731945735049,0.2796097459623521,0.7390146946823951,0.11882957443961195,0.00020044918562784638,0.08269284385381051,0.5495432363569327,0.7834526223453597,0.5002903927582576,0.8656672697641123,0.5471211594973855,0.3217522144274522,0.7356289747827068,0.27959834401238715,0.7387725712367572,0.11896400611592191,0.00017919589805082337,0.08269318051937037,0.5495280345925134,0.7834526245636693,0.5003562594383788,0.8637001563943654,0.5470990938045261,0.32175219940530553,0.7359247533088076,0.279576900282235,0.7383051360956484,0.11922407726813243,0.00014137588096757573,0.08269383617907163,0.5494994768961453,0.7834526286489496,0.5004359744216604,0.8597583480060244,0.5470326443698018,0.3217521720070551,0.7363837729914822,0.27954338018911634,0.737543786087385,0.11965027499467663,0.00010838035724344143,0.08269491915544132,0.5494549271763455,0.7834526348179891,0.5004245438579832,0.8530291961785486,0.5468702733003659,0.32175213131321645,0.7372003544252447,0.2794818123305465,0.7360512539159089,0.12050538429150949,5.147183316779377e-5,0.08269709408643511,0.5493734308850672,0.7834526456451618,0.49993032451742314,0.8383448971047969,0.5463508590322138,0.32175206290767855
15.195979899497486,0.7289561444717271,0.2841873661205044,0.745598642773895,0.11716091164361045,3.4831362006624044e-5,0.08093369938705429,0.5380163604910393,0.7779060452689793,0.5092206885584802,0.8746415454226799,0.5574622882010071,0.31443241611231204,0.729081216299178,0.2841779608673914,0.7454083933628477,0.11726743679199204,2.6691867263717814e-5,0.08093396425224299,0.5380037153501077,0.7779060471303865,0.50927973906807,0.8731455951487868,0.5574460710187094,0.31443240356072993,0.72923750827817,0.2841663831871676,0.7451704196042658,0.11740074500052647,1.6654073233705846e-5,0.08093429726972115,0.5379881591841181,0.7779060494047134,0.5093398336957123,0.8712507939996657,0.5574203650948475,0.3144323883862283,0.7295343446889154,0.2841446082833807,0.7447109954129183,0.11765863794864168,0.0,0.0809349457714321,0.5379589334925363,0.7779060535932737,0.5094091215480413,0.8674513543444081,0.5573471382900768,0.31443236070885267,0.7299953819728716,0.2841105687369048,0.7439626918079438,0.11808124973202108,0.0,0.08093601686414612,0.5379133357673168,0.7779060599185443,0.5093824722484566,0.8609642465924736,0.5571746469607686,0.3144323195975084,0.7308170833594879,0.28404804114284155,0.7424957240238338,0.11892914604588571,0.0,0.08093816816303986,0.5378299030424154,0.7779060710154437,0.5088649888167015,0.8467964745054579,0.5566385182341422,0.3144322504899054
15.437185929648242,0.7225510609863481,0.28875951091980395,0.7519474899900366,0.11558769564429848,0.0,0.07922348445770991,0.5266181115091465,0.7723576757592748,0.518172730109702,0.8818551131852603,0.567718380583164,0.3072144949275882,0.7226764988610022,0.2887499636944456,0.7517605526829179,0.11569332429344842,0.0,0.07922374645911426,0.5266051850644528,0.7723576776664405,0.518226970708453,0.8804154957822653,0.567699201586518,0.30721448225293085,0.7228332559797654,0.2887382110309125,0.7515267218816585,0.115825509434607,0.0,0.07922407585304456,0.5265892821340704,0.7723576799967234,0.5182812749210713,0.8785920438535978,0.5676698977429807,0.30721446692920523,0.7231310594898054,0.28871610632031647,0.7510752956567474,0.11608122491270906,2.2858503557514876e-6,0.07922471724651789,0.5265594026734347,0.7723576842884575,0.5183400969690144,0.8749330852015552,0.5675899737458486,0.3072144389783857,0.7235939641243129,0.288681549355322,0.7503400173598607,0.11650025184376857,3.178701476453541e-5,0.07922577653877401,0.5265127788095745,0.7723576907698109,0.5182981585871682,0.8686848212475402,0.5674074877617269,0.3072143974579477,0.7244204817162502,0.28861806542815593,0.7488985729589064,0.11734093662986944,8.24527734879524e-5,0.0792279043333973,0.5264274485871121,0.7723577021366225,0.5177572558152708,0.855026836754283,0.566854881317036,0.30721432765692575
15.678391959798995,0.7161347239681183,0.29333556890918916,0.7582537739699828,0.11400283376037526,0.00010889044881024523,0.07755992505879593,0.5153624691419396,0.7668075424784825,0.5270806202869114,0.8888600935004194,0.577899374459112,0.30009784423047176,0.7162604914009739,0.2933258803603828,0.7580701432291268,0.1141075660539849,0.00011610302345168024,0.07756018421472063,0.5153492677295918,0.7668075444313551,0.5271300421712691,0.8874760490196251,0.5778772713243528,0.30009783143494606,0.7164176678124745,0.2933139535004092,0.7578404484586448,0.11423862829472209,0.0001249971299532604,0.07756051000921033,0.5153330257932499,0.7668075468175318,0.5271785439204422,0.8857229840548214,0.5778444159534202,0.30009781596470886,0.7167163491565107,0.29329152042438805,0.7573970068370146,0.11449216658802491,0.00014406101958414555,0.07756114434355615,0.5153025070205127,0.7668075512123309,0.5272268735642391,0.8822026201248703,0.5777578827946998,0.3000977877454388,0.7171809733665743,0.2932564481906337,0.7566747321347116,0.114907609036402,0.00019966838557653707,0.07756219191836328,0.515254879252838,0.7668075578496113,0.5271695951363509,0.8761900017196236,0.57756554041435,0.3000977458235718,0.7180120081629587,0.2931920115397784,0.7552587688891178,0.1157410824081818,0.0002949203958372645,0.07756429631734402,0.5151676911707674,0.7668075694866574,0.5266051541142495,0.8630350655708936,0.576996717098888,0.30009767532672627
15.919597989949748,0.7097085173798395,0.29791566596195523,0.7645164533842432,0.11240665803738871,0.000357439787120764,0.07594114982253558,0.5042507338591389,0.7612556661123744,0.535942384619753,0.895655632938207,0.5880021324024497,0.2930818557741404,0.709834578482525,0.29790583677138205,0.7643361235135612,0.11251049393077413,0.0003709640901399039,0.07594140615356075,0.5042372639019022,0.7612556681108674,0.5359869838804788,0.8943264020905062,0.5879771459336747,0.2930818428609753,0.7099921290963161,0.2978937365422077,0.7641105576488582,0.1126404332018706,0.0003876407734635798,0.07594172837498052,0.5042206908259574,0.7612556705528402,0.5360296771988675,0.8926427626534548,0.5879407893197584,0.2930818272479928,0.7102916004788864,0.29787097661762263,0.7636750868837016,0.11289179414376957,0.00042138146649248355,0.07594235570256809,0.5041895474047727,0.76125567505054,0.5360674994663436,0.8892591087655006,0.5878477425182711,0.2930817987668732,0.7107577988876752,0.29783539138191945,0.762965793435938,0.11330365175294911,0.0004997941523777659,0.07594339164494873,0.5041409383006104,0.7612556818435458,0.5359948486967888,0.8834789399802901,0.5876456940614369,0.29308175645250906,0.7115930564148417,0.2977700058204541,0.761575267937921,0.11412991244664775,0.0006337087667103424,0.07594547285851368,0.5040519325747105,0.7612556937499183,0.5354067856848619,0.8708203140742982,0.587060937899752,0.29308168529689244
16.160804020100503,0.7032737815034196,0.3024999293794437,0.7707344625424767,0.11079950781211326,0.0007417496420982457,0.0743653864927191,0.493283936621526,0.7557020596250761,0.5447560975684105,0.902240937430298,0.5980236184112899,0.2861659219804471,0.7034001009803973,0.30248996026274116,0.7705574276817138,0.11090244706834694,0.0007607098378802367,0.07436564001821401,0.4932702046225123,0.7557020616691135,0.5447958750680805,0.9009657616658926,0.5979957924263566,0.2861659089524749,0.7035579814521489,0.3024776875332558,0.7703359833925502,0.1110312630617765,0.0007840884176850841,0.0743659586916809,0.49325330837308345,0.7557020641667926,0.5448327599181096,0.8993505872426989,0.5979559886052676,0.286165893200136,0.7038581565262179,0.30245460235497873,0.7699084693410833,0.11128044602655922,0.0008304628724736864,0.07436657906294428,0.49322155515764565,0.7557020687672399,0.5448600711775423,0.8961017605193828,0.5978565308998305,0.2861658644632451,0.704325786117731,0.3024185065046253,0.7692121341636646,0.11168871770046025,0.0009284703679313992,0.07436760345657328,0.49317198758957637,0.7557020757157611,0.5447720339878064,0.8905508481153998,0.5976449383248645,0.2861658217651618,0.7051649764743332,0.3023521760648999,0.76784700172145,0.11250776307012515,0.0010952743476004302,0.07436966164527234,0.4930812050458756,0.7557020878912846,0.5441602994918125,0.8783817965193611,0.5970445555146826,0.2861657499666771
16.402010050251256,0.6968318292001311,0.3070884893516388,0.7769066979255239,0.10918173424373348,0.0012580337047869033,0.07283093638670073,0.482462870330817,0.7501467295062725,0.5535198601399168,0.9086152639575197,0.6079608627722412,0.27934942787145295,0.6969583723461376,0.30707838105979735,0.7767329520436611,0.10928377642858536,0.0012815782486269335,0.07283118712443427,0.4824488828662077,0.7501467315957753,0.5535548214499433,0.9073933855609405,0.6079302440286596,0.27934941473083225,0.6971165390741835,0.30706593674222604,0.77651562178653,0.10941146858950436,0.001310608007439324,0.07283150227351962,0.482431671500267,0.750146734149068,0.5535859036459633,0.9058457166810022,0.6078870506958707,0.2793493988418574,0.6974173329341048,0.30704252798608883,0.7760960498949453,0.10965847247803545,0.0013676297149382676,0.0728321157368494,0.48239932351884973,0.7501467388521011,0.5536027114586123,0.9027298362867339,0.607781291870041,0.279349369854346,0.6978862530416641,0.3070059240336533,0.7754126493364094,0.11006315635788237,0.0014821093842303395,0.07283312866516123,0.48234882063905904,0.7501467459559175,0.5534992917572987,0.8974049901419435,0.6075603284960672,0.2793493267808974,0.6987290909237679,0.30693865298084266,0.7740728638881236,0.1108749823377701,0.001676176567139741,0.07283516390426659,0.4822563026791245,0.7501467584004529,0.5528638700921734,0.8857187801723692,0.6069446468086545,0.2793492543240554
16.64321608040201,0.6903839243682912,0.3116814769280722,0.7830320337601,0.10755369430862037,0.001902680263569273,0.07133619958059785,0.47178810445672514,0.7445896765853874,0.5622318290803832,0.914777922641151,0.6178110072497425,0.27263176562442026,0.6905106570513301,0.3116712302478421,0.7828615706539168,0.10765483878615187,0.0019299807899671123,0.07133644755050109,0.4717738681677858,0.7445896787202617,0.5622619843452288,0.9136085847791559,0.6177776453314432,0.2726317523743363,0.6906690671561182,0.3116586152984253,0.7826483466694738,0.10778140630921339,0.001963639600263141,0.07133675920083249,0.4717563498237805,0.7445896813290577,0.562287275383577,0.9121274630758551,0.6177311236992059,0.2726317363524951,0.6909703962995566,0.31163488472275525,0.7822367019664753,0.10802622954068722,0.0020293759973008018,0.07133736580730049,0.47172342226182057,0.7445896861344867,0.5622935981767408,0.9091426503362577,0.6176191803026109,0.27263170712106594,0.6914404685501025,0.3115977753089888,0.781566211692844,0.10842732299369005,0.0021572891152377414,0.0713383673542628,0.471672007479231,0.7445896933933438,0.5621748173307528,0.9040406836693385,0.6173890303495501,0.2726316636816646,0.6922866729980556,0.31152956813085425,0.7802517259134564,0.1092319240303442,0.002373134970907094,0.07134037983205069,0.4715777959544426,0.7445897061064327,0.56151572588898,0.8928305867103044,0.616758398614447,0.2726315905930283
16.884422110552762,0.6839312867902755,0.3162790239733865,0.789109322072631,0.10591575211212508,0.002672227732189711,0.06987966225225765,0.46126000520442606,0.7390308971276361,0.5708902139385245,0.9207282832154944,0.6275712998660753,0.2660123283023175,0.6840581754426782,0.31626863972821495,0.7889421353614303,0.10601599804245532,0.002702478086313144,0.06987990747394446,0.46124552679173825,0.7390308993077845,0.5709155777468631,0.9196107300200302,0.6275352470676293,0.2660123149459052,0.6842167867549419,0.3162558551482174,0.7887330096683434,0.10614143986795381,0.0027397712179737803,0.06988021565076082,0.4612277096822009,0.7390309019719702,0.5709350946466438,0.918195198336848,0.6274854617220891,0.26601229879490307,0.6845185690589024,0.3162318045958897,0.7883292767541553,0.10638408037352687,0.0028123414475010396,0.06988081545075109,0.46119421786812503,0.7390309068795977,0.570930961411301,0.9153395769486318,0.627367456798125,0.2660122693261004,0.6849896573316143,0.3161941924927845,0.7876716717338037,0.10678157998026845,0.0029507297885999493,0.06988180569953119,0.46114191482389266,0.7390309142932255,0.5707968577688846,0.9104573066988142,0.6271283149565144,0.2660122255298495,0.6858389517538828,0.3161250539149492,0.7863824369256013,0.10757894902903513,0.003183006155466804,0.06988379559601342,0.46104605205812343,0.7390309272745261,0.5701141460311185,0.899716599162886,0.6264831020401069,0.2660121518371805
17.125628140703515,0.677475099676347,0.32088126391382993,0.7951373849749338,0.10426828067396347,0.003563342272667594,0.06845988441879458,0.4508787624646841,0.7334703835419939,0.5794932651474439,0.9264657638211965,0.6372390756943087,0.2594905094336881,0.6776021112862355,0.32087074296480467,0.7949734680955437,0.10436762700931784,0.003595757690733671,0.0684601269115363,0.4508640486824881,0.7334703857673154,0.5795138564323421,0.9253992404546187,0.6372003869275881,0.25949049597396184,0.6777608823361821,0.32085778980180435,0.794768432484243,0.1044919418176955,0.0036357168007747406,0.0684604316397144,0.45084594108719384,0.7334703884867704,0.5795276216114885,0.9240483429280365,0.6371474057126433,0.2594904796974025,0.6780630370360703,0.32083342120239167,0.7943725955185086,0.10473239703004218,0.003713289812073555,0.06846102468298278,0.4508119004796262,0.7334703934963861,0.5795130716657673,0.9213200391224174,0.6370234685750936,0.25949044999765614,0.6785350074289943,0.32079530931677147,0.7937278500023901,0.10512629856675683,0.003859272750775604,0.068462003716184,0.45075873302854225,0.7334704010644915,0.5793637001798965,0.9166542862445801,0.6367755396469319,0.25949040585370237,0.6793871195479931,0.32072524430988275,0.7924638160586729,0.1059164270575272,0.004102763555354201,0.06846397119942733,0.4506612617685155,0.7334704143137933,0.5786574490450115,0.9063762504064617,0.6361161337828394,0.25949033157730705
17.36683417085427,0.6710165105420396,0.3254883316573141,0.8011150142265722,0.10261166228777106,0.004572811049919179,0.06707549538885836,0.4406444055772361,0.7279081250024771,0.588039273847752,0.9319898312750596,0.6468117562598088,0.2530657022877118,0.6711436126453065,0.32547767490409363,0.8009543604280377,0.10271010776710703,0.004606627382736097,0.06707573517148908,0.4406294632283591,0.7279081272728606,0.5880551157881427,0.9309735839989649,0.646770488961465,0.2530656887275784,0.6713025026524728,0.3254645542531806,0.8007534064541345,0.1028332939737892,0.004648309558018332,0.06707603647540725,0.4406110734881194,0.7279081300474544,0.5880631569410958,0.9296863661463325,0.6467143828637225,0.253065672328933,0.671604950322269,0.32543986962538973,0.8003654491434318,0.10307156081597606,0.004729102306433524,0.06707662281099527,0.44057649966443346,0.7279081351588308,0.5880382396971219,0.9270835088622841,0.6465846488759855,0.2530656424045175,0.672077671120377,0.32540126100260236,0.7997335366453653,0.1034618592375549,0.0048798740654514665,0.06707759071085509,0.4405224918568838,0.7279081428811015,0.5878736715548998,0.9226310986387027,0.6463281474209609,0.25306559792202477,0.6729323329298456,0.32533027479092724,0.798494651994746,0.10424473704063064,0.005129491204145591,0.06707953592781671,0.4404234552447602,0.7279081563979773,0.5871439926546593,0.9128090234513675,0.6456549555130269,0.2530655230746481
17.60804020100503,0.664556634206172,0.33010036395254905,0.8070409664899133,0.1009462894765446,0.005697533304099525,0.06572518824390358,0.43055682139159174,0.7223441078910471,0.596526566634787,0.9372999940816304,0.6562868411502816,0.24673730079477624,0.6646837948789839,0.3300895723345768,0.80688356882738,0.10104383262132804,0.005732006297813432,0.06572542533474582,0.43054165732310445,0.7223441102063649,0.5965376865673964,0.9363332703096322,0.656243055196885,0.24673728713706453,0.6648427637425548,0.3300762853395998,0.8066866878042482,0.10116588836945921,0.005774493168940459,0.06572572323844783,0.43052299383453724,0.7223441130359506,0.5965400365560402,0.9351087790963177,0.6561838982404684,0.24673727061988854,0.6651454262759307,0.3300512867936484,0.8063065933879856,0.10140196324250747,0.0058567689489930925,0.06572630291511011,0.43048790248128965,0.722344118248836,0.5965048113119312,0.9326295001132306,0.6560485086135704,0.24673724047743734,0.6656187679202289,0.33001218462148,0.8056874866627202,0.10178865266188906,0.0060095960500688,0.06572725976504987,0.4304330785494573,0.7223441261249456,0.5963251336043284,0.9283872623942632,0.6557836586258979,0.2467371956669302,0.6664757156532614,0.32994028269348896,0.8044736981993512,0.10256426805567044,0.0062603755082816185,0.0657291828215876,0.4303325200812313,0.72234413990833,0.5955721686820216,0.9190144441572217,0.6550971055973072,0.24673712024115857
17.84924623115578,0.6580965477767404,0.3347174984376659,0.8129139709599087,0.09927256345909756,0.006934527483684279,0.06440772155484666,0.42061576465343387,0.7167783163848981,0.6049535158330905,0.9423958109035899,0.6656619231903698,0.24050469956375703,0.6582237356252388,0.3347065729347005,0.8127598222911895,0.09936920256813257,0.006968932017825073,0.06440795597287008,0.4206003857522218,0.7167783187450231,0.6049599451449297,0.941477859272516,0.6656156808031526,0.24050468581170079,0.6583827439116876,0.3346931207892102,0.8125670052849656,0.0994901257242344,0.007011328817870807,0.06440825050076245,0.420581456962235,0.71677832162945,0.6049566418641469,0.9403151432024895,0.6655535499297951,0.24050466917983485,0.6586855444989445,0.33466781052884254,0.8121947565246569,0.09972400449745701,0.00709339548899341,0.06440882356728962,0.4205458638646188,0.7167783269435807,0.6049111775460382,0.9379575773178321,0.6654126514897921,0.24050463882623438,0.659159379552898,0.3346282181409713,0.811588427546545,0.10010707817043421,0.007245614019673477,0.0644097694485545,0.42049024820562914,0.716778334973163,0.6047164928511658,0.9339223468377932,0.665139686016652,0.24050459369758875,0.6600183535305898,0.3345554062444891,0.8103996806952914,0.1008754177757371,0.00749271189892024,0.06441167051051841,0.4203882117204074,0.7167783490225877,0.6039404131358026,0.924992090058892,0.664440214290222,0.2405045177144812
18.090452261306535,0.6516372907080323,0.33933987345403654,0.818732730048239,0.09759089370394582,0.008280929295606686,0.06312191704990543,0.4108208749199824,0.7112107328690491,0.6133185396315667,0.9472768868822539,0.674934687643314,0.2343672956385511,0.6517644748590701,0.33932881508709295,0.8185818230284693,0.09768662685048767,0.008314558628848957,0.06312214881388559,0.41080528810867867,0.7112107352738473,0.613320313648277,0.9464069573106363,0.6748860532898245,0.2343672817953469,0.6519234837900741,0.3393151990353864,0.8183930608517764,0.0978064149993888,0.008355993264401663,0.06312243999014773,0.4107861025094128,0.7112107382129568,0.6133113998878559,0.9453050665009318,0.6748210282373244,0.2343672650526085,0.6522263468941425,0.33928957935957627,0.8180286400195529,0.09803809300119876,0.00843620150296556,0.06312300649487931,0.41075002354199025,0.7112107436280543,0.6132557747870134,0.9430673516773539,0.674674773192834,0.23436723449469934,0.6527005500031231,0.3392495002383956,0.8174350599659875,0.09841754331039891,0.008585214432239245,0.06312394148807426,0.4106936407036112,0.7112107518107208,0.613046200752948,0.9392359683196808,0.6743939339646557,0.2343671890577189,0.6535612946188958,0.33917578439297796,0.8162712985885674,0.09917859207812615,0.008823902615419162,0.06312582071794728,0.41059017035430556,0.7112107661257071,0.6122472061143918,0.93074158640016,0.6736820026372522,0.2343671125373512
18.331658291457288,0.6451798705520182,0.3439676286676112,0.8244959123849793,0.09590169984920921,0.00973397466013256,0.06186665082950658,0.40117168957187027,0.7056413381679019,0.6216200933266259,0.9519428675836642,0.684102898521334,0.22832448702047703,0.6453070206453334,0.3439564384998495,0.8243482394608774,0.09599652487515203,0.009766139787464982,0.06186687995806338,0.40115590180547334,0.7056413406172312,0.6216172512222307,0.9511202113242795,0.6840519388318028,0.2283244730893691,0.6454659920879134,0.3439426598380512,0.8241635226656261,0.0961151753137508,0.00980576204591965,0.06186716780667079,0.4011364679303114,0.7056413436108545,0.6216027745547364,0.9500781975721426,0.6839841020299186,0.22832445623963724,0.6457688434252298,0.34391673314338833,0.8238069115303276,0.09634464731959018,0.009882503852459682,0.061867727797535,0.4010999190494472,0.7056413491266211,0.6215370761134699,0.9479584750694681,0.6838326477718882,0.22832442548437268,0.6462432912858541,0.3438761709236256,0.8232260507591049,0.09672046575576422,0.01002577873429071,0.06186865198268072,0.4010427937187136,0.7056413574619561,0.62131274511635,0.9443277841035759,0.6835441848801229,0.2283243797490451,0.6471055549509694,0.3438015574275412,0.8220872171104615,0.09747420692628168,0.010251441305985678,0.06187050954042387,0.4009379339516132,0.7056413720419976,0.6204910634419223,0.9362625999675341,0.6828202691125598,0.2283243027113211
18.57286432160804,0.6387252627948973,0.34860090485042183,0.8302021536247407,0.09420541164192726,0.011290997123701022,0.06064085117414617,0.3916676539564145,0.7000701118432915,0.6298566706328684,0.956393439625223,0.6931644000425955,0.22237567262119093,0.638852348975144,0.34858958398799733,0.830057707028994,0.09429932615352103,0.011321026150263286,0.06064107768583106,0.39165167221925123,0.7000701143370006,0.6298492553372095,0.9556173093201864,0.6931111837255112,0.22237565860555436,0.6390112454315997,0.34857564406525804,0.829877025899357,0.0944168358847318,0.011358006927687774,0.060641362230664735,0.3916319986390213,0.7000701173849582,0.6298292680030413,0.9546342261730597,0.6930406201908919,0.22237564165286292,0.6393140119525993,0.3485494128479621,0.8295282057129546,0.09464409610519826,0.011429714172423356,0.060641915755371895,0.3915949958759393,0.7000701230010771,0.6297535925951805,0.9526306406861017,0.6928841290905117,0.22237561070748352,0.639788583281439,0.3485083713201838,0.8289600337401205,0.09501627324721006,0.011564780904744935,0.06064282921216326,0.3915371528684121,0.7000701314886328,0.6295146513883108,0.9491974930134228,0.6925883006622656,0.22237556468422537,0.6406521183687506,0.3484328667572114,0.8278460684260639,0.09576268831199888,0.01177291062018325,0.060644665256385094,0.39143094840385545,0.7000701463331944,0.6286705379403706,0.9415548397498781,0.6918528910626329,0.22237548714957722
18.814070351758794,0.6322744116172524,0.35323984378145507,0.8358500561463658,0.09250246922024137,0.012949422940410668,0.059443495411627266,0.38230813042984435,0.6944970324380186,0.6380268035689327,0.9606283308818915,0.702117115960125,0.2165202517243405,0.6324014045264206,0.3532283933744488,0.8357088278917488,0.09259547058307648,0.012976660486850079,0.059443719324881156,0.3822919617329102,0.6944970349759417,0.6380148616760798,0.9598979806204927,0.7020617137187111,0.21652023762783312,0.6325601891247611,0.35321429359397755,0.8355321724367948,0.09271183630911395,0.013010191054702044,0.05944400058967418,0.3822720570526541,0.6944970380780354,0.6379894204697083,0.9589728834497122,0.7019885109509385,0.21652022057660075,0.6328627989952955,0.35318776045210665,0.8351911239201493,0.09293687837845419,0.013075334096148632,0.05944454769567275,0.3822346165075197,0.6944970437941548,0.6379038731833522,0.9570835832529081,0.7018271501596863,0.21652018944915344,0.6333373744990208,0.3531462435660493,0.8346356093968716,0.0933054038744779,0.013199782790332725,0.05944545050338154,0.38217608075823667,0.694497052433434,0.6376504825499805,0.9538448356638829,0.7015242220359151,0.21652014314959372,0.634201937290056,0.35306985481220393,0.8335464513294412,0.09404447253634626,0.013385977689756934,0.05944726519054781,0.3820685765717022,0.6944970675419333,0.6367842193278118,0.9466180571871924,0.7007778240483391,0.21652006513861638
19.055276381909547,0.625828230772806,0.3578845883378439,0.8414381867696208,0.09079332314314709,0.014706769970637043,0.05827360873704016,0.3730924115521765,0.6889220776217204,0.6461290600487338,0.9646473032158438,0.7109590451189735,0.2107576266376826,0.6259551015417979,0.35787300958103513,0.8413001686434963,0.09088540847654276,0.01473057658447214,0.058273830069922976,0.3730760629293923,0.6889220802036937,0.646112641728946,0.9639619885719449,0.7109015295726601,0.21075761246350888,0.6261137380251061,0.357858751401174,0.8411275285903461,0.09100062659337808,0.014759867863613487,0.058274108077899324,0.3730559357836867,0.6889220833597302,0.6460818078895931,0.9630939346205333,0.7108257774565956,0.2107575953175239,0.6264161206058299,0.35783191903651523,0.8407942319200814,0.09122344355653504,0.014816954180086413,0.058274648811541485,0.37301807361650335,0.6889220891755091,0.6459865023183816,0.9613170716624992,0.7106597187185594,0.21075756401469128,0.6268905829479577,0.35778993090448247,0.8402513426111505,0.09158830610396752,0.014928433046769635,0.05827554104774116,0.37295887016593715,0.6889220979660319,0.6457188367375111,0.9582695870070587,0.7103499641515907,0.2107575174483468,0.6277559335726586,0.35771266513475225,0.8391869289619315,0.09232000623646416,0.015088393061991863,0.058277334533484694,0.37285011147392816,0.6889221133378233,0.6448307318554113,0.9514520385029803,0.7095930974714193,0.21075743898273183
19.2964824120603,0.6193876043785751,0.36253528224085024,0.8469650780567456,0.08907843498848794,0.016560639215835428,0.05713025914553827,0.3640197225511231,0.6833452244259121,0.6541620456693253,0.9684501597798336,0.719688263938464,0.2050871990550524,0.6195143246202928,0.3625235763747146,0.8468302616146353,0.08916960116051541,0.01658039083896873,0.05713047791603773,0.36400320105797745,0.683345227051758,0.6541412045801462,0.9678091378738003,0.7196287095416793,0.20508718480667018,0.6196727773380051,0.36250916131000843,0.8466616264003702,0.089283667750999,0.016604672743061738,0.057130752690333214,0.3639828601093517,0.6833452302615258,0.6541050436813495,0.9669971863350736,0.7195505002463325,0.20508716757007486,0.6199748631674065,0.3624820325303144,0.8463360611931907,0.0895042520514597,0.01665224569556818,0.05713128709785446,0.363944592537399,0.6833452361765894,0.6540001017134907,0.9653309163925012,0.719379919703562,0.20508713609932155,0.6204490969410322,0.3624395774305898,0.8458057639515225,0.08986543937619147,0.01674845913317831,0.05713216884002549,0.3638847465280359,0.6833452451178238,0.6537183490224429,0.9624715638514442,0.7190636190437042,0.20508708927703095,0.6213149993289315,0.36236144212530924,0.8447660301075515,0.09058974698370056,0.01687798300197616,0.05713394127597071,0.36377477876589,0.6833452607522522,0.6528087360924774,0.9560566124750137,0.7182968170308486,0.20508701037569016
19.537688442211056,0.612953387818911,0.3671920701253199,0.8524292262246623,0.08735827750062072,0.01850871324590711,0.056012556359654936,0.3550892317765159,0.677766449343416,0.6621244016407629,0.9720367393261232,0.7283029225629073,0.19950837199280866,0.6130799296208956,0.36718023843673053,0.8522976027838836,0.08744852112284293,0.018523800690991094,0.056012772585560866,0.3550725444875698,0.6777664520129413,0.6620991948413351,0.9714392688713364,0.7282414055280424,0.1995083576738133,0.6132381635194296,0.3671656680590715,0.8521329615477373,0.08756143194936805,0.01854232148085651,0.05601304414912299,0.35505199842363655,0.6777664552762115,0.6620577766846523,0.9706824809482221,0.7281608334108748,0.19950834035097817,0.6135398842955931,0.3671382457800585,0.8518151068455309,0.08777977541626564,0.018578959095974044,0.05601357227643496,0.35501334171610627,0.6777664612901573,0.6619433283000363,0.9691249637427082,0.7279859114195639,0.19950830872022104,0.6140137759936285,0.3670953281601075,0.8512973675886696,0.08813727425141563,0.018657665808076054,0.05601444360186471,0.3549528783839166,0.6777664703815421,0.6616476893703346,0.9664506190356864,0.7276633518199231,0.1995082616537206,0.6148799978288249,0.3670163311134307,0.8502822470854065,0.08885416343096073,0.018752647998040575,0.056016195130300234,0.3548417471903274,0.6777664862775995,0.6607169268833758,0.9604316444256199,0.7268871609093428,0.1995081823313693
19.77889447236181,0.6065264100040171,0.37185509775481934,0.857829087390629,0.08563333581876818,0.020548748438469277,0.05491964794817069,0.3463000554400964,0.6721857284034898,0.6700148018712309,0.975406915295051,0.7368012403821743,0.19402054856560402,0.6066527459222318,0.3718431415781755,0.8577006480230535,0.08572265324013555,0.020558576914791394,0.054919861646852385,0.34628320944670254,0.6721857311164807,0.6699852897439936,0.9748522566473203,0.7367378386069198,0.19402053417952111,0.6068107265371351,0.3718284175178612,0.8575399895974064,0.08583440373833404,0.02057060261366692,0.05492013002214678,0.3462624669772121,0.6721857344330032,0.6699386882617868,0.9741496956153113,0.7366550001234763,0.19402051677474622,0.6071120151022876,0.37180070476545474,0.8572298238502772,0.08605049757159795,0.02059491648182159,0.05492065191451739,0.34622343744996625,0.6721857405453958,0.6698148713466291,0.9726990949367862,0.7364759210805086,0.1940204849920428,0.60758545309216,0.37175732924559823,0.8567246075336837,0.08640429363376341,0.020653927773159303,0.054921512900276075,0.34616238211765027,0.6721857497863445,0.6695055597878483,0.9702066405398867,0.7361473962182785,0.1940204376939452,0.6084517657764257,0.3716774785743437,0.8557340319822732,0.08711373653586135,0.020710355683897168,0.05492324364428106,0.3460501333052208,0.6721857659424031,0.6685540305520603,0.964577035367412,0.7353623753719448,0.19402035795137929
20.020100502512562,0.6001074713367712,0.37652451149240734,0.863163081722728,0.08390410614929573,0.022678579320716118,0.0538507200909898,0.3376512668692458,0.6666030373488387,0.6778319567284717,0.9785605948834304,0.7451815104209254,0.18862313416279203,0.6002335743871391,0.37651243221019004,0.8630378172496759,0.08399249345073784,0.02268256793433897,0.053850931279977914,0.33763426927829454,0.6666030401050789,0.677798202892525,0.9780480100823823,0.7451163034133385,0.18862311971345933,0.60039126783262,0.3764975561568789,0.8628811301532221,0.08410307872132691,0.022687381710890634,0.05385119648953735,0.3376133391334825,0.6666030434745949,0.6777464960399686,0.9773987413420342,0.745031297023473,0.18862310223140036,0.6006920581535201,0.37646955606904964,0.8625786312049957,0.08431691347933949,0.022698015820758928,0.05385171219188711,0.3375739531451215,0.6666030496849739,0.6776134561794258,0.976053225152044,0.7448482491846585,0.1886230703051186,0.601164932647495,0.3764257274457663,0.8620859017946271,0.08466699144926064,0.02273519378411572,0.053852562913147314,0.3375123312130948,0.6666030590748327,0.6772906980038733,0.9737395504818893,0.7445140589641813,0.18862302278747506,0.6020311111966153,0.37634503158733834,0.8611198009205295,0.08536895820770035,0.022749144875947754,0.0538542730243032,0.3373990108142432,0.6666030754899457,0.6763188085915032,0.9684927209152134,0.7437207792002895,0.18862294264870855
20.261306532663315,0.5936973452957088,0.3812004584631037,0.8684295904594497,0.08217109624242075,0.02489611519346431,0.05280499539465987,0.3291419042939185,0.6610183516684321,0.6855746100040832,0.9814977136841451,0.7534420941167996,0.18331553777054085,0.593823188946428,0.38118825750669044,0.868307491444956,0.08225854923108677,0.024893696465941115,0.05280520409113881,0.3291247622249059,0.661018354467708,0.6855366812330446,0.9810264664815773,0.753375162924022,0.18331552326125317,0.5939805619055499,0.38117323121044344,0.8681547638745191,0.08236796403403632,0.024890598040823768,0.052805466157010365,0.3291036531518421,0.661018357889964,0.6854799508863452,0.9804295575949228,0.7532880890035315,0.18331550570581484,0.5942807890540246,0.3811449470390302,0.867859908947642,0.08257952961945395,0.024886227661243102,0.05280597571333064,0.3290639270973971,0.661018364197879,0.6853378411705822,0.9791872980979845,0.7531012643143675,0.18331547364294556,0.594752992076423,0.3811006702877104,0.867379629397361,0.08292587311935663,0.024899483445335074,0.052806816243893155,0.3290017640360543,0.6610183737360086,0.6850018744839487,0.9770492996394232,0.7527617145965049,0.1833154259158326,0.5956188150897137,0.38101913801079873,0.8664379309431647,0.0836203318245251,0.02486712228093706,0.052808505869894745,0.3288874182500913,0.6610183904092936,0.6840100546098611,0.9721786656945832,0.7519607584113357,0.18331534539902372
20.50251256281407,0.5872967794243718,0.3858830862748362,0.873626957346483,0.08043482634647435,0.02719933014548502,0.05178172862330562,0.3207709672471327,0.6554316467563976,0.6932415412552716,0.9842182466241256,0.7615814249040683,0.1780971664993107,0.5874223375901632,0.3858707651253715,0.8735080140898567,0.08052134054986015,0.02718994959946149,0.05178193484444817,0.3207536878320432,0.6554316495984734,0.6931995073949737,0.9837876025491604,0.7615128520379687,0.17809715193393943,0.5875793573075285,0.3858555903975816,0.8733592339111431,0.08062957929646115,0.027178254734442287,0.05178219378868233,0.32073240859477375,0.6554316530731884,0.69313783924919,0.9832421233224086,0.7614238127860955,0.17809713430978535,0.5878789574462924,0.3858270255103228,0.8730719995888305,0.08083886494266165,0.02715758545066009,0.05178269724292909,0.32069235890602676,0.6554316594781391,0.6929868200782938,0.9821012971283173,0.7612334067039305,0.17809710211873647,0.5883503828106769,0.3857823057887247,0.8726041318115396,0.08118145651284636,0.0271448777645209,0.05178352765649131,0.3206296802556853,0.6554316691638239,0.6926378947674632,0.9801358787185596,0.7608888090199895,0.1780970541943967,0.5892156324294031,0.3856999461999605,0.8716867614796383,0.0818683731661234,0.02706245353650238,0.051785196944439824,0.3205143554525732,0.6554316860942558,0.6916265967051434,0.9756348749264743,0.7600807698382048,0.17809697332150215
20.74371859296482,0.5809064964320992,0.3905725432868668,0.8787534844144095,0.07869582928856092,0.029586264736681026,0.05078020649170895,0.3125374280545476,0.6498428978729734,0.7008315615689338,0.9867221961650477,0.769598000903171,0.17296743011784757,0.5810317434670673,0.39056010347606157,0.8786376869433414,0.07878139994828241,0.029569380468854038,0.05078041025451351,0.31252001843583227,0.6498429007576002,0.7007854954610546,0.9863314225548736,0.7695278702737262,0.17296741550035447,0.5811883777398525,0.3905447821905115,0.8784928416822511,0.078888456693616,0.029548420439892965,0.05078066609890988,0.31249857781266416,0.6498429042844783,0.7007189789352032,0.985836445077666,0.7694369696302106,0.17296739781222964,0.5814872881050683,0.3905159400729156,0.8782132038917592,0.07909545094967485,0.02951018715960334,0.05078116349455153,0.3124582209530208,0.649842910785936,0.7005592178378826,0.9847952332785123,0.7692431809646835,0.1729673655015875,0.5819578313859749,0.3904707827241383,0.8777577087321068,0.07943427202521135,0.029469520727892305,0.050781983864042625,0.3123950523163818,0.6498429206184195,0.7001975952800814,0.9829993062441212,0.7688938522590536,0.17296731739255758,0.5828222932407042,0.39038760527444166,0.8768645901305067,0.08011361049198279,0.029333364670628605,0.050783632958994414,0.3122787950223044,0.6498429378048898,0.6991672933165545,0.9788613820037652,0.7680793339395493,0.17296723618558527
20.984924623115578,0.5745271948242402,0.3952689784811952,0.8838074318234306,0.0769546509036472,0.03205502175125168,0.04979974551423542,0.3044402336674778,0.644252080221184,0.7083435139742291,0.989009594603312,0.7774903851458997,0.16792573969380148,0.5746521055153158,0.3952564215920527,0.883694769886742,0.07703927296954623,0.032030104033221006,0.049799946835549835,0.30442270099676666,0.644252083148102,0.7082934913803818,0.988657960642649,0.7774187819945376,0.16792572502826633,0.5748083226849642,0.39524095568586937,0.8835538467203509,0.07714514140442101,0.0319992251382266,0.04980019960171984,0.3044011077787749,0.644252086726831,0.7082222195231931,0.9882125593382013,0.7773261255567092,0.16792570728108225,0.5751064815701473,0.39521183994318926,0.8832817807155127,0.07734983212012912,0.03194219116271806,0.04980069098182722,0.30436046024043273,0.6442520933242392,0.7080538909766496,0.9872691476067998,0.7771291563102275,0.16792567485973733,0.5755760400770588,0.39516625049884757,0.8828386179213868,0.07768486300594972,0.03187161528144918,0.04980150137952125,0.30429682727808577,0.6442521033027259,0.7076798437505539,0.9856396309371688,0.7767754186831859,0.1679256265790228,0.576439503238706,0.3950822649895391,0.8819696725085854,0.07835658496721022,0.031678138246872385,0.04980313042517369,0.30417968416837265,0.6442521207440524,0.7066310336452841,0.9818582509421525,0.7759550350261434,0.16792554506079904
21.22613065326633,0.5681595495254176,0.399972541409129,0.8887870169344672,0.07521185032264445,0.034603763782772474,0.04883969053070789,0.2964783094038495,0.6386591689892991,0.7157762729288366,0.9910805030854637,0.7852572042492768,0.16297150770016186,0.5682840990858986,0.39995986907679715,0.8886774799946587,0.07529551844607668,0.03457029467728734,0.04883988942722296,0.29646066084068284,0.6386591719582352,0.7157223724559033,0.9907672798443722,0.7851842150837312,0.1629714929907793,0.5684398680299824,0.39994426055145504,0.8885404657418796,0.07540019188922915,0.034528857762743725,0.04884013913656934,0.2964389238301701,0.6386591755884885,0.7156464418530715,0.9903705315176969,0.7850899100254363,0.16297147518958774,0.5687372147701819,0.39991487491051,0.8882759460851023,0.07560256619988495,0.034451813893627586,0.048840624543789214,0.2963980021312141,0.6386591822812646,0.7154697271058108,0.989523110202074,0.7848899652372313,0.16297144266668573,0.5692056875218947,0.39986885909377606,0.8878450742783254,0.07593378604640777,0.03434942104038649,0.048841425041276004,0.29633393055724505,0.6386591924049172,0.7150835387073284,0.9880569307157916,0.784532145693552,0.16297139422770385,0.5700679444538811,0.39978407568271623,0.8870002213054375,0.07659785094908281,0.03409511115296149,0.04884303417976145,0.2962159484480402,0.6386592100998404,0.7140167371583106,0.9846255753627408,0.7837065199574209,0.16297131242155863
21.467336683417088,0.5618042125470232,0.4046833821472983,0.8936904132516404,0.07346800031915218,0.03723071069710055,0.04789941323813362,0.28865056212984863,0.6330641393858176,0.7231287437600487,0.9929350108156062,0.7928971470580038,0.15810414799867278,0.5619283766102845,0.404670596059752,0.893583990477167,0.07355070884603468,0.03718818369046055,0.04789960972633065,0.2886328048403839,0.6330641423964858,0.7230710467869551,0.9926594712865772,0.7928228595887341,0.15810413324965272,0.5620836667345686,0.4046548469820003,0.893450871589082,0.07365418023624044,0.037135563697968395,0.04789985639998215,0.288610932849248,0.6330641460779216,0.7229905574702012,0.9923104551716373,0.7927270145812096,0.15810411539952832,0.5623801416909628,0.40462519529306423,0.8931938721326628,0.07385422454642956,0.03703732738140988,0.04790033587640778,0.288569753530713,0.6330641528654538,0.7228056443682521,0.991557219387499,0.7925243021751035,0.15810408278425633,0.5628474293906467,0.4045787590217924,0.8927752487785097,0.07418161132364641,0.03690125188297251,0.04790112654435934,0.2885052691079454,0.6330641631333936,0.7224076089316817,0.9902513118950499,0.7921627323785886,0.15810403420046906,0.5637082759018257,0.4044931882295617,0.891954405230094,0.07483797633122792,0.036582672283373405,0.04790271591609631,0.288386494948317,0.6330641810805795,0.7213233530515347,0.987163477680048,0.7913324968087916,0.15810395212983452
21.70854271356784,0.5554618136335082,0.4094016512547744,0.8985157493234586,0.07172368766479881,0.03993413723717705,0.04697831081519849,0.2809558831229967,0.6274669666686151,0.730399862116087,0.9945732342781416,0.8004089633106072,0.15332307583071064,0.555585568246782,0.4093887531536239,0.8984124295809581,0.0718054306295953,0.039882056887212095,0.04697850491137426,0.2809380242789403,0.6274669697207179,0.7303384527220972,0.9943346534121393,0.800333466388826,0.1533230610462963,0.5557403494773744,0.40937286565643155,0.8982831921311004,0.07190769251634077,0.03981764241927711,0.04697874857021727,0.2809160261274774,0.627466973452981,0.7302535080800908,0.9940324512177335,0.8002361915235925,0.15332304315234144,0.5560358940220266,0.40934295189498465,0.8980336859984708,0.07210539248413043,0.03969705692638541,0.04697922215744822,0.2808746057508071,0.6274669803346322,0.730060590896836,0.9933716009384174,0.8000309221596769,0.15332301045394123,0.5565018990325004,0.4092961012846698,0.8976272673751269,0.0724289229553297,0.03952547368201105,0.04698000306572369,0.280809734287098,0.6274669907459433,0.7296510129218237,0.9922229084002209,0.7996659381940162,0.15332296173887144,0.5573611342307059,0.4092097540004783,0.8968303479090391,0.073077542895784,0.03913926035564954,0.04698157280948565,0.28069021515199183,0.6274670089439942,0.7285498597236176,0.9894721083028359,0.7988317335630933,0.15332287942711398
21.949748743718594,0.5491329608578638,0.4141274997231409,0.9032611077158671,0.06997951345929718,0.042712370847287254,0.04607580466367795,0.2733931507156133,0.6218676261704822,0.7375885934794022,0.9959953164598321,0.8077914623841954,0.1486277078490336,0.5492562824761543,0.41411449140437984,0.9031608795620747,0.07006028457758673,0.042650252445340785,0.046075996383972695,0.2733751974934087,0.6218676292637088,0.7375235583735446,0.9957929712010464,0.8077148459411831,0.14862769303357984,0.5494105252518285,0.4140984676878817,0.9030355092363129,0.07016132911350961,0.042573445348372506,0.04607623704868626,0.2733530820090688,0.6218676330464274,0.7374342650642858,0.9955366671550258,0.8076162526545277,0.14862767510103075,0.5497050817527791,0.41406829595650574,0.9027934688025029,0.07035666963363858,0.04242937898810751,0.046076704787897646,0.2733114371543034,0.6218676400215323,0.7372335443329827,0.9949664072982213,0.8074086395838713,0.1486276423289962,0.5501697080723352,0.4140210373232018,0.9023992099692211,0.07067631932861494,0.042220502242681986,0.04607747600565021,0.27324620449947157,0.6218676505752574,0.7368127384156817,0.9939718809768672,0.8070405817183562,0.14862759349655927,0.5510271343186216,0.4139339248108257,0.9016261268544667,0.07131714664161919,0.04176336192580702,0.04607902625889679,0.273125987584601,0.6218676690227034,0.7356952643063847,0.9915516448286052,0.8062030568754396,0.14862751096772073
22.190954773869347,0.5428182414530441,0.41886107897770714,0.9079245231889074,0.06823609382384774,0.045563788389819615,0.04519133882916903,0.26596123143055844,0.6162660933167712,0.7446939325231245,0.9972014271951387,0.815043512055969,0.14401746143567992,0.5429411069337406,0.41884796229246035,0.9078273748613821,0.06831588648542403,0.045491157642684035,0.045191528189226386,0.26594319100939867,0.6162660964507908,0.7446253609755863,0.9970345965200166,0.8149658670437706,0.1440174465931114,0.5430947821991348,0.41883180462493536,0.9077058569463227,0.06841570541697474,0.045401372614667784,0.04519176587985613,0.26592096702460477,0.6162661002835683,0.744531828841183,0.9968232774189765,0.8148660680429636,0.14401742862667563,0.5433882940071765,0.4188013791552243,0.9074712538156076,0.06860867060462873,0.045232717993239226,0.04519222781100012,0.2658791142857633,0.6162661073514146,0.7443235111921823,0.9963418179438918,0.8146563269656747,0.14401739578950568,0.5438514472481206,0.41875371901878855,0.9070891085764017,0.06892441379301818,0.04498480018268155,0.04519298940541632,0.2658135463245838,0.6162661180465252,0.7438918017640755,0.9954984175738566,0.8142855394263656,0.14401734685203618,0.544706870117158,0.41866585292320585,0.9063397716195762,0.06955739847815201,0.04445350838384558,0.045194520300730436,0.26569267892992776,0.6162661367417548,0.7427586020513627,0.9934022924634544,0.8134453508565735,0.14401726412506563
22.4321608040201,0.5365182217195584,0.4236025406988897,0.9125039835458634,0.0664940593614691,0.04848681725980168,0.044324379890192625,0.25865898520261393,0.6106623436538421,0.7517149031118947,0.998191759755108,0.822164037382072,0.13949175650825404,0.5366406083155411,0.42358931755405804,0.9124099029562762,0.0665728666232144,0.04840320996758983,0.04432456690586045,0.2586408647656907,0.6106623468283146,0.7516428868848536,0.9980597246971988,0.8220854557157846,0.13949174164321426,0.5367936875124671,0.4235730282726496,0.9122922223308705,0.06667145128128774,0.04829987416068646,0.04432480164269444,0.258618541119199,0.6106623507107444,0.7515452288656256,0.9978924799381073,0.8219845649072706,0.13949172364847098,0.537086098944297,0.42354235342657454,0.9120650273205014,0.06686202445285676,0.04810554743107285,0.04432525780614582,0.2585764971070949,0.610662357870602,0.7513295268621402,0.9974980359076843,0.8217729138343502,0.13949169075630918,0.5375476863055886,0.42349429851298537,0.9116949481975186,0.06717383411470375,0.0478168780107514,0.04432600984505387,0.25851061976367384,0.6106623687060442,0.7508872479262256,0.9968027298057507,0.8213997445812526,0.13949164172874104,0.5384009145321147,0.4234056908648281,0.9109692646936461,0.06779892367241183,0.047208276999186984,0.04432752151729055,0.2583891493090316,0.6106623876474025,0.7497389363200766,0.9950242803478462,0.8205575559761557,0.1394915588294705
22.673366834170853,0.5302334484550155,0.4283520369581834,0.9169974258283068,0.06475405667520288,0.05147992961841158,0.0434744146319289,0.25148526348757655,0.6050563528466686,0.758650557084556,0.9989665332744923,0.8291520191571591,0.13505001337548764,0.5303553338099088,0.42833870931719303,0.9169064005519406,0.06483187125331069,0.05138489138508095,0.04347459931850661,0.2514670702188649,0.6050563560612359,0.7585751903668408,0.998868576964957,0.8290725936588188,0.13504999849198424,0.5305077888713524,0.4283222908290133,0.916792541674372,0.06492921254449811,0.05126744404857339,0.04347483112115245,0.25144465575183755,0.6050563599928894,0.7584735224201528,0.9987444985966036,0.8289707260783735,0.1350499804737653,0.5307990451978917,0.42829137110099186,0.9165727247893217,0.06511737620230208,0.05104638423655681,0.04347528155597567,0.2514024370866994,0.6050563672439873,0.7582506544032301,0.9984352902780953,0.8287573851973243,0.13504994753535565,0.5312589754461897,0.42824292834566074,0.9162146629818027,0.06542522400011502,0.0507152886297431,0.043476024105090445,0.2513362763129759,0.6050563782186474,0.7577981492851665,0.9978850555179616,0.8283821857076629,0.13504989843037618,0.532109820890473,0.42815359156817095,0.9155125376307892,0.06604236337974556,0.05002628561957959,0.04347751668393115,0.25121425030867167,0.6050563974043686,0.7566353574277578,0.9964178642680088,0.8275386675489793,0.13504981537789684
22.914572864321606,0.5239644491957461,0.43310972025110017,0.9214027350345527,0.0630167477196338,0.054541646195480756,0.04264095076960974,0.24443891835336617,0.5994480966386061,0.7654999718227633,0.9995259826037077,0.8360064888959534,0.13069165728249557,0.5240858113367739,0.433096290134635,0.9213147523023214,0.06309356198188147,0.05443473211938811,0.042641133142598625,0.2444206594396994,0.5994480998928917,0.7654213511658347,0.9994613902723651,0.8359263132417263,0.13069164238545766,0.5242376146778974,0.4330797449174939,0.9212046991999961,0.06318965037820533,0.05430262421786052,0.04264136203089706,0.2443981629983751,0.5994481038733178,0.7653157921865806,0.9993795729970012,0.8358235849887508,0.13069162434972126,0.5245276621068199,0.43304858493592857,0.9209922296136627,0.06337538618956108,0.05405379250061964,0.04264180677653111,0.24435578631452942,0.5994481112148472,0.7650859821230789,0.999153825865534,0.835608776537337,0.13069159137580677,0.5249858455479934,0.43299976148632363,0.9206461349665289,0.06367924243743688,0.053678630970786845,0.0426425399021354,0.2442893680974896,0.5994481223275561,0.7646236032268152,0.9987456482885871,0.8352319016019266,0.1306915422092595,0.5258341231407526,0.4329097084007324,0.9199674698090349,0.06428837397377123,0.05290619616991168,0.04264401351989452,0.24416683417121718,0.5994481417556506,0.7634469802244782,0.9975833157841179,0.8343877307609728,0.13069145903403617
23.155778894472363,0.5177117326323045,0.43787574312681504,0.9257177452721859,0.06128281152002721,0.05767052544921959,0.04182351327261845,0.2375187907360575,0.5938375509937684,0.7722622548635562,0.9998703761515014,0.8427265365888952,0.12641611018684598,0.5178325499667618,0.4378622126134998,0.9256327919600502,0.061358617478282605,0.05755129987884965,0.04182369334693438,0.23750047336330773,0.5938375542873755,0.7721804791160086,0.9998384351969234,0.84264570525264,0.1264160952804999,0.517983674480447,0.4378455432169297,0.9255265282163508,0.061453443008425625,0.05740399379088926,0.041823919339991494,0.23747790379413158,0.593837558316097,0.7720711508552838,0.9997979764590575,0.8425422334199285,0.1264160772323394,0.5182724601475036,0.43781414774608585,0.9253213742450154,0.0616367317886668,0.057126372928588146,0.04182435843451818,0.23743538573144427,0.5938375657471997,0.7718346281824989,0.9996539213709827,0.8423261815508019,0.12641604423218847,0.5187288086126701,0.4377649509647427,0.9249871952072488,0.061936565423500546,0.05670553969283826,0.041825082200790446,0.23736873608015369,0.5938375769967109,0.7713627367409133,0.9993847958831877,0.8419479890555194,0.12641599501780765,0.519574336329478,0.43767419479613473,0.9243318895453967,0.06253762878475201,0.055846704762986595,0.04182653698249826,0.23724574192949888,0.5938375966651307,0.7701729487010752,0.9985209413386563,0.8411038483865828,0.12641591173753833
23.396984924623116,0.5114757888788153,0.44265025830514,0.9299402381234828,0.05955294299859231,0.06086517031120523,0.041021645997800386,0.23072372339255162,0.588224692014132,0.7789365399194172,0.9999999999999727,0.8493113028740242,0.12222279788180133,0.5115960401872092,0.44263662953207883,0.9298583007453491,0.059627732300468014,0.06073320656213994,0.04102182378856143,0.2307053547475597,0.5882246953466569,0.7788517101637814,0.9999999999999727,0.8492299110761489,0.12222278297106466,0.5117464592354191,0.44261983857788756,0.9297558094907162,0.05972128453869333,0.060570175731103806,0.04102204690571053,0.2306827208996267,0.5882246994231891,0.7787387371503637,0.9999999999999726,0.8491258136862544,0.12222276491640936,0.5120339311877439,0.44258821251910924,0.9295579385760209,0.05990210623106435,0.060262769406765476,0.041022480387562676,0.23064007810755896,0.5882247069429923,0.7784957366258741,0.9999358732198338,0.8489087443445894,0.12222273190080621,0.5124883580062167,0.4425386499857097,0.9292356221714271,0.060197884779812555,0.05979469160245792,0.041023194859046826,0.23057322305871347,0.5882247183280357,0.7780147024593106,0.9998028038425828,0.848529595073076,0.12222268265444586,0.5133309568118651,0.44244720436657714,0.9286035725239521,0.06079081689652011,0.05884654787531945,0.04102463093407447,0.23044981648736934,0.5882247382347736,0.77681243203121,0.9992310652621224,0.8476861730272688,0.12222259929686549
23.63819095477387,0.5052570900721144,0.44743341858209557,0.9340679415285179,0.057827853877077846,0.0641242238474029,0.04023491009238873,0.22405255832635923,0.5826094959760513,0.7855219875613505,0.9999151622504229,0.8557599800358455,0.11811114768462709,0.5053767545031799,0.4474196937456163,0.9339890062248621,0.05790161779832535,0.06397910394329884,0.040235085614409354,0.22403414559482998,0.582609499347067,0.7854342070507955,0.999946394992219,0.8556781236914774,0.11811113277433177,0.5055264419106503,0.4474027839288486,0.9338902701226649,0.05799388585543886,0.063799832557855,0.04023530587460821,0.22401145631729946,0.5826095034708985,0.7853177165125618,0.9999859567245902,0.855573519632243,0.11811111471902473,0.5058125490944291,0.4473709323223568,0.9336996488046329,0.05817221951264854,0.06346166477422538,0.04023573378149557,0.22396870545025427,0.5826095110784781,0.7850684780641378,0.9999999999999725,0.855355660431771,0.118111081698603,0.5062649690734368,0.4473210118366905,0.9333891405889089,0.05846390906282928,0.06294480151660937,0.04023643902164236,0.2239016710614531,0.5826095225977104,0.7845786793395702,0.9999999999999722,0.8549759178656786,0.11811103243601083,0.5071044628872708,0.4472288908140059,0.9327802405893892,0.05904864407736753,0.06190449833581788,0.04023785651568057,0.2237778999510627,0.5826095427405648,0.7833646252525246,0.9997140344939791,0.8541339081023107,0.11811094902615221
23.87939698492462,0.4990560911541014,0.45222537689068454,0.9380985273380243,0.056108273266168934,0.06744636774384491,0.0394628830624053,0.2175041384328201,0.5769919393125076,0.7920177838595026,0.9996161909367407,0.8620718095752203,0.11408058887437861,0.49917514821929254,0.4522115582469566,0.9380225798666111,0.056181002702024085,0.0672876821691785,0.03946305633037236,0.2174856887992197,0.5769919427215717,0.7919271579579331,0.999677950440709,0.8619895852452929,0.11408057396952886,0.4993240782666037,0.4521945323366351,0.9379275811014537,0.05627197521441618,0.06709166485818083,0.03946327375240256,0.21746295294115425,0.5769919468921694,0.7918072797474536,0.9997561797244003,0.8618845942089672,0.1140805559196126,0.49960877051365093,0.4521624603630108,0.9377441749957655,0.056447798978302925,0.06672177936124438,0.03946369612165864,0.21742011065799552,0.576991954586565,0.7915520483307844,0.9998466403452616,0.8616661743148017,0.11408052290536305,0.5000590999166096,0.452112189947369,0.9374454190189246,0.056735364145593624,0.06615462084117435,0.039464392193264516,0.2173529230068043,0.5769919662385855,0.7910538713329803,0.9999767323387161,0.861286204444594,0.11408047364281379,0.5008953155687946,0.4520194079870169,0.9368595593505599,0.0573118333444947,0.06501936399013869,0.0394657912312971,0.2172288353211659,0.5769919866152695,0.7898287479643825,0.9999702163692742,0.8604463054683006,0.11408039020745384
24.12060301507538,0.49287323052084575,0.45702628631123915,0.9420296088150928,0.05439494862733432,0.0708303195254537,0.038705157652572965,0.21107730670504765,0.571371998617417,0.7984231400507579,0.9991034352903648,0.8682460816449401,0.11013055169768995,0.49299166008953976,0.4570123761769063,0.9419566345402417,0.054466634084000654,0.07065766699537919,0.03870532868098026,0.21105882735174505,0.5713720020640672,0.7983297761743942,0.9991950178402578,0.8681635864879399,0.11013053680334312,0.49313980750705677,0.45699523701689676,0.9418653548045962,0.054556299203198766,0.07044440854399345,0.03870554328338152,0.21103605376107246,0.571372006280876,0.798206642696381,0.9993110233570385,0.8680583289111453,0.1101305187649421,0.49342303552302735,0.4569629499987026,0.941689128576874,0.05472959028350118,0.07004186828683812,0.03870596015186175,0.21099313672338266,0.5713720140610847,0.7979456681564505,0.9994761542307872,0.8678395789242976,0.11013048576801514,0.4938711920503488,0.45691233790069113,0.9414020673414658,0.05501299417748195,0.06942293493192864,0.038706647116927076,0.21092582190448855,0.5713720258444299,0.7974395070652864,0.9997333703139529,0.8674597500630025,0.11013043652205437,0.49470395924572547,0.45681890989312574,0.9408391356518451,0.05558112592581619,0.06818998516340974,0.03870802782214685,0.21080146568181682,0.5713720464525354,0.7962040440169493,0.9999999999999718,0.8666226648638832,0.11013035308774743
24.36180904522613,0.4867089300241369,0.46183629989077946,0.9458587417086854,0.05268864526569049,0.07427483332611118,0.03796134179065619,0.20477090945043055,0.5657496506639188,0.8047372925483002,0.9983772632620562,0.8742821339837777,0.10626046868633551,0.486826712318221,0.4618223006434745,0.9457887255911771,0.052759276851506234,0.07408782055173968,0.03796151059385699,0.2047524075573304,0.5657496541476754,0.8046413001064402,0.9984979674264062,0.8741994657086256,0.10626045380769515,0.486974052279284,0.46180505115323395,0.9457011460726771,0.052847622232931185,0.07385683561179218,0.03796172239497203,0.20472960508039573,0.5657496584101184,0.8045150462441475,0.9986508607482005,0.8740940627137266,0.10626043578709422,0.48725576763045036,0.4617725545564012,0.9455320634139277,0.05301835688731918,0.07342072220731541,0.03796213379913684,0.20468662995142337,0.5657496662750968,0.8042485831745603,0.9988889204531328,0.8738752145582839,0.10626040281896319,0.4877016703980193,0.46172160925116845,0.945256637834923,0.05329756107778546,0.07274856382498456,0.03796281171898721,0.20461921407494468,0.5657496781882418,0.8037348398388151,0.999270302296067,0.8734958971594249,0.10626035360660988,0.48853082167399425,0.46162755051614784,0.9447165186600635,0.05385728075406551,0.07141523535617465,0.03796417421367269,0.20449463742685656,0.5657496990252652,0.8024897815072297,0.9998037936357032,0.8726623328617684,0.10626027020132507
24.603015075376884,0.48056359578874386,0.4666555707190353,0.9495834207299145,0.05099014759661922,0.07777869673650305,0.03723105735426339,0.1985837949209275,0.5601248723964884,0.8109595022482604,0.9974380628189327,0.8801793509991624,0.10246977348652328,0.48068071137790475,0.4666414847981254,0.9495163473158325,0.05105971501321498,0.07757693821010246,0.03723122394642509,0.19856527766479382,0.5601248759168521,0.8108609925865796,0.9975871894792917,0.880096607819241,0.10246975862885761,0.4808272194928701,0.46662412797343145,0.9494324486834304,0.051146727805032724,0.07732775103517883,0.03723143296437488,0.1985424551454512,0.5601248802243284,0.8107317556313981,0.9977760851039408,0.8799911811571276,0.10246974063245465,0.48110737459456365,0.46659142740881265,0.9492704722832255,0.05131488131649448,0.07685716425557974,0.03723183894021495,0.19849943858846555,0.5601248881729896,0.8104600632398201,0.9980853379593794,0.8797724679701957,0.10246970770475593,0.48155094411490984,0.4665401576016882,0.94900662164443,0.05158984579860151,0.0761303592493614,0.03723250787540431,0.19843194777749013,0.5601249002143444,0.8099391469609765,0.9985879369277517,0.8793940344502803,0.10246965854333437,0.4823763148055923,0.4664454838934886,0.9484891963211495,0.052141075726492604,0.07469401838238328,0.03723385228023932,0.19830719888255072,0.5601249212776643,0.8086852521257338,0.9993820260816902,0.878564701969678,0.10246957519510913
24.844221105527637,0.4744376183801716,0.47148425180453346,0.953201079809288,0.04930025889198895,0.08134073115776796,0.036513940010215185,0.1925148159240925,0.5544976409390431,0.817089054219983,0.9962862395897382,0.8859371623889497,0.09875790196513655,0.4745540481767316,0.4714700817116519,0.9531369332192806,0.04936875142457098,0.08112384893598536,0.03651410440536662,0.19249629047812758,0.554497644495496,0.8169881405637864,0.996463091960873,0.8858544429774682,0.09875788713386328,0.4746997004864862,0.4714526206252908,0.953056695609659,0.049454418256441326,0.08085599311383289,0.036514310658066304,0.19247345675728506,0.5544976488473821,0.8168560601447599,0.9966871073380886,0.8857491149720491,0.0987578691681954,0.47497824859047555,0.471419721850019,0.9529017871300477,0.049619964912311285,0.08035005038508987,0.03651471124117715,0.19243041543465744,0.5544976568785961,0.8165794021181907,0.9970658234549137,0.8855307709969206,0.0987578362928787,0.47541940675223276,0.47136813647873216,0.9526494490413914,0.04989064807082499,0.0795672049624415,0.036515371251563795,0.19236287582342335,0.5544976690465051,0.8160517294337771,0.9976867006986805,0.8851535955630827,0.09875778720012962,0.47624083494836067,0.4712728639907527,0.952154595625327,0.05043330744964801,0.07802526868721903,0.03651669768620649,0.19223800292559207,0.5544976903333947,0.8147897708451417,0.9987351441992293,0.8843292092733177,0.09875770393827284
25.085427135678394,0.4683313739178962,0.47632249633572643,0.9567090864605996,0.04761980261799219,0.08495979051031743,0.035809638528188,0.1865628313618683,0.5488679335344719,0.823125255083452,0.9949222131349149,0.891555039236378,0.09512429302945867,0.46844709917178734,0.476308244635311,0.9566478503777816,0.04768720912593861,0.08472741400533478,0.035809800740189315,0.18654430489532342,0.5488679371264749,0.8230220524854968,0.995126096774972,0.891472442684932,0.09512427823009785,0.46859187214139353,0.476290682437988,0.9565712533803526,0.047771516096745806,0.08444043220026931,0.03581000424533886,0.1865214688103365,0.5488679415221221,0.822887270504536,0.9953843523191678,0.8913673361815759,0.09512426030183486,0.46886876732354466,0.47625759135714296,0.9564233734268472,0.04793442916446442,0.08389826811531176,0.03581039947086964,0.1864784193824155,0.548867949634714,0.822605914885426,0.995830807625104,0.8911495966685852,0.0951242274910474,0.469307437371265,0.4762056995944292,0.9561824837773903,0.04820078773687305,0.08305801552466978,0.03581105061556422,0.1864108571147403,0.5488679619274552,0.8220719093698357,0.9965670341240276,0.8907740551586639,0.09512417848498948,0.4701247638817854,0.4761098449648425,0.9557100769459583,0.048734792569058896,0.08140795016920807,0.03581235919858598,0.1862859085220535,0.5488679834349991,0.820802673366146,0.9978636089872492,0.8899553325786802,0.09512409534120639
25.326633165829147,0.46224522307276206,0.48117045698053645,0.9601047482969582,0.04594962190457872,0.08863475728707794,0.035117813529096306,0.1807267002963895,0.543235727708318,0.8290674386787352,0.9933464291074096,0.8970325018197897,0.09156838422291423,0.4623602253674562,0.48115612630040727,0.9600464059562137,0.04601593081281976,0.08838652308343244,0.035117973571625126,0.18070817997357969,0.5432357313353156,0.8289620639602564,0.9935766519684768,0.8969501275920652,0.09156836946098851,0.46250409588103086,0.48113846622118805,0.9599734285996703,0.04609886347879203,0.08807996681036327,0.03511817434669414,0.1806853503572284,0.5432357357740544,0.8288247245188676,0.993868271122965,0.8968453658999499,0.09156835157680081,0.46277929303138093,0.48110518888870774,0.9598325366952067,0.04625911518495733,0.08750073270217845,0.035118564249342475,0.18064230948031867,0.5432357439668098,0.8285389435651465,0.9943807474879491,0.8966284669954472,0.09156831884275507,0.46321539954950125,0.4810530001441917,0.959603029610349,0.046521104224662685,0.08660173256423882,0.03511920658672216,0.18057475070649087,0.5432357563825977,0.8279990356046166,0.9952294042664658,0.8962549366986514,0.09156826994163254,0.4640284678695704,0.4809565804592776,0.9591529405861189,0.047046367245776224,0.08484105261162175,0.03512049743466137,0.18044977477736676,0.5432357781078695,0.8267233216905234,0.9967679084837127,0.8954425981558018,0.09156818694465142
25.5678391959799,0.4561795125945413,0.48602828639048656,0.9633853055040351,0.04429058041442203,0.09236454503179437,0.03443813785524303,0.17500528955950898,0.5376010011264808,0.8349149602296445,0.991559346072088,0.9023691103556747,0.08808961646466683,0.4562937738419755,0.48601387942234425,0.9633298396796713,0.04435577970253369,0.09210009668723843,0.03443829574184197,0.17498678253985786,0.5376010047878952,0.8348075319285208,0.9918152185076126,0.9022870582475147,0.08808960174587792,0.45643671919629064,0.48599612476941817,0.9632604604165429,0.04443732306572956,0.09177352606592798,0.03443849380411767,0.17496396822014718,0.5376010092690288,0.8346677812634438,0.9921393277541671,0.902182765089977,0.08808958391267473,0.45671017400660757,0.48596266738968674,0.9631265149717064,0.044594884570932934,0.09115638954307308,0.03443887841820336,0.1749209525461904,0.5376010175406832,0.8343778513254982,0.992716113009194,0.9019669437409021,0.08808955126799467,0.4571436428990972,0.48591019131227897,0.9629083227647516,0.044852457410348025,0.09019732712203422,0.03443951200596793,0.17485342342207305,0.5376010300776559,0.8338324779203554,0.9936742911713871,0.9015958032441456,0.08808950249058116,0.4579522991710451,0.4858132241114349,0.9624804192176852,0.04536888801359068,0.08832359391943002,0.034440785234677626,0.17472846857169083,0.5376010520175786,0.8325510983847678,0.995448543788995,0.9007905715696065,0.08808941967192836
25.809045226130653,0.4501345755848145,0.4908961370984615,0.9665479292371111,0.042643563302659386,0.09614809543155974,0.033770295546866114,0.1693974711329791,0.531963731625754,0.840667197247977,0.9895614393670329,0.9075644663454204,0.08468743218536587,0.45024807802094186,0.4908816565984825,0.9664953222303513,0.042707640495191074,0.0958670832964006,0.0337704512909154,0.16937898457029374,0.5319637353209855,0.8405578355672177,0.9898422741541502,0.9074828364447869,0.08468741751552757,0.4503900759198156,0.490863810759883,0.9664295189214127,0.04278777899005354,0.095520066828599,0.033770646657479274,0.16935619436977498,0.5319637398437912,0.8404158219864605,0.9901980030413788,0.9073791359095075,0.08468739974034607,0.4506617448727021,0.4908301796889688,0.9663024772043004,0.04294262036560135,0.09486421135402968,0.03377102601690297,0.1693132205449948,0.5319637481930317,0.8401220233848331,0.9908373910339665,0.9071646297675101,0.08468736719789412,0.4510925033452822,0.49077742616897996,0.96609553032761,0.04319572857512245,0.09384379689727991,0.033771650912073486,0.16924574723004898,0.5319637608492551,0.839571627952832,0.9919021918595957,0.9067962588005938,0.08468731856338824,0.4518965963243456,0.490679929449567,0.965689676276632,0.043703232735377864,0.09185461748074153,0.033772906635915555,0.1691208619224751,0.5319637830006179,0.8382854074944399,0.9939060332051382,0.9059988590318303,0.08468723595487476
26.050251256281406,0.4441107316486683,0.49577416138166325,0.969589721936201,0.04100947708085774,0.09998437819618404,0.03311398161317871,0.16390212350176453,0.5263238972276475,0.846323549518593,0.9873532000360786,0.9126182117630641,0.08136127585432523,0.4442234578288153,0.49575961017091286,0.9695399555627755,0.04107241923701387,0.0996864592335377,0.03311413522790795,0.1638836645438965,0.5263239009560763,0.8462123762745967,0.9876583123944492,0.9125371044108417,0.08136126123936191,0.4443644863772611,0.4957416766151191,0.9694777054615028,0.041151136717802225,0.09931857358116557,0.033114327915647404,0.16386090727916564,0.5263239055198052,0.8460682500931558,0.9880447935617515,0.9124341209010657,0.08136124352939013,0.44463432673479164,0.49570787836208574,0.9693575235677308,0.04130322692048335,0.09862319805305332,0.0331147020539164,0.16381799194299587,0.5263239139452712,0.845770866995703,0.988745084202742,0.9122211682286483,0.08136121110230317,0.4450623032764444,0.4956548575333572,0.9691617505634034,0.04155182026950617,0.09754016613329967,0.03311531831281801,0.1637506005983791,0.5263239267187364,0.8452158991743748,0.9899136192290757,0.911855947512841,0.08136116263027483,0.44586168429437917,0.49555684975465947,0.968777806283231,0.042050300465325444,0.09543319205795293,0.03311655664513549,0.16362583334519765,0.5263239490782126,0.8439256745247147,0.9921409111003612,0.9110671066007293,0.08136108026501829
26.29145728643216,0.4381082874303875,0.5006625113049428,0.972507714051233,0.03938925067359592,0.10387238937170765,0.03246890135620163,0.15851813108104135,0.5206814761290652,0.8518834385202458,0.9849351350502478,0.9175300281348429,0.0781105935160328,0.43822022022492746,0.5006478922699736,0.9724607696282516,0.039451044375940526,0.10355722698849235,0.032469052854687146,0.15849970686940276,0.5206814798900486,0.8517705770927444,0.9852638426629874,0.917449543886641,0.07811057896198263,0.4383602579237071,0.5006298745465263,0.9724020493643623,0.03952832410372208,0.10316805676515367,0.032469242880287554,0.15847699135044951,0.5206814844939259,0.8516244905704377,0.9856802118672141,0.9173474020736558,0.07811056132453169,0.43862822771684606,0.5005959157745535,0.9722886821852846,0.03967763095047727,0.10243237512280955,0.03246961183050167,0.15843415113443665,0.5206814929942063,0.8513238108734906,0.9864397111828869,0.9171362416527453,0.07811052902619503,0.43905335208251833,0.5005426380165982,0.9721040096337472,0.039921657366148194,0.10128548401988086,0.03247021950879417,0.1583668679213512,0.5206815058828297,0.8507647263290874,0.9877091022949911,0.9167745527532504,0.078110480736641,0.43984787501428785,0.5004441381043631,0.9717418315508818,0.04041101249961912,0.0990584102570171,0.03247144056152827,0.15824226727645713,0.5206815284469566,0.8494713458874773,0.9901537281692334,0.9159949992768985,0.07811039864819581
26.532663316582912,0.43212753685902294,0.505561338631569,0.9752988635082237,0.037783835534270685,0.10781115100194708,0.03183477009687001,0.15324438521054373,0.5150364467083612,0.8573463071904553,0.9823077662980751,0.9222996355539241,0.07493483319012906,0.4322386594489334,0.5055466547248513,0.9752547218410287,0.03784446687909331,0.10747841488214555,0.031834919492047226,0.15322600287978058,0.5150364505012351,0.8572318824728071,0.9826593893297451,0.9222198751429345,0.07493481870317019,0.43237768518895814,0.5055285564649713,0.9751995074040103,0.03792029150744127,0.1070675524473446,0.03183510687200343,0.15320333790955312,0.515036455144458,0.8570839897525444,0.9831047854681563,0.9221186999198681,0.07493480114571027,0.4326437432066841,0.5054944439926695,0.975092908594945,0.038066781649722777,0.10629079328229972,0.03183547066688162,0.15316058943636385,0.5150364637180924,0.8567803049629257,0.9839218056450507,0.9219095709629225,0.07493476898980345,0.4330659463995759,0.505440919932497,0.9749192610627551,0.038306187174757055,0.10507882437249032,0.03183606981954982,0.1530934405143145,0.5150364767197124,0.8562175652006019,0.9852891851541092,0.9215517961454864,0.07493472090310503,0.43385546762858224,0.5053419472829052,0.9745787016556497,0.038786312490525277,0.10272938822017784,0.031837273703572755,0.15296905507208275,0.5150364994849015,0.8549218886716002,0.9879450503679177,0.9207822600345844,0.07493463912626568
26.77386934673367,0.4261687615858723,0.5104707948360182,0.9779600529224092,0.036194206535555454,0.11179970981628735,0.031211312632831723,0.1480797838336018,0.5093887875198977,0.8627116194771677,0.9794716306284452,0.9269267918481865,0.07183344457794534,0.4262790574585198,0.5104560490763846,0.9779186942906809,0.036253661121030456,0.11144907576250346,0.03121145993747733,0.14806145051098793,0.5093887913439751,0.8625957578279599,0.9798454917444792,0.9268478561490044,0.07183343016434697,0.42641705051553025,0.5104378739935768,0.9778669610125673,0.036328012683009614,0.11101612102623325,0.031211644688093218,0.14803884488480454,0.5093887960257135,0.8624462148756287,0.9803190568792787,0.9267477725857878,0.07183341269450084,0.4266811562945099,0.5104036147960828,0.9777670829593964,0.03647165157960846,0.11019752721279528,0.03121200335995428,0.14799620476719902,0.5093888046711894,0.8621398199957394,0.9811919163122755,0.9265409146491481,0.07183338069494054,0.42710037054919087,0.5103498553103183,0.9776043829452703,0.03670638032982667,0.10891928438907825,0.03121259404133907,0.14792921629233347,0.5093888177835659,0.8615738921747543,0.9826544270387921,0.9261874367402203,0.07183333283193387,0.42788474893455847,0.5102504297941676,0.9772852906360504,0.03717716733124547,0.10644526443481217,0.03121378086618995,0.14780509468294972,0.5093888407460903,0.8602767902149263,0.9855154589805699,0.9254286490048252,0.0718332514020544
27.015075376884422,0.4202322312677626,0.5153910310407415,0.9804880885053024,0.034621362270125085,0.11583713673002953,0.030598262937418172,0.14302323214964702,0.5037384772967283,0.8679788600371234,0.9764272790546471,0.931411291610897,0.06880587931714066,0.420341684212628,0.5153762265138976,0.9804494926492439,0.0346796251847457,0.11546828650837626,0.030598408164173398,0.1430049549549214,0.5037384811512987,0.8678616892323457,0.9768227034384506,0.931333281604331,0.0688058649833218,0.42047862424182375,0.515357978404509,0.980401215187085,0.03475248507847285,0.11501284673964073,0.030598590301559293,0.14298241745995685,0.5037384858706944,0.8677106537774146,0.9773235828187878,0.9312344149039496,0.06880584760884202,0.42074073805596457,0.5153235796145867,0.9803080089726799,0.03489323696912495,0.11415167507307412,0.030598943882352812,0.14293990229983097,0.5037384945864468,0.8674018471917165,0.9782506061538534,0.9310300678036396,0.06880581577986372,0.4211568968213555,0.5152695958312716,0.980156176852286,0.03512323108898497,0.11280598417668657,0.030599526146142128,0.14287310042323187,0.5037385078072592,0.8668332039427848,0.9798054015023228,0.930681270054562,0.06880576816179255,0.42193599366455314,0.5151697377978179,0.9798583959003565,0.03558456745254812,0.11020519928041672,0.0306006960202651,0.14274929131055072,0.5037385309632563,0.8655355578115084,0.982865549783207,0.92993396252197,0.06880568711543157
27.25628140703518,0.4143182039427229,0.5203221980109218,0.9828796975690036,0.033066325835254144,0.11992252579501161,0.029995363713652717,0.13807364246344425,0.4980854949472217,0.8731475338538505,0.9731752766474286,0.9357529653994217,0.06585159081098081,0.41442679804729715,0.5203073378698152,0.9828438436747192,0.0331233816468626,0.11953514698662715,0.029995506875005004,0.13805542850818095,0.498085498831552,0.8730291830401444,0.9735915920183168,0.9356759821382457,0.06585157656345648,0.41456266507814893,0.5202890206135798,0.9827989959925733,0.03319473062078067,0.11905683663031555,0.029995686415089113,0.13803296792306322,0.49808550358771797,0.8728768145176136,0.9741189341028813,0.9355784575940957,0.06585155929226294,0.4148227479285436,0.5202544895227834,0.9827124113617083,0.03333255849753424,0.11815235748055838,0.029996034936380717,0.13799059431030086,0.49808551237212884,0.8725658978816242,0.9750984522814508,0.9353768613237973,0.06585152764836397,0.4152357858514756,0.5202002928232375,0.9825713653308218,0.03355775811563307,0.11673806575726584,0.029996608835626905,0.13792400517649375,0.4980855256989741,0.8719950171283978,0.9767426963172027,0.9350331272784341,0.0658514802969124,0.4160094648643121,0.5201000231041459,0.9822947357196343,0.03400952760404134,0.1140083740760137,0.029997761866185156,0.1378005572537978,0.4980855490444384,0.8706977183464273,0.9799959329482827,0.9342980323373671,0.06585139967129126
27.49748743718593,0.4084269263251799,0.5252644461070652,0.9851315270273338,0.0315301452699129,0.12405499361379356,0.02940236608690611,0.13322993458969828,0.49242981955595333,0.8782171659169282,0.9697162019207601,0.9399516788197659,0.06297003437723682,0.40853464597084915,0.5252495335723972,0.9850983937122136,0.031585978013376086,0.12364877947020517,0.02940250719520916,0.13321179097712524,0.4924298234692856,0.8780977655655308,0.9701527385502725,0.9398758233953968,0.0629700202226687,0.4086694204019309,0.5252311511330431,0.985056949062592,0.031655796151753145,0.12314721996855739,0.02940268415373242,0.13318941607126378,0.4924298282613054,0.8779442250587024,0.9707056950282063,0.9397797663498584,0.06297000306283072,0.40892743400680304,0.5251964951926974,0.9849769343863654,0.031790661730879494,0.12219871694280186,0.029403027646721237,0.133147200582989,0.49242983711270166,0.8776315031896496,0.9717360453279299,0.9395811610011884,0.06296997161880612,0.4093372869156155,0.5251420972132794,0.9848465904026649,0.03201100491384769,0.120714692512705,0.029403593233847544,0.13308085032810624,0.49242985054309335,0.8770588679727805,0.9734669128480424,0.9392428743673232,0.06296992455611344,0.4101054141880844,0.5250414371262743,0.9845909477267609,0.03245308728563719,0.11785399054933113,0.029404729526898266,0.1329578123157801,0.49242987407387556,0.875762817985573,0.9769072324023057,0.9385207247186956,0.06296984438962576
27.738693467336685,0.4025586341417164,0.5302179252698149,0.9872401410588054,0.03001389427665842,0.12823367848031583,0.028819029230321036,0.12849103581789142,0.4867714303813122,0.8831873008693355,0.9660506466019142,0.9440073317274047,0.060160667167130255,0.4026654639997675,0.5302029636304127,0.9872097063561585,0.03006848744164697,0.12780832778423087,0.028819168297779963,0.12847296964227128,0.48677143432286457,0.88306698273094,0.9665067373303572,0.943932705237518,0.06016065311228587,0.4027991265937124,0.5301845200560373,0.9871716372610351,0.030136754149299762,0.12728314740513405,0.028819342690301137,0.12845068917551813,0.486771439149792,0.8829124329153925,0.9670844631422166,0.9438382410416337,0.06016063607201901,0.4030550333786314,0.5301497468783127,0.9870981395000236,0.03026861784234395,0.12628991702315173,0.028819681185813788,0.1284086483750106,0.48677144806644534,0.882598213685089,0.9681639892179082,0.9436428667265728,0.060160604842950244,0.4034616382671857,0.5300951595121816,0.9869784112231703,0.0304840405471606,0.12473504837062128,0.02882023851262151,0.12834256312537587,0.48677146159781076,0.8820243119898576,0.9699786658222569,0.9433104112507235,0.060160558091581634,0.4042240822362367,0.5299941308647468,0.9867435865693436,0.030916311466238657,0.12174127005663092,0.028821358172975486,0.12821998376674734,0.4867714853096128,0.8807304218377812,0.9736000855979938,0.9426019396656921,0.06016047842335765
27.979899497487438,0.3967135524236234,0.5351827849821897,0.989202019300695,0.02851867276189402,0.132457739753946,0.02824512006293819,0.12385588113512505,0.4811103068555415,0.888057502693394,0.9621792151697361,0.9479198573818614,0.057422948236457654,0.39681947745127605,0.5351677775953173,0.9891742606442921,0.02857200928021247,0.13201295668415516,0.02824525710162636,0.12383789948161784,0.48111031082450695,0.8879363997537519,0.9626541954216842,0.9478465608988422,0.057422934288256136,0.39695200932978814,0.5351492770190595,0.9891395388755726,0.02863870326709113,0.13146379035438577,0.028245428943524945,0.12381572220375706,0.4811103156853651,0.8877810048421789,0.9632558487792267,0.9477538148731062,0.05742291737594832,0.39720577241797295,0.5351143943779095,0.9890725035422349,0.028767524150730837,0.13042514173331643,0.028245762472030523,0.12377387263948503,0.4811103246654903,0.8874655990715987,0.9643829007015118,0.9475619116485426,0.05742288637721641,0.39760906742981966,0.5350596297766974,0.9889633022724423,0.028977960177201556,0.12879833721150669,0.0282463115897085,0.12370807851000251,0.48111033829516947,0.886890923658327,0.9662785828599627,0.9472356709942504,0.057422839960212024,0.3983656988483005,0.5349582548694902,0.988749122100152,0.02940029111819754,0.12566945301586932,0.028247414721065397,0.1235860065689874,0.48111036218354053,0.8856001136518707,0.970075143033846,0.9465416100783163,0.05742276083053338
28.22110552763819,0.3908918958156576,0.5401591742489524,0.9910135545837097,0.027045607523541085,0.13672635714174655,0.02768041292989406,0.11932341327020451,0.47544642858271974,0.8928273543676506,0.9581025245260645,0.9516892216376506,0.054756338530615144,0.39099690125218295,0.5401441245408395,0.9909884487916084,0.027097669757242714,0.13626185114252512,0.027680547951741418,0.11930552321429475,0.47544643257826563,0.8927056008040328,0.958595732325622,0.9516173561779929,0.054756324696093,0.39112828389113835,0.5401255711812268,0.9909570453510683,0.027162769021995846,0.13568834028666718,0.027680717258216466,0.11928345786453294,0.47544643747204707,0.8925495264921768,0.9592204747311994,0.9515264535742551,0.05475630792027191,0.39137986709394856,0.5400905870134208,0.9908964164709182,0.02728850480730945,0.13460359483642104,0.027681045849818425,0.11924181606929235,0.47544644651380047,0.8922332478480842,0.960393409024414,0.9513382613686975,0.054756277167537934,0.3917797915067894,0.5400356575887841,0.9907976510857942,0.02749388574857068,0.13290378218854337,0.027681586808943365,0.11917633916176298,0.4754464602390445,0.8916582960858102,0.9623673041424997,0.951018618998268,0.054756231108364056,0.39253048341301905,0.5399339592192861,0.990603937102197,0.027906143901642227,0.12963779825494207,0.02768267351378421,0.11905482341898765,0.4754464842993775,0.8903714954871571,0.9663330679203465,0.9503397009626098,0.05475615255828204
28.462311557788944,0.38509386885829466,0.5451472415650092,0.9926710508794451,0.025595852874402393,0.14103873006058662,0.027124689312414893,0.11489258278247753,0.4697797753384749,0.8974964575718178,0.9538212036597657,0.9553154221722752,0.05216030089828604,0.38519794022117687,0.5451321530311335,0.992648574137631,0.025646622602089685,0.14055421571527965,0.02712482232921453,0.11487479138975085,0.46977977935974335,0.8973741887102021,0.9543319796453382,0.9552450886667928,0.052160287184602055,0.3853281554458039,0.5451135511926157,0.9926204592363375,0.025710104416227796,0.13995600809970193,0.027124989115291882,0.11485284669624975,0.46977978428540773,0.8972176021236509,0.9549789759105927,0.9551561546311602,0.052160270553971114,0.3855775232533706,0.5450784735985564,0.9925661793082688,0.02583271141799308,0.13882449922801168,0.02712531279974241,0.11481142918623181,0.46977979338688713,0.8969007670169548,0.9561961555893157,0.9549719131733871,0.052160240063203994,0.3859740174637559,0.545023392023824,0.9924777561980281,0.026032966610019432,0.13705062512357746,0.027125845650296222,0.1147462955879875,0.4697798072048557,0.8963260407198412,0.9582454820717697,0.9546592522327563,0.052160194385815185,0.3867186451514712,0.5449213934893774,0.9923043252315199,0.02643501478218731,0.13364558243429625,0.027126916029985473,0.11462538483809857,0.4697798314323832,0.8950441874294626,0.962374535832899,0.9539962086711801,0.052160116457479005
28.7035175879397,0.3793196662768879,0.5501471348922731,0.9941707210518844,0.024170591314578577,0.14539407702800344,0.026577737551279214,0.11056234816010918,0.46411032706803695,0.9020644323440333,0.9493358932416485,0.9587984876650237,0.04963430012517825,0.3794227893580554,0.5501320110977048,0.9941508488973079,0.02422004971748027,0.14488927393645643,0.026577868574689266,0.11054466248577473,0.4641103311141431,0.901941784617076,0.9498635806799198,0.9587297869298977,0.04963428653962171,0.37955181933817506,0.5501133651710811,0.9941259919344257,0.024281890609113514,0.14426602351808104,0.02657803285521264,0.11052284716522576,0.46411033607061875,0.9017848542591324,0.950531998943812,0.9586429464668175,0.04963427006302255,0.3797989369101657,0.5500782024157944,0.9940780018897845,0.02440132371334442,0.1430870963445608,0.02657835166190627,0.1104816704390269,0.4641103452298606,0.90146778174515,0.9517917935478972,0.9584628952166754,0.049634239850463266,0.3801919424183953,0.5500229816273542,0.9939998248905881,0.024596380183000484,0.14123812592975263,0.02657887645326373,0.11041690622118908,0.4641103591376198,0.9008937870120434,0.9539137808593908,0.958157598423815,0.04963419457921105,0.3809303834071322,0.5499207067286231,0.9938464887592398,0.024988076698543842,0.13769209949375405,0.02657993060797124,0.11029664926925523,0.46411038352740985,0.8996178272612835,0.958200234295696,0.9575111600967909,0.04963411731557587
28.944723618090453,0.373569473250152,0.5551590016318139,0.9955086845911545,0.022771034224197025,0.14979163502944692,0.026039352571866976,0.10633167580979667,0.4584380638858743,0.9065309168087244,0.9446472453900084,0.9621384770945723,0.04717780290541847,0.3736716341122665,0.555143846211592,0.995491391894383,0.02281916187403995,0.1492662676895455,0.026039481613409455,0.10631410289837645,0.45843806795590614,0.9064080277144836,0.9451911901899452,0.9620715098032337,0.04717778945540101,0.3737994613576255,0.555125160674407,0.9954697614354977,0.022879337609836528,0.14861763446966353,0.026039643403050674,0.10629242565549768,0.45843807294208777,0.9062509234148372,0.9458802019363424,0.9619868877404207,0.0471777731418315,0.3740442945141815,0.5550899211883327,0.9954280005962061,0.022995550241652684,0.14739064554941025,0.026039957361037286,0.10625150619329592,0.4584380821570674,0.905933935095241,0.9471809875653817,0.9618112658214067,0.04717774322403067,0.374433753909497,0.5550345743872392,0.9953599709218751,0.023185332654028307,0.1454655620124145,0.026040474141992575,0.10618713740943166,0.4584380961515879,0.905361182151861,0.9493728762903261,0.9615137153575172,0.04717769838375508,0.37516588791546984,0.5549320474311017,0.9952265362997793,0.023566531251047528,0.14177666007989836,0.02604151217076473,0.10606758306816694,0.45843812069854,0.9040920702005033,0.9538108625422094,0.9608846119815229,0.04717762182879766
29.185929648241206,0.3678434657348251,0.5601829886256308,0.9966809649876055,0.02139842259465849,0.15423065907802264,0.0255093356614133,0.10219954039258106,0.4527629660677483,0.9108955666183136,0.9397559227898333,0.9653354786115812,0.044790278051760675,0.3679446507076304,0.5601678052851244,0.9966662259345964,0.021445199438185916,0.15368445677006254,0.025509462732488757,0.10218208727773731,0.4527629701607618,0.9107725746798291,0.9403154735139592,0.9652703452673903,0.044790264744927345,0.36807125806330193,0.5601490847021895,0.9966477896889346,0.02150368500682815,0.1530101066516771,0.02550962204576337,0.10216055680503965,0.45276297517550407,0.9106154675443966,0.9410242535860954,0.9651880662218774,0.04479024860367055,0.3683137732760832,0.5601137770819711,0.9966121957235687,0.021616629096113005,0.1517344237054755,0.02550993118376789,0.10211991106797337,0.45276298444412383,0.9102988874713718,0.9423644129277824,0.9650171123559098,0.044790218997663195,0.3686996302219833,0.5600583177353199,0.9965542118942815,0.02180105970069441,0.14973222785199272,0.025510440002549727,0.10205596375282482,0.45276299852226803,0.9097278905162249,0.9446234548200617,0.9647276897604272,0.04479017461384795,0.36942533912979986,0.5599555635384907,0.9964404801669239,0.022171609427150393,0.14589859114724119,0.02551146200354341,0.10193716084225422,0.4527630232210159,0.9084665883545635,0.94920713058565,0.9641166498011647,0.044790098814496096
29.42713567839196,0.3621418111159567,0.5652192423337628,0.9976834843845537,0.020054028284887733,0.15871042222398418,0.024987494351817952,0.09816492626768258,0.4470850140041511,0.9151580530523632,0.9346625953212013,0.9683896066111694,0.04247119751017199,0.3622420067923272,0.5652040348489175,0.9976712724587311,0.02009943362980309,0.15814311889466132,0.02498761946366264,0.09814759997144439,0.4470850181191829,0.9150350977809226,0.9352371031880535,0.96832640752339,0.04247118435405362,0.3623673774337468,0.5651852838726684,0.9976559972566129,0.020156203222929537,0.1574427235393548,0.024987776314874633,0.09812622494835464,0.4470850231613184,0.9148781601461718,0.9359648297916872,0.9682465958716003,0.042471168394256784,0.3626075418163229,0.5651499168821625,0.9976265061367667,0.02026582916970776,0.15611772518307487,0.024988080661213642,0.09808586937700725,0.44708503248143544,0.9145623147348876,0.9373427521274661,0.968080548321193,0.0424711391168769,0.3629897410349622,0.5650943587245204,0.9975784639070111,0.020444827742779448,0.1540374350107724,0.024988581565401763,0.09802236954437947,0.4470850466399882,0.9139935917977453,0.9396662101199538,0.9677996343976587,0.04247109521490693,0.3637089088651463,0.5649914026157191,0.997484231041312,0.020804572843056545,0.15005723595819714,0.024989587635074015,0.09790436688076432,0.4470850714851568,0.9127410688817497,0.9443897556981069,0.9672073848974241,0.042471020214873444
29.668341708542712,0.3564646670549472,0.5702679081215406,0.9985120700947762,0.018739153430756657,0.16323021245550257,0.02447364160201119,0.09422682152103296,0.4414041883624113,0.9193180686910203,0.9293679518468362,0.9713010094972764,0.04022003222171748,0.356563860288091,0.5702526803391171,0.9985023580585413,0.01878316593128387,0.1626415466225709,0.02447376476575988,0.09420962905380122,0.44140419249846635,0.9191952905410462,0.9299567707698065,0.971239844750333,0.04022001922412894,0.3566879777175189,0.5702339037098774,0.9984902098284587,0.018838192926352627,0.16191478333282355,0.02447391916908614,0.09418841814660166,0.44140419756678717,0.9190386959180299,0.9307026255224491,0.9711626245898635,0.04022000345530455,0.3569257590184922,0.5701984862805815,0.9984667557843616,0.018944449566709924,0.16053985885487387,0.024474218751807778,0.09414836916063214,0.44140420693618543,0.9187239138399173,0.9321167068242329,0.9710017210848111,0.04021997452404362,0.3573042462793779,0.5701428433150055,0.9984285480710107,0.019117933357335175,0.1583805092031092,0.024474711788487313,0.09408534280233725,0.44140422117182015,0.9181579866108778,0.9345018551955403,0.9707296957835551,0.040219931130174566,0.3580167591677103,0.5700397111375942,0.9983536044695931,0.019466713167680477,0.1542519512977624,0.024475702022729386,0.09396818920345076,0.44140424615780766,0.9169152195294388,0.9393594748338876,0.9701569621253601,0.04021985697684165
29.909547738693465,0.35081218310934625,0.5753291308427737,0.9991624464349641,0.017455131375409345,0.16778933563057996,0.023967596383258353,0.0903842254101743,0.43572046992698343,0.9233753209635972,0.9238726861827852,0.9740698596510647,0.03803625711743629,0.3509103610088273,0.5753138866808163,0.9991552063077493,0.017497729018756087,0.16717905026754587,0.023967717609809987,0.09036717376968233,0.4357204740830256,0.9232528612965604,0.9244751727658002,0.9740108290824037,0.03803624428600484,0.3510332090503425,0.575295089227316,0.9991461500489933,0.017550985961500034,0.16642560184450628,0.02396786957913399,0.09034613563022326,0.435720479176275,0.9230967843260746,0.9252383406913611,0.973936324204492,0.03803622871744149,0.3512685756435933,0.5752596304592786,0.9991286655176328,0.017653820533802805,0.16500015093698972,0.02396816442574203,0.0903064096261773,0.43572048859264867,0.9227833964230427,0.9266869836105767,0.973780801888756,0.03803620014944975,0.35164329774752695,0.5752039169586851,0.9991001823185995,0.01782170420822626,0.16276079306419608,0.023968649641218004,0.09024388270922547,0.43572050290191,0.922220790114308,0.9291311079664577,0.9735180442206911,0.038036157289727646,0.35234904391415833,0.5751006350750426,0.9990443126207991,0.018159353060594522,0.15848211009702207,0.023969624132903128,0.09012762697712236,0.435720528022725,0.9209887623228932,0.934117029840699,0.9729655499657405,0.03803608402568118
30.15075376884422,0.34518450044032567,0.5804030545483281,0.9996302359464011,0.016203326869689026,0.17238711377031432,0.023469183182428514,0.08663614573366658,0.4300338396636968,0.9273295342439672,0.9181775018687323,0.9766963561665813,0.03591934933685034,0.345281650368614,0.5803877979964717,0.999625438979355,0.016244486963311183,0.17175495620189718,0.02346930248223098,0.08661924190323451,0.4300338438386265,0.9272075352896835,0.9187930154182792,0.9766395593429836,0.035919336678264885,0.3454032131637588,0.5803689846362228,0.999619438730991,0.016295945551573605,0.17097451081646522,0.02346945203089877,0.08659838516694907,0.4300338489554717,0.9270521516942488,0.9195726849622047,0.9765678932029656,0.0359193213181802,0.34563613403996174,0.5803334937989774,0.9996078542974511,0.01639530366528341,0.169497943331561,0.023469742167920544,0.08655899851466065,0.4300338584163793,0.9267404908869284,0.9210542988591963,0.9764179885777703,0.03591929312877326,0.3460070388050197,0.5802777243075294,0.9995889826024353,0.016557499253863694,0.16717764453264514,0.023470219607227515,0.08649699697671351,0.43003387279563426,0.926181734085374,0.9235546961823053,0.9761648765221491,0.03591925082733232,0.3467059085291134,0.5801743196047184,0.999551965414134,0.01688384640355443,0.16274709988392977,0.023471178441994645,0.08638168786846959,0.430033898044438,0.9249614356193805,0.9286631725259148,0.9756333432375877,0.03591917847620116
30.39195979899497,0.3395817522271703,0.5854898225798385,0.9999109544509636,0.014985137478161123,0.17702288444018438,0.022978231754066467,0.08298159880712307,0.42434427869784436,0.9311804489803299,0.9122831112947347,0.9791807235873109,0.03386878830292444,0.33967786179559073,0.5854745576988034,0.9999085711270517,0.01502483662687709,0.17636860624568565,0.022978349137922283,0.08296484976008293,0.42434428289058007,0.9310590538012472,0.9129110138250623,0.9791262597805325,0.033868775825457276,0.33979812379832736,0.5854557334378181,0.9999055899659496,0.015074467683978843,0.1755608573189604,0.02297849627966363,0.0829441830509956,0.424344288029707,0.9309045403406351,0.9137063768614212,0.9790575554677015,0.03386876068386739,0.34002856855529356,0.5854202199696913,0.9998998343551845,0.015170293270018306,0.17403259304215543,0.02297878173425764,0.08290515210211326,0.4243442975327339,0.9305949415431031,0.9152193778198806,0.9789135043337409,0.033868732891537155,0.3403956048016191,0.5853644093024343,0.9998904581118748,0.015326710093896157,0.17163043628848626,0.02297925144297573,0.08284370186064573,0.424344311978351,0.930040566071888,0.917773356499092,0.9786704147460449,0.03386869117628158,0.3410874903826572,0.5852609091826088,0.9998720662212879,0.01564157948744608,0.16704632231257466,0.022980194713894786,0.08272938817062586,0.4243443373489817,0.9288329932955796,0.9229986636217477,0.9781605618111217,0.03386861978814049
30.63316582914573,0.33400406402125965,0.5905895777728797,1.0,0.013801997093328008,0.181695998877676,0.022494576573815362,0.07941960714072357,0.41865176828894407,0.9349278214105217,0.9061902377189487,0.9815232123834613,0.03188405442691131,0.33409912108747514,0.5905743086954535,1.0,0.013840211187587293,0.18101935580133485,0.02249469205237072,0.0794030198371658,0.41865177249837243,0.9348071738658704,0.9068298939708194,0.981471180547465,0.03188404213883985,0.33421806706097484,0.5905554786289805,1.0,0.01388798464455937,0.18018400189425332,0.022494836800736166,0.07938255176416527,0.4186517776584293,0.9346537082926482,0.9076401458257655,0.9814055607565932,0.03188402722585702,0.3344460058973373,0.5905199521387489,1.0,0.01398021992170601,0.1786034703359894,0.02249511759968814,0.07934389284554295,0.4186517872010885,0.9343465083276372,0.909182956698311,0.9812675981592051,0.03188399984920323,0.3348091234364676,0.590464115383911,1.0,0.01413076453441683,0.17611855394923767,0.022495579622782234,0.07928301978964622,0.41865180170932415,0.933797049110445,0.9117878366048886,0.9810349066821422,0.03188395874822294,0.33549391917847887,0.5903605477744894,1.0,0.014433974745845592,0.17137919135965846,0.02249650742157903,0.07916975029656172,0.4186518271954134,0.9326032044478881,0.9171242750889056,0.9805474511236336,0.03188388837313653
30.874371859296485,0.3284515537444605,0.595702462152039,0.9998926597008237,0.012655373684154753,0.1864058232322027,0.022018057082299168,0.07594920204318131,0.4129562898625245,0.9385714235264775,0.8998996126328132,0.9837240972806824,0.029964630560985438,0.3285455464089944,0.5956871930830409,0.9998950118835972,0.01269207788194694,0.18570657508773453,0.02201817066610376,0.07593278342997804,0.4129562940875023,0.9384516682362706,0.9005503900807404,0.983674596029658,0.029964618470828912,0.3286631614212722,0.5956683623958481,0.999897954090049,0.012737962758743273,0.18484331978317248,0.02201831303450398,0.07591252258667971,0.4129562992670998,0.9382994292511022,0.9013747295418504,0.9836121830337623,0.029964603796788905,0.32888856512800035,0.5956328326631748,0.9999036345033503,0.012826548193893287,0.18320995995595285,0.022018589204333364,0.07587425200022893,0.4129563088468362,0.9379949667645305,0.9029457799681035,0.9834805432104287,0.02996457685490767,0.32924771474897585,0.5955769851830588,0.9999128883026781,0.012971124318461149,0.1806413972570461,0.022019043586306394,0.0758139819902834,0.4129563234138407,0.9374509616879649,0.9055988924874436,0.9832586241893184,0.029964536397035058,0.3299253169330041,0.5954733785382099,0.9999310404394711,0.013262488425146103,0.17574513448822474,0.022019956003894108,0.07570180545774435,0.4129563490088349,0.9362718533586288,0.911040787259823,0.982794280516778,0.02996446708703944
31.115577889447238,0.3229243319695492,0.600828617030712,0.9995841023226691,0.011546771628203016,0.19115173734157292,0.021548517308190483,0.07256942229424569,0.4072578249965006,0.9421110428300595,0.8934119768233528,0.9857836772855665,0.028110001265092992,0.3230172485726823,0.6008133522472663,0.9995887747017881,0.011581940339517684,0.19042964792418618,0.021548629007653537,0.07255317930437992,0.40725782923585263,0.9419923251402438,0.8940732456877452,0.9857368048723767,0.028109989381421497,0.3231335179926837,0.6007945262140276,0.9995946191029367,0.011625904722594492,0.1895381997184858,0.02154876900933121,0.0725331342685814,0.4072578344335623,0.9418414923485928,0.8949108750194126,0.9856777204958119,0.028109974956777525,0.32335635794549306,0.6007590031900776,0.9996059026907644,0.011710778990974212,0.1878514599316507,0.021549040576211768,0.07249526828989064,0.40725784404774684,0.9415401077268131,0.8965086014560355,0.9855526368244779,0.028109948468933336,0.32371149140243943,0.600703160622173,0.9996242845191732,0.011849287454909516,0.18519837891767524,0.021549487360994022,0.0724356271551985,0.40725785866955533,0.9410020975072356,0.8992072895394578,0.9853418632238149,0.028109908683294507,0.3243817982620702,0.6005995439255555,0.999660342509523,0.012128612911994779,0.18014359153598308,0.02155038448703293,0.07232459232559883,0.40725788436669125,0.9398387392705434,0.9047489899896488,0.9849013432689704,0.028109840490616798
31.35678391959799,0.3174225020857234,0.6059681829025003,0.9990693788599603,0.010477731451446821,0.19593313490012043,0.02108580584316844,0.06927931507610387,0.4015563554291923,0.9455464820501779,0.8867280791422398,0.9877022745530935,0.026319653356031307,0.3175143312042054,0.605952926754328,0.9990763385819837,0.010511338320175048,0.19518797189773737,0.021085915668588317,0.06926325462861697,0.40155635968171155,0.9454289479980441,0.8873992123972853,0.9876581288485633,0.02631964168758828,0.3176292406976734,0.6059341107396732,0.9990850440812725,0.010553349341654186,0.19426804409106005,0.021086053316633893,0.06924343396185083,0.40155636489606594,0.9452797018672249,0.8882493373508553,0.9876024944413514,0.026319627522968174,0.31784948884899333,0.6058986045475965,0.999101851510562,0.010634449285812798,0.19252738174347675,0.021086320306444032,0.06920598883970279,0.4015563745419957,0.94498173715492,0.8898721830912906,0.9874841993909507,0.02631960150878334,0.3182005588479736,0.6058427828053017,0.9991292321848618,0.01076678795446649,0.1897889247611652,0.021086759537461603,0.069147002377657,0.40155638921452946,0.9444502652062556,0.8926138012904637,0.9872849427146566,0.026319562425031647,0.31886347054330305,0.6057391855716915,0.999182943049871,0.011033876465307823,0.18457401487039835,0.021087641460682968,0.06903715797135346,0.40155641500683975,0.943303676107473,0.8982496813475217,0.9868689554761028,0.026319495403366547
31.597989949748744,0.31194616053734314,0.611121299492759,0.9983434167649174,0.009449831611718642,0.20074942264931395,0.020629775576627898,0.06607793525664407,0.3958518630503828,0.9488775588835876,0.8798486769413284,0.989480234127474,0.02459307552513382,0.31203689098131887,0.6111060564022659,0.998352630085163,0.00948184949878649,0.19998095755875148,0.020629883538165136,0.06606206425611258,0.39585186731482813,0.9487613551641032,0.8805290503253593,0.9894389126002321,0.024593064080716914,0.31215042650692276,0.6110872558612008,0.9983641544714124,0.00952187331431721,0.19903226815172223,0.02063001884550145,0.0660424765031994,0.39585187254431814,0.9486138769814608,0.8813908801521805,0.9893868490128996,0.024593050186841565,0.31236805537838347,0.6110517767966746,0.9983864042569166,0.009599133901820949,0.1972371495362989,0.020630281283783674,0.06600546845842328,0.39585188221921364,0.9483196758016866,0.8830372953521223,0.989275574094982,0.024593024666115095,0.3127150155650971,0.6109959920703381,0.9984226510870359,0.00972519761041316,0.1944124729741547,0.020630713003908785,0.06594716243265104,0.3958518969382734,0.947795288106727,0.8858192098630235,0.9890882043083428,0.024592986314209284,0.3133704341584725,0.6108924443479767,0.9984937549607659,0.009979844996396484,0.18903586865331998,0.02063157981176469,0.06583855714254457,0.39585192281856146,0.9466664922299303,0.8915436680964185,0.9886974558014225,0.024592920517255198
31.839195979899497,0.3064953971230269,0.6162881058929489,0.9974010110966576,0.00846469118517255,0.20560001946915546,0.02018028340095673,0.06296434450894016,0.390144329879208,0.9521041055024722,0.8727745364341025,0.9911179236228509,0.022929757895005617,0.3065850179332317,0.6162728803555427,0.9974124433538947,0.008495092149011924,0.20480802751827773,0.02018038950863858,0.06294866984511999,0.39014433415430244,0.9519893794358508,0.8734635284615276,0.9910795233192337,0.02292974668348958,0.30669716573904154,0.6162541008337248,0.9974267432693251,0.008533093914099744,0.20383029911588843,0.020180522488015985,0.0629293235337287,0.39014433939737375,0.9518438512684827,0.874336275928178,0.9910311508778629,0.022929733071172968,0.30691214841462516,0.616218659365718,0.9974543517119948,0.008606448191969662,0.201980199237796,0.02018078039997074,0.06289276875834113,0.3901443490983702,0.9515537587457052,0.8760047176353024,0.9909271265985964,0.022929708063879006,0.3072549533632089,0.6161629281237887,0.9974993284001274,0.008726128672301917,0.19906847323976865,0.020181204651498134,0.0628351688972066,0.39014436385962586,0.9510370037322626,0.8788243063496122,0.9907520120508829,0.022929670474009844,0.3079027827970798,0.6160594604969647,0.9975875583375111,0.008968124728151013,0.19352862802182025,0.020182056430335615,0.06272785138695346,0.3901443898204536,0.9499270299623841,0.8846317660816381,0.9903872051568888,0.0229296059562639
32.08040201005025,0.30107029480445857,0.621468739947811,0.9962368437158147,0.007523963884828584,0.2104843583802189,0.019737190677600474,0.059937615097977244,0.3844337381410362,0.9552259690784771,0.865506429429086,0.9926157311784365,0.021329194087022274,0.3011587952484723,0.6214535365318337,0.9962504593116531,0.0075527191651926055,0.20966861843733178,0.01973729494135616,0.059922143645775916,0.38443374242546974,0.9551128685757743,0.8662034213909136,0.9925803487047559,0.021329183117463475,0.30126954186724536,0.6214347836655453,0.9962674902261559,0.007588663015003768,0.20866157813715794,0.019737425605397166,0.05990304728628586,0.3844337476805295,0.9549694732278134,0.867086302779952,0.9925357871889303,0.02132916979774659,0.3014818519841386,0.6213993904359955,0.9963003713632925,0.007658042070124543,0.20675598050236005,0.01973767901596598,0.05986696194326943,0.3844337574046886,0.9546838359061938,0.8687752349352507,0.9924392430066332,0.021329145324261434,0.30182045718217876,0.6213437294248314,0.9963539379223649,0.007771227886809281,0.2037563886346005,0.019738095840744707,0.05981009393923006,0.384433772203693,0.9541752643154138,0.8716298874433327,0.9922767503625759,0.021329108527256713,0.302460603249141,0.6212403730135821,0.996459019742816,0.008000356256694917,0.19805178089718253,0.01973893267613857,0.05970411284222593,0.384433798237434,0.953085146085449,0.8775147967610135,0.9919385846964216,0.021329045344847537
32.321608040201006,0.2956709302813571,0.6266633388171424,0.9948454587094716,0.006629345643758496,0.2154018838027563,0.01930036247746195,0.0569968260215697,0.3787200701907952,0.9582430107837886,0.8580451361459073,0.9939740662992845,0.01979087916254857,0.2957582998508887,0.626648162164096,0.9948612210811689,0.0066564256421979585,0.21456217830338675,0.019300464907095794,0.056981564640611375,0.3787200744832235,0.958131684315688,0.8587495121213655,0.9939417978031653,0.019790868444090365,0.2958676320966518,0.6266294416804906,0.9948809372583663,0.006690274666633773,0.21352555760518746,0.019300593268264308,0.056962726725528594,0.37872007974863525,0.9579906052895276,0.8596417472460754,0.9939011664227342,0.019790855428109017,0.2960772438386063,0.6265941075050885,0.9949190027982929,0.006755607579572379,0.21156395404957312,0.019300842202076035,0.056927126947582236,0.3787200894929373,0.9577097710588246,0.8613496407125855,0.9938123307031884,0.019790831509012053,0.2964116056762603,0.6265385337501286,0.9949810154462084,0.006862184054385823,0.20847569303130883,0.019301251641441985,0.05687101645540105,0.3787201043251179,0.9572099358259811,0.8642367583528829,0.9936628248708729,0.019790795536039605,0.29704397599777693,0.6264353202129114,0.995102667515476,0.007078222086803639,0.2026048255044519,0.019302073617783067,0.056766420369042725,0.3787201304238991,0.9561407108875805,0.8701935902188187,0.9933519966419678,0.019790733745289512
32.56281407035176,0.29029737406957173,0.6318720388040868,0.9932212647527859,0.005782573831077469,0.22035205187917306,0.01886966761564248,0.05414106403089674,0.3730033085317796,0.9611551057436715,0.8503914441288142,0.9951933588880301,0.0183143102028746,0.2903836024775086,0.6318568936287711,0.9932391363474337,0.005807948091158196,0.2194881667508866,0.018869768220840244,0.05412601956507805,0.3730033128308226,0.9610457023091497,0.8511025909933094,0.9951643000407039,0.01831429974474572,0.2904915074418477,0.6318382113460799,0.9932614908123675,0.005839664311057843,0.21842170146386486,0.01886989429144891,0.054107448568667914,0.3730033181049062,0.9609071237665219,0.8520034032078236,0.9951277174137715,0.018314287043751824,0.29069839553197757,0.6318029472145683,0.9933046500719567,0.005900878108920301,0.21640359197773917,0.018870138772831745,0.05407235045753944,0.37300332786624985,0.9606314417876995,0.853728735790402,0.9950468173878559,0.01831426369984518,0.29102847129018516,0.6317474780209497,0.993374961129419,0.006000727245439047,0.21322587140471735,0.01887054086761759,0.054017023092872735,0.37300334272690694,0.960140897922399,0.8566457316837784,0.9949106614504156,0.018314228582419538,0.291652975293137,0.631644439556107,0.9935128941629112,0.006203445847775425,0.20718727066571246,0.018871348068256636,0.053913860576586495,0.3730033688826206,0.9590936081158359,0.8626689840129446,0.9946278633301934,0.01831416824025441
32.80402010050251,0.2849496906649866,0.637094975316937,0.9913585325492698,0.004985428000131775,0.22533433023368557,0.01844497854377748,0.05136942373240296,0.3672834358173374,0.9639621428264513,0.8425461479104699,0.9962740586303317,0.016898986392072404,0.2850347678424543,0.6370798664075566,0.9913784747973041,0.005009065187918479,0.2244460548224189,0.01844507733410907,0.05135460300969615,0.3672834401215791,0.9638548119219039,0.8432634553428561,0.996248304609588,0.016898976203591907,0.2851412328908164,0.6370612282351876,0.9914034193033019,0.005038609530142565,0.2233494849743314,0.018445201126322548,0.051336307387606694,0.36728344540261015,0.963718918645552,0.8441720715513904,0.9962158887413015,0.01689896382895678,0.28534537258441567,0.6370260453116964,0.9914515791440007,0.0050956291403260225,0.22127437753052062,0.01844544117931065,0.051301727013252196,0.3672834551778114,0.963448739277473,0.845913328014682,0.9961431504641849,0.01689894108125727,0.2856711204231382,0.6369706982647978,0.9915300369302058,0.00518862954814002,0.21800641960410969,0.018445835969856834,0.05124720835141487,0.36728347006211604,0.9629680437456607,0.848857627095565,0.996020705613993,0.016898906851244695,0.28628766931649363,0.6368678676119538,0.9916839537879308,0.005377793037488717,0.2117986355819195,0.018446628477127944,0.05114552792370074,0.3672834962664168,0.9619437347730153,0.8549418228259252,0.9957666266085342,0.01689884801519745
33.04522613065327,0.2796279387181478,0.6423322828530772,0.9892513914072177,0.004239730903444788,0.23034819765439773,0.018026171224751208,0.048681007547364666,0.3615604348497085,0.9666640244059298,0.8345100487895716,0.9972166344390376,0.015544409024065023,0.27971185481161126,0.6423172150713509,0.9892733646952212,0.004261598787522084,0.22943532465286628,0.01802626820967318,0.048666417379580974,0.36156043915769664,0.9665589159948768,0.835232909279031,0.9971942799127533,0.015544399114652122,0.2798168675796576,0.6422986270101442,0.9893008496898762,0.004288931060617654,0.2283083944016478,0.018026389735511458,0.0486484055684134,0.36156044444390656,0.9664258933509073,0.8361485599447044,0.9971661481748098,0.015544387077860001,0.28001823465712283,0.6422635366334313,0.9893539144520124,0.0043416792609475,0.22617580478833613,0.018026625383851254,0.04861435896837245,0.3615604542296975,0.9661615680783852,0.8379042320302937,0.997101796486521,0.01554436494760899,0.2803396136037473,0.6422083295994504,0.9894403631775437,0.004427706077642602,0.22281684405208252,0.01802701291001632,0.04856067454299638,0.36156046913269074,0.9656912796864929,0.8408732710764474,0.9969934219616003,0.015544331637235741,0.2809481203555517,0.6421057400408166,0.9896099586535545,0.004603072030664166,0.21643844954516905,0.018027790805259777,0.048460524678696326,0.361560495376992,0.9646910008889726,0.8470129582363339,0.996768747288556,0.015544274365469414
33.28643216080402,0.274332171189093,0.6475840949329661,0.9868938281602767,0.0035473487746464348,0.23539314398496036,0.017613125058983835,0.04607492602502259,0.35583428858519506,0.9692606661426532,0.826283954271952,0.9980215736926176,0.014250081710243057,0.2744149165574108,0.6475690732141276,0.9869177918042268,0.003567414205323115,0.23445546936179137,0.01761322024785627,0.04606057320752039,0.35583429289544244,0.9691579306258247,0.8270117631233456,0.9980027128029912,0.014250072089471016,0.2745184649473105,0.6475505413562872,0.986947766396437,0.003592493072504759,0.23329792690815734,0.01761333951922517,0.046042853624796445,0.35583429818502127,0.9690279645265903,0.8279336822748626,0.9979789819139965,0.014250060402251328,0.27471703570692446,0.6475155550397993,0.9870056378381752,0.0036408904425819875,0.23110737856378594,0.017613570786484366,0.04600935680408964,0.3558343079780634,0.9687698458894548,0.8297022687138911,0.9979232404013931,0.014250038911363679,0.2750340056443681,0.6474605061656534,0.9870999175164399,0.003719815249022767,0.22765666164400575,0.01761395108803129,0.04595653210877207,0.35583432289470435,0.9683105251702092,0.8326934963669443,0.9978292934231093,0.014250006554836943,0.27563438495901343,0.6473581915290144,0.9872848780301543,0.0038811343786045874,0.2211062518352339,0.017614714449793366,0.045857961222326625,0.3558343491699268,0.9673353293078603,0.83888324814292,0.9976347044028941,0.014249950898266313
33.527638190954775,0.2690624354637474,0.6528505438541319,0.9842796954450803,0.0029101886997444705,0.2404686707077143,0.017205722971778758,0.04355029941325957,0.3501049801617265,0.9717519967729,0.817868676251128,0.9986893806276229,0.013015511307976815,0.2691440006748889,0.652835573206925,0.9843056076669181,0.0029284175893073898,0.23950599363298508,0.017205816373914454,0.043536190725212316,0.35010498447271726,0.9716517849583814,0.8186008315842016,0.9986741069768866,0.013015501985798265,0.2692460728511946,0.6528171037358044,0.9843380195970419,0.0029512005450629225,0.23831759112850096,0.017205933402655426,0.04351877176930741,0.35010498976381904,0.9715250618253402,0.8195282568150334,0.9986548929846214,0.013015490660334606,0.26944182410114276,0.6527822331675538,0.984400596834657,0.002995165419239448,0.23606861496762993,0.017206160312270305,0.04348584070034845,0.350104999560708,0.9712735033473631,0.8213082633268,0.9986079839474375,0.013015469831633859,0.26975434575484836,0.6527273608808721,0.9845025431755668,0.0030668561674435657,0.2325254002980791,0.01720653342873751,0.043433901186604555,0.35010501448585657,0.9708257124451901,0.8243191400917899,0.998528819666508,0.013015438464719194,0.2703465140459605,0.6526253555370116,0.9847025466724837,0.0032138721494229345,0.22580159225920812,0.017207282335051765,0.043336957645969516,0.3501050407827155,0.9698766554778226,0.8305535548139918,0.9983649936084467,0.013015384476280343
33.768844221105525,0.263818773693815,0.6581317612390706,0.9814026816036313,0.0023302079282975516,0.24557428844196072,0.016803850783535697,0.041106253673795064,0.3443724928275654,0.9741379576847619,0.8092650345613985,0.9992205781687291,0.011840205703331129,0.26389914952257104,0.6581168467458179,0.9814304994969063,0.0023465652286644326,0.24458641122834768,0.016803942408140572,0.04109239587731524,0.3443724971377468,0.974040420760217,0.8100009373235395,0.9992089848034501,0.011840196689813658,0.2639997339093426,0.658098445936477,0.9814652950932398,0.0023670085702699644,0.2433669047027446,0.01680405720594715,0.041075285926529995,0.344372502428479,0.9739171274894911,0.8109331098081464,0.9991944030653966,0.011840185738392909,0.26419264296214323,0.6580637029797165,0.9815324745137928,0.002406456984614822,0.24105903897838774,0.01680427978100461,0.04104293654650953,0.34437251222571363,0.9736724836125461,0.8127230491322701,0.9991565474790859,0.011840165594658114,0.26450067789103787,0.6580090259903689,0.9816419187677408,0.0024707779170947334,0.23742259658227116,0.016804645751114386,0.04099190761779012,0.344372527154048,0.9732367861775877,0.815751047434726,0.9990925189169043,0.011840135252035363,0.265084553262772,0.6579073648532655,0.9818566345833651,0.0026032271802450603,0.23052402888646886,0.01680538028129472,0.04089663975601151,0.344372553463309,0.9723149270615041,0.8220247486766551,0.99896012899054,0.011840082994916928
34.01005025125628,0.25860122285672416,0.6634278778027153,0.9782563162266636,0.0018094120822993273,0.25070951756482934,0.01640739731825401,0.0387419219733582,0.33863680996760914,0.9764185028369645,0.8004738553790357,0.9996157066152699,0.010723674672943218,0.2586804002820704,0.6634130246195512,0.9782859957255136,0.0018238617621995736,0.2496962456049777,0.01640748717442315,0.03872832181320452,0.3386368142753897,0.9763237923416889,0.801212909352408,0.9996078860118118,0.01072366597824657,0.25877948555955355,0.6633946988387631,0.9783231198660702,0.0018419205615270036,0.24844539488895412,0.01640759975284779,0.03871152922535218,0.3386368195638122,0.9762041162693309,0.8021490738552606,0.9995980511770174,0.010723655413275248,0.2589695302255902,0.6633600955321804,0.9783947950564,0.001876766199400445,0.2460781850467195,0.016407818016154943,0.03867977743607397,0.33863682935780376,0.9759667422870465,0.803947465768811,0.9995694686576065,0.010723635977498928,0.2592730408113984,0.6633056328324649,0.9785115639101686,0.0019335777568820285,0.24234779630774908,0.01640817687816205,0.038629684449009986,0.3386368442838633,0.9755437033684311,0.8069900699826961,0.999520926648553,0.010723606694205188,0.2598485430383629,0.6632043513627129,0.9787406524190622,0.0020511893489165533,0.23527312859843957,0.016408897110545433,0.03853614054420812,0.3386368705960359,0.9746501038500963,0.8132977066464449,0.9994206417847087,0.010723556232213723
34.25125628140703,0.25340981488726544,0.6687390232767565,0.974833969177015,0.0013498553962188189,0.25587388819150797,0.016016254359812573,0.03645644507426807,0.3328979151100734,0.9785935985634817,0.7914959706095657,0.9998753228812165,0.009665430136170388,0.25348778508965675,0.6687242366336602,0.9748654650251621,0.0013623604185774496,0.254835029895593,0.016016342456532735,0.03644310927753822,0.3328979194138234,0.9785018663607654,0.7922375824164806,0.999871366931945,0.009665421770549756,0.25358536019088335,0.6687059923399044,0.9749048610988937,0.001377988494177133,0.2535525985437257,0.01601645282698992,0.03642664238963594,0.33289792469794915,0.9783859952284464,0.7931769872988993,0.9998663929238726,0.00966541160454591,0.2537725187718037,0.6686715408977768,0.9749809227707336,0.0014081426319389881,0.25112559707601695,0.016016666801080322,0.036395504056736055,0.33289793448501886,0.9781562472206158,0.7949823586296803,0.9998473016949597,0.00966539289994884,0.25407146820822846,0.6686173117625852,0.9751048382254001,0.0014573013650966379,0.24730055450849758,0.016017018592782126,0.036346372319902905,0.33289794940320355,0.9777464331608259,0.7980370651004728,0.999814594833192,0.009665364711375336,0.2546385187139725,0.6685164459682975,0.9753479506011171,0.0015597967832662511,0.24004846707750518,0.01601772460475136,0.03625460059267968,0.3328979757085381,0.9768821575737201,0.8043733114691061,0.9997470796210316,0.009665316108943675
34.49246231155779,0.24824457682643147,0.6740653263964946,0.9711288466280427,0.0009536418834887809,0.26106693991698054,0.015630316554056712,0.034248971287186104,0.32715579192540334,0.9806632233563053,0.7823322176930404,0.9999999999999983,0.008664986160946346,0.24832133118513666,0.6740506115972145,0.9711621123469582,0.0009641641826532291,0.26000230665189106,0.01563040290020877,0.034235906563085255,0.32715579622345403,0.980574621606329,0.7830757968010132,0.9999999999999983,0.008664978134744254,0.24841738529257104,0.6740324553407807,0.971203722213934,0.000977314070609892,0.2586880618675969,0.015630511073978063,0.03421977369097938,0.32715580150124773,0.9804627435276652,0.7840176940276209,0.9999999999999983,0.0086649683803473,0.24860163657477705,0.6739981681530209,0.9712840581270225,0.001002685522165237,0.2562008281716698,0.015630720781117605,0.034189264643219495,0.327155811277627,0.9802409782958411,0.7858285786667362,0.999990616860962,0.008664950430372065,0.2488959888568306,0.6739441921401776,0.9714149373725974,0.0010440440026044937,0.2522804351967002,0.015631065539863886,0.03414111941596077,0.32715582618219496,0.9798449566270543,0.7888928957332391,0.9999740914491586,0.008664923372267536,0.24945451069261734,0.6738437785776733,0.9716717153411839,0.0011311370202463312,0.2448496285733304,0.01563175740786926,0.034051168026630906,0.32715585247067924,0.9790110716922492,0.7952524515203997,0.9999400060370326,0.008664876694466452
34.73366834170854,0.24310553096633972,0.6794069148881441,0.9671339870031994,0.0006229265324934093,0.2662882215663684,0.01524948131475121,0.0321186564231485,0.321410424225195,0.9826273676513905,0.772983439413505,0.9999903266389214,0.007721858969386142,0.24318106105680964,0.6793922773103094,0.9671689748594149,0.000631426990370144,0.265197627596496,0.015249565919112393,0.032105869462705015,0.32141042851583784,0.9825420487846024,0.7737283981400577,0.9999943732732041,0.007721851293045541,0.24327558359904164,0.6793742157333549,0.9672127388099376,0.0006420499145144147,0.26385134015898987,0.015249671907341346,0.03209007890074616,0.3214104337852158,0.9824343522121078,0.7746720432848778,0.9999994597046129,0.007721841963009788,0.243456906847269,0.6793401053655737,0.9672972336930702,0.0006625449747663982,0.26130344039874825,0.015249877369533954,0.032060214929367836,0.32141044354704423,0.9822209272164395,0.7764869821985572,0.9999999999999983,0.0077218247913257675,0.24374662676074849,0.6792864023158645,0.9674348889797743,0.0006959517039689592,0.25728701112627145,0.015250215132236218,0.032013081420524094,0.32141045843211113,0.981839266558769,0.7795584302134978,0.9999999999999983,0.007721798899801492,0.24429654458461086,0.6791864780901576,0.9677049645666551,0.0007673481918708951,0.24967620567701665,0.015250892931816203,0.03192499846644032,0.3214104846934678,0.9810368411892028,0.785936020610219,0.9999999999999983,0.0077217542123496985
34.97487437185929,0.2379926949913366,0.6847639154567746,0.9628422568142896,0.00035991652986401155,0.271537290953516,0.014873648733221632,0.03006466374490439,0.31566179596112576,0.9844860336177521,0.7634504837126682,0.9998469066230178,0.006835566943172413,0.23806699258261027,0.6847493605518521,0.9628789177858333,0.0003663549516334663,0.2704205533831222,0.014873731604467774,0.030052161220722705,0.3156618002426129,0.9844041503087536,0.7641962372298262,0.9998550899542158,0.006835559627230194,0.23815997323109336,0.6847314003882722,0.9629247744984574,0.00037440079402851367,0.26904199757625846,0.014873835418174622,0.03003672124141333,0.315661805501442,0.9843008240013944,0.7651408894820126,0.9998653744670412,0.006835550734433046,0.23833834818207977,0.6846974795819203,0.9630133099684233,0.0003899231804663047,0.2664330045476573,0.014874036657167827,0.030007518099424844,0.31566181524476755,0.9840960972986149,0.7669584307227669,0.9998760520571012,0.0068355343649365,0.23862340129318496,0.6846440696193249,0.9631575484745183,0.000415222495244838,0.2623198635642131,0.014874367460308251,0.029961421466121654,0.3156618301043043,0.9837293672602664,0.7700345420721547,0.9998929190424324,0.006835509676474595,0.23916464134925988,0.6845446723847403,0.9634405437445969,0.00047062024122936183,0.2545277991027213,0.014875031266109392,0.029875254979132276,0.3156618563279872,0.9829594723686267,0.7764249177909717,0.9999276554385631,0.006835467045738968
35.21608040201006,0.2329060821153909,0.6901364537745954,0.9582463463958609,0.0001668725148754157,0.27681371464757343,0.014502721491516704,0.02808616391768835,0.3099098912238964,0.986239234949582,0.7537342035075866,0.9995703584681511,0.006005630628691886,0.2329791391675357,0.6901219870678459,0.9582846301377952,0.0001712076037731881,0.2756706533646197,0.0145028026382243,0.028073952483648978,0.30990989549443965,0.9861609400915085,0.7544801698460878,0.9995827679246747,0.006005623683780554,0.2330705678333697,0.6901041351433951,0.958332516636222,0.0001766248733624809,0.27425960690759743,0.014502904288300672,0.028058871337314946,0.3099099007405378,0.986062173082883,0.7554250920153193,0.9995983613808804,0.006005615241216032,0.2332459746896083,0.690070416815594,0.9584249711145704,0.00018707566694916585,0.27158909990755303,0.014503101325590753,0.028030344738813395,0.3099099104613145,0.985866503265458,0.7572437907323502,0.9996193886132552,0.006005599698035092,0.2335263273347016,0.6900173203473492,0.9585755948106454,0.0002041076443332685,0.26737858206950954,0.014503425205230848,0.027985310085321492,0.30990992528914607,0.9855152743447351,0.7603221098536893,0.999653461723472,0.006005576249480475,0.23405881743283444,0.6899184883078139,0.9588711216014311,0.0002431961666424838,0.25940401747649044,0.014504075091026709,0.027901108028961497,0.30990995146433736,0.9847789826549247,0.766720047170136,0.9997235807833659,0.006005535742494225
35.45728643216081,0.2278457012158743,0.6955246544696905,0.9533387655331246,4.610986258316859e-5,0.28211706774716727,0.014136604778931817,0.026182334959427175,0.3041546942421833,0.9878869966614243,0.7438354565122565,0.9991613149232167,0.005231572741935234,0.2279175098774611,0.6955102815601417,0.9533786203421578,4.8299195258337866e-5,0.2809475053686091,0.014136684209580098,0.026170421250488154,0.3041546984999537,0.987812443340792,0.744581056565517,0.9991780392878874,0.005231566178784574,0.22800737670821827,0.6954925447923362,0.9534284719509754,5.1034996351636835e-5,0.2795037493484663,0.014136783706793537,0.026155707164948534,0.3041547037310886,0.987718424907897,0.745525515087029,0.9991990517472467,0.005231558199569897,0.22817979613179729,0.6954590420360217,0.9535247205785499,5.631258102273342e-5,0.2767713140471412,0.014136976563630593,0.02612787278447722,0.3041547134251768,0.9875321710443136,0.7473439335360441,0.999230639429748,0.005231543507066276,0.22845541540730005,0.6954062797525457,0.9536815260881721,6.491293960653679e-5,0.2724627642792621,0.01413729355541946,0.02608392516099034,0.30415472821498024,0.9871970145334682,0.7504220169353343,0.9992822553265558,0.005231521335638224,0.2289790849029195,0.695308051662039,0.9539891857357491,8.737329639721364e-5,0.2643044771320197,0.014137929594128885,0.026001735427997642,0.30415475433058764,0.9864954003955799,0.7568223177268164,0.9993883985166588,0.0052314830201076485
35.69849246231156,0.2228115569638241,0.700928641115189,0.9481118389807209,0.0,0.2874469336619505,0.013775206211743034,0.02435236219065102,0.2983961893815981,0.989429354886282,0.7337551050630657,0.9986204225212909,0.0045129181731863545,0.2228821095694361,0.7009143676756872,0.9481532117588745,0.0,0.28625069548043414,0.013775283934715823,0.024340752822557876,0.2983961936247261,0.9893586963583109,0.7344997625908622,0.9986415499204178,0.00451291200261858,0.2229704049460302,0.7008967530737552,0.9482049620581104,0.0,0.2847740142862724,0.013775381289712302,0.024326414002780104,0.2983961988386151,0.989269615990897,0.7354430275301425,0.9986680906269276,0.004512904499995841,0.22313981805255415,0.7008634791574636,0.9483048766072948,0.0,0.2819792426026117,0.013775569987105076,0.024299287474592552,0.29839620850177984,0.989093137567082,0.7372597350824246,0.9987104480013991,0.004512890682756769,0.22341067180498086,0.7008110720325614,0.9484676550639265,0.0,0.2775720157017669,0.013775880126287408,0.02425645187609012,0.2983962232470833,0.9887746254579716,0.74033515135009,0.9987799408265402,0.00451286982605558,0.22392545157923463,0.7007134871950849,0.9487870381215697,5.504594900501823e-6,0.2692288019130406,0.013776502389991997,0.02417632228578378,0.2983962492917366,0.9881087646667127,0.7467326431322187,0.9989227447306833,0.004512833770360278
35.93969849246231,0.21780364995078402,0.7063485362189815,0.9425577018695991,3.097175269875355e-5,0.29280290390117664,0.013418435756008014,0.02259543818389022,0.2926343611436615,0.9908663566766334,0.7234940159479383,0.9979483411395591,0.003849193991453777,0.21787293901856009,0.7063343679960549,0.9426005380868963,2.8737664096897536e-5,0.2915798178331011,0.01341851177959563,0.022584139752923067,0.2926343653702358,0.9907997463410433,0.7242371575798148,0.9979739590324553,0.0038491882243917325,0.21795965355215763,0.7063168826609499,0.9426541188653559,2.5946059952705054e-5,0.2900699990919548,0.013418607002901858,0.02257018438072772,0.29263437056454505,0.9907157937115506,0.7251785026369779,0.998006136401309,0.0038491812117197855,0.21812604190475193,0.7062838510288229,0.9427575676499663,2.0561276762205346e-5,0.2872124890724509,0.013418791561622453,0.022543781298228385,0.2926343801924552,0.9905494505733876,0.7269920757878814,0.9980594711185512,0.0038491682945760502,0.21839209872087478,0.7062318203193646,0.9429261045500431,1.178761682353032e-5,0.2827059495162815,0.013419094883046219,0.022502082663255846,0.29263439488663584,0.990248155464895,0.7300624056134706,0.9981471724533749,0.0038491487905750114,0.2188979211610262,0.7061349185893655,0.9432567904992858,0.0,0.2741766229821215,0.013419703443007098,0.022424060958956306,0.29263442084868446,0.989619125081428,0.7364519415739722,0.9983272686946608,0.003849115063777902
36.18090452261307,0.21282197681231566,0.7117844612137458,0.936668294999187,0.00014151272470743477,0.2981845778690957,0.013066205653297974,0.020910762712917877,0.2868691941647822,0.9921980598083133,0.7130530602390657,0.9971457435678642,0.0032399294487013125,0.2128899950415245,0.7117704040275483,0.9367125386553455,0.0001369985849392721,0.29693447440396104,0.013066279985699064,0.02089978179563703,0.2868691983728499,0.9921356511855779,0.7137941154775418,0.9971759387368031,0.0032399240961652437,0.21297511957049728,0.7117530551518063,0.9367678798626939,0.00013135806941357473,0.29539130891834614,0.01306637308772473,0.02088621802936225,0.2868692035451943,0.9920570161196332,0.7147328179913764,0.9972138603418923,0.0032399175869295502,0.21313846517389223,0.711720279423503,0.9368747276454596,0.00012047841639806809,0.29247066461876864,0.013066553528313058,0.020860553944350935,0.2868692131334219,0.9919011684165722,0.7165418403681175,0.9972783784376139,0.0032399055949441586,0.21339969437103934,0.711668646669492,0.937048802697532,0.00010275312872280266,0.2878641863792277,0.013066850066436967,0.02082001715397487,0.28686922776970464,0.9916176634237913,0.7196046765540429,0.9973846172643435,0.0032398874820011056,0.21389649335111802,0.7115724684516516,0.937390359651477,7.332779256377254e-5,0.27914757863561634,0.013067444993111025,0.02074415100045328,0.28686925363721394,0.9910265416009278,0.7259811355841397,0.9976026324302792,0.003239856153860071
36.42211055276382,0.20786653034931046,0.7172365364412482,0.930435360472036,0.00033417057009952326,0.30359156268801896,0.012718430353794071,0.01929754274511308,0.2811006732160204,0.9934245325812153,0.7024331130788498,0.9962133150457106,0.0026846560099342584,0.20793327061796432,0.7172225961853932,0.9304809540637338,0.0003273291799237815,0.30231427483923584,0.012718503003181945,0.01928688589881159,0.28110067740359773,0.9933664792891644,0.7031715143014023,0.9962481735857692,0.002684651083412366,0.2080167962048885,0.7172053910530223,0.9305379837696299,0.0003187809049220332,0.30073755652641787,0.012718593994303487,0.01927372187376154,0.281100682551554,0.9932933517365367,0.704106855251961,0.996291946147049,0.0026846450916902164,0.2081770814995973,0.7171728850232603,0.9306480916848834,0.0003022933356320682,0.2977533878970552,0.01271877033724497,0.01924881229756759,0.28110069209560234,0.9931483598660398,0.7059099176184909,0.9963678520174267,0.002684634051154124,0.20843345311611006,0.7171216720470941,0.9308274786903087,0.00027543366774322026,0.29304635425954983,0.012719060126494484,0.01920946217750668,0.28110070666711723,0.9928832185307015,0.7089628650878472,0.9964929546791584,0.0026846173700044796,0.20892116397772142,0.7170262582963521,0.931179463089447,0.00022801583878814024,0.28414131414640714,0.012719641489547453,0.019135799158498314,0.2811007324278651,0.9923310843413649,0.7153211518096705,0.9967495102503077,0.0026845885109644313
36.663316582914575,0.20293729969536486,0.7227048809003792,0.9238504554074284,0.0006115486787569933,0.30902347382164086,0.012375026622038864,0.017754994090524636,0.27532878323212673,0.9945458533669491,0.6916350515228351,0.9951517512411899,0.0021829083789004825,0.20300275505754437,0.7226910635415026,0.9238973399134112,0.0006023315703285623,0.3077188370739339,0.012375097596757503,0.01774466785482138,0.2753287873972314,0.9944923090975767,0.6923702339756197,0.9951913585507568,0.0021829038915176296,0.2030846729858401,0.7226740095271983,0.92395598428858,0.000590815105778412,0.3061083629009994,0.012375186487560325,0.01773191168545764,0.27532879251837916,0.994424879103362,0.6933014979763099,0.9952410879224624,0.0021828984334194414,0.20324188084163855,0.722641787164597,0.9240692098088874,0.0005686035346922583,0.3030602856639202,0.012375358753779628,0.017707772093218492,0.27532880201376675,0.9942911036557263,0.6950971982173518,0.9953285843011829,0.002182888374807586,0.20349336562619058,0.7225910160689908,0.9242536766206125,0.0005324218188037934,0.2982520890341293,0.012375641829461685,0.017669633421931966,0.275328816513706,0.9940448998570626,0.6981378739860753,0.9954728744637743,0.002182873174053624,0.20397192515656848,0.7224964082888393,0.9246156329757891,0.0004666472579977081,0.2891574823325169,0.012376209698059717,0.01759822104049414,0.2753288421552232,0.9935328331250458,0.7044729187156646,0.9957685867546648,0.0021828468568757587
36.904522613065325,0.19803427038362176,0.7281896126185028,0.9169049202681439,0.0009763158883130511,0.3144799335856521,0.012035913187575317,0.01628233869740503,0.2695535092636159,0.9955621107356584,0.6806597573976391,0.9939617601998382,0.0017342229241536754,0.19809843406722671,0.7281759241968554,0.9169530350513602,0.0009646733112172134,0.31314778584859015,0.012035982495595544,0.016272349588919658,0.2695535134041752,0.9955132292336202,0.6813911592072093,0.9940062009758962,0.0017342188875522978,0.19817873583833276,0.7281590287670677,0.9170132182453177,0.0009501266291612666,0.3115033557751469,0.012036069296195467,0.016260009361956193,0.26955351849598214,0.9954516869115397,0.6823176345196269,0.9940619921406791,0.001734213977327242,0.19833284954876343,0.7281271042160598,0.9171294149346605,0.000922071904885927,0.3083909913153196,0.012036237505643223,0.01623665517835357,0.2695535279380028,0.9953294886190209,0.6841045776707713,0.9941612800885881,0.0017342049271653916,0.19857941895128747,0.728076797387912,0.9173187230100583,0.0008763755258632791,0.30348103304558655,0.012036513901208485,0.016199752659599238,0.2695535423591543,0.9951027964924871,0.6871306109035409,0.9943250787279154,0.0017341912475273033,0.19904876536648525,0.7279830376307806,0.9176901835658162,0.0007918703010425133,0.29419574218025507,0.012037068343934542,0.01613063833477337,0.26955356786870954,0.9946318776290474,0.6934373697067894,0.9946605588163651,0.0017341675468469466
37.14572864321608,0.19315742443301198,0.7336908486493713,0.9095898715182194,0.001431208659265225,0.3199605709696172,0.01170101068473504,0.014878804553588292,0.2637748364749963,0.9964734033458876,0.6695081172758458,0.9926440621026611,0.0013381376416336955,0.1932202898377213,0.7336772952785408,0.9096391543086035,0.001417089541748756,0.318600752536136,0.011701078333939002,0.014869159068198893,0.2637748405888945,0.9964293383862382,0.670235179451906,0.9926934203291556,0.0013381340675440018,0.19329896716852998,0.7336605659908609,0.9097007984282038,0.0013994489664389798,0.3169221694630891,0.011701163054338989,0.014857242845632442,0.26377484564877374,0.9963738738909916,0.6711561579893148,0.9927553773836081,0.001338129719559888,0.19344997044592968,0.7336289535706629,0.9098198159065018,0.0013654287732233574,0.3137451447317693,0.011701327226742197,0.01483468945127336,0.2637748550326198,0.9962636135748856,0.6729329562431698,0.9928666562603388,0.0013381217046063874,0.1936915966094872,0.7335791336790585,0.9100137202743773,0.0013100200045988598,0.30873283496972864,0.011701596975267169,0.014799047726793963,0.26377486936761174,0.9960570074266487,0.6759419882615678,0.9930502816143914,0.001338109587173116,0.1941516695376506,0.7334862645469826,0.9103942046461528,0.0012064002635764361,0.29925575871715254,0.011702138059923423,0.01473227878899049,0.2637748947321754,0.9956283172694902,0.682215443010075,0.9934261352745591,0.0013380885783002246
37.38693467336683,0.18830674047468726,0.7392087049283329,0.9018962060548574,0.0019790296149263843,0.32546502193206495,0.011370241693016049,0.013543626592217018,0.2579927501607376,0.9972798396442997,0.6581810212327373,0.991199388019094,0.0009941927280216851,0.1883683011696882,0.7391952927950006,0.9019465929056597,0.0019623815322563887,0.32407737543376264,0.01137030769119895,0.013534331204965453,0.25799275424581475,0.9972407450109203,0.6589031876700844,0.9912537469588932,0.000994189628276387,0.18844534598969365,0.7391787372981449,0.9020096179604727,0.0019415817023323212,0.32236444514816537,0.01137039034129125,0.01352284702374373,0.25799275927112586,0.9971915485113948,0.6598179649999599,0.991321973103561,0.0009941858570148162,0.18859322295965664,0.7391474515024868,0.9021313017981102,0.0019014704879713271,0.319122392558548,0.0113705504961576,0.013501109754542228,0.2579927685918871,0.9970935870308112,0.6615832377109829,0.9914454405483103,0.0009941789042557788,0.18882987871135232,0.7390981414983813,0.9023295508867246,0.0018361463738392403,0.3140071500824791,0.011370813630351594,0.013466753402904147,0.2579927828331869,0.9969076412552336,0.6645729220020056,0.9916492080862246,0.000994168390493315,0.18928061917457265,0.7390062061425976,0.9027185657225688,0.001713018114545308,0.3043372032671437,0.011371341423975381,0.013402377091548403,0.2579928080394283,0.9965222609096456,0.6708080803930999,0.9920660357288457,0.0009941501494078035
37.62814070351759,0.1834821938574294,0.7447432962647379,0.8938145957547546,0.0026226491337150667,0.3309929292313575,0.011043530677817591,0.012276046640239258,0.252207235744309,0.9979815376856138,0.646679362698826,0.9896284795239322,0.0007019305836910763,0.18354244357917748,0.7447300316287019,0.893866020997697,0.002603418277640819,0.3295772995948966,0.011043595032689377,0.012267107804952177,0.25220723979836074,0.9979475671500552,0.6473960801790977,0.9896879217111769,0.0007019279702074747,0.18361784802766037,0.7447136576622314,0.8939303448439231,0.0025793921070554034,0.32782983071614874,0.011043675622257717,0.012256063676704494,0.2522072447864083,0.9979048288030473,0.6483039555253232,0.9897625192410315,0.0007019247902802106,0.1837625832235735,0.744682713159117,0.894054536453452,0.0025330610080740003,0.3245223880415452,0.011043831778879755,0.012235157823272782,0.2522072540390717,0.9978195270046759,0.6500563292140905,0.989898371154241,0.000701918926926344,0.18399424206558782,0.7446339362749602,0.8942568719139351,0.002457613241961362,0.3193036400997061,0.01104408833109185,0.012202111358905188,0.25220726817898415,0.9976548160034077,0.6530243314376881,0.9901225935467981,0.0007019100586696957,0.1844355924619851,0.7445429783953484,0.89465391054716,0.0023145720794825525,0.3094397532976677,0.011044602899970656,0.012140174819957853,0.252207293213268,0.9973138266864567,0.6592162270123239,0.9905809901622563,0.0007018946620477756
37.86934673366834,0.17868375675029335,0.7502947363348448,0.8853354818841539,0.003365006982239186,0.33654394226182627,0.010720803933331264,0.01107531336650686,0.24641827877722527,0.9985786249550916,0.6350040383154327,0.9879320883219133,0.0004608958154349834,0.17874268940030094,0.7502816255288081,0.8853878780833868,0.003343138129020539,0.3351001766663648,0.010720866652518235,0.01106673751572377,0.24641828279800246,0.9985499322558257,0.6357147565086029,0.9879966955547234,0.0004608937002345958,0.1788164458235495,0.7502654409230356,0.8854534163662664,0.003315816767209213,0.33331798059368983,0.01072094519123978,0.011056141426464116,0.24641828774603658,0.9985138421802766,0.6366150327534197,0.9880777658501075,0.0004608911263623957,0.17895802418120077,0.7502348525544263,0.8855799528912038,0.0032631335320651494,0.32994479086818773,0.010721097368698985,0.011036082233500284,0.24641829692548436,0.9984415608491226,0.6383531411103074,0.9882261963760255,0.0004608863798588841,0.17918466028193886,0.7501866323038013,0.8857861094162324,0.0031773483338409848,0.324621973021997,0.010721347370924625,0.01100437010557465,0.2464183109561506,0.9982986589517687,0.641297139105983,0.9884711834675707,0.000460879199323637,0.17961656436797335,0.7500966961483434,0.8861906515087358,0.0030139792597601773,0.31456309227145957,0.010721848780610818,0.0109449203891583,0.24641833580453415,0.9980031418394876,0.6474408312644755,0.9889717385717297,0.00046086672452008557
38.11055276381909,0.17391139824255752,0.7558631376752066,0.876449069369195,0.004209113987571725,0.34211771689488046,0.010401989527497303,0.009940682230195223,0.2406258649381026,0.9990712381935091,0.6231559477931652,0.9861109758797856,0.0002706352390026328,0.1739690078852111,0.7558501871045514,0.8765023672740179,0.004184550464987312,0.34064566473056135,0.01040205061854366,0.009932475774812212,0.24062586892331148,0.9990479770155982,0.6238601192588684,0.986180829213342,0.0002706336341965445,0.17404110883377993,0.7558341997803709,0.8765690333686992,0.004153863256185909,0.33882855559175024,0.010402127115990993,0.009922335684653352,0.24062587382852563,0.9990187252673258,0.6247521029445203,0.986268472731349,0.00027063168122389757,0.17417951568603493,0.7558039825619003,0.8766977475693449,0.0040946921667243215,0.33538926701321997,0.01040227533316167,0.009903138350364216,0.2406258829295357,0.9989598250784192,0.6264745868328832,0.9864296742414601,0.0002706280792504923,0.17440110387139018,0.7557563427389781,0.8769074527069594,0.003998350156337859,0.3299618229842038,0.010402518817049074,0.009872784941758481,0.240625896842931,0.9988393064647282,0.6293922706252963,0.9866957330232177,0.0002706226290198842,0.17482350674439576,0.7556674731030938,0.8773189638829771,0.0038142272942637235,0.3197069095029711,0.010403007132373967,0.009815868999825898,0.2406259214911616,0.9985903425422907,0.635482844641012,0.9872390306059661,0.0002706131540862223
38.35175879396984,0.16916508444105272,0.761448611676059,0.8671453209230483,0.005158053750656943,0.3477139153250251,0.010087017248939168,0.008871415428978778,0.2348299800317226,0.9994595232246103,0.6111359937733947,0.9841659130657684,0.00013069788142197256,0.16922136530145804,0.7614358278188388,0.8671994494193627,0.005130737404742053,0.3462134281524101,0.010087076719308563,0.008863584758122166,0.23482998397902397,0.9994418471797581,0.6118330739619448,0.9842410928057237,0.00013069679921903811,0.16929180352746087,0.7614200457874764,0.8672671543701821,0.005096611846190021,0.34436122275379233,0.010087151184951633,0.008853908600962182,0.23482998883855613,0.9994196237266991,0.6127160752920772,0.9843354090720325,0.0001306954821093187,0.16942702459900993,0.7613902149080884,0.8673978745063752,0.005030813638087248,0.3408554885892211,0.010087295460504537,0.008835588276508403,0.23482999785580022,0.9993744651977352,0.6144215827508382,0.9845095721493262,0.00013069305257553096,0.16964354034373924,0.761343179587175,0.8676108484688028,0.004923689705260274,0.3353228701095928,0.010087532457360956,0.0088066179027787,0.23483001164373268,0.9992769038213234,0.6173106545545649,0.9847970067340726,0.00013068937561853982,0.17005638842467832,0.7612554218129822,0.8680287799388297,0.004718376059206773,0.3248709000190814,0.01008800774244835,0.008752282586745801,0.23483003607724456,0.9990755737361331,0.6233432215855518,0.9853836252105044,0.00013068297930652055
38.5929648241206,0.16444477856493722,0.7670512685755946,0.857413951026228,0.006214984402279924,0.35333220592051545,0.009775818555794085,0.007866781847463596,0.2290306099881063,0.9997436347849905,0.598945081692423,0.9820976797962289,4.0634983152535184e-5,0.16449972502679183,0.7670386579821828,0.8574688370866876,0.006184855562774049,0.3518031374309977,0.009775876412870975,0.007859333328233515,0.22903061389511434,0.9997316973919886,0.5996345289457047,0.9821782654924837,4.063443585125833e-5,0.1645684934812301,0.7670230893450585,0.8575374895448233,0.0061472172619607725,0.34991565520859086,0.009775948856078838,0.007850129011543383,0.2290306187060464,0.9997166920899131,0.6005078617864616,0.9822793530936069,4.063376969330404e-5,0.1647005148834025,0.7669936601666149,0.8576700392555527,0.006074649042115996,0.34634313370165126,0.009776089208484972,0.007832700800429731,0.22903062763408905,0.9996856355348198,0.6021950480322358,0.98246666651767,4.063254074012729e-5,0.16491193430261267,0.7669472537016225,0.8578859947229043,0.005956512214986885,0.3407048003684031,0.009776319749282643,0.00780513770878963,0.22903064128819922,0.9996116050484103,0.6050532222555307,0.9827757781157465,4.063068039691498e-5,0.1653151753190475,0.7668606536771356,0.8583097828975215,0.005729559412805634,0.3300547644241595,0.009776782067561987,0.007753429767274508,0.2290306654921105,0.9994589889660458,0.6110229193542017,0.9834062902799292,4.062744216037985e-5
38.83417085427136,0.15975044103798394,0.7726712174539874,0.8472444197563848,0.007383140402105166,0.3589722630785297,0.009468326526360432,0.006926057005619991,0.22322774086159416,0.9999237363563257,0.5865841196484928,0.9799070646894931,0.0,0.15980404764147846,0.7726587867470707,0.8472999883892105,0.00735013784727444,0.3574144690556951,0.009468382777451514,0.006918996982896771,0.22322774472587772,0.9999176910218922,0.5872653952006205,0.9799931351303001,0.0,0.1598711394716036,0.7726434396955656,0.8473694945486627,0.00730891047804894,0.3554915320274713,0.009468453207494228,0.006910272387364671,0.2232277494852341,0.9999100935906031,0.5881283770814834,0.9801010917062575,0.0,0.15999994769724865,0.772614427752484,0.8475036927284515,0.007229425641259893,0.35185188630825875,0.009468589655028253,0.006893751344916849,0.22322775831853287,0.9998934990740502,0.5897959045101265,0.9803017424391766,0.0,0.16020624753799215,0.7725686747763406,0.8477223346471503,0.00710003894965206,0.34610730544068974,0.0094688137704102,0.006867619713224148,0.22322777183029072,0.9998435727561507,0.5926209077578629,0.9806328293357867,0.0,0.1605998305072681,0.7724832789345154,0.8481514007404822,0.006850986980445809,0.33525820876908624,0.009469263184629215,0.006818585789673565,0.22322779578940066,0.9997407502191672,0.5985228978786583,0.9813078023170481,0.0
39.07537688442211,0.15508202957844844,0.7783085662283836,0.8366259264637974,0.008665834381374204,0.3646337670847034,0.009164475811487556,0.006048523007215141,0.2174213588299384,0.9999999999999927,0.5740540182714541,0.977594864726638,8.348604877329333e-6,0.15513429101819354,0.7782963221026891,0.8366821006602169,0.00862989530270529,0.3630471053665568,0.009164530463823166,0.006041857803438481,0.21742136264901996,0.9999999999999927,0.5747265862491987,0.9776864979330362,8.349164671220894e-6,0.1551996995649038,0.7782812049178515,0.8367523641920722,0.008585000560743393,0.36108853808588626,0.00916459888987341,0.00603362078276655,0.21742136735376794,0.9999999999999927,0.5755785383635691,0.9778014201704351,8.349846159294188e-6,0.15532528148333752,0.778252625916683,0.8368880248640447,0.008498448703033894,0.3573814360827453,0.009164731450617076,0.006018021915553185,0.2174213760866714,0.9999982272927811,0.5772250765512572,0.9780155933434805,8.351103719963528e-6,0.15552643911631406,0.7782075513407419,0.837109050239849,0.008357569040438108,0.35153008258328844,0.009164949170902804,0.005993345851304246,0.2174213894473758,0.9999729779758451,0.5800146476269484,0.9783689508772679,8.353008170589327e-6,0.1559103143289537,0.7781234066585057,0.8375427998623738,0.00808594598462463,0.3404809444243102,0.009165385743139704,0.0059470324817777025,0.21742141314616198,0.9999210277653562,0.5858441196321278,0.97908894609895,8.356327275609504e-6
39.31658291457287,0.1504394992865768,0.783963421647767,0.8255474032886676,0.010066459032549322,0.3703164039768529,0.00886420258863614,0.005233468488541389,0.21161145019340052,0.9999726061939811,0.5613556905950403,0.9751618849191588,6.523868936188064e-5,0.15049041040955596,0.7839513708698369,0.8256041039689453,0.010027518997703978,0.36870073441894136,0.008864255649371542,0.005227204403475184,0.21161145396475534,0.999978804655022,0.562019018018066,0.9752591581397256,6.523982154021143e-5,0.15055412920482653,0.7839364919222437,0.8256750259538758,0.009978876554226137,0.3667063639290571,0.008864322080506295,0.005219462784084467,0.21161145861180453,0.9999865914646449,0.5628592652236252,0.9753811417652439,6.52411999606632e-5,0.15067647205684334,0.7839083617412186,0.8258119581394199,0.009885103385498159,0.36293147828247674,0.008864450772351744,0.005204801049374237,0.21161146723855195,0.9999999999999928,0.5644834909274083,0.9756090206663204,6.524374392614365e-5,0.15087246546820796,0.7838639907545917,0.8260350558248912,0.009732481366450302,0.3569728345007509,0.008864662127542665,0.0051816045887701865,0.2116114804393291,0.9999999999999928,0.5672353808344056,0.9759849412091877,6.5247597316187e-5,0.15124658447151137,0.7837811447518125,0.8264728785653157,0.009437803121014207,0.3457226879566522,0.00886508591921804,0.005138058199688681,0.21161150386194458,0.9999999999999929,0.5729875494979182,0.9767505143498033,6.525431711216434e-5
39.55778894472362,0.14582280272981712,0.7896358892883375,0.8139975085162419,0.011588489045229114,0.3760198654127535,0.008567444517541337,0.0044801885670802686,0.20579800137385834,0.9998417436720879,0.5484900519317275,0.9726089379833788,0.00017023036505339105,0.14587235853336702,0.7896240386964601,0.8140546544742617,0.011546481959586916,0.3743750498521369,0.00856749599375794,0.004474331877691671,0.20579800509491483,0.9998542935534609,0.5491436087126793,0.9727119276893008,0.00017023208230794706,0.1459343812977112,0.7896094064458449,0.8141261333332138,0.011494009415252283,0.3723447056416677,0.008567560438960153,0.004467093458450949,0.2057980096811161,0.9998700563464807,0.5499714795314117,0.9728410674635505,0.0001702341732274791,0.14605347269065885,0.7895817411343883,0.8142641409181453,0.011392856668460011,0.3685017136201436,0.008567685279613107,0.00445338376361489,0.2057980181958367,0.9998990051771801,0.5515720766892885,0.973082833525407,0.00017023803267538756,0.14624428047393379,0.7895380992032948,0.8144889913944136,0.011228236483718063,0.3624352692201229,0.008567890299397814,0.004431690870519658,0.20579803122763887,0.9999248262246061,0.5542840486311161,0.9734816064635353,0.00017024387987678454,0.14660859605578183,0.7894565999416427,0.8149302603903169,0.010910006479972596,0.3509831610097894,0.008568301371286067,0.004390957776482006,0.20579805435790918,0.9999778532890027,0.559954154640656,0.974293307420282,0.00017025408265917188
39.798994974874375,0.1412318901065134,0.7953260734174002,0.80196463579476,0.013235478176863574,0.38174384894611635,0.00827414077803316,0.003787985739129947,0.19998099893055699,0.9996076089489668,0.5354580184534515,0.9699368428626748,0.00032288656595927807,0.14128008573659623,0.7953144299202998,0.8020221437363426,0.013190336220222415,0.3800697511658603,0.008274190677203547,0.0037825427047785756,0.19998100259879123,0.9996266630234966,0.5361012773861934,0.9700456247375369,0.00032288888451890193,0.14134040637688486,0.7953000529143628,0.8020940752770226,0.013133949024315902,0.37800326512498933,0.0082742531459361,0.0037758152635153815,0.19998100712105482,0.9996505907453161,0.536916103989787,0.9701820144424633,0.00032289170790628595,0.1414562342804668,0.7952728686905363,0.8022329571123822,0.013025254299589804,0.37409184854229455,0.008274374154078985,0.0037630724793636474,0.1999810155180052,0.9996954384979968,0.5384917636910884,0.9704378472176278,0.00032289692079355624,0.14164183562981608,0.7952299815536085,0.8024592326988086,0.012848373447437481,0.36791710037271674,0.00827457286995498,0.0037429070694204366,0.19998102837204504,0.9997476516631925,0.5411615930182474,0.970859758907763,0.00032290482285955664,0.14199630180281267,0.7951498776314374,0.8029033046022228,0.012506082264945801,0.3562620905814107,0.00827497128411326,0.00370503349371826,0.19998105119385837,0.9998547814803425,0.54674490290434,0.9717181317436275,0.00032291860596263744
40.040201005025125,0.13666670930686575,0.8010340770530974,0.7894369022433142,0.015011062805823703,0.38748805769588696,0.007984231985618446,0.003156169383107495,0.19416042955136137,0.9992704062487778,0.5222605076126113,0.9671464248666057,0.0005227727785103349,0.13671354005521794,0.8010226476312827,0.7894946865715037,0.014962716442687941,0.3857845433851919,0.007984280314759416,0.0031511462356777404,0.19416043316412515,0.999296117088878,0.5228929443828358,0.9672610738144226,0.000522775712000663,0.13677215266111784,0.8010085345069711,0.789566963721722,0.014902327906402302,0.3836817497565015,0.007984340815916875,0.003144937516822348,0.19416043761920715,0.9993283984392217,0.5236940626058153,0.9674048062631843,0.0005227792845489612,0.1368847054004071,0.8009818477602763,0.7897065130876416,0.014785924701620977,0.37970159487816796,0.007984458009073747,0.0031331764522283027,0.19416044589233655,0.9993895032816582,0.5252434831185893,0.9676748834445401,0.0005227858821424574,0.13706508009881807,0.8009397414341396,0.7899338769810236,0.014596514067098719,0.3734180468228358,0.007984650450412415,0.003114562346370108,0.19416045855928482,0.999468678923899,0.5278689573814366,0.9681202172537136,0.0005227958875501648,0.13740965208082176,0.8008610819904473,0.7903800908832453,0.014229639342080021,0.36155920864516405,0.00798503626678207,0.0030795943795945235,0.19416048105589692,0.9996309859029513,0.5333607635544735,0.9690258002158632,0.0005228133385216445
40.28140703517588,0.13212720581406928,0.8067600022398191,0.7764021066948414,0.01691897461485536,0.3932521993765712,0.0076976599831472215,0.002584053701790155,0.18833628001671557,0.9988303480422919,0.5088984407909085,0.9642385178502997,0.0007694557666286821,0.13217266711683182,0.8067487939448391,0.7764600795007817,0.0168673525336748,0.39151913610288597,0.007697706749140909,0.002579456648955056,0.18833628357129883,0.998862868001517,0.5095195339771559,0.9643591079856267,0.0007694593282935829,0.13222956595908208,0.8067349534276094,0.7765325922971134,0.01680287375480806,0.3893798714469332,0.007697765291450785,0.0025737743677492044,0.18833628795587976,0.9989036914114835,0.5103062833182822,0.9645102750102869,0.0007694636662683534,0.13233883221121429,0.8067087807174921,0.7766725968909745,0.01667859131688598,0.3853306689254067,0.007697878686817763,0.0025630097784828344,0.18833629609899474,0.9989814110085702,0.5118281700910701,0.9647947724066446,0.0007694716789800122,0.13251396062523713,0.8066674814939743,0.7769007031862272,0.016476374918424463,0.3789378318018191,0.007698064882440691,0.0025459707196346733,0.1883363085692933,0.9990881187044087,0.5144070890400065,0.9652638086698154,0.0007694838347750766,0.1328485948272992,0.8065903162060233,0.7773483803450647,0.016084380947721355,0.36687425134602325,0.007698438160140223,0.002513954331633197,0.1883363307235835,0.999306675843282,0.5198027098223099,0.9662171341310789,0.0007695050404593707
40.52261306532663,0.12761332289437144,0.8125039498365384,0.7628477457169888,0.018963035560261066,0.3990359868262121,0.0074143679324236485,0.002070959158372677,0.18250853722488558,0.9982876544442918,0.49537274120016545,0.9612139621654027,0.001062504506267603,0.1276574103302309,0.8124929697906321,0.7629058167301697,0.018908064627867833,0.3972732440026986,0.007414413142081306,0.0020667943841351424,0.18250854071852976,0.9983271356404573,0.4959819722722458,0.9613405668086874,0.0010625087094409214,0.1277125898583053,0.8124794106940635,0.76297845225518,0.018839404433828498,0.39509734715786715,0.007414469734180843,0.002061646227278779,0.1825085450292302,0.9983766892515971,0.49675369589251467,0.9614992592544843,0.0010625138292172593,0.1278185586479409,0.8124537687491505,0.7631186940705806,0.01870706765220655,0.3909787919565027,0.007414579348775496,0.0020518928171302715,0.18250855303602276,0.9984713807253195,0.4982467615504403,0.9617983507795296,0.0010625232876781629,0.12798842172023261,0.8124133031940102,0.7633471875647527,0.01849176246807121,0.38447618339586453,0.007414759327205116,0.0020364524720896163,0.18250856529993237,0.9986061892040474,0.5007769371293654,0.9622913667816965,0.0010625376412703275,0.12831307573136555,0.8123376822756325,0.7637956309633271,0.018074099888124178,0.3722069594604149,0.007415120124730564,0.0020074335122247035,0.18250858709443962,0.9988820679661014,0.5060717167475343,0.9632929612102049,0.0010625626891912533
40.76381909547739,0.12312500167323571,0.8182660195111623,0.7487610064016642,0.021147159964077778,0.40483913790026294,0.00713430027850768,0.0016162124444417951,0.17667718819143047,0.9976425530576586,0.48168433374413266,0.9580736043441208,0.00140149019754037,0.12316771096152625,0.8182552749070816,0.7488190829267396,0.02108876518440913,0.4030465867536327,0.007134343938570904,0.001612486109032056,0.17667719162132836,0.997689147356567,0.4822811870622341,0.9582062960182273,0.001401495055650865,0.12322116580125005,0.8182420061325361,0.7488917252299635,0.021015830080410698,0.40083389879643155,0.0071343985890086545,0.0016078797343260455,0.17667719585470756,0.9977476190006451,0.48303723178378355,0.9583726037392477,0.0014015009737167157,0.12332382649595004,0.8182169118500278,0.7490319804041388,0.02087525938498586,0.3966456901143828,0.007134504439673021,0.0015991521546584312,0.17667720371875495,0.9978596388913924,0.48450019612628686,0.9586864614032264,0.0014015119087820794,0.12348840573767739,0.818177306802103,0.7492604963476084,0.020646575189497945,0.39003283444302417,0.007134678229137645,0.0015853341132200747,0.17667721576635495,0.9980231159727387,0.4869794524689805,0.9592037313660776,0.001401528507945314,0.1238030383096227,0.8181032810022235,0.7497089902047832,0.02020268065980887,0.3775570782970224,0.007135026604373631,0.0015593583081896525,0.17667723718327444,0.9983573861666806,0.49216876104726126,0.960254115299685,0.0014015574863128451
41.00502512562814,0.11866218120804597,0.8240463097378253,0.7341287586655403,0.02347535675585852,0.41066137536077796,0.006857402713683058,0.0012191464297973385,0.17084222004835747,0.9968952788254366,0.4678341449074447,0.9548182968114766,0.0017859862650385213,0.11870350820687543,0.8240358078385478,0.734186745517451,0.023413461226277587,0.4088388888998457,0.006857444830824915,0.0012158646693760957,0.17084222341165195,0.9969491378249211,0.4684181077210539,0.9549571472384801,0.001785991791598482,0.11875523315807332,0.8240228383748773,0.7342592755342526,0.023336155340766575,0.40658925310609406,0.006857497548062275,0.0012118077056460013,0.17084222756420878,0.9970167150041094,0.46915782402584366,0.9551311590936801,0.0017859985245579565,0.11885457546373311,0.8239983088199551,0.7343993141913997,0.023187166598636885,0.40233109430487335,0.006857599651465857,0.0012041205548158815,0.17084223527897227,0.997146419232808,0.4705894140240079,0.9554599529957338,0.0017860109673006894,0.11901385294706898,0.8239595913903134,0.7346274780323934,0.02294480579485935,0.39560752242826996,0.006857767279904519,0.0011919483288916233,0.1708422471001587,0.997339131765901,0.47301558744971073,0.956001748065339,0.0017860298601684288,0.11931842397924919,0.8238872119913184,0.735075287300054,0.022474101673585208,0.38292435759667975,0.006858103290134868,0.001169061280630262,0.17084226812133937,0.99773286142817,0.47809482100168177,0.9571014360880847,0.0017860628578789202
41.246231155778894,0.11422479855889746,0.829844917794446,0.718937547357825,0.02595173176932275,0.41650242676884297,0.006583622142634105,0.0008791001122861984,0.16500362004328334,0.9960460738849363,0.45382310264675485,0.9514488976035511,0.002215568357946116,0.11426473926329686,0.829834665932873,0.718995346795181,0.02588625663545281,0.4146498797537559,0.0065836627234603,0.0008762690388777397,0.1650036233370675,0.9961073488992482,0.45439366509342827,0.9515939777017958,0.0022155745665595637,0.11431472929746914,0.8298220048560645,0.7190676422634354,0.025804481665367526,0.41236314156062304,0.006583713515872929,0.000872769085600112,0.16500362740523924,0.9961842187667279,0.4551164071216691,0.9517757815513428,0.0022155821311313543,0.11441074325380834,0.8297980572612998,0.7192072283538342,0.025646886074258538,0.408034740092272,0.006583811888515463,0.0008661369085550629,0.16500363496406403,0.9963319625977378,0.45651535691511497,0.952119679872485,0.002215596112843783,0.11456470160452269,0.8297602548322471,0.7194346554760886,0.02539054352335462,0.4011999893816054,0.006583973383582702,0.0008556339312496529,0.16500364654854816,0.9965544764013584,0.4588862959234245,0.9526862681080146,0.0022156173479188535,0.1148591721291781,0.8296895736483688,0.7198810253229199,0.024892437535281014,0.38830855143513576,0.006584297085500759,0.0008358811149361228,0.16500366715549056,0.997008731680928,0.463850876342053,0.9538357688285655,0.0022156544545520024
41.48743718592964,0.10981278885752285,0.8356619397604869,0.7031735841704432,0.02858049009480267,0.4223620243800425,0.006312906648783813,0.0005954185680734159,0.15916137553860502,0.9950951874238667,0.4396521362840053,0.9479662700915826,0.0026898143500234113,0.10985133939761875,0.835651945339157,0.7032310958271161,0.02851135450630708,0.4204792932921998,0.006312945699833797,0.000593044269278728,0.1591613787599224,0.99516402946838,0.4402087913879676,0.9481176499729984,0.002689821254384507,0.10989958965564624,0.8356396018120082,0.7033030312016547,0.028425009659877567,0.41815530026107217,0.00631299457571298,0.0005901088964499076,0.15916138274008423,0.9952503788093433,0.44091391693636334,0.9483073326749469,0.0026898296673970425,0.10999226563175735,0.83561625357674,0.7034419223364711,0.028258613640496283,0.41375636759788237,0.006313089233927297,0.0005845461841939949,0.15916139013619762,0.9954165168141524,0.4422789678296994,0.948666501671645,0.002689845219594265,0.11014088802189677,0.8355793938008462,0.7036682177898522,0.0279879764854431,0.40680998177907746,0.0063132446229977315,0.0005757358089530952,0.15916140147350502,0.9956693966182125,0.4445925330946788,0.9492581480350903,0.0026898688457359615,0.11042522018940136,0.8355104631764857,0.7041123730712463,0.027461861381495995,0.39370941812860427,0.006313556072716449,0.0005591625709185827,0.15916142164735797,0.9961852416638008,0.4494379081408307,0.9504579640671253,0.002689910151561562
41.7286432160804,0.10542608537440173,0.841497470515056,0.6868227393456433,0.03136593849304814,0.42823990504294146,0.006045205461748726,0.0003674529018875563,0.15331547401067636,0.9940428755384432,0.4253221764018099,0.9443712827118337,0.003208304339393044,0.10546324201361064,0.8414877410059209,0.6868798601605234,0.03129305955655129,0.4263268680555401,0.0060452429894967815,0.0003655414407888494,0.1533154771565196,0.9941194353146838,0.42586442007236736,0.944529031679509,0.0032083119532861316,0.10550974780348955,0.8414757242777168,0.6869513065252827,0.031202041495984503,0.42396546983569133,0.006045289957050822,0.00036317818862486375,0.1533154810449845,0.9942154505277498,0.4265512905921174,0.9447266790867822,0.0032083212316792566,0.10559907649343776,0.8414529929672884,0.6870892538069368,0.031026646579650534,0.41949572140146757,0.006045380917005484,0.0003586993777580013,0.153315488271496,0.9944003365494134,0.427881191050977,0.9451012830851514,0.003208338386092705,0.10574234663409882,0.8414171037664449,0.6873140120308273,0.030741394065787266,0.4124372504466393,0.006045530227178315,0.00035160487751102553,0.153315499350965,0.9946841459376813,0.4301352554146114,0.9457182494320188,0.0032083644525299827,0.10601650369845284,0.8413499765744176,0.6877551567445493,0.030186647276261205,0.3991267201420267,0.00604582948023984,0.0003382564333824353,0.15331551907252355,0.9952626427873164,0.4348568987039391,0.94696887737651,0.0032084100485081507
41.969849246231156,0.10106461971634954,0.8473516036787939,0.6698705479977757,0.03431248320039119,0.43413581040850424,0.005780468978190044,0.00019456099424004265,0.14746590305392798,0.9928894005765988,0.41083415339513407,0.9406648075140603,0.003770621185766558,0.10110037884903429,0.8473421466231826,0.6699271720773607,0.03423577595518426,0.43219234735454626,0.00578050498881932,0.0001931184060998327,0.14746590612119492,0.9929738284599078,0.4113614844256346,0.9408289940655354,0.0037706295209965933,0.10114513564294351,0.8473304660296381,0.6699979969744682,0.03413997876543415,0.4297933956436479,0.005780550055894246,0.00019133478102124766,0.14746590991415812,0.9930796955417763,0.41202946502101545,0.9410346910299766,0.0037706396792705136,0.10123110806007277,0.847308369375667,0.6701347446653932,0.03395538153640426,0.42525255073897855,0.0057806373330499565,0.00018795424584432344,0.14746591696395278,0.9932836826656495,0.41332297066930596,0.9414248924336962,0.0037706584628715077,0.1013690101919953,0.8472734789411758,0.6703575489423047,0.0336551849202954,0.4180815507482829,0.0057807805902407895,0.00018259879971056615,0.14746592777455997,0.9935989840288111,0.4155154191371485,0.9420674375264323,0.003770687010833262,0.1016329564929392,0.8472082085827426,0.6707948652590987,0.03307116834346091,0.404560224261426,0.005781067700208232,0.00017252021331854087,0.147465947023961,0.9942411925157646,0.4201088301202311,0.943369367989885,0.003770736975958685
42.211055276381906,0.09672832229773128,0.853224431292811,0.652302265991012,0.03742461200688283,0.44004948795932447,0.00551864893819057,7.61103448955614e-5,0.14161265041876608,0.9916350294208274,0.39618899277889935,0.9368477156890236,0.004376352434977829,0.09676268044705875,0.8532152543011098,0.6523582845371738,0.03734398939102444,0.43807548029446963,0.00551868343759904,7.514263798797909e-5,0.14161265340421023,0.991727475447587,0.39670091282432124,0.9370184075176958,0.004376361501977642,0.096805683878636,0.8532039192640151,0.6524283518716619,0.037243304539527594,0.4356388287926657,0.005518726611669043,7.394611334741693e-5,0.1416126570976848,0.9918433799772527,0.39734937222471656,0.9372322378921502,0.004376372552792045,0.09688829135034688,0.8531824751633014,0.6525636372202495,0.03704929655406618,0.43102661050818486,0.005518810220793656,7.167816777500897e-5,0.14161266396330197,0.9920668205004398,0.39860524578898454,0.9376381971857227,0.004376392989274016,0.09702081023560706,0.8531486119544187,0.6527840594361453,0.036733818958424286,0.4237426435736142,0.005518947449907919,6.808486599111674e-5,0.14161267449348808,0.992414174985434,0.4007339754323129,0.9383065766958069,0.0043764240558495,0.09727451117804735,0.8530852523593887,0.6532167066762278,0.03611987885064992,0.41000970253624824,0.005519222466861674,6.132103268823678e-5,0.1416126932495562,0.9931211526541227,0.40519467923276314,0.9396602943319614,0.004376478447234708
42.45226130653266,0.09241712048536091,0.8591160450640081,0.634102598398414,0.04070697985681649,0.44598068583860256,0.005259697489779933,1.1465026592207321e-5,0.13575570387305216,0.9902800408072675,0.38138763607099174,0.9329208962070785,0.005025081645207639,0.09245007430404964,0.8591071558142086,0.6341578998509859,0.040622352553555875,0.4439760166407904,0.005259730484369421,1.0978190846458444e-5,0.1357557067735393,0.9903806546509001,0.38188364968014393,0.9330981601762873,0.0050250914589774105,0.09249132016936483,0.8590961758396076,0.6342270700756925,0.040516668696975226,0.44150152105037327,0.005259771773547014,1.0376218185873211e-5,0.13575571036368156,0.9905067817597489,0.3825119602804357,0.9333202067818898,0.005025103420803093,0.09257055433888997,0.8590754023511424,0.6343606236580482,0.0403130361165035,0.43681765626582425,0.005259851730613166,9.235136478512718e-6,0.1357557170379347,0.9907500271344162,0.3837289716701261,0.9337420824687922,0.005025125544858214,0.09269767526339845,0.8590425950901267,0.6345782247940189,0.03998193195664101,0.42942029046850877,0.005259982958411958,7.427011490703655e-6,0.13575572727657234,0.9911299945551804,0.38579189176869577,0.9344365488814768,0.005025159184185936,0.09294109732692153,0.85898120070328,0.635005341133522,0.03933739759119685,0.4154749276799968,0.005260245937074892,4.022753422293379e-6,0.13575574551920702,0.9919027964734194,0.3901154394344931,0.9358425321587667,0.005025218101483571
42.69346733668342,0.0881309407748572,0.8650265350253433,0.6152559702210483,0.044164323368899056,0.45192915839450887,0.005003568158927086,0.0,0.12989505134551707,0.9888247169528208,0.3664310175128826,0.9288852348123606,0.005716397964664305,0.0881624870418678,0.8650179412636283,0.6153104400253998,0.04407559982331154,0.44989371232127,0.005003599655024146,0.0,0.1298950541578585,0.9889336479163467,0.3669106321107344,0.929069136969732,0.00571640854021622,0.08820197129525827,0.8650073259426027,0.6153785698477595,0.043964802827968406,0.447381230293923,0.005003639067326605,0.0,0.12989505764075662,0.9890701822789132,0.36751816994900494,0.9292994816139556,0.005716421431519715,0.08827782411363853,0.8649872412885538,0.6155101150089516,0.043751326455821124,0.44262544957850747,0.005003715388121409,0.0,0.12989506411633076,0.9893335830944442,0.36869509621220836,0.9297374302508536,0.005716445277880584,0.0883995328741459,0.8649555189626569,0.6157244442604719,0.04340424149227011,0.43511425883191446,0.005003840641062763,0.0,0.1298950740520907,0.9897467219022066,0.3706901281759893,0.9304582329184548,0.005716481544217899,0.08863264358530572,0.8648961447492629,0.6161451447010262,0.04272842535372831,0.4209556779633401,0.005004091635537788,0.0,0.12989509176080818,0.990586400609572,0.3748720965330515,0.9319169542426846,0.005716545087311563
42.934673366834176,0.08386970826797929,0.8709559898336334,0.5957464542107107,0.04780148345702246,0.4578946645632921,0.004750215558868184,4.1097216480942374e-5,0.12403068089797376,0.9872693456947302,0.3513200702432998,0.9247416192542173,0.00644989356673116,0.08389984388555853,0.8709476993750451,0.5957999745254661,0.04770856989335661,0.4558283278192507,0.004750245562129415,4.1589983272154634e-5,0.12403068361876989,0.9873867427020655,0.35178279613522767,0.924932224843823,0.006449904913734239,0.08393756263593964,0.8709374583844405,0.5958669165438949,0.047592542857593456,0.45327771891599544,0.0047502831047405904,4.219933571423159e-5,0.12403068699025116,0.987533868525248,0.3523689408980212,0.9251709483355499,0.006449918746370761,0.08401002635488751,0.8709180809520165,0.5959961686953897,0.04736899818342147,0.4484497564525961,0.0047503558034398055,4.335455909628208e-5,0.12403069325932971,0.9878177744875815,0.3535045662315033,0.9256251245613025,0.006449944336994542,0.08412630924729526,0.8708874728162169,0.596206762321206,0.04700556959543812,0.4408243203828433,0.0047504751053404,4.518551584380259e-5,0.12403070288006812,0.9882646417376867,0.35542964361711865,0.9263725097505094,0.006449983263740887,0.08434907715727277,0.8708301742671603,0.5966201366125843,0.04629776746924331,0.4264517357576535,0.004750714165034205,4.863426068340086e-5,0.12403072003293136,0.9891722471781492,0.35946563528960196,0.9278844355470834,0.006450051496119028
43.175879396984925,0.07963334647308566,0.8769044970340281,0.5755577115101895,0.051623423849024984,0.4638769670096867,0.00449959522997947,0.00013414358186491135,0.11816258068983648,0.985614221350577,0.33605572927397404,0.9204909419397704,0.007225162328681856,0.07966206846832755,0.8768965177585378,0.5756101617950387,0.05152622401085711,0.4617796273323115,0.004499623747211781,0.0001351350378858069,0.11816258331597039,0.9857402329210584,0.33650107960883874,0.9206883153637493,0.007225174468027108,0.07969801798111445,0.8768866608561556,0.5756757652327442,0.051404846939915635,0.45919075300585815,0.004499659428753268,0.00013636111258396512,0.11816258657221587,0.9858981339124109,0.3370652145847209,0.9209354974654804,0.007225189267889468,0.0797670851567269,0.8768680091880638,0.5758024332830712,0.05117100351007799,0.4542903465577361,0.004499728522338804,0.00013868568515883954,0.11816259262767635,0.986202893783076,0.33815833024254194,0.9214060539084781,0.007225216652180099,0.07987792898219957,0.8768385447495551,0.5760088169894283,0.050790858857794226,0.44655025045135177,0.00449984190170182,0.00014237041384420612,0.11816260192241612,0.9866840450356673,0.3400113985984147,0.9221802646476376,0.0072252583185978955,0.08009032367610475,0.8767833778527729,0.5764139339007055,0.050050347936022456,0.4319628869417918,0.004500069084547198,0.000149312374313857,0.11816261849962276,0.9876606243733691,0.34389704171917074,0.9237458550880416,0.00722533138783434
43.41708542713568,0.07542177717584765,0.8828721433279059,0.5546729316281224,0.05563524834389204,0.46987583144213213,0.004251663464510378,0.0002785293165269241,0.11229073893877936,0.9838596452939224,0.3206389337663422,0.9161341020544739,0.008041798778287493,0.07544908269477198,0.8828644831856391,0.554724187545647,0.05553366373639193,0.4677473780679648,0.004251690501087192,0.0002800253380086064,0.1122907414667109,0.9839944195462584,0.3210664246021216,0.9163383069235318,0.008041811717370005,0.07548325938448662,0.8828550202167748,0.5547882968764706,0.05540681384683225,0.46512010162108763,0.004251724328385616,0.00028187544794513965,0.11229074460337386,0.9841632789190436,0.3216079367644562,0.9165940264144731,0.008041827493468358,0.0755489228629029,0.8828371130239794,0.5549120805538854,0.05516243585729741,0.460146992452894,0.004251789830341929,0.0002853833882085472,0.11229075043707053,0.9844892405255375,0.32265734122097967,0.917081113815356,0.008041856687976828,0.07565431490423784,0.8828088220632844,0.5551137650446671,0.05476519407388939,0.4522918271313816,0.004251897309861324,0.0002909445352241324,0.11229075939315049,0.9850052298642734,0.3244363583646007,0.9178823900981313,0.008041901118844275,0.07585630695748019,0.8827558433434758,0.5555096640757058,0.05399123475025798,0.4374889199337353,0.004252112662912072,0.0003014238842317803,0.11229077537176516,0.9860518275121278,0.3281673071169157,0.9195020994709641,0.008041979071119091
43.65829145728643,0.07123492110134703,0.8888590138617303,0.5330749557861189,0.05984216247752664,0.47589102842112185,0.00400637765187042,0.00047365280353182064,0.10641514401686442,0.9820059234892867,0.30507061948772535,0.9116719981875003,0.00889940133739865,0.07126080740968942,0.8888516808694095,0.5331248896796321,0.05973609215014664,0.47373135206316186,0.004006403213182314,0.00047565924256527984,0.10641514644299976,0.9821496081193939,0.30547976974233254,0.9118830972914401,0.008899415084769846,0.0712932078409362,0.8888426217624352,0.5331873452270461,0.05960364359714538,0.4710655386207626,0.004006435193087461,0.00047814067136195073,0.10641514945566723,0.982329608564941,0.305998049687139,0.9121474319306241,0.008899431847595585,0.0713554607602436,0.8888254779157075,0.5333079362525655,0.059348489364304785,0.4660194714458418,0.004006497116954885,0.0004828459442477588,0.10641515505933208,0.9826771187473287,0.3070025485145512,0.9126511990703771,0.008899462871864692,0.07145538878507099,0.8887983904727447,0.5335044191979438,0.058933759879377975,0.458048833182909,0.004006598719454945,0.0004903060768225193,0.10641516366390652,0.9832284986918831,0.3087054843238645,0.9134797777360291,0.0088995100973269,0.07164694976767434,0.8887476569653167,0.5338901142215575,0.05812559411405568,0.44302962765957704,0.004006802289989502,0.0005043668563734321,0.10641517902063341,0.9843461561461453,0.3122774185247197,0.9151540542270648,0.00889959298914227
43.89949748743719,0.0670726982240799,0.8948651920314711,0.5107463254171816,0.06424945992127598,0.4819223337994748,0.0037636963509275144,0.0007189220282657036,0.10053578447803187,0.980053365359422,0.2893517161461923,0.9071055255663392,0.00979757335360069,0.0670971627056988,0.8948581942710891,0.5107948064160792,0.06413880037914887,0.4797313266151228,0.0037637204427790182,0.0007214447179782561,0.10053578679881707,0.9802061076282158,0.28974204756613964,0.9073235808709315,0.009797587922520085,0.06712778359083046,0.8948495490359871,0.5108554444134275,0.0640006241673786,0.4770268430838189,0.003763750582498468,0.0007245647241977024,0.1005357896830828,0.9803974313019863,0.2902364894762802,0.9075966073968951,0.009797605686903915,0.06718661937547926,0.8948331875639565,0.5109725263910968,0.06373444602574174,0.47190756598500555,0.003763808942009236,0.0007304812417170933,0.10053579504832634,0.980766835890211,0.29119489528631176,0.9081172011075221,0.009797638564038098,0.06728107162410232,0.8948073339380662,0.5111632916054484,0.06330182879393642,0.46382105637398124,0.0037639046892169905,0.0007398628278441072,0.10053580328797049,0.9813541573709048,0.2928197316354213,0.9089733158902141,0.009797688606347445,0.06746217345280088,0.8947589037803678,0.5115376353620926,0.06245872096438572,0.44858480631976294,0.003764096233010145,0.0007575445029944351,0.10053581791898303,0.9825439155862036,0.296228364080294,0.9107026083889777,0.009797773505873934
44.14070351758794,0.06293502551270841,0.9008907616451813,0.48766878571577965,0.06886267453301517,0.4879695226033267,0.0035235781956863828,0.001013738422826274,0.0946526487628717,0.9780022926109959,0.2734831731455239,0.9024356006533488,0.010735912237450483,0.06295806567877033,0.9008841072567689,0.48771568143723976,0.0687473190547439,0.4857470782214478,0.003523600828334708,0.0010167832353177378,0.09465265097591094,0.9781642392902276,0.27385421026748163,0.9026606731922633,0.010735927685487461,0.0629869038902567,0.9008758859752503,0.48777433635834033,0.06860328212664314,0.48300379332537535,0.0035236291409400443,0.0010205491313309354,0.0946526537289018,0.9783670677409395,0.2743242118541106,0.9029424671781802,0.010735946524557944,0.06304231627782429,0.9008603260424539,0.48788758993418674,0.06832582447303136,0.4778110578303998,0.0035236839621291685,0.0010276909265540318,0.09465265885057128,0.9787587114075903,0.2752353441496084,0.9034800320312847,0.01073598139980188,0.0631312815150381,0.9008357367474153,0.4880721176734966,0.06787490623180532,0.46960828392425363,0.003523773898642251,0.0010390166798686332,0.094652666717932,0.9793825234955168,0.2767800745669329,0.904363912962659,0.010736034507816494,0.06330189873837563,0.9007896670001788,0.4884342919569031,0.0669959926076471,0.4541542570655751,0.003523953943139711,0.0010603703263653047,0.09465268073251983,0.9806454138712005,0.28002112405087903,0.9061486463172803,0.010736126414728066
44.381909547738694,0.05882181979926919,0.9069358042792238,0.4638238566517935,0.07368740407176208,0.4940323764509516,0.0032859831797457297,0.0013575166933052789,0.08876572555527727,0.9758530281844838,0.25746592774264443,0.8976631305475165,0.011714022832971982,0.058843433262888656,0.9069295014805127,0.4638690284027549,0.07356724413268467,0.49177838987213285,0.003286004357217684,0.0013610893851455912,0.08876572765648538,0.976024325637384,0.25781719810191195,0.8978952806720971,0.011714039157543958,0.05887048580084175,0.9069217143315301,0.46392552677285,0.07341721120158194,0.4889961740276664,0.0032860308478605974,0.0013655083378980716,0.08876573027317813,0.9762388399107298,0.2582621608764082,0.898185916846775,0.01171405906798687,0.0589224687766915,0.9069069752906677,0.4640346170381425,0.07312821422277074,0.4837297348648781,0.0032860821409991595,0.0013738891589546818,0.0887657351418395,0.976653066381334,0.25912484661565194,0.8987405958031607,0.011714095934478145,0.059005936177703604,0.9068836811493904,0.4642123615903427,0.07265857511139179,0.4754103087707682,0.003286166284336053,0.0013871813159065688,0.08876574262219761,0.9773139166599212,0.2605874773177533,0.8996524703570222,0.011714152095843852,0.0591660429640377,0.9068400305740415,0.4645612461514059,0.0717430556465904,0.4597377793915368,0.0032863347538005998,0.0014122485915145306,0.0887657559713246,0.9786509726107313,0.2636567041082375,0.9014930774336718,0.011714249751270901
44.62311557788944,0.054732997384098564,0.9130003997183296,0.4391927482527587,0.078729336533512,0.5001106821061759,0.0030508724142634318,0.0017496812912470578,0.08287500372660563,0.9736058978303977,0.2413009102902103,0.89278901771534,0.012731515122930016,0.0547531818638855,0.9129944567972663,0.4392360521909622,0.07860426138482349,0.49782504968768915,0.0030508921377468573,0.0017537875503902394,0.08287500571110062,0.9737866919810867,0.24163194432385643,0.8930283050323867,0.012731532292412124,0.05477844586079053,0.9129871140472877,0.4392902141114124,0.07844809438808122,0.49500377498573067,0.003050916808062847,0.001758866642372279,0.08287500818548497,0.974013072580355,0.24205127347194536,0.8933278571990045,0.012731553234957125,0.05482699366821936,0.912973215419339,0.43939479379839275,0.07814729293124381,0.48966339005338044,0.0030509645767277677,0.0017685000783586112,0.08287501278982146,0.9744502245533168,0.24286434680935706,0.8938997914397855,0.01273159201737145,0.05490495283807696,0.9129512475279671,0.43956518942350403,0.0776585044364515,0.4812269288918202,0.0030510429337569983,0.0017837806271243206,0.08287501986545236,0.9751486589760334,0.24424289622874246,0.8948398842222399,0.01273165111080571,0.05505452442054958,0.9129100754005459,0.43989964000374016,0.07670555776615508,0.4653351809236355,0.0030511997813200873,0.0018126036030430277,0.08287503249296134,0.9765609101757732,0.24713608481790558,0.8967367909571825,0.012731753650384302
44.8643216080402,0.05066847259780586,0.9190846272048703,0.41375603803510164,0.08399434928909455,0.5062042278272358,0.0028182074707130563,0.002189656661973408,0.07698047216451441,0.971261235785279,0.22498906014606357,0.8878141751593077,0.013787997619250139,0.0506872259476455,0.9190790524953012,0.4137973314598744,0.08386424391867704,0.5038868473434668,0.002818225751315588,0.002194302299877509,0.0769804740299671,0.9714516719844759,0.22529939089473516,0.8880606582150286,0.013788015704595247,0.05071069870456668,0.9190721644687256,0.413848978282077,0.08370179953052741,0.5010263876217945,0.0028182486149870446,0.0022000487634939872,0.07698047635913294,0.9716900987068617,0.2256924949110106,0.8883691988661065,0.013788037764594262,0.050755805911686276,0.9190591258878177,0.4139487020139269,0.08338891848399917,0.4956118181183611,0.0028182928849572525,0.002210948680032741,0.07698048069354105,0.9721505175499014,0.22645479651268716,0.8889585270792494,0.01378807861749074,0.05082824698594,0.9190385155313917,0.41411118459475826,0.08288053641783263,0.487057944210552,0.002818365495798117,0.0022282400229711686,0.07698048735527312,0.9728870799794326,0.227747294243168,0.88992705874853,0.013788140866522516,0.05096725984281585,0.9189998813361672,0.41443009851745033,0.08188929896168333,0.4709462716655769,0.0028185108118884226,0.002260862766441894,0.0769804992444026,0.9743755515248523,0.23046025094137884,0.8918806816394073,0.013788248890181227
45.10552763819096,0.046628158279501675,0.9251885653630537,0.3874936915258478,0.08948850137270783,0.5123128041479763,0.0025879504737443644,0.002676869424826119,0.0710821197711559,0.9688193829681648,0.20853132158763357,0.8827395227777467,0.014883078887162058,0.04664547844586037,0.925183367277403,0.3875328241112588,0.08935324905906404,0.5099635746802046,0.0025879673151515317,0.002682060113079002,0.07108212151337819,0.9690196061435844,0.2088204851484433,0.8829932594755916,0.014883097881882948,0.04666715738160071,0.9251769443953246,0.38758176798818134,0.089184381723203,0.5070638053931296,0.002587988377241855,0.0026884810166000685,0.07108212369226775,0.9692702582583133,0.2091867763810074,0.883310860289907,0.014883121054678415,0.04670881879088687,0.9251647856779082,0.387676273669027,0.0888591413874556,0.5015748155877865,0.002588029159691719,0.0027006609956387166,0.07108212774754173,0.9697542843222482,0.2098971544097344,0.8839177195521332,0.014883163979812259,0.046775732309564805,0.925145564427237,0.38783025476574484,0.08833071328782917,0.4929031561405783,0.0025880960463738364,0.002719985165714211,0.07108213398186684,0.9705295169584994,0.2111016426235412,0.8849149080407994,0.014883229417799638,0.046904163809649346,0.9251095281175413,0.38813250186709913,0.08730029949117661,0.4765708623053848,0.002588229923678024,0.002756451515047339,0.07108214512182531,0.9720952306305819,0.21363019968480787,0.8869256575826093,0.014883343468609055
45.346733668341706,0.0426119675754469,0.9313122903067653,0.3603855121869806,0.09521789703017232,0.5184362082776316,0.0023600649264001804,0.0032107605888788584,0.06517993573985154,0.9662806800108625,0.19192862396236088,0.8775659675156186,0.016016375887976133,0.042627852616635716,0.9313074773195493,0.36042233024674275,0.09507737799635115,0.5160550302197715,0.002360080333495983,0.0032165019936732844,0.06517993735475326,0.9664908345758438,0.19219615920990615,0.8778270149125239,0.01601639580046248,0.042647735288485054,0.931301530081954,0.3604683787563372,0.09490193846016821,0.5131158284377644,0.002360099599871202,0.0032236043889153007,0.06517993937824308,0.9667538907229857,0.19253505354334968,0.8781537465339364,0.01601642009277121,0.04268594596650535,0.931290271200508,0.36055729428973465,0.09456405239028948,0.5075521856468725,0.0023601369053448742,0.0032370779501422996,0.06517994314446081,0.9672618631867762,0.19319236314739344,0.878778271987785,0.016016465091159005,0.04274732289375488,0.9312724708922121,0.36070216585583337,0.09401511589216117,0.4987623726528042,0.002360198082728491,0.0032584567923908763,0.0651799489350294,0.9680763064264137,0.19430689604882712,0.8798043322671188,0.016016533686266755,0.04286515104028138,0.9312390931533847,0.3609865220118902,0.09294463742035884,0.48220876923685324,0.002360320499776623,0.0032988086902327077,0.0651799592807093,0.9697202815642697,0.1966469140194476,0.8818726157092228,0.016016653115809736
45.58793969849246,0.03861981128170655,0.9374558780913727,0.3324104915216748,0.10118888314936186,0.524574237623833,0.002134514511487345,0.003790767859781018,0.05927390920517283,0.9636454777278765,0.17518191077768824,0.8722944317002418,0.01718750190323345,0.038634259362619494,0.9374514587436826,0.3324448366355704,0.10104297483110192,0.5221610126700427,0.002134528488550731,0.003797065609728285,0.0592739106882211,0.9638657075846182,0.17542735945859225,0.872562846048102,0.01718752273477102,0.03865234346351095,0.9374459977317533,0.33248779192923034,0.10086081021941116,0.5191822570728496,0.002134545965163182,0.0038048565152979373,0.05927391255089474,0.964141345764663,0.17573827639363337,0.8728987780989619,0.01718754815333384,0.03868709874710373,0.9374356588094837,0.3325707362957977,0.10050998454837505,0.5135437316728284,0.0021345798070181886,0.003819637157644586,0.05927391601838552,0.9646736025700268,0.1763413797370069,0.8735411028584437,0.01718759525408118,0.03874293051380605,0.9374193115090439,0.33270588012729563,0.09994006398091028,0.50463540200137,0.0021346353019976432,0.003843092604887394,0.05927392135156629,0.96552779477365,0.17736402325851647,0.8745962464484217,0.0171876670991552,0.03885013452162403,0.9373886532985037,0.33297115507700054,0.09882859062304981,0.48785981030605047,0.002134746358468994,0.003887373718961142,0.059273930887345304,0.9672510458863189,0.17951138486124663,0.8767224618714838,0.017187792562185545
45.82914572864321,0.03465160032981715,0.9436194027851887,0.30354734126078586,0.1074078874958286,0.5307266951652408,0.001911264065121619,0.004416340665641687,0.05336402951300027,0.9609141273973928,0.1582921141442992,0.8669258281475481,0.01839607690547392,0.03466460972699668,0.9436153856698526,0.3035790534017342,0.10725646354556077,0.5282813262975096,0.0019112766198776793,0.004423200417475278,0.05336403086139825,0.9611445759026289,0.1585150207391043,0.8672016647973548,0.018396098694655024,0.03468089308661915,0.9436104215320493,0.30361871482455616,0.10706741650552176,0.5252628971471216,0.0019112923156997903,0.004431686867814795,0.05336403255959246,0.9614329734540181,0.15879738327402945,0.867546865813193,0.01839612527908155,0.03471218856871366,0.9436010228307093,0.30369529907122395,0.10670334952150586,0.5195492624869954,0.0019113227090660166,0.004447788060251573,0.0533640357207482,0.9619898513260003,0.15934514948100764,0.8682071210087264,0.01839617453129091,0.03476246700522219,0.9435861608536494,0.30382007724529086,0.10611195857108437,0.5105220576498023,0.0019113725405281207,0.004473341833492463,0.05336404058268463,0.9628843290240824,0.16027398167575743,0.8692915565159492,0.01839624963498688,0.034859026718972536,0.9435582837457271,0.3040650021636563,0.10495855139963543,0.49352380727900946,0.001911472247501863,0.004521594317746726,0.05336404927622953,0.9646878679555854,0.16222459744719178,0.8714760982146528,0.018396380843760437
46.07035175879397,0.0307072438806431,0.9498029378179343,0.2737740656148763,0.113881548066164,0.5368933853176876,0.0016902788186229946,0.005086928727633697,0.04745028603398589,0.9580869883336808,0.14126017438286087,0.8614610789289279,0.019641719670666993,0.03071881298648946,0.9497993315871773,0.2738029824294544,0.11372447842461197,0.5344157767949661,0.0016902899623779876,0.005094356163479251,0.04745028724532926,0.9583277982643719,0.1414600861109867,0.8617443923196807,0.019641742493522685,0.030733293569705673,0.94979487505269,0.27383914413067667,0.11352838765704243,0.5313575559102779,0.0016903038869406318,0.0051035451703819006,0.047450288774947225,0.9586291318480654,0.14171332081297278,0.8620989297972715,0.019641770291811668,0.030761125116354347,0.949786436980422,0.2739089718048664,0.11315076930915514,0.5255685883077466,0.0016903308520782535,0.005120980404203702,0.047450291622601753,0.9592109661867462,0.1422046258911979,0.8627772444588324,0.019641821804655943,0.030805842533578053,0.9497730928563883,0.27402274105173813,0.11253740611953798,0.5164221545674738,0.0016903750581672911,0.00514865443870877,0.047450296003637246,0.9601462636948308,0.14303773621884946,0.8638911768260382,0.019641900391803586,0.030891738831017673,0.9497480588112358,0.2742460472989754,0.11134109279251558,0.49920058408695517,0.0016904634847536004,0.00520092120031389,0.04745030383581885,0.9620310979163196,0.14478754043016773,0.8661344315026849,0.01964203769678562
46.311557788944725,0.026786649900388655,0.956006555718473,0.24306802845893954,0.1206166923121164,0.5430741149717342,0.001471524580090326,0.005801985009285817,0.041532668193182305,0.9551644256848107,0.12408703471710612,0.8559011103527745,0.020924049837920042,0.026796777231827128,0.9560033690469028,0.24309399326068012,0.12045384073218877,0.540564172358487,0.001471534335488739,0.005809985962983686,0.04153266927166991,0.9554157391874061,0.12426350136763932,0.8561919538035913,0.02092407389319568,0.026809453132040726,0.9559994309246942,0.2431264435940723,0.12025054102787433,0.5374660430887008,0.0014715464976391946,0.005819884495681757,0.04153267062838878,0.9557301847933671,0.12448703842100182,0.8565558942345377,0.020924102947430478,0.02683381686706023,0.9559919740571815,0.24318910550699346,0.11985905421422809,0.5316015217553883,0.001471570052991444,0.005838667177814835,0.04153267315245172,0.9563373096959997,0.12492076543894333,0.8572523954586182,0.020924156818432838,0.026872965969906154,0.9559801805840769,0.24329119893127116,0.1192232064242049,0.5223355099089418,0.0014716086611250288,0.005868483150590038,0.04153267703963728,0.957313959394583,0.12565625563791966,0.8583960267474967,0.020924239001850913,0.02694818063162171,0.9559580520197685,0.2434915941774258,0.1179829874946713,0.5048899665167654,0.0014716858890253754,0.005924807145057658,0.04153268399532196,0.9592810923942019,0.12720120766469492,0.8606983746398845,0.020924382905162575
46.55276381909548,0.02288972617342431,0.9622303272943016,0.2114061943564497,0.12762026459184164,0.5492686954966128,0.0012549680853133596,0.006560971544253577,0.03561116559166276,0.9521468064553216,0.10677363112105522,0.8502468427934008,0.02224269199360712,0.02289841036056675,0.9622275689038284,0.21142905114084262,0.12745149033903433,0.5467263255952862,0.0012549764807899602,0.006569551895796544,0.035611166543957254,0.952408765075483,0.10692620517577799,0.8505452686735977,0.022242717532099925,0.022909279787157153,0.9622241600866094,0.21145757041906374,0.12724081314551006,0.5435881727677824,0.0012549868856657177,0.006580166830724866,0.035611167722533844,0.9527364980550342,0.10711947844426845,0.8509186776420444,0.02224274784283581,0.022930172050334825,0.9622177051528183,0.21151264218594068,0.12683513426051013,0.5376478797072451,0.0012550070414975092,0.006600310172234892,0.03561116991272159,0.9533692464483549,0.10749451773892517,0.8516334908233768,0.022242804073678096,0.022963745926162772,0.9622074953913149,0.2116023681682509,0.12617627898104702,0.528261944983726,0.0012550400688650896,0.00663228950231669,0.03561117329010657,0.9543877787726038,0.10813050174117457,0.852807020253507,0.02224288985251635,0.0230282614047935,0.9621883353109727,0.21177848673815736,0.12489114195980064,0.5105917839496855,0.0012551061197105557,0.006692712560699781,0.03561117933957886,0.9564382108557845,0.10946658807231131,0.8551688371931353,0.02224304018415902
46.79396984924623,0.019016379838312735,0.9684743220626151,0.1787649963461489,0.13489936606178252,0.5554769415495114,0.0010405767790873958,0.007363356238999628,0.029685767944434546,0.9490345013754544,0.08932089755171929,0.8444991957106672,0.023597273495309695,0.019023619520344728,0.9684720008874634,0.17878454619385775,0.13472453592702094,0.5529020521043255,0.0010405837941054336,0.007372521121498657,0.029685768752925827,0.9493072464592833,0.08944913543290264,0.8448052567830865,0.023597300275757693,0.01903268081343004,0.9684691323451893,0.17880890940203215,0.13450630839454067,0.5497237620285251,0.0010405924480458534,0.007383859322691914,0.029685769747903563,0.9496484414483829,0.08961158230128151,0.8451881988277432,0.023597331859047426,0.019050098185824087,0.9684637002052879,0.17885595809932872,0.13408610507283872,0.5437074820473247,0.0010406092165526153,0.007405376504354674,0.029685771596771555,0.950307144953824,0.08992683116997129,0.8459214473811562,0.02359739047135479,0.01907809034076613,0.9684551074519802,0.17893260896703392,0.13340370587625022,0.5342012841110529,0.0010406366842055314,0.007439540582271325,0.029685774448877614,0.9513680881936422,0.09046143465017684,0.8471250709449475,0.023597479892462532,0.019131890021199836,0.9684389793325476,0.17908306032326468,0.13207261000822743,0.5163058690637877,0.0010406916037469665,0.007504104769070178,0.02968577956076586,0.9535028153454582,0.09158466614667084,0.8495467260404829,0.02359763677206678
47.03517587939699,0.015166517095358486,0.9747386084969968,0.14512023822531817,0.1424612839085803,0.5616986703690471,0.0008283186828411349,0.008208610955402191,0.023756465043725424,0.9458278861131848,0.07172976918251538,0.8386590907341085,0.02498742315397426,0.015172310865848972,0.9747367334858037,0.1451362668617566,0.14228026537751176,0.5590911701595841,0.0008283242783937579,0.008218365038951937,0.023756465700978276,0.9461115590174306,0.07183323116671426,0.8389728398057636,0.0249874506049682,0.015179562488821794,0.9747344162618514,0.14515624349543815,0.14205431025523838,0.5558726306006635,0.0008283311880856954,0.00823043334250935,0.02375646650738026,0.9464663899471151,0.07196429258114087,0.8393653784501018,0.024987483480688667,0.015193501801137193,0.9747300279290394,0.1451948246252336,0.14161924195757358,0.549780151263125,0.0008283445825464709,0.00825333750321066,0.02375646800623262,0.9471513788099318,0.07221865524919502,0.8401171838144618,0.024987544512889252,0.015215906141488262,0.9747230857142122,0.14525767490012434,0.14091274891972955,0.5401533541332317,0.0008283665123317875,0.008289707637702499,0.02375647031847368,0.9482552591238752,0.07265001573991452,0.8413510943729748,0.02498763763276739,0.01525897421756417,0.9747100534732602,0.1453810358159862,0.13953462656965568,0.5220320568269977,0.0008284103465260359,0.008358454868576413,0.023756474467120654,0.9504752733773477,0.07355642854503358,0.8438329507088868,0.0249878011884609
47.27638190954774,0.011340043148880529,0.9810232540810193,0.11044705145934096,0.15031350365645424,0.5679337015855218,0.0006181623542354641,0.009096211033843473,0.017823246749947612,0.9425273415578268,0.05400118318477469,0.8327274523493913,0.026412770913829476,0.011344389801913976,0.9810218341496468,0.11045936796518417,0.15012615212294048,0.5652935007745372,0.0006181665286873339,0.009106559596728354,0.017823247262571753,0.942822082649827,0.05407943127936061,0.8330489403363306,0.026412798905335814,0.01134983034013839,0.9810200793631142,0.1104747214091805,0.14989228779587577,0.5620346009295809,0.0006181717007845257,0.009119364805060969,0.017823247875424962,0.9431907227338948,0.054178551748277064,0.8334511380982098,0.02641283309363149,0.0113602887151606,0.9810167560705348,0.11050437100439384,0.1494420078463333,0.5558657125192747,0.0006181817361662194,0.009143669059033051,0.017823249001860032,0.943902325620718,0.05437093916037931,0.8342216196639818,0.026412896627212006,0.011377099545730173,0.9810114981628694,0.11055267627278412,0.14871085741279386,0.5461179845035283,0.0006181981505065874,0.009182266474848147,0.017823250759491076,0.9450496669892717,0.0546972060236566,0.8354860069492193,0.026412993512173116,0.011409420971245123,0.9810016261992444,0.11064747652178489,0.14728461743782323,0.5277701846187537,0.0006182309325879199,0.009255238263599813,0.017823253918306973,0.9473559565178848,0.05538286197882785,0.8380284220271672,0.02641316370423544
47.517587939698494,0.007536862929777528,0.9873283248227068,0.07472006085100245,0.15846366026832975,0.574181858473069,0.0004100771057344018,0.01002563905211375,0.011886103064529892,0.9391332509574377,0.036136071873012446,0.8267052010382234,0.027872950529021095,0.007539761787477771,0.9873273688267068,0.0747285538221768,0.1582698015494213,0.5715088689964885,0.00041007996521469993,0.010036589250902828,0.011886103454009476,0.9394391982692998,0.03618866710091428,0.8270344745327327,0.027872980312691708,0.007543389946476913,0.9873261876736253,0.07473904086471261,0.15802784206797926,0.5682094994614935,0.0004100834061685019,0.010050138130528607,0.011886103867956428,0.93982181999675,0.036255294662726256,0.8274463929369384,0.0278730158326935,0.007550364629553596,0.9873239506857164,0.07475929087538725,0.15756199297706816,0.5619639948648314,0.0004100900884210653,0.010075855370272639,0.01188610462085537,0.9405603646426259,0.036384625291965234,0.828235668549145,0.027873081810818663,0.007561576639675066,0.9873204110938794,0.07479228561979609,0.15680560826589784,0.5520950084540328,0.0004101010082481276,0.010116701174148712,0.01188610580821119,0.9417516888729777,0.0366039596858462,0.829530719252712,0.0278731825129418,0.007583137336648572,0.9873137643794272,0.07485701624269937,0.15533013198635967,0.5335200936134927,0.00041012278823135395,0.010193939276106732,0.011886107928986457,0.944145237066201,0.03706494446115463,0.8321340438107454,0.027873359624182633
47.75879396984924,0.0037568803154692087,0.9936538858323691,0.03791315385109251,0.16691960586015056,0.5804429663643574,0.00020403271340558058,0.01099638030186741,0.005945024042714159,0.9356460030925542,0.018135370664014147,0.8205932610438201,0.02936759639743503,0.0037583303775852017,0.9936534030672217,0.03791757451957859,0.16671910093102513,0.5777371004499819,0.0002040342123419681,0.011007936803167528,0.005945024270496428,0.935963295744703,0.018161881171816063,0.8209303701990883,0.029367627491274723,0.0037601449835113917,0.993652806820449,0.037922945275810166,0.16646885580313026,0.5743971532165186,0.00020403592864414211,0.011022236087365456,0.005945024479852497,0.9363600708571531,0.018195467427857964,0.8213520697612925,0.029367664363497598,0.0037636334990743875,0.9936516775891946,0.037933312507648614,0.16598707198755072,0.5680748279856971,0.00020403926891407958,0.011049379223218145,0.0059450248498994825,0.9371258834024732,0.01826066646494067,0.8221602551566262,0.02936773279740414,0.003769241770167744,0.9936498905621011,0.037950210637410206,0.16520486190059047,0.5580842598492314,0.00020404471576894342,0.011092494435988557,0.005945025450479427,0.9383617100387774,0.01837124139181495,0.8234861528381299,0.02936783737912368,0.0037800283226930164,0.9936465343007094,0.03798335358823992,0.1636789957965705,0.5392816254803101,0.00020405556221893373,0.011174040452953067,0.005945026528053881,0.9408434965850642,0.018603666443128608,0.8261507317037307,0.029368021664610666
48.0,0.0,0.9999999999999845,0.0,0.17568925631895313,0.5867168559436051,0.0,0.01200793266863158,0.0,0.9320659847148045,0.0,0.8143925422621701,0.030896350617005474,0.0,0.9999999999999845,0.0,0.17548199133639633,0.5839780263431963,0.0,0.012020098388348801,0.0,0.9323947626939324,0.0,0.8147375396500349,0.030896381294362445,0.0,0.9999999999999845,0.0,0.17522326485611403,0.5805973947645486,0.0,0.012035154809467348,0.0,0.9328058621705929,0.0,0.8151690798404967,0.030896419562751666,0.0,0.9999999999999845,0.0,0.17472516863216192,0.5741980469798643,0.0,0.01206373658731211,0.0,0.9335992677371668,0.0,0.8159962891186959,0.030896490369681662,0.0,0.9999999999999845,0.0,0.17391652619015044,0.5640855778564011,0.0,0.012109142214809722,0.0,0.9348801140350721,0.0,0.8173532141456368,0.030896598951601274,0.0,0.9999999999999845,0.0,0.17233908697591127,0.5450546270902734,0.0,0.01219503812544844,0.0,0.9374511134718553,0.0,0.8200793851365752,0.0308967910985313
