t_hours,pEGFR_vem_0.1x_norm,panRAS_vem_0.1x_norm,pCRAF_vem_0.1x_norm,pMEK_vem_0.1x_norm,pERK_vem_0.1x_norm,DUSP_vem_0.1x_norm,pAKT_vem_0.1x_norm,p4EBP1_vem_0.1x_norm,pHer2_vem_0.1x_norm,pHer3_vem_0.1x_norm,pDGFR_vem_0.1x_norm,pS6K_vem_0.1x_norm,pEGFR_vem_0.3x_norm,panRAS_vem_0.3x_norm,pCRAF_vem_0.3x_norm,pMEK_vem_0.3x_norm,pERK_vem_0.3x_norm,DUSP_vem_0.3x_norm,pAKT_vem_0.3x_norm,p4EBP1_vem_0.3x_norm,pHer2_vem_0.3x_norm,pHer3_vem_0.3x_norm,pDGFR_vem_0.3x_norm,pS6K_vem_0.3x_norm,pEGFR_vem_1.0x_norm,panRAS_vem_1.0x_norm,pCRAF_vem_1.0x_norm,pMEK_vem_1.0x_norm,pERK_vem_1.0x_norm,DUSP_vem_1.0x_norm,pAKT_vem_1.0x_norm,p4EBP1_vem_1.0x_norm,pHer2_vem_1.0x_norm,pHer3_vem_1.0x_norm,pDGFR_vem_1.0x_norm,pS6K_vem_1.0x_norm,pEGFR_vem_3.0x_norm,panRAS_vem_3.0x_norm,pCRAF_vem_3.0x_norm,pMEK_vem_3.0x_norm,pERK_vem_3.0x_norm,DUSP_vem_3.0x_norm,pAKT_vem_3.0x_norm,p4EBP1_vem_3.0x_norm,pHer2_vem_3.0x_norm,pHer3_vem_3.0x_norm,pDGFR_vem_3.0x_norm,pS6K_vem_3.0x_norm,pEGFR_vem_10.0x_norm,panRAS_vem_10.0x_norm,pCRAF_vem_10.0x_norm,pMEK_vem_10.0x_norm,pERK_vem_10.0x_norm,DUSP_vem_10.0x_norm,pAKT_vem_10.0x_norm,p4EBP1_vem_10.0x_norm,pHer2_vem_10.0x_norm,pHer3_vem_10.0x_norm,pDGFR_vem_10.0x_norm,pS6K_vem_10.0x_norm
0.0,0.9993416565429283,0.0,0.29767712496026066,0.9999999999999393,0.9999999999999964,0.9999999999999998,0.309226691997192,0.5632702841091093,0.0,0.10365805521625292,0.0,0.9999999999999983,0.9993416873719386,0.0,0.2953815919418965,0.9999999999999355,0.9999999999999964,0.9999999999999998,0.3092283025506901,0.5632703109154901,0.0,0.10433127821027414,0.0,0.9999999999999983,0.9993417547329481,0.0,0.29059847070996103,0.9999999999999158,0.9999999999999964,0.9999999999999998,0.30923149240526615,0.5632703373969741,0.0,0.10578799120335257,0.0,0.9999999999999983,0.9993417835106402,0.0,0.2887658750459603,0.9999999999998962,0.9999999999999964,1.0,0.3092326836411243,0.5632703647532875,0.0,0.10644862395647647,0.0,0.9999999999999983,0.9993421222038656,0.0,0.26575289817358044,0.9999999999998959,0.9999999999999964,1.0,0.3092461755876508,0.5632703891188184,0.0,0.11108142484575234,0.0,0.9999999999999983
0.2412060301507538,0.9998063554505848,0.004487058348135437,0.3053347781037451,0.4632599542270553,0.9130648588986944,0.8905303139729341,0.39619555860082345,0.6448560561433659,0.003354745464870832,0.113897118804522,0.0016754109996490747,0.985185515342401,0.9998063742264619,0.004487070298214019,0.30305894496777597,0.432414125898592,0.9130226462893221,0.8905303096253012,0.39619697148657484,0.6448560858261894,0.003355444042493065,0.11456736584182448,0.0016755663636563378,0.9851855156999877,0.9998064157580817,0.00448709482488621,0.29831689862336996,0.26305826254831616,0.9129384094173764,0.890530298672696,0.3961997584526457,0.6448561152375902,0.0033569158196937302,0.1160170004311843,0.001675889033422389,0.9851855156007515,0.9998064331566343,0.004487104433826606,0.2965000078627634,0.0940117759637465,0.9129054474004746,0.8905302939465451,0.396200805497994,0.6448561462719352,0.003357550136590538,0.11667384849386801,0.001676024228111445,0.9851855146629775,0.9998066812692692,0.0044872060037136835,0.2736838623492235,0.09242369193534954,0.9125970229321687,0.8905302376911227,0.39621257807339455,0.6448561743648393,0.0033625522741456922,0.12129193292060314,0.001677166164707452,0.9851855149277892
0.4824120603015076,0.999999999999999,0.008974404111185176,0.3129314769426873,0.40289624455283835,0.8361684822536194,0.8018330332976555,0.47494476541736086,0.7129623979817779,0.007153396293206182,0.12487866417911095,0.003896399732231238,0.9705086434328987,0.999999999999999,0.008974428011983336,0.31067527330792344,0.37150809292264475,0.836132110726398,0.8018330326931304,0.47494599837125806,0.7129624268851915,0.0071548168243508285,0.12554550136482212,0.0038967304961312257,0.9705086441454747,0.999999999999999,0.008974477066789853,0.3059741624426822,0.1895628164452279,0.836069485464426,0.8018330251339351,0.474948418911597,0.712962453309333,0.007157800457180684,0.12698705662540744,0.0038974124895081214,0.9705086439491453,0.999999999999999,0.0089744962854106,0.30417292829144293,0.006429198124210351,0.8360468093769534,0.8018330176680519,0.47494933522291377,0.7129624868960933,0.007159089280806598,0.1276396450039005,0.0038976987033678707,0.9705086420824626,0.999999999999999,0.008974699431644051,0.2815531520886102,0.005664867422358329,0.8360991454389944,0.8018329142056168,0.4749595510830349,0.7129625187190981,0.0071686947693837995,0.1322386144857672,0.003899885545198011,0.9705086426095144
0.7236180904522613,0.9999281289321719,0.013462037506288434,0.3204788139488069,0.3899896074244948,0.7692668739506038,0.7285089970758908,0.5460412677443314,0.7696751748269524,0.011354328765743809,0.1364860202530647,0.0066318340555427974,0.9559689744628118,0.9999280586014057,0.013462073358727766,0.3182423581166277,0.3609883379518536,0.7693158722892735,0.728509040800426,0.5460423308592166,0.7696751806942228,0.011356254953184987,0.1371483198933464,0.0066322543632140974,0.9559689755332247,0.999927904734421,0.013462146943163045,0.31358245139896007,0.18193195917634425,0.7694402077128843,0.7285090452304014,0.5460444185725701,0.7696751993296302,0.011360272247209873,0.13857930339878163,0.006633103148311498,0.9559689752424548,0.9999278426890519,0.013462175772095668,0.31179698586629073,0.0,0.7694917373234952,0.7285090613402262,0.5460452125011438,0.7696752217084736,0.011362028450223,0.13922657431572033,0.006633464794497969,0.9559689724591255,0.9999268989500857,0.013462480501217495,0.28937540797433936,0.0,0.77064198441384,0.7285089342604572,0.5460540204353791,0.769675248915006,0.011372982415552802,0.1437934476126116,0.006635332421065115,0.9559689732480193
0.9648241206030151,0.9995960706639214,0.017949959064594685,0.3279928574414081,0.38191237103864195,0.7113016632127604,0.666880690027987,0.6100214960005644,0.8167576234232092,0.015917591148324826,0.14860752865772284,0.009851633407301535,0.9415660837982146,0.999595849947918,0.017950006869427073,0.3257764803933557,0.3555131377267191,0.7114431235045082,0.6668806840993232,0.610022422908735,0.8167576598722168,0.015919647603092214,0.1492637215108874,0.009851986618627509,0.9415660852085085,0.9995953750048514,0.017950104985081792,0.3211584979888343,0.18080696580052666,0.7117572772563755,0.6668807788257407,0.6100241931761599,0.8167576239093759,0.015923920476436877,0.15068083021667547,0.009852678014796792,0.9415660848404224,0.9995951868535038,0.017950143424896724,0.3193890896356489,0.001564353027962697,0.7118800263436879,0.6668808939800143,0.6100248573593414,0.8167575844223567,0.015925850701481985,0.15132145739666733,0.009852993339045902,0.941566081167048,0.9995924857738809,0.017950549743367607,0.29716993037006506,0.002278226555868244,0.7138730073517757,0.6668807526692224,0.6100323963238521,0.8167576032574069,0.015934223222814167,0.155841491297112,0.009852881640517298,0.9415660822172266
1.2060301507537687,0.9990098579653943,0.02243816978152498,0.33549030811294833,0.3744320384751579,0.6602269115901956,0.6143566386433723,0.6673922075176352,0.8557002962643199,0.020809473340892,0.16115096151677824,0.013528794958526156,0.9272995328512503,0.9990094238256546,0.02243822953916272,0.33329447674339224,0.3505830789529767,0.6604227462748985,0.6143568489536073,0.6673929439390173,0.8557001848862243,0.020811377217789088,0.16179981651158784,0.01352896834692635,0.9272995346647418,0.9990085041181253,0.022438352187570763,0.3287194252037236,0.18030061688776225,0.660843219438449,0.6143570423598413,0.6673944174290497,0.8557000810926186,0.020815337815075774,0.16320051939885596,0.013529272954209344,0.9272995342328845,0.9990081455528139,0.022438400239027254,0.3269664734315815,0.0038744284071324277,0.6610037112040925,0.6143570180320695,0.6673950204154302,0.855700136934562,0.020817235026794917,0.1638335039398618,0.013529457408210304,0.9272995296251464,0.9990031830737174,0.022438908153190384,0.30495519759389733,0.005281279218729224,0.6633926312665324,0.61435701347821,0.6674013777763953,0.8557000414525836,0.02082065931339392,0.16829714329877873,0.01352640688464038,0.9272995309774481
1.4472361809045227,0.9981763769715913,0.026926671259877258,0.3429851661883459,0.36712710308673374,0.6144206921241202,0.569059473652253,0.7186309342408512,0.8877621711702847,0.026003200875373327,0.1740457048420444,0.017639705486364947,0.9131688704007337,0.9981756949045494,0.026926742971063594,0.3408103595467644,0.3457516482613406,0.614639565098059,0.569059750787598,0.718631517447381,0.8877619944020528,0.026004800066449042,0.1746864435533191,0.017639642680010593,0.9131688725994884,0.9981742647170769,0.026926890154000974,0.3362792479562943,0.1798299914979057,0.6151029299747063,0.5690598402396094,0.718632780378515,0.8877619677682382,0.026008161193357443,0.17606918032555818,0.017639455104726167,0.9131688720482247,0.9981737114715358,0.026926947817488334,0.33454314225846205,0.006213657974977888,0.6152776492464759,0.5690599131932349,0.7186332668498709,0.8877619533228329,0.026009933889059974,0.17669392446673213,0.017639478961311787,0.9131688665788953,0.9981662455664744,0.026927557334158792,0.31274474663983926,0.008298711094716476,0.6177989001078174,0.5690597781420991,0.718638640973033,0.8877619402277177,0.026007351162271652,0.18109594183589584,0.017633110916507506,0.9131688681561997
1.6884422110552764,0.9971029949615509,0.031415465850629244,0.35048675012422803,0.35995401598372956,0.5728437838789684,0.5295941926421611,0.7641875116139785,0.9140079227553302,0.031476810742772844,0.18723608748456205,0.02216317204390895,0.8991736329307827,0.9971020514614654,0.03141554951742045,0.34833332787635596,0.3409744276887668,0.5730678011504773,0.5295941231967884,0.7641881245466805,0.914008038278904,0.0314780374210116,0.18786823249247228,0.02216285030350761,0.899173635320062,0.9971000806990334,0.03141572123676936,0.343846889783361,0.1793381135190027,0.5735393386572185,0.5295941020919702,0.7641892180550752,0.9140081047418888,0.03148069359874799,0.18923208221073054,0.022162147276292666,0.8991736346284182,0.9970993231899149,0.03141578851293086,0.34212790751788974,0.00851206443887917,0.5737155833913256,0.529594198826083,0.7641896169795056,0.914008072100012,0.031482311731227126,0.18984821716308523,0.0221620062042411,0.8991736282881492,0.9970892539496048,0.031416499639443686,0.3205454667098333,0.01126149572524838,0.5762390966542109,0.5295937819936298,0.764194188704187,0.9140082644692579,0.03147337305485128,0.1941857914949626,0.02215225775474423,0.8991736300051995
1.9296482412060303,0.995797264049772,0.03590455678994556,0.35799922582128807,0.3529066268819591,0.534805914822715,0.49490256879663436,0.8044851753663185,0.9353379721270766,0.03721148733127553,0.20067614760341626,0.027079668793430066,0.8853133452361017,0.9957960480045153,0.03590465241084404,0.35586734620399374,0.33624670248641797,0.5350262892726942,0.4949027508914924,0.8044855730252364,0.9353378575170841,0.037212341685420834,0.20129944792043264,0.027079106964602258,0.8853133481124766,0.9957935239897735,0.03590484866707314,0.3514258810652513,0.17881991317289805,0.5354883973906874,0.4949028626203351,0.8044864080052954,0.9353377924791307,0.03721428898632755,0.20264386266380083,0.02707791383451929,0.8853133474173203,0.9957925601359418,0.0359049255567612,0.3497241247873922,0.010763494361058433,0.5356597906862779,0.4949029075717751,0.8044867590726748,0.9353378049111719,0.03721575681952558,0.20325115592517687,0.027077618413185303,0.8853133401793736,0.9957798529037224,0.035905738296075254,0.32835817284137814,0.014163559340727525,0.5381234336017303,0.4949029715676879,0.8044902974382607,0.9353375500952164,0.03720048463255694,0.2075227707485085,0.0270646016668224,0.8853133423744461
2.1708542713567835,0.9942667371731695,0.04039394831398552,0.36552239396316266,0.3459824216643922,0.49981124010920047,0.4641693659286209,0.8399204562239113,0.9525118410472019,0.043190665899791085,0.2143267746063193,0.032370962042343666,0.871587522559258,0.9942652508713715,0.04039405589153415,0.3634120078278689,0.33156758739083003,0.5000231302919507,0.46416946592059605,0.8399208114436694,0.9525118060748106,0.04319115660871114,0.2149410418653991,0.0323701712760358,0.8715875257486929,0.9942621745609276,0.04039427668647315,0.35901536981098736,0.178275326998283,0.5004668961335249,0.46416961498333154,0.8399214500899824,0.9525117018317409,0.04319243504585955,0.2162656668400824,0.032368528568867634,0.8715875250392155,0.9942610044519583,0.04039436318952252,0.3573307678099513,0.012967928848156373,0.5006304169356706,0.4641697208056401,0.8399217025135994,0.9525116533681739,0.04319377832447966,0.21686397476661678,0.032368101306525364,0.8715875169802951,0.9942456716439255,0.04039527754869082,0.33617957248148794,0.01700488500069279,0.5030043061919611,0.4641699318005342,0.8399244357702725,0.9525112571499915,0.04317235507289084,0.22106876387856134,0.032351985313618596,0.8715875195292501
2.4120603015075375,0.9925189192410043,0.04488364580347075,0.37305315768600267,0.3391792309190757,0.46747821940022016,0.43675341425669234,0.8708661613884202,0.9661732743453202,0.04939941262922361,0.2281538234275569,0.03801977504105669,0.8579956691144778,0.992517163591257,0.04488376533699095,0.37096405397483373,0.32693653834746145,0.46767944615867635,0.4367535562745437,0.8708664091709436,0.9661731925704092,0.04939957206378946,0.22875895597854487,0.03801878331660492,0.8579956726555142,0.9925135411380489,0.044884010671876674,0.3666117622864625,0.17770473090566022,0.468100643977317,0.43675374316230037,0.8708668658326904,0.9661730492119793,0.04940025007027446,0.23006356862510668,0.03801674498517346,0.857995671987909,0.9925121691138507,0.04488410678959597,0.3649441153360542,0.015125888066038555,0.4682548254827115,0.43675382706464555,0.8708670746090168,0.9661730226505929,0.04940149928395741,0.23065278756936552,0.038016207342186935,0.8579956630620722,0.9924942428664376,0.04488512277467318,0.3440045341216119,0.019786008496092525,0.4705256358936931,0.4367541009769845,0.8708691312703603,0.9661725714254045,0.04937420352880497,0.23479030317208222,0.03799720377348115,0.8579956657805395
2.6532663316582914,0.9905611940071873,0.04937365588747894,0.38058708011612313,0.332494936359668,0.4375017273935525,0.4121453932070554,0.8976711134229941,0.9768658094241117,0.05582414071050374,0.24212718086591303,0.04400969174591048,0.8445372802246789,0.9905591746686838,0.04937378737822324,0.3785189587260614,0.32235303195197584,0.4376912677577266,0.41214550087447277,0.8976713213278096,0.9768657641364279,0.05582400323974103,0.24272310636732172,0.04400852356444985,0.8445372838196342,0.9905550161737509,0.04937405725509106,0.37421036301625277,0.1771085193328617,0.43808811145559695,0.4121456918416126,0.8976716335148679,0.9768656171392215,0.055824161883580706,0.2440075643748105,0.04400614789673598,0.8445372832858098,0.9905534465935408,0.04937416298782301,0.37255941283622324,0.017237914763202522,0.43823242359489195,0.41214577221077897,0.8976717936936266,0.9768655932584818,0.05582535427181435,0.24458762914841894,0.04400552580588518,0.8445372735114995,0.9905329705703694,0.04937528060608731,0.35182787298661405,0.022507504063698825,0.4403953170851279,0.41214605410758626,0.8976732851309233,0.9768651465485836,0.055792511650221095,0.24865767731957078,0.043983865145292574,0.8445372765844377
2.8944723618090453,0.9884008053870871,0.053863986563011945,0.3881196164524521,0.32592744822143244,0.40963040274994306,0.3899350260481716,0.9206617269481377,0.9850490336428959,0.0624523565597893,0.2562199870220643,0.0503250240767934,0.8312118422538229,0.9883985269309487,0.05386413001147635,0.3860721636627332,0.31781654523019043,0.4098079981186229,0.3899351299732598,0.9206618777663467,0.9850489910635607,0.0624519635521858,0.2568066670971631,0.050323709591782485,0.8312118460895629,0.9883938452018335,0.05386442443203196,0.3818065993440368,0.17648707711037917,0.4101800344477304,0.38993529223150997,0.9206620954414337,0.9850488773535864,0.06245168965012089,0.2580708839371415,0.05032105591869287,0.8312118454056364,0.9883920833249777,0.05386453978074313,0.3801720881350556,0.019304539242920464,0.41031440609690084,0.38993536454456956,0.9206622162211141,0.9850488613980078,0.06245286378965774,0.2586417511979616,0.050320375308604386,0.8312118348845722,0.9883691083777557,0.05386575903867364,0.35964533616696304,0.025169941139266683,0.41236904050563855,0.38993562714791735,0.9206632416128766,0.9850484495190184,0.06241482173109669,0.26264430511263537,0.05029629461105591,0.8312118381557191
3.1356783919597992,0.9860448362501366,0.058354647299411776,0.3956468556569074,0.3194747076770258,0.38365324519238364,0.36978829949719016,0.9401429212778741,0.9911113320150512,0.06927249532597282,0.27040811404864085,0.056950738424748557,0.8180188336172949,0.9860423045203176,0.058354802706241965,0.3936197940500772,0.313326556537992,0.38381900526432783,0.36978840088953635,0.9401430213901021,0.9911112909817291,0.0692718886247952,0.2709855278324507,0.05694930677262322,0.8180188377061413,0.9860371127097591,0.05835512167232062,0.3893966867427651,0.1758407802515275,0.38416653650824556,0.36978853329967665,0.940143165363247,0.9911112110486933,0.06927127250507543,0.27222945918920743,0.05694643629332094,0.8180188368573815,0.9860351640309194,0.05835524663620884,0.387778396282009,0.021326279842711845,0.38429116534586305,0.36978861498840665,0.94014323797585,0.9911111828134747,0.06927246791459357,0.2727911045957486,0.05694572355265127,0.8180188254019191,0.9860097447035694,0.05835656754096568,0.36745388048162625,0.027773876768624667,0.3862396028351953,0.3697888419510406,0.940143883479048,0.9911108233062862,0.06922958202010861,0.27672625189989447,0.056919460797021,0.8180188289299148
3.3768844221105527,0.9835001980982133,0.06284564913885637,0.403165800883936,0.31313468645112935,0.35939060157473496,0.3514305163928611,0.9563992131058705,0.9953809363578553,0.0762737887972188,0.28466975412559603,0.06387239119717314,0.8049577252104715,0.9834974194913096,0.06284581650494522,0.4011589137755899,0.30888254567900353,0.3595448459834558,0.3514306100781724,0.9563992758577802,0.9953809034140351,0.07627301017751083,0.2852378944209276,0.06387087081964399,0.8049577295359945,0.9834917311694853,0.06284616001814694,0.3969778235851044,0.17516999483414109,0.3598685832581844,0.35143071952386956,0.9563993569745448,0.9953808483554389,0.07627214247578407,0.2864615267109416,0.06386784439314662,0.8049577285299708,0.9834896016083498,0.06284629459763155,0.3953755896832417,0.023303641254892194,0.35998379190168156,0.3514308053018232,0.9563993908709235,0.9953808149707957,0.07627339768676204,0.28701393745922793,0.06386712476614533,0.8049577161412265,0.9834617942707806,0.06284771715606477,0.3752515233462691,0.030319850211996294,0.3618293720213113,0.35143099951794665,0.9563997204431227,0.9953805034810874,0.07622602397403681,0.2908818489721414,0.06383891550494812,0.8049577200425365
3.6180904522613067,0.9807736258786144,0.06733700479315279,0.41067433645064544,0.3069053849041205,0.33668780651746777,0.33463365602558576,0.9696958208369105,0.9981352846260423,0.08344615982607159,0.29898509183629596,0.07107607538040824,0.7920279808703248,0.9807706067867624,0.067337184119007,0.4086874700980569,0.3044839921921628,0.33683097570493753,0.33463374400620627,0.9696958513321149,0.9981352575785291,0.08344525083413744,0.2995439628744426,0.07107449447817756,0.7920279854277471,0.9807644360193589,0.06733755218117243,0.4045480903040354,0.1744750745334182,0.33713184166762994,0.3346338311493814,0.9696958858425367,0.9981352259875831,0.08344422050184522,0.300747305389554,0.0710713711596721,0.7920279842347506,0.9807621314315478,0.06733769637680889,0.40296180064273784,0.025237111709606512,0.33723802682926435,0.33463391904674067,0.9696958869012701,0.9981351908975462,0.08344557333940843,0.3012904794918412,0.07107066943141165,0.7920279709997073,0.9807319950538363,0.06733922059854543,0.38303703606174183,0.032808379424232786,0.3389846961921079,0.3346340449864436,0.9696960101255749,0.9981349678458803,0.08339406088078297,0.30509138352634335,0.07104074087092126,0.792027975171435
3.8592964824120606,0.9778716755229448,0.07182872873514792,0.4181710428075369,0.3007848300355708,0.31541051690010546,0.31920685327040466,0.9802797224265561,0.9996088931329815,0.09078013740208843,0.31333604114807273,0.07854837695744231,0.77922905768115,0.9778684226874845,0.07182892002243281,0.41620409561902244,0.30013037363543116,0.315543104055215,0.31920692881001705,0.9802797372052274,0.9996088806381411,0.09077913818555164,0.3138856547357428,0.07854676228142657,0.7792290625093016,0.977861783430133,0.07182931263495278,0.41210622687258275,0.17375635854142663,0.31582213185454105,0.31920699929642904,0.9802797328801623,0.9996088651419391,0.09077803221131316,0.3150687359674852,0.07854359972201609,0.7792290611328743,0.97785931041048,0.07182946644989441,0.41053580963757613,0.0271271607119384,0.3159197103191761,0.3192070685155544,0.9802797342049822,0.999608853964691,0.0907795183027223,0.3156026781773779,0.07854293831186075,0.7792290471370444,0.9778269042574239,0.07183109234365985,0.3908096497330039,0.03523995934255856,0.3175717026273686,0.31920711148894965,0.9802797372338969,0.9996087305818451,0.09072420897819812,0.31933685183343175,0.07851151145924053,0.7792290512335235
4.100502512562814,0.9748007228786288,0.07632083728752562,0.42565497880724024,0.2947710745202164,0.29544117104785905,0.3049891223510389,0.9883806733716977,0.9999999999999998,0.0982667872957222,0.3277060292885978,0.08627633921555604,0.7665604068507469,0.9747972428487113,0.07632104053706326,0.4237078866200996,0.295821164840959,0.295563699946153,0.30498918625910093,0.9883806782952573,0.9999999999999998,0.0982657371170316,0.328246404979601,0.08627471701209433,0.7665604119278101,0.9747901490451578,0.07632145770253788,0.41965140431155956,0.17301417050951046,0.2958219624940433,0.3049892406432327,0.9883806474424965,0.9999999999999998,0.09826463960274483,0.32940926815104676,0.08627157064639482,0.7665604105252036,0.9747875133471365,0.07632162113594375,0.41809681542665716,0.028974237878766112,0.29591138266667016,0.30498930017212994,0.9883806427542003,0.9999999999999998,0.0982662946254937,0.3299339938578746,0.08627097291324368,0.7665603956271508,0.9747528969870205,0.07632334871571805,0.398568841010712,0.03761506194455903,0.297472990997487,0.3049892356771182,0.988380625986056,0.9999999999999998,0.09820752033632474,0.33360174953389543,0.08623826036597333,0.7665603996792018
4.341708542713567,0.9715669630842014,0.08081334869654504,0.4331254966611885,0.2888621963325573,0.27667625745536506,0.2918437649202824,0.9942121331427461,0.9994761303372626,0.10589765618959045,0.34207982213483545,0.0942474351476175,0.7540214737692428,0.9715632628701958,0.08081356391004615,0.4311982190264306,0.29155583773497407,0.2767892505332896,0.291843810813577,0.9942121468689018,0.9994761494665668,0.1058965923256138,0.3426109843920511,0.09424582969318214,0.7540214789120095,0.9715557287716997,0.08081400563217092,0.4271830448556675,0.17224881876603987,0.27702782022274436,0.29184384290222054,0.9942121128244722,0.9994761717996171,0.10589558382360148,0.3437536848268121,0.09424275194189392,0.7540214775504464,0.9715529358293808,0.08081417868439038,0.42564425679542084,0.03077877339167273,0.27710952741226613,0.2918438984317971,0.9942120965357728,0.9994761757777147,0.10589744217431635,0.34426921529373405,0.09424224056943284,0.7540214619097964,0.9715161680106383,0.08081600796235745,0.40631420185017914,0.039934138357709016,0.2785850076847043,0.2918437241307476,0.9942121260746684,0.9994762923012652,0.10583552551033952,0.3478708979999053,0.09420844825815157,0.7540214657270614
4.582914572864322,0.9681764132862986,0.08530628320966817,0.4405821101239084,0.28305629848378583,0.2590241018953126,0.27965393437452507,0.9979722581683047,0.9981788833439569,0.11366472130555308,0.35644337006324756,0.10244953906452405,0.7416116984170735,0.9681724986500803,0.08530651038780843,0.4386746201856187,0.28733386212241796,0.25912808825296746,0.2796539718384304,0.997972270027322,0.9981789102499304,0.11366368089239527,0.3569653496936325,0.10244797565615983,0.7416117039126687,0.9681645384833637,0.08530697666903607,0.434700701735179,0.1714605970382858,0.2593480219954887,0.2796539792063874,0.9979722511910515,0.998178955607648,0.11366283878025152,0.3580879543774859,0.1024450165792834,0.7416117023616722,0.9681615951398866,0.08530715934467771,0.43317769594346167,0.03254117929954292,0.25942243231355094,0.2796540126843625,0.9979722609255606,0.9981789842069735,0.11366493154566946,0.35859431353509874,0.10244461036452569,0.7416116858374533,0.9681227303051567,0.0853090903195251,0.41404537028327054,0.04219762056402736,0.2608159721495555,0.2796537905985035,0.997972280296478,0.9981791361789606,0.11360018928602007,0.362130301423194,0.1024099437087118,0.7416116896441927
4.824120603015075,0.9646349145791003,0.08979966314481785,0.4480244124023856,0.2773515095940653,0.2424031087402187,0.2683191655822475,0.9998448057667468,0.9962279365488935,0.12156034945595204,0.3707836803674957,0.11087090472715283,0.7293305159832902,0.9646307932740884,0.08979990229310826,0.44613669029570135,0.2831547058562204,0.24249857962946522,0.26831917655914506,0.999844857753173,0.996227990481337,0.12155936567180323,0.37129650910819806,0.11086940368689178,0.7293305214879952,0.9646224199761098,0.08980039313396003,0.4422039881599743,0.17064978596833127,0.24270091579705233,0.26831917005814193,0.9998448453257143,0.9962280454358864,0.12155876531532622,0.3723990960396061,0.1108666130129051,0.7293305198848422,0.9646193298427065,0.0898005854260749,0.4406967506833068,0.03426185091132665,0.24276847285790504,0.26831921316042084,0.9998448246994313,0.9962280611139517,0.1215611261267875,0.3728963191554921,0.1108663359702735,0.729330502754628,0.9645784236844411,0.08980261810052662,0.42176199724558966,0.04440592407574135,0.24408406961110113,0.2683189624362662,0.9998448411136761,0.9962282244678089,0.12149386152356806,0.376367006611408,0.11083098842786616,0.7293305065690493
5.065326633165829,0.9609481347168255,0.09429351294966405,0.45545203014458685,0.27174598433302954,0.22674032666433508,0.25775260972216946,0.9999999999999742,0.9937244294301084,0.1295772619673057,0.3850887089314662,0.11950014618740332,0.7171773569937129,0.9609438094006141,0.09429376405565057,0.4535840594861692,0.27901783718759665,0.22682781261262724,0.25775264153358846,0.9999999999999742,0.9937244570771677,0.12957637251582468,0.38559243084369915,0.11949873637698584,0.7171773631913272,0.9609350362781947,0.09429427945720129,0.4496925400723057,0.16981665412578412,0.2270135449471055,0.2577526234220151,0.9999999999999742,0.9937245185283632,0.12957608532735715,0.38667508548175716,0.11949616043591679,0.7171773614489853,0.9609318066022573,0.09429448137227157,0.44820105868212734,0.0359411689245615,0.22707462948050597,0.25775265298036704,0.9999999999999742,0.9937245479389614,0.1295787416890231,0.38716320490222733,0.11949602825006078,0.7171773433587718,0.9608889132615716,0.09429661574400434,0.42946373276390987,0.04655944970469621,0.22831611222253964,0.25775239903782005,0.9999999999999742,0.9937246952895109,0.12950924800943955,0.3905690053694094,0.11946018674097084,0.7171773473732836
5.306532663316583,0.9571215678458459,0.09878785924225773,0.4628645999559412,0.266237905371548,0.21197029624566083,0.24787884197450444,0.9985952903575462,0.9907537966321139,0.13770850821468134,0.39934727117590385,0.12832622720865752,0.7051516485328926,0.9571170462522256,0.09878812231158737,0.46101636543562896,0.274922724106367,0.2120502473427895,0.24787887330240335,0.998595286943392,0.9907538231366464,0.13770774295831226,0.39984192419264397,0.1283249263631855,0.705151655050357,0.957107885754402,0.09878866227225724,0.4571659973503393,0.16896146005256912,0.21222033457559644,0.24787885168859472,0.9985952907682617,0.9907538823932545,0.13770783782223525,0.40090474026277556,0.12832261035302928,0.7051516532342087,0.9571045212512914,0.09878887380650801,0.45569026063072465,0.03757950108012914,0.21227533975436233,0.24787887810764503,0.9985952930917145,0.9907539132035675,0.13771081885403338,0.40138379700585675,0.12832264252936174,0.7051516341553876,0.9570596966352634,0.09879110988405336,0.4371502202651109,0.048658585885615946,0.2134463254887968,0.24787860927867966,0.9985953350322504,0.9907540596264099,0.1376393753099971,0.40472513417130235,0.1282864808119418,0.7051516382877157
5.547738693467337,0.9531605503490251,0.10328273091913377,0.470261756558704,0.2608254793957729,0.19803393364006291,0.2386319141130117,0.9957764757545972,0.9873883462660137,0.14594742417469667,0.4135489385419783,0.13733842173696306,0.6932528124885233,0.9531558379332064,0.10328300594676527,0.46843324335429926,0.27086883595125827,0.19810680411341208,0.23863195113223426,0.9957764574365227,0.9873883651217551,0.14594681417514974,0.4140345675707313,0.13733725081834305,0.6932528192291979,0.9531463027052399,0.10328357046841487,0.46462399561637957,0.16808445334704525,0.19826215669129485,0.23863192681356254,0.9957764722307321,0.9873884229623086,0.14594735613899976,0.4150776440400659,0.13733523665919398,0.693252817494081,0.9531428095271364,0.10328379162892946,0.46316399210611525,0.03917720415225873,0.1983114402457766,0.2386319392941058,0.9957765048168995,0.9873884664850248,0.14595068751094356,0.41554767902625256,0.1373354484584971,0.6932527974293042,0.9530961063119107,0.1032861294034113,0.44482109452981544,0.050703710195342706,0.19941539382710224,0.2386316748787572,0.9957765745019125,0.9873885925135009,0.1458775658331018,0.41882499554048447,0.1372991374226463,0.6932528015924496
5.788944723618091,0.9490702511255406,0.10777815913818309,0.477643128611268,0.2555069423086448,0.1848778553259105,0.22995405118541654,0.9916781077889375,0.9836891225568933,0.15428762583383093,0.42768399224443876,0.14652632668322577,0.6814802679515833,0.9490653546314958,0.10777844612895891,0.47583432170162604,0.2668556445590872,0.18494406379155426,0.22995408418243285,0.9916781014489627,0.9836891446933365,0.1542871988855836,0.42816064171550966,0.1465253026663048,0.681480274773895,0.9490554570214869,0.10777903521016556,0.47206616311854827,0.1671858757042526,0.18508555187419604,0.22995405850736664,0.991678129017014,0.9836891993643445,0.15428825004053623,0.4291840841623364,0.14652363030161178,0.681480273044933,0.9490518402045096,0.10777926599841585,0.4706218813031314,0.04073462489865258,0.18512946635845892,0.22995405923160578,0.9916781908559996,0.9836892523925965,0.15429195733311768,0.4296451436111178,0.14652403807862358,0.681480252047646,0.9490033132625725,0.1077817054839567,0.4524759808630597,0.05269519070966861,0.1861696438110718,0.22995378125184937,0.9916783599238309,0.9836893797127872,0.15421741484026572,0.43285888704156045,0.14648773435948306,0.6814802562938265
6.030150753768845,0.9448556884582165,0.1122741774391387,0.4850083357009536,0.25028055502347735,0.17245355127943263,0.221794303947499,0.9864245479743717,0.979707783468737,0.16272297294309085,0.4417433372714868,0.15587982343621337,0.6698334298535521,0.9448506135133141,0.11227447639341692,0.4832192198616759,0.2628826242236029,0.17251350609078783,0.22179433370157164,0.9864245557586808,0.9797078084171229,0.16272275657873117,0.4422110554426856,0.15587896416687552,0.6698334368360184,0.9448403659775033,0.11227509003532145,0.4794921186348664,0.1662659623032457,0.17264195562158943,0.221794304684726,0.9864246073197543,0.9797078623800957,0.16272437549605412,0.44321497405468546,0.155877670589049,0.6698334350140034,0.9448366301877874,0.11227533044844853,0.4780635468354396,0.042252101986470024,0.17268083996246764,0.22179429797970387,0.9864246890915884,0.9797079190312254,0.1627284833391725,0.44366710794810055,0.15587829040797532,0.6698334129960459,0.9447863292142086,0.11227787162684004,0.46011449508201735,0.05463338756286468,0.17366037139676785,0.2217940319570319,0.9864249188205709,0.9797080246521588,0.16265277255920632,0.4468177446062148,0.15584215186495554,0.669833417758958
6.2713567839195985,0.940521722187541,0.11677082170417072,0.49235698833360997,0.24514460777832445,0.16071691105049177,0.214107675379421,0.9801303609589788,0.9754879365067302,0.17124756554427537,0.45571846919742587,0.16538909029297996,0.6583117105942811,0.9405164754374202,0.11677113262906326,0.4905875479657042,0.2589492530471675,0.16077099198062694,0.21410769325159393,0.9801304072019449,0.9754879711799795,0.17124758461401784,0.456177304915552,0.1653884104273872,0.6583117174857618,0.9405058890269979,0.11677177082671773,0.4869014716416772,0.16532494237706516,0.1608871990735447,0.2141076682075002,0.9801304712359475,0.9754880191501242,0.17124982815457276,0.4571618160733359,0.1653875326234352,0.6583117158421873,0.9405020405080982,0.11677202087846088,0.4854885977187819,0.04372996658666175,0.16092136125022174,0.21410764270285823,0.9801306053929489,0.9754880891532572,0.17125435771725128,0.45760507358425906,0.1653883760363718,0.6583116927142815,0.9404500183865303,0.11677466375254707,0.46773624256314716,0.05651865451251923,0.16184318066421757,0.21410737683507702,0.9801309463025786,0.9754881856888155,0.17117771656352224,0.46069307321034214,0.16535254524861867,0.658311697528522
6.5125628140703515,0.9360730688922646,0.12126813027284981,0.49968868662872695,0.24009741632338255,0.14962761901951205,0.206854188991397,0.9729012286642122,0.9710664745814709,0.17985571454261431,0.46960140652650206,0.17504456958427653,0.6469145188219165,0.936067654766103,0.12126845316164749,0.4979389059041471,0.25505501305145517,0.14967620440946033,0.20685420365201085,0.9729012937203371,0.971066510933846,0.17985599494862445,0.4700514134512448,0.17504408685331313,0.6469145258505532,0.9360567418567521,0.12126911592016087,0.4942938211836857,0.164363040546265,0.14978091485134515,0.20685417610967669,0.972901391495535,0.9710665589605407,0.17985891524507708,0.4710166357225335,0.17504365663820692,0.6469145242865052,0.9360527842764075,0.1212693756069334,0.4928966328863491,0.04516854383428098,0.14981066912748547,0.20685414149902856,0.9729015563748267,0.9710666331549661,0.1798638893352093,0.4714510723100418,0.17504473918416769,0.6469145003903376,0.9359990918042864,0.12127212017606971,0.4753408186522321,0.05835133903250582,0.15067756998503704,0.20685387372960826,0.9729020343329791,0.9710667242235973,0.17978654737942984,0.47447691417678745,0.1750093536053839,0.6469145054026552
6.7537688442211055,0.9315142979340222,0.12576614391786328,0.5070030205909641,0.23513732502849738,0.1391487924177598,0.19999826735377652,0.9648343880676644,0.9664745542893453,0.18854193697783178,0.48338466048426887,0.1848369739153905,0.6356412610543856,0.9315087222625026,0.12576647877557076,0.5052728831973543,0.25119939073449754,0.13919223038634673,0.19999827541373583,0.9648344840520056,0.9664745949602268,0.18854250150310053,0.48382589162971773,0.1848367020495521,0.6356412681717669,0.9314974938253148,0.1257671660903031,0.5016687560917689,0.16338047723302435,0.13928616415292314,0.19999824833271485,0.9648346119038353,0.9664746408499149,0.18854614923675114,0.48477194948657587,0.18483675150827444,0.6356412667528999,0.9314934300515543,0.12576743539779367,0.5002872409802325,0.046568153687612114,0.1393118150580317,0.199998217773395,0.9648347736546062,0.9664747084008366,0.1885515902844507,0.48519762406090067,0.18483808935956283,0.635641242419626,0.9314381166696268,0.12577028165015483,0.482927808429507,0.060131784258334195,0.14012645385446068,0.19999795110914698,0.9648353979949283,0.9664747924778201,0.18847376851477834,0.4881617967607491,0.18480328065060206,0.6356412475416165
6.994974874371859,0.9268498379583953,0.13026490588421777,0.5142995697454312,0.23026270598320023,0.12924658597676425,0.19350812793016756,0.9560192721015282,0.9617385016947412,0.19730094039608864,0.4970611928184003,0.19475727245637967,0.6244913413949075,0.9268441055814309,0.1302652527134658,0.5125890589789491,0.2473818780575591,0.1292852140246427,0.1935081315845762,0.9560193967650503,0.9617385450993482,0.1973018114130443,0.4974937033073881,0.19475722573851326,0.6244913490018164,0.9268325725253587,0.13026596457722886,0.5090258547241444,0.16237746935936082,0.12936905621415465,0.19350810645691036,0.9560195535810003,0.9617385878744737,0.1973062343782405,0.4984207250372568,0.19475778472745917,0.6244913475895478,0.9268284072311441,0.1302662434975348,0.5076600000407022,0.04792911191710249,0.1293908805828839,0.1935080795515446,0.9560197125945274,0.9617386490933344,0.19731216160189788,0.4988376968852124,0.19475938979680257,0.6244913223059667,0.9267715209792209,0.13026919141650276,0.49049678613641245,0.061860329418154954,0.13015578367865177,0.19350781903270223,0.9560204851359162,0.9617387237869052,0.19723407245885707,0.5017406961327697,0.19472528367069172,0.6244913278072144
7.236180904522613,0.9220839808240225,0.13476446190922947,0.5215779029197509,0.22547195907056009,0.11988986861933547,0.18735529143276797,0.946538061937053,0.9568805602686048,0.20612761145615074,0.5106243813491167,0.20479668276621704,0.613464161825796,0.922078095224086,0.13476482068310408,0.5198870020270415,0.24360197230689212,0.11992401752371118,0.18735530182680546,0.9465381831878027,0.9568805977129335,0.2061288119322512,0.5110482314103254,0.2047968777449599,0.6134641697404427,0.9220662697454123,0.13476555710798532,0.5163646848318711,0.1613542312020464,0.11999841095629514,0.1873552701975338,0.9465383970408918,0.9568806437993359,0.20613405337056484,0.5119563461109085,0.2047979709244022,0.6134641680938457,0.9220620064604307,0.13476584563291297,0.5150144774288238,0.04925173037586339,0.12001667908494933,0.18735525084120125,0.9465385439245999,0.9568806971933743,0.20614048569925097,0.5123646761559896,0.20479985583628815,0.613464142218695,0.9220035959233193,0.13476889520960983,0.4980473151621769,0.06353731058712184,0.12073423827500672,0.18735499253526863,0.9465394892877628,0.9568807665664137,0.20606233128077572,0.515207002454685,0.2047665686803588,0.6134641479552214
7.477386934673366,0.9172208838684058,0.13926486019898693,0.5288375784527286,0.22076351228435329,0.11104995305379985,0.18151417415623344,0.936466173286133,0.951919515757427,0.21501700798416173,0.524067993333971,0.2149466672064431,0.602559121913789,0.9172148511867578,0.13926523093057427,0.5271662698486463,0.23985917652988964,0.11107991822590577,0.1815141832975164,0.9364663162665844,0.9519195535009201,0.21501855611657417,0.5244832389956597,0.2149471134138152,0.6025591300871659,0.9172027432705423,0.13926599190789218,0.5236848032499773,0.160310974672078,0.11114549004095184,0.18151414923169978,0.9364665788174129,0.9519195998960467,0.21502465898719186,0.5253725817551153,0.2149487675274205,0.6025591283059648,0.9171983892493628,0.1392662900729568,0.5223502292852189,0.05053631839658415,0.11116043558393705,0.18151411952603408,0.9364667682208684,0.9519196585193856,0.21503160976373742,0.525772327580061,0.2149509363687598,0.6025591014225037,0.9171385041866146,0.1392694413263089,0.5055789473597782,0.06516306180987771,0.11183291344830953,0.1815138492205799,0.9364679422837435,0.9519197328811341,0.2149535811724579,0.5285544841407294,0.21491857379830775,0.6025591070713415
7.718592964824121,0.912264584764016,0.14376615160737669,0.5360781423550853,0.21613581800058998,0.10270027792073086,0.17596166927432236,0.9258729425451873,0.9468712740170764,0.22396433597603788,0.5373861386791958,0.22519890194783945,0.5917756186632622,0.9122584109843481,0.14376653431067615,0.5344264080530976,0.23615299917453825,0.10272634231738753,0.17596167176170363,0.9258731261592028,0.9468713155077864,0.22396624890474767,0.5377928377309396,0.22519960821076176,0.5917756269019385,0.9122460306218022,0.14376731983215166,0.5309857546966122,0.1592479104502428,0.10278368959106703,0.17596163691964753,0.9258734346351137,0.9468713611507923,0.22397325335893062,0.538663546171413,0.22520184767924875,0.5917756250357077,0.9122415874189237,0.1437676276112792,0.5296668005163747,0.05178318288201047,0.10279557255791716,0.17596161091956916,0.9258736263843809,0.9468714156487494,0.22398074130267953,0.5390547743909518,0.22520431497769478,0.5917755978961226,0.9121802688496982,0.1437708804491491,0.5130912245027046,0.06673791444623962,0.10342517347558858,0.17596135798798235,0.9258749506199274,0.9468714761795621,0.2239030308522154,0.5417772814705796,0.2251729928193937,0.5917756041905878
7.959798994974874,0.9072189867685381,0.14826838938923087,0.543299130470507,0.21158735955461652,0.09481631556931257,0.1706769507678394,0.9148217560865837,0.9417492368091673,0.2329649636880185,0.5505732745812785,0.23554530932721057,0.5811130483868584,0.9072126758450897,0.14826878405248184,0.5416669522748162,0.23248295650654796,0.0948387607205071,0.17067695062493346,0.914821968656482,0.9417492792004644,0.23296725966563406,0.5509714885327226,0.23554628755891546,0.5811130568445804,0.9072000329568463,0.1482695941165206,0.5382670738157433,0.15816524740401067,0.09488845318289713,0.1706769157189922,0.914822324982514,0.9417493240985699,0.23297520309403064,0.5518237021411948,0.23554913446279271,0.5811130551611893,0.9071955070301129,0.14826991154316238,0.5369637249407624,0.05299262921699033,0.0948974918313473,0.1706768812841221,0.9148225581343221,0.9417493823163645,0.23298324008019,0.5522064745874276,0.2355519039305369,0.5811130273834858,0.9071328044354835,0.14827326599599572,0.5205836750658167,0.06826220030274943,0.09548625875420534,0.17067662516347157,0.9148241053133582,0.9417494428303415,0.2329060209660081,0.5548698439419512,0.2355217126225115,0.5811130337040651
8.201005025125628,0.902087883874736,0.15277162951947101,0.5505000653962858,0.20711664322386458,0.08737524700802358,0.1656410956385521,0.9033708370395427,0.9365647598478303,0.24201438798696215,0.5636241499989122,0.24597800622084734,0.5705708045574357,0.9020814391052755,0.1527720361264416,0.5488874246709228,0.2288485700616539,0.08739434451578668,0.1656410990535662,0.9033710623587731,0.9365647999350346,0.2420170846655614,0.5640139414165312,0.24597926841784706,0.5705708137717403,0.9020685445389938,0.15277287073912918,0.545528281816669,0.15706319439975672,0.08743692071472532,0.16564105957518982,0.9033714815249702,0.936564846459049,0.24202600092425808,0.5648478016890948,0.24598274106604265,0.5705708118943187,0.9020639336081832,0.15277319771022124,0.5442405245886753,0.054164961642112,0.08744337478158141,0.16564104653064904,0.9033716651101253,0.9365648917881627,0.24203460812858604,0.5652221937624058,0.24598583379755554,0.5705707843407667,0.9019998918388054,0.15277665375177737,0.5280558172238465,0.06973624950513499,0.08799327935328342,0.16564078699829554,0.9033734431713056,0.9365649523849062,0.24195805032420364,0.5678269472273753,0.24595686581650417,0.5705707906002581
8.442211055276381,0.8968749428252265,0.15727593037304646,0.5576804590371743,0.20272220640830624,0.08035592675706962,0.16083696976077036,0.8915733064069632,0.9313274071413338,0.2511082531716041,0.5765338162256198,0.2564893431968379,0.5601482809701062,0.8968683695381912,0.15727634892688835,0.5560873365929205,0.2252493690707453,0.08037192404864688,0.16083697296478983,0.8915735555768277,0.9313274468543393,0.2511113648767394,0.5769152470815085,0.2564908966053814,0.5601482905614042,0.896855232068744,0.1572772080688519,0.5527688892864839,0.15594195941172254,0.08040791001359646,0.16083693288420062,0.8915740270858059,0.9313274928047225,0.2511212876063978,0.5777308998483769,0.2564950152895885,0.5601482886174695,0.8968505441345077,0.15727754463260488,0.5514967084492832,0.055300484642836156,0.08041196951124818,0.16083692121125823,0.8915742208697063,0.9313275364973461,0.25113047304651914,0.5780969750338533,0.2564984303594627,0.5601482600690465,0.8967852037980105,0.1572811021696565,0.5355071560460739,0.07116039311067716,0.08092491266696475,0.16083667361768722,0.8915761887977174,0.9313275893713635,0.2510547431030037,0.5806436433614173,0.2564707797488321,0.5601482666593648
8.683417085427134,0.8915837199528275,0.16178135289087667,0.5648398109979352,0.19840261192140413,0.0737386538711773,0.15624896529696675,0.8794777614100325,0.9260452642660433,0.26024232919108425,0.5892975916496025,0.2670718719438691,0.5498448689181301,0.8915770234971703,0.161781783403071,0.5632661870966622,0.22168488978108997,0.07375178697017293,0.15624896499351187,0.8794780467183204,0.9260453053758398,0.2602458689638545,0.5896707243020939,0.26707372259953155,0.5498448786544153,0.8915636519347303,0.16178266705614205,0.5599883942843344,0.15480175066633842,0.07378168508266757,0.15624892658813566,0.8794785650553272,0.9260453497700758,0.2602568292540868,0.5904683171268016,0.26707850543684253,0.5498448767439258,0.8915588929402902,0.16178301324739386,0.5587317742923623,0.05639950170251426,0.07378354433131089,0.156248906990058,0.8794787981366708,0.9260453963224392,0.26026660206262536,0.5908261419571416,0.2670822448682623,0.5498448467006405,0.8914922991724602,0.16178667228003563,0.5429371838683303,0.07253496219216887,0.07426131268010333,0.1562486622446672,0.8794809914900501,0.9260454469519622,0.26019185261412686,0.5933152515473219,0.2670559885652036,0.5498448535804243
8.92462311557789,0.8862176647355523,0.16628796061634704,0.571977607885649,0.19415644815416655,0.06750504290610918,0.15186283473043485,0.8671286242125892,0.920725165612757,0.2694125050464028,0.6019110424936702,0.27771833852083266,0.539659958297723,0.8862108497272103,0.16628840308986365,0.5704234623807262,0.21815467550703935,0.06751554095286812,0.1518628298503399,0.8671289487405138,0.9207252082532561,0.2694164856384998,0.6022759408965219,0.2777204929744279,0.5396599681025256,0.8861972529692921,0.16628931123880342,0.5671862819739152,0.1536427769307881,0.06753983122663262,0.15186279412482653,0.8671295130182181,0.9207252509924092,0.26942851203489476,0.6030556229149122,0.27772595584964793,0.5396599662779422,0.886192427772889,0.16628966708887213,0.5659452069064557,0.05746231694209986,0.06753968290073804,0.15186276219607955,0.867129799889009,0.9207253019325607,0.26943888138610916,0.6034052657278196,0.2777300227312079,0.5396599347003515,0.8861246238916051,0.16629342758592022,0.550345381072761,0.07386028886660026,0.06798399067491287,0.1518625168296704,0.8671322332196937,0.920725351961179,0.2693652593911902,0.6058373490164067,0.27770523483243403,0.5396599415307767
9.165829145728644,0.8807801223680056,0.17079581968476154,0.5790933231172724,0.1899823290696163,0.061637913625983504,0.14766554837292042,0.8545664477075474,0.9153728841536944,0.27861478434093606,0.6143699691189178,0.2884216798517759,0.5295929375835531,0.8807731918475687,0.17079627408877057,0.5775586356466854,0.2146582768583942,0.06164600320741532,0.14766554362099374,0.8545667969187156,0.9153729261668879,0.2786192193351061,0.6147267000504937,0.28842414713245224,0.5295929475695682,0.8807593799202528,0.1707972067453192,0.574362024309197,0.1524652479105323,0.0616651395911322,0.14766550610014262,0.8545674215636518,0.9153729691774479,0.2786323366490483,0.615488620592842,0.28843030152553906,0.529592945638039,0.8807544914784032,0.1707975722451703,0.5731364782115801,0.05848923561082731,0.06166317843576089,0.14766546518004742,0.8545677522647532,0.9153730225344857,0.2786433130660703,0.6158301536771994,0.28843470231666096,0.5295929125467385,0.8806855186487202,0.1708014341531656,0.5577312148616841,0.07513670667546316,0.06207567309315943,0.1476652215289132,0.854570424213004,0.9153730713363325,0.27857095998290726,0.61820574708404,0.28841145421817005,0.5295929196634844
9.407035175879397,0.8752743323288862,0.17530499871489755,0.5861864174236396,0.18587889591433845,0.05612121045699372,0.14364518467008325,0.8418281635507715,0.9099932886011899,0.2878452859143713,0.62667039790153,0.2991750287616161,0.5196431946709614,0.8752672909120736,0.17530546504578942,0.5846711669337294,0.2111952519694801,0.05612710021336986,0.1436451784211334,0.8418285416717808,0.9099933305071093,0.28785018604914536,0.627019027281821,0.2991778138473193,0.5196432044370617,0.8752532724106181,0.17530642219759146,0.581515080456893,0.15126937431549256,0.05614152477367295,0.14364513967019424,0.8418292261147805,0.9099933735701833,0.287864418470152,0.6277633388751707,0.2991846722771578,0.5196432024592035,0.8752483231604318,0.1753067973442801,0.5803050468453006,0.05948056390494386,0.05613794037298534,0.1436450938036151,0.8418295908267599,0.9099934277036165,0.2878760117430049,0.6280968344480625,0.2991894131143861,0.5196431686129669,0.8751782218758826,0.17531076060011574,0.5650941389791094,0.0763645509815043,0.05652019908216343,0.14364485324461096,0.8418325002365893,0.9099934749084597,0.28780506223227664,0.6304164774095116,0.29916777103827447,0.5196431762607289
9.64824120603015,0.8697034346438636,0.17981556885192654,0.5932563381126884,0.18184481574727143,0.05093989253407683,0.1397908040341163,0.8289474051520516,0.9045904887106957,0.2971002355019303,0.6388085642077773,0.3099717026920629,0.5098101164078503,0.8696962865114614,0.1798160471227712,0.5917605028050489,0.20776516720488822,0.05094378427895337,0.13979079614611306,0.828947816430268,0.9045905308901345,0.2971056105541288,0.6391491571272213,0.30997480980892544,0.5098101264626503,0.8696820696253714,0.17981702874865063,0.5886448959681304,0.15005536811173475,0.05095392271405659,0.1397907572837611,0.8289485578310803,0.9045905735975381,0.2971209805461577,0.63987601429976,0.3099823838282914,0.509810124470741,0.8696770621426061,0.17981741352605204,0.5874503581111421,0.06043660971851344,0.05094889641656409,0.13979070868327895,0.8289489477781334,0.9045906273259645,0.29713319959242285,0.6402015464148242,0.3099874702503681,0.5098100900461962,0.8696058719802646,0.17982147804131776,0.5724335938669216,0.07754415962231168,0.05130243142905015,0.13979047384664384,0.8289520894397426,0.9045906722888042,0.29706378217822615,0.6424657821613213,0.3099674962354499,0.5098100981175561
9.889447236180905,0.864070473035817,0.18432760377008983,0.6003025185628422,0.17787878140287186,0.04607985003814738,0.13609234969966783,0.8159547731127809,0.8991679529392174,0.306375961038062,0.6507808991070793,0.32080519844125277,0.5000930891814762,0.864063222935064,0.18432809399662692,0.5988260761609255,0.2043675964288981,0.046081934199467676,0.13609233781314384,0.8159552243797519,0.8991679959774883,0.3063818193710511,0.6511135218669442,0.32080863023709705,0.5000930993393929,0.8640488158705892,0.18432910006898107,0.5957509027097716,0.14882344325858454,0.04608819469135943,0.13609229903836131,0.8159560210821375,0.8991680381659287,0.3063983473425093,0.6518230810483934,0.320816929793762,0.5000930970334948,0.8640437510225994,0.1843294944271212,0.5945718436561331,0.061357682964967276,0.04608190874405342,0.13609225524126525,0.815956415964513,0.8991680893453977,0.3064112019638159,0.6521407253960225,0.3208223698264258,0.5000930629831098,0.8639715120775514,0.18433366014150507,0.579749005682503,0.07867587304336379,0.04640816483951658,0.13609202438268034,0.8159597977906076,0.8991681329665107,0.3063434371494293,0.654350097576695,0.32080411822327953,0.5000930713830863
10.130653266331658,0.858378398092886,0.1888411796518683,0.6073243779871974,0.1739795110300095,0.0415278282071026,0.13254055993665315,0.8028780777909144,0.8937286074986864,0.3156688886038367,0.6625840190459199,0.3316691876860655,0.4904914985521336,0.8583710496696987,0.18884168182588087,0.6058673058501335,0.20100212185359226,0.041528291960707286,0.1325405446937923,0.8028785660293128,0.8937286509284631,0.31567523890423765,0.6629087396405806,0.331672948281396,0.4904915088820642,0.8583564613512981,0.18884271236003985,0.6028325179800968,0.147573815479426,0.041531063649704617,0.13254050366795475,0.8028794271564712,0.8937286934532757,0.3156929419089233,0.6636011561496497,0.3316819793683914,0.4904915064100273,0.8583513401343963,0.18884311621811883,0.6016689206692163,0.06224409593465919,0.0415236922163299,0.13254047074591643,0.8028798088708788,0.8937287406631472,0.315706441270303,0.663910990669639,0.3316877808002278,0.49049147286265166,0.8582780917513666,0.18884738306376103,0.5870397862990933,0.07976003468759957,0.04182405641869202,0.13254024248282112,0.8028834366093199,0.8937287835300801,0.3156404433804177,0.6660660452753777,0.3316713013701865,0.49049148150304966
10.37185929648241,0.852630070350203,0.19335637518331536,0.6143213209703497,0.17014574786007713,0.037271359072924996,0.1291268903486482,0.78974256696901,0.8882749203555903,0.3249755383228965,0.6742147150016137,0.34255751209808855,0.4810047294727355,0.8526226251113599,0.19335688921961944,0.6128835965299427,0.1976683338504866,0.03727039035313339,0.12912687842010395,0.789743071535904,0.8882749622922551,0.3249823911693755,0.6745316051669924,0.3425616098281874,0.4810047400991241,0.8526078639270875,0.1933579442036521,0.60988914555108,0.14630670283158945,0.037270049256675354,0.12912683397327793,0.7897439991164553,0.8882750052613949,0.325001285160463,0.6752070375163719,0.34257137842446955,0.4810047370339165,0.8526026891434153,0.19335835754902134,0.6087409918584171,0.06309616356982821,0.03726175265211416,0.12912681186410627,0.7897443715806968,0.8882750492981487,0.3250154349099243,0.6755091368651379,0.34257754368610976,0.48100470451727156,0.8525284699546336,0.1933627254506326,0.594305332968377,0.08079699134188777,0.03753755737785168,0.12912658508289593,0.7897482492868597,0.8882750917863268,0.3249513122256232,0.677610421996624,0.34256288168742655,0.4810047133120893
10.613065326633166,0.8468282592928482,0.19787327138503435,0.621292738353742,0.16637626131878572,0.03329871534044279,0.12584345625819893,0.7765711024512472,0.8828089695119302,0.3342925260238987,0.6856699492646368,0.3534641883572722,0.4716321662870619,0.8468207204776864,0.19787379726625545,0.6198743378636659,0.1943658310627136,0.033296487177851976,0.12584344871571815,0.77657162297877,0.8828090100678345,0.3342998885771625,0.6859790774821554,0.3534686263501718,0.47163217770648475,0.8468057937446746,0.19787487667874865,0.6169201738823216,0.14502232568058515,0.033293399611784805,0.1258434023069828,0.7765726138316532,0.8828090530976844,0.33431998848484323,0.6866376850769664,0.35347913850861745,0.47163217437814353,0.846800569870049,0.19787529952797772,0.6157874451053825,0.06391420378521545,0.03328432530471926,0.1258433861341971,0.7765729910629685,0.8828090955193179,0.33433479172097874,0.6869321244397264,0.3534856663752481,0.4716321422583976,0.8467254180599636,0.19787976841009783,0.6015450279160268,0.08178709350431798,0.033536850364030264,0.1258431593039563,0.7765771231770838,0.88280913800107,0.3342726463281085,0.6889801898506315,0.3534728621508906,0.47163215106558654
10.85427135678392,0.840975650807231,0.20239195177852545,0.6282380052151302,0.1626698454770913,0.029598835500619484,0.12268295810885944,0.7633844031371614,0.8773325074187662,0.34361655317532774,0.6969468370089074,0.3643833921642535,0.4623731936782765,0.8409680237309345,0.20239248954440217,0.6268389039661987,0.1910942202408439,0.029595505273839272,0.12268295005803193,0.7633849533224529,0.877332547799602,0.3436244293370424,0.6972482708588009,0.36438816861832213,0.46237320551120253,0.840952938219516,0.20239359334285356,0.6239249760288023,0.14372090744353408,0.029590025680506116,0.12268290387631141,0.7633860016486924,0.8773325903973759,0.34364574887613053,0.697890214923228,0.3643994300731884,0.46237320219523564,0.8409476693190031,0.20239402570807058,0.622807653034846,0.06469853781513958,0.02958031801978668,0.12268289039401868,0.763386392861782,0.8773326321084469,0.34366120829946634,0.6981770705493585,0.3644063194574767,0.4623731698859184,0.8408716228831862,0.2023985955049559,0.60875823789115,0.08273069575971596,0.029810792563122832,0.12268266111715684,0.763390785555506,0.8773326750404545,0.3436011359292683,0.7001724672380125,0.36439540802133735,0.4623731784403672
11.095477386934673,0.8350748507590505,0.20691250234547398,0.6351564808741563,0.159025317606913,0.026161269598240187,0.1196386254136328,0.7502012194012162,0.8718470108810383,0.35294440361382534,0.7080426417108167,0.3753094540732855,0.4532271945540401,0.8350671411851798,0.2069130520725321,0.633776653260259,0.1878531164446097,0.026156987006407714,0.11963861134070955,0.7502018141599989,0.8718470521089885,0.3529527956897208,0.7083364483423943,0.3753145651988384,0.4532272064740598,0.8350519033582827,0.20691418019753255,0.63090290928802,0.14240267468827503,0.026149457544699776,0.11963856758594599,0.7502029139721715,0.8718470938915301,0.35297534712500583,0.708961891552767,0.3753265808995664,0.45322720335158284,0.8350465927312871,0.2069146220799579,0.6298009725166025,0.06544949057675889,0.02613925934385023,0.11963855578134312,0.7502033229395794,0.8718471352261505,0.3529914653743798,0.7092412404887871,0.37533383142548155,0.4532271706504197,0.8349696881928299,0.20691929269260545,0.6159443140608528,0.08362815695360717,0.026348869695433822,0.11963832396314483,0.7502079748859567,0.8718471784570361,0.3529335571571672,0.7111845219127304,0.37532484541979494,0.4532271788620675
11.336683417085426,0.8291283875984774,0.21143501158465652,0.6420475076918366,0.15544151852504734,0.022976135714237778,0.11670417004153189,0.7370384991393328,0.8663537234162465,0.36227293958484297,0.7189547640368089,0.3862368539525579,0.44419355164299273,0.8291205969848515,0.2114355731761852,0.6406869288740618,0.18464214361897976,0.022971060439578167,0.11670415538650966,0.7370391222171128,0.8663537642963021,0.36228185477695096,0.7192410171243377,0.38624230535556875,0.44419356360493184,0.8291052149129059,0.2114367256337423,0.6378533149812019,0.14106785721041068,0.022961804626164435,0.1167041118394018,0.737040279952172,0.8663538057736243,0.36230564640644863,0.7198501209032806,0.386255075006083,0.4441935605948299,0.8290998652665282,0.21143717701963327,0.6367667444785939,0.06616739086783686,0.022951256323966926,0.11670410174882816,0.7370407070333888,0.8663538467835008,0.3623224259617304,0.7201220410463616,0.38626268680965753,0.44419352751707664,0.8290221338064471,0.21144194815954792,0.6231025926685915,0.08447983994704378,0.023141162784411935,0.11670387834144103,0.7370455880886652,0.8663538883171047,0.3622667734694627,0.7220137667374793,0.3862556651865671,0.444193536494408
11.577889447236181,0.8231387050738005,0.21595957006126582,0.6489104140241558,0.15191731624851876,0.02003411411007735,0.1138737662975366,0.7239114761408777,0.8608536873800297,0.3715991121087648,0.7296807483324586,0.39716024035567254,0.4352716483680327,0.8231308329720477,0.2159601433437433,0.6475690590503245,0.18146093520300624,0.02002840637049873,0.11387375979790569,0.7239121057251455,0.8608537266103012,0.37160855902489004,0.7299595227006573,0.39716604080304113,0.4352716612649296,0.8231153149153738,0.21596132015420472,0.6447755199318739,0.13971668767317028,0.02001773541476502,0.11387371375178133,0.7239133279118086,0.8608537682024667,0.371633597121657,0.7305524493528509,0.3971795622559416,0.43527165805108525,0.8231099289211328,0.2159617810336683,0.6437042951987171,0.06685257084057775,0.02000697312978559,0.11387370525675017,0.7239137740144077,0.8608538089618049,0.3716510396311104,0.7308170188029521,0.3971875347816888,0.435271624707878,0.8230314067140284,0.21596665257199726,0.6302323926242123,0.08528611340631509,0.020178271869715932,0.11387348698714556,0.7239188895536017,0.8608538494781526,0.37159772249240713,0.7326577451765424,0.3971825009330277,0.4352716335680294
11.819095477386934,0.817108170601821,0.2204862705827471,0.6557445121522322,0.14845160354408396,0.0173263851040875,0.11114199544329163,0.7108338631571447,0.8553477786628972,0.38091995052229294,0.7402182670181955,0.4080744130207827,0.426460868678103,0.8171002232386388,0.2204868556549536,0.6544223533622585,0.17830913236353751,0.01732017463203504,0.11114199027939037,0.7108345179911445,0.8553478175077756,0.38092992840507406,0.7404896304461694,0.4080805556013706,0.42646088201026355,0.8170845751813935,0.2204880567499579,0.6516688330212704,0.1383494028447765,0.01730839687640055,0.1111419438882167,0.7108357983393703,0.8553478588297829,0.380956220377508,0.7410665454635137,0.4080948303399402,0.4264608787043091,0.8170791567332719,0.22048852711009553,0.6506129332568561,0.06750536825652796,0.01729754671404813,0.11114193320701447,0.7108362670557075,0.8553478996816254,0.38097432598367553,0.7413238449070302,0.40810316115290185,0.4264608433754664,0.8169998818643279,0.2204934990712284,0.6373330147608232,0.08604735153226833,0.017451286847428787,0.11114171247199699,0.7108416372723441,0.8553479404896127,0.3809234146347771,0.743114124047625,0.4081001277260581,0.4264608518884742
12.06030150753769,0.8110390879573693,0.22501520862290267,0.6625490944918231,0.14504329280136835,0.014844557849711955,0.10850378938331759,0.6978180328803284,0.849836735136084,0.3902325468171611,0.7505651044886051,0.4189742964177984,0.4177605943364014,0.8110310711228012,0.22501580554365871,0.6612461039998715,0.17518638456284266,0.014837970185283201,0.1085037801017116,0.6978187232207264,0.8498367742505634,0.3902430552390793,0.7508291281802735,0.4189807755566757,0.41776060653698777,0.8110152983488065,0.22501703083296432,0.6585325451619124,0.13696624390073536,0.014825385718358071,0.10850373641179545,0.6978200548258875,0.8498368149406693,0.3902706074906774,0.7513901975641561,0.4189958048817355,0.4177606037347266,0.8110098519524911,0.22501751078262683,0.6574919478418847,0.0681261253163765,0.014814569782831426,0.10850371964496604,0.6978205573378107,0.8498368563966778,0.39028937350023407,0.7516403025802875,0.4190044873707203,0.4177605666525538,0.8109298588649215,0.22502258307713732,0.6444037425029848,0.08676393307514023,0.014951774806172706,0.10850349616373361,0.6978261824699002,0.8498368974484278,0.3902409370227063,0.7533806903863632,0.41900346986218406,0.41776057545246836
12.301507537688442,0.8049336907233061,0.2295464819547089,0.6693234357339676,0.14169131957120792,0.012580671927721726,0.10595442073170451,0.684875079085488,0.8443211746503171,0.39953406466010505,0.7607191620314482,0.4298549563780264,0.40917020638179763,0.8049256056945389,0.22954709066808504,0.6680395855710861,0.17209235140173007,0.012573845296424933,0.10595441165675985,0.6848757974185697,0.8443212135099438,0.3995451070264558,0.7609759173192772,0.42986177386790336,0.4091702190606018,0.804909716361359,0.22954834017641967,0.6653659287167534,0.13556745599667294,0.01256073337560159,0.10595436726742813,0.6848771874728109,0.8443212540217593,0.3995739208183261,0.7615213057507919,0.4298775516852292,0.40917021616156146,0.8049042417390253,0.2295488296076036,0.6643406124218135,0.06871518856511873,0.01255008669169556,0.10595435075824465,0.6848777105827121,0.8443212952677599,0.39959335001112145,0.7617642973839016,0.4298865894785216,0.409170178563981,0.8048235570698579,0.22955400171377868,0.6514438460693954,0.08743624180834979,0.012671767887226357,0.10595413743050862,0.6848835543752286,0.8443213348861613,0.3995474629432534,0.7634553614923717,0.4298876177714401,0.40917018847584335
12.542713567839197,0.7987941311339978,0.23408019001825126,0.6760667966607761,0.138394649442476,0.010527214691509842,0.10348950047207886,0.6720148776302582,0.8388016113032044,0.40882175350157124,0.7706784608126179,0.44071162497789085,0.4006890906703608,0.7987859794089314,0.23408081038524586,0.674802059040986,0.1690267021522363,0.010520279300298014,0.10348949454056404,0.6720156153876884,0.8388016495970418,0.4088333333799363,0.7709280234240011,0.44071878350067256,0.4006891034569167,0.7987699806573387,0.23408208411428072,0.6721682433261489,0.13415328748886574,0.010506913513846531,0.10348944817278768,0.6720170659694051,0.8388016900314454,0.4088634094589425,0.7714578966077013,0.4407353043602261,0.40068910029697424,0.7987644794646577,0.2340825829813446,0.6711581856601816,0.06927290938958318,0.01049655982942033,0.10348943305482187,0.6720176073551245,0.8388017309617232,0.4088835016331933,0.7716938549841577,0.44074469655934334,0.4006890625918096,0.7986831435916206,0.2340878550860148,0.6584525716981902,0.08806466999631606,0.010603645936699662,0.10348921483580947,0.6720237022777003,0.8388017709198259,0.4088402145002702,0.7733361472484146,0.44074776383340253,0.40068907183018615
12.78391959798995,0.792622504910702,0.23861643479380792,0.6827784173169462,0.13515226588230045,0.008677011997142279,0.10110490503697707,0.659246289915639,0.8332784767192583,0.4180929191301075,0.7804411219060787,0.45153964983685674,0.39231662880485885,0.7926142943056208,0.23861706707173236,0.6815327605433843,0.1659891132828887,0.00867007365818677,0.10110489328999188,0.6592470679501018,0.833278515354985,0.4181050301434549,0.7806835581443705,0.4515471355874835,0.39231664122105586,0.7925981897259718,0.2386183648400509,0.6789387249992601,0.13272399261813564,0.008656730043659256,0.10110485008776407,0.6592485675867941,0.8332785552155346,0.41813637231134354,0.7811980856757299,0.4515644007502044,0.3923166385365978,0.7925926704187637,0.23861887342756244,0.6779439005934897,0.06979964742952503,0.008646766226840531,0.10110482446930873,0.6592491493040565,0.8332785968479934,0.418157118078507,0.7814270867281204,0.4515741313660122,0.39231659837677196,0.7925107119350963,0.23862424518154013,0.6654291493208301,0.08864961512194584,0.00874019293207038,0.10110460901330545,0.6592554767213648,0.8332786363077798,0.4181164910709411,0.7830211698765998,0.4515792523121092,0.392316608381955
13.025125628140703,0.7864208509354368,0.24315532087798408,0.6894575153225924,0.13196317198304827,0.007023217331729408,0.09879676174173262,0.6465772356877167,0.8277521314158957,0.42734492285492626,0.7900053588664708,0.4623344934745285,0.3840522009992936,0.7864125803384163,0.2431559648200348,0.6882309109026827,0.16297927117303332,0.007016406174810017,0.09879675198028993,0.6465780365467921,0.8277521696296885,0.42735757022615994,0.7902407461624374,0.4623423132492882,0.3840522139219668,0.786396378990184,0.24315728673250447,0.6856765908605951,0.13127983094417237,0.007003333487120756,0.09879670643506865,0.6465795957533713,0.8277522094211393,0.4273901735930272,0.7907400931238437,0.4623603104535978,0.38405221080846325,0.7863908342598296,0.24315780457478062,0.6846969791907281,0.07029576438235406,0.00699390736192197,0.09879668862742844,0.646580183564422,0.827752250143076,0.42741158238497234,0.7909622231756176,0.46237039646511835,0.3840521722154477,0.7863082824149238,0.24316327560925727,0.6723727939234813,0.0891914796070013,0.007074574221632453,0.0987964799325514,0.6465867322782155,0.8277522888344941,0.4273736701050512,0.7925086607353606,0.46237758063845874,0.38405218347362724
13.266331658291456,0.7801911228785302,0.24769695378239376,0.6961032979161379,0.12882640521909322,0.005559388589469555,0.09656148302646222,0.6340146740847492,0.8222228717005119,0.4365752192762621,0.7993694992288688,0.4730917981351032,0.37589519562466467,0.7801827962119,0.24769760941520746,0.6948957145092035,0.15999687350960784,0.005552813821947356,0.0965614733654172,0.6340155017664729,0.822222909687176,0.43658840077782507,0.7995979097312349,0.4730999464995672,0.37589520887333094,0.7801665025611537,0.2476989553463032,0.6923810454405105,0.12982106414884065,0.005540267798914363,0.0965614283878473,0.6340171142003685,0.8222229491543642,0.4366222648308589,0.8000822453916477,0.4731186723830355,0.3758952058781897,0.7801609418519468,0.2476994828079808,0.6914166193107645,0.0707616303999076,0.005531466828145153,0.09656140487698825,0.6340177327597176,0.8222229900368612,0.4366443244126747,0.8002975796789298,0.47312909428277794,0.37589516626174857,0.7800778340752841,0.24770505322701897,0.6792826922925457,0.08969067712413185,0.005600215580755636,0.09656119186259245,0.6340245192560577,0.8222230287927158,0.43660916559847257,0.8017969286659697,0.4731383287064091,0.3758951762854623
13.507537688442211,0.7739352398213071,0.25224144243936375,0.7027149426343419,0.12574101236058463,0.004279304662684255,0.09439565790432954,0.6215648501007627,0.8166909463819877,0.44578129231873803,0.8085319437952279,0.4838072764797198,0.36784499171887086,0.7739268620691759,0.2522421098476914,0.7015263477394305,0.1570416234349773,0.004273067683920678,0.09439564475597799,0.6215657089355058,0.8166909843275171,0.44579500392795296,0.808753450407429,0.4838157456105493,0.36784500412601934,0.7739104819729771,0.2522434797380243,0.6990512630058924,0.12834796326427286,0.004261290970884347,0.09439560027841722,0.6215673741351504,0.8166910234971266,0.445830124931846,0.8092229434283996,0.48383519262811137,0.3678450012159669,0.7739049020948758,0.2522440165034271,0.6981019996925606,0.07119762202840951,0.004253241311393037,0.09439558050393364,0.6215680058136988,0.8166910638375454,0.44585283869287906,0.809431567212952,0.48384595821576953,0.36784496234260394,0.773821259822415,0.2522496855365408,0.6861580221025401,0.09014762300733294,0.004310936815813356,0.09439537932732202,0.6215749996788249,0.816691101615138,0.4458204875914363,0.8108843957338131,0.4838572605841016,0.3678449745841916
13.748743718592966,0.7676550403612544,0.25678889659212484,0.7092916159244661,0.12270607373204741,0.0031771041184340512,0.09229612117921975,0.6092332101286357,0.8111565581677885,0.4549607147355457,0.8174911981511593,0.49447681322248943,0.35990097636810814,0.7676466107191118,0.2567895755467964,0.7081219785295868,0.1541132385408058,0.003171321577534311,0.09229611078512161,0.6092340909026,0.8111565957247183,0.454974958873227,0.8177058762884661,0.49448560671298103,0.35990098974258933,0.767630150821894,0.25679096935131235,0.7056864098527389,0.12686080037707903,0.0031605456702077147,0.09229606503912066,0.6092358083552131,0.8111566346710797,0.45501133117789944,0.8181606973307856,0.4945057654029328,0.35990098555294375,0.7676245555922211,0.2567915155229,0.7047522827684309,0.07160411987647551,0.0031533482393650363,0.09229604600374863,0.6092364601801091,0.8111566747193902,0.4550346923320756,0.8183626888605643,0.49451686573062575,0.3599009474810306,0.7675404195142237,0.25679728353622017,0.6929979293120886,0.09056274581494725,0.003200764735351982,0.09229583868760986,0.6092436874191147,0.8111567126174035,0.4550051731849429,0.8197695508868901,0.4945302072014222,0.3599009580469483
13.989949748743719,0.7613523248489167,0.2613394290250548,0.7158324556795571,0.11972068211781782,0.0022471354574725333,0.09025986659797657,0.5970245903261208,0.8056198752792455,0.46411109440506826,0.8262458400127098,0.5050963738770574,0.3520625295392708,0.761343850071109,0.26134011978256816,0.7146817402348484,0.15121144053959926,0.0022418965579028617,0.09025985266540917,0.5970255031817034,0.8056199127538504,0.46412586279866636,0.826453759479571,0.5051054778854113,0.35206254299454154,0.7613273152238237,0.26134153743793076,0.7122856174995239,0.1253598575794908,0.0022323531048876353,0.09025980715901817,0.5970272722037216,0.8056199514183814,0.46416348046706757,0.8268940761560035,0.5051263395334221,0.3520625388219303,0.7613217045574895,0.2613420927964116,0.7113666021052302,0.07198151583511395,0.0022261163934168297,0.09025979196997795,0.5970279362632588,0.8056199910063532,0.4641874879004084,0.827089521351131,0.5051377758672955,0.3520625009622544,0.7612370937090449,0.2613479588683327,0.6998015492289164,0.09093647665386678,0.0022640706690285777,0.09025959620736666,0.5970353675882412,0.8056200281126816,0.46416084826409165,0.8284509851852468,0.5051531710038074,0.3520625143505252
14.231155778894472,0.7550288195148377,0.26589315341030073,0.7223365862698186,0.11678396321649433,0.0014840641067928098,0.08828409735728221,0.5849431806194914,0.8000810333654493,0.47323011993027797,0.8347945355913426,0.5156620817005241,0.3443290413767493,0.755020299851504,0.26589385569837465,0.7212047607424039,0.14833596615730377,0.0014794722601018993,0.08828408339740039,0.5849441166139064,0.8000810705891167,0.47324541368780754,0.8349957761131018,0.5156714986498033,0.3443290542423167,0.7550036949375931,0.26589529710582094,0.718848012489407,0.1238454180054185,0.0014713847373585766,0.08828403914672106,0.5849459350724497,0.8000811089234299,0.47328426991822575,0.8354217583567409,0.5156930543208186,0.34432905040242656,0.754998072285443,0.26589586176272667,0.7179440807533007,0.07233020291220044,0.001466205869962188,0.08828402557072544,0.5849466175054246,0.8000811482091132,0.47330891575984496,0.8356107350764608,0.5157048170833355,0.34432901329012194,0.7549130271101112,0.26590182632142717,0.7065679863724625,0.09126925947856611,0.0014954207552886083,0.08828382309280776,0.5849542741540287,0.8000811853612192,0.47328517068718934,0.8369273556457425,0.5157222300132148,0.3443290247199998
14.472361809045227,0.7486862195271846,0.27045018662921455,0.7288031007324683,0.11389505159775518,0.0008827211867792562,0.08636614374148156,0.5729926685844796,0.7945401437266844,0.4823155083159259,0.8431360212451497,0.5261701298647905,0.3366998901711902,0.7486776563487625,0.27045090045417214,0.7276901295490673,0.14548655780417444,0.0008788773485050569,0.08636613261654817,0.5729936291711947,0.7945401805877416,0.482331323837138,0.8433306521321925,0.5261798547594885,0.33669990563585767,0.7486609887092455,0.2704523656767008,0.7253726812814251,0.12231777603150865,0.0008724545058146372,0.08636608649866749,0.5729955001161494,0.794540218717045,0.482371407298032,0.8437424688157217,0.5262020891678444,0.3366999012559503,0.7486553538826266,0.2704529393365849,0.7244838080678376,0.07265058813984794,0.0008684355433682072,0.08636607704161357,0.5729961928859629,0.7945402576261654,0.4823966900126675,0.8439250654351063,0.5262141799694805,0.3366998633434431,0.7485698921098372,0.27045900134221235,0.7132963329216837,0.09156154167750256,0.0008896805712278412,0.08636588510669652,0.5730040499268966,0.794540294154313,0.4823758795788545,0.8451974105640947,0.526233620395663,0.33669987779206745
14.71356783919598,0.7423261398823431,0.27501064563951577,0.7352310831501986,0.1110531199088746,0.0004382534904502219,0.08450353360128152,0.5611761960515093,0.7889972939784377,0.49136506647975314,0.8512691178728264,0.536616883630194,0.32917446992274,0.7423175419162568,0.27501137134452874,0.73413692773467,0.1426629701717095,0.00043522862956414286,0.08450351570440066,0.5611771889579512,0.7889973307839314,0.49138139221376215,0.8514572131198893,0.5366268989198272,0.32917448404884736,0.7423008124041283,0.27501285997990177,0.7318587067789976,0.12077722716711008,0.0004306922511746862,0.08450347432676514,0.5611791036712936,0.7889973685021902,0.4914226990039395,0.8518550376510319,0.5366498102010606,0.32917448081912337,0.7422951702952203,0.2750134428557298,0.7309848619155317,0.07294308002832726,0.0004279205749463255,0.08450346443009593,0.561179813827472,0.7889974072104503,0.49144860776623855,0.8520313322741405,0.53666221573501,0.3291744415467921,0.742209330701729,0.2750196026688334,0.7199856473557322,0.0918137857715613,0.00044187493825276897,0.0845032664811977,0.5611878835364391,0.7889974436609537,0.49143074062354564,0.8532599603649468,0.5366836451780513,0.3291744530961136
14.954773869346733,0.7359501745700762,0.27957465117188496,0.7416195798564501,0.10825734576370369,0.00014592770205317762,0.08269389060854963,0.5494965031545116,0.7834525547682467,0.5003766170952711,0.8591927059250726,0.5469987573621194,0.3217521599633421,0.7359415337129865,0.27957538786625935,0.7405442103852808,0.13986496743878132,0.00014384058957676315,0.08269388148870876,0.5494975100228368,0.7834525911028165,0.5003934632732085,0.8593743488668426,0.5470090817507869,0.3217521765219551,0.7359247533088076,0.279576900282235,0.7383051360956484,0.11922407726813243,0.00014137588096757573,0.08269383617907163,0.5494994768961453,0.7834526286489496,0.5004359744216604,0.8597583480060244,0.5470326443698018,0.3217521720070551,0.7359191053518098,0.2795774923171646,0.7374462908682133,0.07320809887913839,0.00013994635140925614,0.08269382644616663,0.5495002036164675,0.78345266713803,0.5004625028229679,0.8599284225383325,0.5470453592091737,0.32175213154344384,0.7358329070230623,0.2795837489819054,0.7266349794956743,0.09202645392172816,0.00014732894951149572,0.08269363562125082,0.5495084702055958,0.783452703149178,0.5004476082027919,0.8611138981180847,0.547068776644876,0.321752144935676
15.195979899497486,0.7295598483485669,0.2841423241583364,0.7479676262177315,0.10550693858549005,1.2705458236246718e-6,0.08093500012297725,0.537955886825011,0.7779059802310341,0.5093480628532736,0.8669057498750267,0.5573123202580209,0.31443234769533673,0.7295511744495623,0.2841430724446413,0.7469109998573079,0.13709232175861616,1.8594091170622558e-7,0.08093498991304404,0.5379569205474964,0.7779060163418314,0.509365413407539,0.8670810075932037,0.5573229297633413,0.31443236507020667,0.7295343446889154,0.2841446082833807,0.7447109954129183,0.11765863794864168,0.0,0.0809349457714321,0.5379589334925363,0.7779060535932737,0.5094091215480413,0.8674513543444081,0.5573471382900768,0.31443236070885267,0.7295286940230837,0.28414520955623623,0.7438671192932017,0.07344607304499953,0.0,0.08093493402509105,0.5379596779891724,0.7779060918972815,0.5094362603346546,0.8676152899770488,0.5573601528984129,0.314432318339153,0.729442166372939,0.28415156285953896,0.7332433387800825,0.09220002796237362,1.4756151731344624e-6,0.08093474712926234,0.5379681406177921,0.7779061275583529,0.5094243498376169,0.8687581731638764,0.557385532046268,0.3144323325956769
15.437185929648242,0.7231566391328954,0.28871378743789194,0.7542742317793285,0.10280113055612129,0.0,0.07922477055283225,0.5265562869463455,0.7723576114529851,0.5182773538801928,0.8744072696838158,0.5675542420032968,0.307214425383934,0.723147934262177,0.28871454719238787,0.7532363108257252,0.1343448191790813,0.0,0.07922475939868975,0.5265573449754898,0.7723576473411783,0.5182952043103612,0.8745762198241567,0.5675651320705838,0.30721444283348814,0.7231310594898054,0.28871610632031647,0.7510752956567474,0.11608122491270906,2.2858503557514876e-6,0.07922471724651789,0.5265594026734347,0.7723576842884575,0.5183400969690144,0.8749330852015552,0.5675899737458486,0.3072144389783857,0.7231254077937824,0.28871671680218913,0.7502463582142587,0.07365743443374055,3.8049707852665043e-6,0.07922470345065898,0.5265601641640809,0.7723577223907447,0.5183678382689249,0.8750909639049388,0.5676032813481714,0.3072143946475469,0.7230385864722678,0.28872316711607976,0.7398097220905641,0.09233499234596118,0.0,0.0792245082427902,0.5265688286375397,0.7723577578931111,0.5183589104365524,0.8761918100820545,0.5676305783719855,0.30721440600884803
15.678391959798995,0.7167419980695993,0.29328916698927143,0.7605383700386429,0.10013916338180748,0.00013795258117861963,0.07756119596893783,0.5152993245896332,0.7668074789038334,0.5271624655079032,0.8816963460678384,0.5777212571926518,0.3000977736280427,0.7167332606071346,0.2932899377975205,0.7595191181270555,0.1316222523538158,0.00013912782280776825,0.07756118939004183,0.5153004022811388,0.7668075145022102,0.5271808154564459,0.8818590667616886,0.577732430291393,0.3000977928422617,0.7167163491565107,0.29329152042438805,0.7573970068370146,0.11449216658802491,0.00014406101958414555,0.07756114434355615,0.5153025070205127,0.7668075512123309,0.5272268735642391,0.8822026201248703,0.5777578827946998,0.3000977877454388,0.7167106969099262,0.29329214004267545,0.7565829770887871,0.07384263119974954,0.00014719142634429295,0.07756113044301205,0.5153032854325839,0.7668075890589829,0.5272552098894873,0.8823545219396357,0.5777714776722482,0.3000977430655568,0.7166235964196132,0.29329868585179425,0.7463331049594842,0.09243184067734869,0.00013877186105649666,0.07756094282785168,0.5153121330513114,0.766807624193189,0.5272492894204598,0.8834139017150053,0.5778006942462809,0.30009775552983986
15.919597989949748,0.7103173093306324,0.2978685885823316,0.7667590040741279,0.09752031234070065,0.0004111997696370109,0.07594240869956505,0.5041862982564209,0.761255603237551,0.5360014512572222,0.8887721301672228,0.5878102501175458,0.29308178536779284,0.7103085468829317,0.29786937084630183,0.7657583771697734,0.1289244258701856,0.0004136114314981047,0.07594239951934692,0.5041873989656472,0.7612556386262902,0.5360202871726506,0.8889286950436597,0.5878216880320468,0.2930818035226119,0.7102916004788864,0.29787097661762263,0.7636750868837016,0.11289179414376957,0.00042138146649248355,0.07594235570256809,0.5041895474047727,0.76125567505054,0.5360674994663436,0.8892591087655006,0.5878477425182711,0.2930817987668732,0.7102859521249879,0.29787160556287073,0.7628759310797578,0.07400211643180132,0.0004261996983596064,0.07594233755131385,0.5041903427486757,0.761255712674396,0.5360964185046391,0.8894051161275902,0.5878616118324035,0.2930817514574677,0.7101985998783303,0.2978782466892379,0.7528124212832479,0.09249108240695751,0.00041377934617474406,0.07594215631720763,0.5041993756702089,0.7612557474405576,0.5360935055658603,0.890423582439484,0.5878927133005882,0.29308176717811624
16.160804020100503,0.7038839179108903,0.3024521797523872,0.7729350700752922,0.09494387069187103,0.000815957841850551,0.0743666335053884,0.4932182386424708,0.7557019974785506,0.5447924075659474,0.8956338336936976,0.5978181973403446,0.28616585064760797,0.7038751351931911,0.3024529737420147,0.7719530239488865,0.12625115592118522,0.0008196750192742716,0.0743666192421669,0.4932193650730961,0.755702032630077,0.5448117181757084,0.8957843139450202,0.5978298859431428,0.28616586804199073,0.7038581565262179,0.30245460235497873,0.7699084693410833,0.11128044602655922,0.0008304628724736864,0.07436657906294428,0.49322155515764565,0.7557020687672399,0.5448600711775423,0.8961017605193828,0.5978565308998305,0.2861658644632451,0.7038525163777849,0.3024552409520591,0.7691241514915601,0.07413634988158674,0.0008370464556850908,0.07436655360863421,0.4932223695381253,0.7557021061295615,0.5448895588428645,0.8962419512030169,0.5978706594867937,0.28616581431818605,0.7037649427732002,0.30246197733429003,0.759246591717046,0.09251323382933396,0.0008212078634109476,0.07436637188916767,0.4932315848410168,0.7557021405946206,0.5448896479275341,0.8972200639797528,0.5979036056841252,0.28616582971261234
16.402010050251256,0.6974431428170259,0.30704007135876554,0.7790654623128569,0.0924091454619619,0.0013485533074136607,0.07283216870309629,0.4823959458272581,0.7501466680657326,0.553533451879312,0.9022807080243177,0.6077421329553269,0.27934935625055646,0.6974343340229958,0.3070408761068186,0.7781019625314558,0.12360226766652216,0.001353668062094893,0.07283215912116141,0.48239709013524307,0.7501467029839304,0.5535532425591755,0.9024251882090603,0.6077540848107609,0.2793493748907668,0.6974173329341048,0.30704252798608883,0.7760960498949453,0.10965847247803545,0.0013676297149382676,0.0728321157368494,0.48239932351884973,0.7501467388521011,0.5536027114586123,0.9027298362867339,0.607781291870041,0.279349369854346,0.697411694426598,0.30704317547144244,0.7753265424360793,0.07424580264617138,0.0013760848042940223,0.07283209379950353,0.4824001540840228,0.7501467758890834,0.5536327685509457,0.9028642932933268,0.6077956883080448,0.2793493221154903,0.6973239264067741,0.3070500068023044,0.7656345120221969,0.09249882010980816,0.001357403597434894,0.07283190923747108,0.48240954687822996,0.75014681005275,0.5536358546373674,0.9038026119919796,0.607830443016434,0.2793493357038179
16.64321608040201,0.6909962469134331,0.3116323940926895,0.7851490621789641,0.08991547116298086,0.0020054949039484634,0.07133741835912281,0.47171998325594294,0.7445896158615002,0.5622227706297226,0.9087120755184921,0.6175792241782522,0.2726316935026876,0.6909874170095623,0.3116332098481304,0.7842040626869126,0.12097759683395166,0.0020120697576885217,0.07133741029150906,0.4717211476956371,0.7445896505449547,0.5622430292740189,0.9088506284116842,0.6175914245992776,0.27263171288334936,0.6909703962995566,0.31163488472275525,0.7822367019664753,0.10802622954068722,0.0020293759973008018,0.07133736580730049,0.47172342226182057,0.7445896861344867,0.5622935981767408,0.9091426503362577,0.6176191803026109,0.27263170712106594,0.6909647609354781,0.3116355410100572,0.7814819709792756,0.07433095974496637,0.0020397819003737483,0.07133734696998328,0.4717242680705847,0.7445897228698782,0.5623242148516356,0.9092714568904763,0.6176338369143958,0.27263166113301673,0.6908768143170967,0.31164246583029515,0.7719750486895306,0.09244837852619041,0.0020188476504111497,0.07133717058885036,0.47173383038001504,0.7445897567506264,0.5623303050154641,0.9101705451595046,0.6176703856033874,0.2726316770499209
16.884422110552762,0.6845444525183488,0.31622927999435785,0.7911847241273436,0.08746220390095948,0.0027834305742024204,0.06988086917788958,0.46119071896888253,0.7390308371281908,0.570858595105566,0.9149273086025986,0.6273267321566101,0.2660122564047453,0.6845356065382873,0.31623010699363524,0.790258177894288,0.11837699087749141,0.002791524528307184,0.06988085913046858,0.4611919032774945,0.7390308715676173,0.5708793096181007,0.9150600094779581,0.6273391670345683,0.26601227487733997,0.6845185690589024,0.3162318045958897,0.7883292767541553,0.10638408037352687,0.0028123414475010396,0.06988081545075109,0.46119421786812503,0.7390309068795977,0.570930961411301,0.9153395769486318,0.627367456798125,0.2660122693261004,0.6845129405889618,0.3162324698787306,0.7875892849408563,0.07439231243872409,0.0028247700999516788,0.06988079672893743,0.461195079060206,0.7390309433129566,0.5709621237497494,0.9154628140210386,0.6273823600230193,0.26601222373609074,0.6844248417724793,0.3162394878199945,0.7782670293051197,0.09236246314787856,0.0028021258887132795,0.06988062548922291,0.4612048066679659,0.7390309769377019,0.5709712064462388,0.9163232301956709,0.6274206621157802,0.2660122402654815
17.125628140703515,0.6780889454547543,0.3208308626009359,0.7971712735100205,0.085048718845527,0.003679130092259535,0.06846108100828285,0.4508083425779998,0.7334703242990698,0.5794391977347804,0.9209258316494895,0.6369820058616975,0.25949043794257726,0.6780800880034945,0.3208317011198701,0.7962631318631608,0.11580030813930603,0.0036888022585766793,0.0684610664741101,0.45080954697477427,0.7334703584481375,0.5794603555151989,0.9210527540371197,0.6369946607318645,0.2594904549227338,0.6780630370360703,0.32083342120239167,0.7943725955185086,0.10473239703004218,0.003713289812073555,0.06846102468298278,0.4508119004796262,0.7334703934963861,0.5795130716657673,0.9213200391224174,0.6370234685750936,0.25949044999765614,0.6780574178200753,0.32083409551694947,0.7936473060523016,0.07443036160587224,0.003727814829531033,0.06846100467655329,0.4508127757196303,0.7334704296296899,0.5795447675194451,0.9214377893579103,0.6370386080885505,0.25949040365134063,0.6779691940568771,0.32084120646917097,0.7845092619679063,0.09224163408000138,0.003703988090064792,0.0684608349913529,0.45082266679138144,0.7334704629552008,0.5795568249567334,0.9222600859009791,0.6370786162076634,0.25949042040849757
17.36683417085427,0.6716308790854629,0.3254372774787158,0.8031075002940582,0.0826744098918922,0.004689474600535574,0.06707668015507774,0.44057288656685967,0.727908066480842,0.5879628846838185,0.9267071108068861,0.6465424702723808,0.2530656316102162,0.671622011222893,0.3254381272770538,0.8022177181440533,0.1132474175381232,0.004700789183378481,0.06707666205001046,0.4405741078531841,0.7279081003609578,0.5879844791924475,0.9268283346723449,0.646555340431385,0.25306564629478273,0.671604950322269,0.32543986962538973,0.8003654491434318,0.10307156081597606,0.004729102306433524,0.06707662281099527,0.44057649966443346,0.7279081351588308,0.5880382396971219,0.9270835088622841,0.6465846488759855,0.2530656424045175,0.6715993405383257,0.3254405528439142,0.7996548256142477,0.07444561856117625,0.004745803456078832,0.06707660335839769,0.4405773900876766,0.7279081709829521,0.5880704585889174,0.9271958520118505,0.6466000171418267,0.25306559693384084,0.6715110180684519,0.3254477564907423,0.7907005285683932,0.09208646386696101,0.004721306111092803,0.0670764315017148,0.4405874373825229,0.7279082039989412,0.5880854726001317,0.9279805874589327,0.6466416864729964,0.2530656109610732
17.60804020100503,0.6651713715490106,0.33004866152820267,0.808992164244912,0.08033868964935516,0.005811455500609135,0.0657263580250025,0.43048423325001167,0.7223440500837133,0.596428003629734,0.9322706658707569,0.6560056383799057,0.24673722824992791,0.665162489766248,0.33004952191052617,0.8081206994033813,0.11071819960184717,0.005824489773515458,0.06572634340481724,0.4304854738609527,0.7223440837437131,0.5964500330527419,0.9323862668713655,0.656018726122837,0.24673724511662015,0.6651454262759307,0.3300512867936484,0.8063065933879856,0.10140196324250747,0.0058567689489930925,0.06572630291511011,0.43048790248128965,0.722344118248836,0.5965048113119312,0.9326295001132306,0.6560485086135704,0.24673724047743734,0.6651398238519088,0.33005197837362793,0.8056106024581636,0.07443860760355372,0.005875728037915607,0.0657262875531404,0.43048880706948245,0.722344153835205,0.5965375469956381,0.9327365212862162,0.6560641048954596,0.2467371967764827,0.6650514253970673,0.330059274132539,0.7968395784827479,0.09189753660522958,0.005851069520199539,0.06572611439863743,0.43049900685874004,0.722344186517906,0.596555499628939,0.9334842494521738,0.656107393430905,0.2467372091170698
17.84924623115578,0.6587114991487786,0.33466515218385134,0.8148240008555429,0.07804099514500834,0.007042194167479718,0.06440887742034003,0.4205421388856833,0.7167782593199435,0.604832951516339,0.9376160615026515,0.665369121629651,0.24050462487074645,0.6587026064991162,0.33466602322906724,0.8139708029629391,0.10821254532753592,0.00705700509877751,0.06440886536901202,0.42054339978379573,0.7167782927383453,0.6048554042755719,0.9377261137241727,0.6653824149089934,0.2405046442895185,0.6586855444989445,0.33466781052884254,0.8121947565246569,0.09972400449745701,0.00709339548899341,0.06440882356728962,0.4205458638646188,0.7167783269435807,0.6049111775460382,0.9379575773178321,0.6654126514897921,0.24050463882623438,0.6586799510813672,0.3346685103521537,0.8115133600942892,0.0744098662803499,0.00711468215966333,0.06440881133334915,0.4205467804840601,0.7167783623277141,0.6049444181523456,0.9380593610313787,0.665428466986386,0.2405045952540857,0.6585914941455909,0.33467589694903455,0.8029251297971026,0.09167545084284462,0.0070903713377740065,0.06440864307531317,0.4205571306279407,0.7167783947450606,0.6049652960526398,0.9387706371182768,0.6654733419814692,0.24050460957016515
18.090452261306535,0.6522523049147907,0.33928688821053377,0.8206017131130783,0.07578078342494045,0.008378915163584784,0.06312305945253942,0.41074624578154045,0.7112106765265146,0.6131761632102756,0.9427429043435781,0.6746306122211208,0.23436721975931002,0.6522434040651686,0.33928776985874864,0.8197667319539739,0.10573035761894461,0.00839555677289631,0.0631230489255975,0.41074752508678525,0.7112107097168221,0.6131990290435773,0.9428474862306749,0.6746441014663496,0.23436724048500196,0.6522263468941425,0.33928957935957627,0.8180286400195529,0.09803809300119876,0.00843620150296556,0.06312300649487931,0.41075002354199025,0.7112107436280543,0.6132557747870134,0.9430673516773539,0.674674773192834,0.23436723449469934,0.6522207647164544,0.33929028744647444,0.8173617976339518,0.07435994039723214,0.00845988339604337,0.06312299602041477,0.41075095099845227,0.7112107788124296,0.6132895065212526,0.9431639800527282,0.6746907965474848,0.2343671899386095,0.6521322719725934,0.3392977642420787,0.8089558635565359,0.09142082040924916,0.008436400761143837,0.06312283218114809,0.4107614473053869,0.711210810966382,0.6133132857278158,0.9438393575182621,0.6747372120041452,0.234367206187385
18.331658291457288,0.6457947993828054,0.3439140095139818,0.8263239721340095,0.0735575306237592,0.009818938994258076,0.061867779453313634,0.40109609039406996,0.7056412825283358,0.6214561125386137,0.9476508473800244,0.6837878843995099,0.22832441009425225,0.6457858924061392,0.343914901657667,0.8255071566496187,0.10327155099539151,0.009837465593250846,0.06186777031436928,0.40109738718233917,0.7056413155021157,0.6214793813527345,0.9477500364370027,0.6838015605246952,0.22832443173694222,0.6457688434252298,0.34391673314338833,0.8238069115303276,0.09634464731959018,0.009882503852459682,0.061867727797535,0.4010999190494472,0.7056413491266211,0.6215370761134699,0.9479584750694681,0.6838326477718882,0.22832442548437268,0.6457632752624352,0.34391744970555876,0.8231545797533623,0.07428938796447489,0.009908647765587307,0.06186771770530976,0.4011008582121091,0.7056413840619885,0.6215712827594033,0.9480500259314528,0.6838488642918185,0.22832438021175042,0.6456747693263465,0.3439250159814666,0.8149304326910044,0.0911342704038252,0.009886458584501507,0.06186755687346981,0.4011114931665793,0.705641415979577,0.6215979373517592,0.9486900616125694,0.6838967740261376,0.22832439622309456
18.57286432160804,0.6393399597417704,0.3485466569418181,0.8319894177390764,0.071370733573111,0.0113596842327362,0.060641966511228065,0.3915911180452754,0.7000700569100856,0.6296713130713698,0.952339584969993,0.692838794756838,0.22237559487553368,0.6393310494250346,0.3485475596026447,0.8311907143054674,0.10083605160582108,0.011380146830399177,0.060641957876717834,0.39159243143842876,0.7000700896543005,0.6296949730723213,0.9524334576971918,0.692852646465899,0.22237561695042346,0.6393140119525993,0.3485494128479621,0.8295282057129546,0.09464409610519826,0.011429714172423356,0.060641915755371895,0.3915949958759393,0.7000701230010771,0.6297535925951805,0.9526306406861017,0.6928841290905117,0.22237561070748352,0.6393084594379685,0.3485501378649115,0.828890342308187,0.07419877913221376,0.011458386679881642,0.06064190537380637,0.39159594532596725,0.7000701576854331,0.6297882602678907,0.9527171959472739,0.6929005280786481,0.2223755639512155,0.639219963061244,0.3485577931485487,0.8208474576296192,0.09081643817138008,0.011437947140904695,0.0606417468974467,0.39160671632216754,0.7000701893129211,0.6298177586671745,0.9533224375162063,0.6929498796293876,0.22237558076100625
18.814070351758794,0.6328887326579035,0.353184972521152,0.8375966549050801,0.06921990888105055,0.012998658331196181,0.05944459829376996,0.3822306923851645,0.6944969782026649,0.6378203143072148,0.9568088502537079,0.7017812760546328,0.21652017406833005,0.6328798216607573,0.35318588568140663,0.8368160089345992,0.09842379725912388,0.013021105769315955,0.05944458905404146,0.3822320203595391,0.6944970107142386,0.6378443539239169,0.956897484768518,0.7017952927782899,0.2165201954830308,0.6328627989952955,0.35318776045210665,0.8351911239201493,0.09293687837845419,0.013075334096148632,0.05944454769567275,0.3822346165075197,0.6944970437941548,0.6379038731833522,0.9570835832529081,0.7018271501596863,0.21652018944915344,0.6328572635480854,0.3531884939045015,0.8345676855224167,0.07408869679100549,0.013106601484143164,0.05944453685926857,0.3822355754641544,0.6944970782193391,0.637938987624296,0.9571652237829714,0.7018437206777556,0.21652014095226288,0.6327687988784423,0.35319623759448987,0.8267055266669405,0.09046797652385426,0.013088355386276571,0.059444379875203394,0.38224647754320845,0.6944971095308138,0.63797129696814,0.9577362213497363,0.7018944622689447,0.21652015825583776
19.055276381909547,0.6264420342783382,0.3578290992698161,0.8431442542865946,0.0671045931982737,0.014733455325117231,0.0582746991222531,0.3730141042225866,0.6889220241010146,0.6459017025371455,0.9610584151135733,0.7106133379439923,0.21075754874394798,0.6264331251836389,0.35783002296635,0.8423816092152386,0.09603473812936103,0.014757936128605126,0.0582746889269253,0.3730154461614325,0.6889220563560764,0.6459261093056072,0.9611418873265932,0.7106275080014677,0.21075756939697673,0.6264161206058299,0.35783191903651523,0.8407942319200814,0.09122344355653504,0.014816954180086413,0.058274648811541485,0.37301807361650335,0.6889220891755091,0.6459865023183816,0.9613170716624992,0.7106597187185594,0.21075756401469128,0.6264106037220013,0.35783266096402405,0.8401851734402906,0.07395973641131197,0.014850881926059873,0.05827463706720766,0.37301904215685744,0.6889221233164492,0.6460220483048229,0.9613938766455605,0.7106764486968471,0.21075751413044067,0.626322192181108,0.35784049226978387,0.8325031922046421,0.0900895523523614,0.014835260632501446,0.0582744803863603,0.3730300671409926,0.688922154331028,0.6460571351475997,0.9619311843009486,0.7107285302871298,0.21075752969598135
19.2964824120603,0.620000751089098,0.36247918114865363,0.8486307513732821,0.06502434319039997,0.01656175187597551,0.057131337319089155,0.36394057974459576,0.6833451716285506,0.6539141001527354,0.9650880889685493,0.7193330653593123,0.20508712109905042,0.6199918463831372,0.3624801154074073,0.8478860492987509,0.09366883622058839,0.01658831297506567,0.057131325800593394,0.3639419346975002,0.6833452036054262,0.6539388614989645,0.9651664752471559,0.7193473772351762,0.20508714075252968,0.6199748631674065,0.3624820325303144,0.8463360611931907,0.0895042520514597,0.01665224569556818,0.05713128709785446,0.363944592537399,0.6833452361765894,0.6540001017134907,0.9653309163925012,0.719379919703562,0.20508713609932155,0.6199693664319504,0.36248278296256864,0.8457413364778563,0.07381250742682192,0.016688897037109986,0.05713127383174169,0.36394556947547446,0.6833452700154108,0.6540360639004035,0.9654029663951059,0.7193967973531153,0.20508708438976245,0.6198810289419872,0.3624907011749215,0.8382389699016816,0.0896818470904663,0.01667632440506995,0.05713111729537864,0.36395671291288006,0.6833453007098281,0.6540738910601208,0.9659071317192226,0.7194501654198852,0.2050870984781876
19.537688442211056,0.6135657415076904,0.36713536312782097,0.8540546444067645,0.06297873498757608,0.01848130108635153,0.056013621776407056,0.3550092864805258,0.6777663972610084,0.6618561640313549,0.9688977184569416,0.7279386157572904,0.19950829351537958,0.613556842814982,0.36713630783283996,0.8533278274456142,0.09132606574520831,0.018509990025893878,0.05601360943592555,0.35501065423282446,0.6777664289609006,0.6618812684142589,0.9689710954245484,0.727953059606769,0.1995083124759459,0.6135398842955931,0.3671382457800585,0.8518151068455309,0.08777977541626564,0.018578959095974044,0.05601357227643496,0.35501334171610627,0.6777664612901573,0.6619433283000363,0.9691249637427082,0.7279859114195639,0.19950830872022104,0.6135344092509147,0.3671390047508424,0.851234668484548,0.07364763262040216,0.018618396106881128,0.05601355695202983,0.3550143256955617,0.6777664948079606,0.6619796910282214,0.9691923392856143,0.7280029248587296,0.19950825468604572,0.6134461664625489,0.36714700916026377,0.8439113393571332,0.0892455580569622,0.01860928575310532,0.056013400418709704,0.3550255832924729,0.6777665251518137,0.6620202186964917,0.969663908277994,0.7280575242869132,0.19950826769931923
19.77889447236181,0.6071378366639104,0.3717977911764425,0.8594143929662902,0.06096736434980755,0.0204899294540454,0.0549207000850342,0.346219340237841,0.6721856770336182,0.6697265846750515,0.9724871856961878,0.7364282173410597,0.19402046882844204,0.6071289440750078,0.3717987459429997,0.8587054047060656,0.08900641342181295,0.020520796606748107,0.05492068902072352,0.34622072298805384,0.6721857084989804,0.6697520224648903,0.9725556293160263,0.736442785976552,0.19402048890266005,0.6071120151022876,0.37180070476545474,0.8572298238502772,0.08605049757159795,0.02059491648182159,0.05492065191451739,0.34622343744996625,0.6721857405453958,0.6698148713466291,0.9726990949367862,0.7364759210805086,0.1940204849920428,0.6071065619073871,0.37180147207428443,0.856663625733938,0.0734657488100516,0.020637203813697862,0.05492063543553107,0.3462244288296718,0.6721857737603154,0.6698516206726844,0.9727618761972803,0.7364930609859814,0.1940204292618851,0.6070184344710323,0.37180956198036735,0.8495187421066084,0.08878139885970346,0.02063195789707824,0.054920478211198206,0.34623579497910795,0.6721858037216574,0.6698948065241782,0.9732013949319596,0.7365488353500503,0.1940204407938712
20.020100502512562,0.6007178389130223,0.3764666119624301,0.8647084198217173,0.0589898489788675,0.022585542966882043,0.05385176006361387,0.3375698186433936,0.6666029866534723,0.6775240872180308,0.9758564003397386,0.7448001690961819,0.1886230551148635,0.6007089534365435,0.37646757641653433,0.8640172023013424,0.08670987860807505,0.022618631802047498,0.05385174999779754,0.3375712137207667,0.6666030179494876,0.6775498487128104,0.9759199923892184,0.74481485589275,0.18862307489386226,0.6006920581535201,0.37646955606904964,0.8625786312049957,0.08431691347933949,0.022698015820758928,0.05385171219188711,0.3375739531451215,0.6666030496849739,0.6776134561794258,0.976053225152044,0.7448482491846585,0.1886230703051186,0.6006866272041517,0.37647033154945125,0.8620266257079429,0.07326750740712742,0.022743216358182286,0.05385169517564502,0.3375749522139008,0.6666030826093621,0.6776505774193325,0.9761114919408528,0.7448655054448101,0.18862301338758236,0.6005986341970466,0.3764785059949612,0.8550595834386218,0.08829009792071586,0.022742230585613515,0.05385153782179568,0.3375864225566981,0.6666031121943407,0.6776963788925069,0.9765195056461079,0.7449223999204189,0.18862302385750057
20.261306532663315,0.594306523680484,0.38114197261950733,0.8699351119863321,0.05704582524023071,0.024766113197123674,0.0528060229394091,0.32905975498670664,0.6610183016798111,0.6852474334965502,0.9790053141488828,0.7530528442148665,0.1833154581562836,0.5942976476414202,0.38114294681756067,0.8692616011748203,0.08443647406409621,0.024801466447388912,0.05280601396285763,0.32906116380412975,0.6610183327647364,0.685273504310793,0.9790641279526602,0.7530676357517214,0.183315478848678,0.5942807890540246,0.3811449470390302,0.867859908947642,0.08257952961945395,0.024886227661243102,0.05280597571333064,0.3290639270973971,0.661018364197879,0.6853378411705822,0.9791872980979845,0.7531012643143675,0.18331547364294556,0.5942753811093349,0.3811457305860458,0.8673220465634471,0.0730535737935805,0.024934402122510458,0.05280595825966168,0.32906493366913064,0.6610183968340888,0.6853753187486845,0.9792411300909462,0.753118625879174,0.18331541572315535,0.5941875409823972,0.38115398841908943,0.8605322283127622,0.08777240057937452,0.024938061589070387,0.05280580097931574,0.3290765014653344,0.6610184260935478,0.685423692749097,0.9796181869723372,0.7531765871223913,0.18331542396067377
20.50251256281407,0.5879046408459617,0.38582402109054403,0.8750928157236184,0.05513494998992827,0.027029678869035,0.051782743876789716,0.3206881508502874,0.6554315974777623,0.6928954170199838,0.9819339075201771,0.7611846815888678,0.17809708632478116,0.5878957763461926,0.38582500497899924,0.8744369471307906,0.08218622463414255,0.027067336765107336,0.05178273569895539,0.32068957266818576,0.6554316283413139,0.6929217837571017,0.98198801985233,0.7611995663081519,0.17809710779209087,0.5878789574462924,0.3858270255103228,0.8730719995888305,0.08083886494266165,0.02715758545066009,0.05178269724292909,0.32069235890602676,0.6554316594781391,0.6929868200782938,0.9821012971283173,0.7612334067039305,0.17809710211873647,0.5878735733014098,0.38582781702019764,0.8725482295324566,0.07282462872021843,0.027208793243663425,0.051782679432474776,0.320693372582858,0.6554316918288442,0.693024638083359,0.9821507740127299,0.7612508623463629,0.1780970432306284,0.587785904563308,0.38583615719462516,0.8659350012264733,0.08722906924096506,0.027217474719939464,0.051782522555374834,0.32070503306907383,0.6554317207764091,0.6930755378464925,0.982497417537927,0.7613098335968126,0.17809704930663026
20.74371859296482,0.5815129152871502,0.39051290597846144,0.8801798366483395,0.0532569001226814,0.02937434186902329,0.05078120956186379,0.31245397856810225,0.6498428493076228,0.7004668635359023,0.9846421917561468,0.769194186212785,0.17296734935140703,0.5815040643312892,0.39051389949206394,0.8795415442810394,0.07995916867483432,0.02941434356031222,0.05078120197934279,0.31245541272477684,0.6498428799404838,0.7004935126535491,0.9846916793673887,0.769209152575355,0.17296737152432531,0.5814872881050683,0.3905159400729156,0.8782132038917592,0.07909545094967485,0.02951018715960334,0.05078116349455153,0.3124582209530208,0.649842910785936,0.7005592178378826,0.9847952332785123,0.7692431809646835,0.1729673655015875,0.58148192856432,0.39051673944470244,0.8777034740517468,0.07258136804834434,0.029564486596142622,0.05078114537522654,0.3124592413198425,0.6498429428527872,0.7005973600031785,0.9848404345027396,0.7692607192293048,0.17296730566315618,0.5813944495340377,0.3905251609026682,0.8712661857154058,0.08666088348297732,0.029578557874606334,0.05078098912403569,0.31247098974568727,0.6498429714976042,0.700650736442885,0.9851572066649077,0.7693206423961254,0.1729673096419544
20.984924623115578,0.5751320476150106,0.39520877650842995,0.885194438643382,0.051411372582113146,0.03179826448635268,0.04980073652204422,0.30435618518801794,0.6442520323728583,0.7079606303846734,0.9871302081192455,0.7770799276867615,0.16792565832471204,0.5751232121724553,0.39520977957986464,0.8845736548527603,0.0777553578795493,0.03184064787343044,0.04980072934103216,0.3043576309603968,0.6442520627655297,0.707987548130925,0.9871751478245088,0.7770949640952992,0.1679256811135864,0.5751064815701473,0.39521183994318926,0.8832817807155127,0.07734983212012912,0.03194219116271806,0.04980069098182722,0.30436046024043273,0.6442520933242392,0.7080538909766496,0.9872691476067998,0.7771291563102275,0.16792567485973733,0.5751011481097325,0.395212647229681,0.8827860358089428,0.0723245042100681,0.031999637767803006,0.04980067191995935,0.30436148582442124,0.6442521250825999,0.7080923395778341,0.9873101523953486,0.7771467641602838,0.1679256135173167,0.5750138764726026,0.3952211488789789,0.8765240216001682,0.08606864039116403,0.03201946092466025,0.049800517413936686,0.3043733206944196,0.6442521534179206,0.7081481410800997,0.9875975899830045,0.777207579087304,0.16792561745600043
21.22613065326633,0.5687627148325705,0.39991178248121456,0.8901348428589938,0.04959808442189678,0.0342996669847211,0.04884066961930351,0.29639369617406897,0.6386591218614032,0.7153756059339088,0.9893980268291233,0.7848405388207821,0.16297142577343715,0.5687538968226227,0.3999127950363159,0.8895314983504959,0.07557485748395207,0.03434446876735762,0.048840662658595185,0.2963951527623007,0.6386591520053141,0.7154027783984628,0.9894384955655436,0.784855633688178,0.16297144905350444,0.5687372147701819,0.39991487491051,0.8882759460851023,0.07560256619988495,0.034451813893627586,0.048840624543789214,0.2963980021312141,0.6386591822812646,0.7154697271058108,0.989523110202074,0.7848899652372313,0.16297144266668573,0.5687319084058586,0.39991569007862043,0.8877941304264734,0.07205476465751687,0.03451246347210982,0.04884060436287705,0.2963990321999496,0.6386592137195517,0.7155084647873501,0.9895599973598602,0.7849076303193733,0.16297137970255743,0.5686448618969483,0.3999242707882577,0.8817067080027174,0.08545315596571959,0.034538389795449695,0.0488404518696496,0.2964109492132258,0.638659241753017,0.7155666381108546,0.9898186391837612,0.7849692767758792,0.16297138389583318
21.467336683417088,0.562405570997617,0.40462207422662966,0.8949992266837752,0.0478167728221674,0.03687682512821071,0.04790038057623885,0.28856541855408385,0.6330640929813016,0.7227107090522443,0.9914457463260703,0.7924747143240978,0.1581040656278369,0.5623967723119817,0.40462309618831893,0.8944132504213127,0.07341774645894372,0.03692408076447211,0.04790037363891716,0.28856688502046424,0.6330641228683563,0.7227381221499615,0.9914818211934983,0.7924898560562922,0.15810408920125038,0.5623801416909628,0.40462519529306423,0.8931938721326628,0.07385422454642956,0.03703732738140988,0.04790033587640778,0.288569753530713,0.6330641528654538,0.7228056443682521,0.991557219387499,0.7925243021751035,0.15810408278425633,0.5623748632003358,0.40462601825957845,0.8927259291929555,0.0717728936886909,0.03710123530218216,0.04790031459724555,0.2885707875776268,0.6330641839804925,0.7228446538849953,0.9915900676127907,0.7925420125140277,0.1581040181984179,0.5622880594433665,0.4046346768953209,0.886812398982537,0.08481526452432814,0.03713360753752872,0.04790016415956372,0.2885827820226138,0.6330642117151177,0.7229051436150337,0.9918204513317672,0.7926044291292272,0.15810402269937113
21.70854271356784,0.5560612478626467,0.4093398025562313,0.8997857226971196,0.046067195111039384,0.039528067815662725,0.04697926658662647,0.2808702437063026,0.6274669209911182,0.7299648886145096,0.9932734926167133,0.7999812095519795,0.1533229931606513,0.5560524703679218,0.4093408338479091,0.8992170418194995,0.07128411771715881,0.03957781161419331,0.04697925947838722,0.28087171905937713,0.6274669506126571,0.7299925280558194,0.9933052507494464,0.7999963864945399,0.15332301680858013,0.5560358940220266,0.40934295189498465,0.8980336859984708,0.07210539248413043,0.03969705692638541,0.04697922215744822,0.2808746057508071,0.6274669803346322,0.730060590896836,0.9933716009384174,0.8000309221596769,0.15332301045394123,0.5560306442047287,0.4093437825836844,0.8975795576998955,0.07147965291272122,0.03976427748984144,0.04697919974836961,0.2808756431379692,0.6274670111219508,0.7300998546817307,0.9934004887797417,0.8000486656101921,0.15332294416845016,0.5559441005355047,0.40935251797518096,0.8918392028627397,0.08415581966723926,0.03980343067257027,0.04697905140368085,0.28088771031184023,0.6274670385605239,0.730162603510529,0.9936031506382637,0.8001117901827338,0.15332294903901017
21.949748743718594,0.549730355479237,0.41406511871705176,0.9044924176051418,0.04434912883851938,0.04225177499415291,0.04607674906303662,0.2733070500508299,0.6218675812244894,0.737137122983374,0.994881418402504,0.8073588391998272,0.14862762505050167,0.5497216010261592,0.41406615926518187,0.9039409573408943,0.06917407831862363,0.04230404012847546,0.04607674158503766,0.2733085332334782,0.6218676105708575,0.7371649742653275,0.9949089369627231,0.8073740396264055,0.14862764852613375,0.5497050817527791,0.41406829595650574,0.9027934688025029,0.07035666963363858,0.04242937898810751,0.046076704787897646,0.2733114371543034,0.6218676400215323,0.7372335443329827,0.9949664072982213,0.8074086395838713,0.1486276423289962,0.5496998614217968,0.414069134298684,0.9023530954652321,0.07117582138361558,0.04249996550639022,0.04607668118442675,0.2733124771634266,0.6218676704749857,0.7372730444990818,0.9949914130853599,0.8074264038275768,0.14862757422237838,0.5496135948944776,0.4140779452392276,0.8967851814636448,0.08347569467818555,0.04254622717850706,0.046076534960681266,0.2733246123515075,0.6218676976201173,0.7373379932779436,0.9951668879119161,0.8074901733754287,0.14862757952118794
22.190954773869347,0.5434134829691228,0.4187981743440276,0.9091173509005502,0.04266237133545965,0.04504637376161231,0.04519227182970137,0.26587470301918703,0.6162660491232267,0.7442264199621019,0.9962697052446167,0.8146064770302548,0.14401737796027994,0.5434047533917702,0.4187992241129534,0.9085830342324555,0.06708774965151348,0.04510119326412834,0.0451922640905478,0.26587619430987836,0.6162660781699438,0.7442544678578435,0.996293059441608,0.8146216882424383,0.1440174018592182,0.5433882940071765,0.4188013791552243,0.9074712538156076,0.06860867060462873,0.045232717993239226,0.04519222781100012,0.2658791142857633,0.6162661073514146,0.7443235111921823,0.9963418179438918,0.8146563269656747,0.14401739578950568,0.5433831038033234,0.41880222505631687,0.907044574642694,0.07086219614126046,0.04530672375146146,0.045192203230046454,0.26588015713000535,0.6162661374647972,0.7443632296171282,0.9963630188128947,0.8146740994512813,0.14401732628480365,0.5432971318502824,0.41881111051586173,0.9016483461074469,0.08277578382312258,0.04536041338207073,0.04519205876201738,0.26589235567842945,0.6162661642762901,0.7444303157598946,0.9965118382542272,0.8147384481045447,0.14401733227033223
22.4321608040201,0.537111199082199,0.42353912164932345,0.9136585118089203,0.04100674193575004,0.04791034295954504,0.04432530212030197,0.25857206663715265,0.6106623001610596,0.7512318128191993,0.9974385494678114,0.8217230485262007,0.13949167445274369,0.5371024957071859,0.4235401803399997,0.9131412625702762,0.06502526770877212,0.04796774647279792,0.04432529349281394,0.2585735619442613,0.6106623289569983,0.7512600447185247,0.9974578218569319,0.8217382621491572,0.13949169654534407,0.537086098944297,0.42354235342657454,0.9120650273205014,0.06686202445285676,0.04810554743107285,0.04432525780614582,0.2585764971070949,0.610662357870602,0.7513295268621402,0.9974980359076843,0.8217729138343502,0.13949169075630918,0.5370809399369876,0.4235432068945193,0.9116519784791106,0.07053959286375702,0.048183023187917215,0.04432523189667797,0.25857754139765277,0.6106623876248527,0.7513694446665853,0.9975155098801846,0.8217906815159427,0.13949161938202817,0.5369952791015397,0.42355216563214637,0.9064266636230541,0.08205700102754418,0.04824445436859608,0.044325089291822974,0.25858979912869706,0.6106624140946495,0.7514386051351971,0.9976382049037411,0.8218555443382992,0.13949162648612878
22.673366834170853,0.5308240523773873,0.4282881128799974,0.9181138426831869,0.03938207860257845,0.05084220144496733,0.04347532630078364,0.2513979902949967,0.605056310032882,0.7581523663673052,0.9983881837790874,0.8287075407396568,0.1350499335103223,0.5308153768783577,0.4282891804252205,0.9176135803671956,0.06298678375766231,0.05090222040387502,0.04347531703683109,0.2513994903077974,0.6050563385559219,0.7581807668081684,0.9984034492256422,0.8287227440536292,0.13504995462492558,0.5307990451978917,0.42829137110099186,0.9165727247893217,0.06511737620230208,0.05104638423655681,0.04347528155597567,0.2514024370866994,0.6050563672439873,0.7582506544032301,0.9984352902780953,0.8287573851973243,0.13504994753535565,0.5307939180547678,0.42829223207031386,0.9161732419628412,0.07020884526488974,0.05112738179766991,0.04347525458369758,0.2514034834365913,0.6050563966240619,0.7582907526555174,0.9984491132376128,0.8287751348484824,0.13504987497858953,0.5307085845027146,0.4283012627683069,0.9111180504538223,0.08132028118802767,0.051196861348324824,0.04347511399053136,0.25141579607142767,0.6050564227521397,0.7583619230226829,0.9985462137345217,0.8288404466579788,0.1350498835428996
22.914572864321606,0.524552571797546,0.4330453005650713,0.9224812355589098,0.03778824064284938,0.05384051437766734,0.04264185150963261,0.2443513222666731,0.5994480545492453,0.764987172073017,0.9991188598598352,0.835558993333006,0.13069157789784536,0.5245439257991782,0.43304637686465947,0.9219978779468332,0.060972463564934715,0.05390317870717328,0.04264184170056207,0.2443528268438423,0.5994480827872218,0.7650157258001454,0.9991301944422252,0.8355741741955914,0.13069159833756822,0.5245276621068199,0.43304858493592857,0.9209922296136627,0.06337538618956108,0.05405379250061964,0.04264180677653111,0.24435578631452942,0.5994481112148472,0.7650859821230789,0.999153825865534,0.835608776537337,0.13069159137580677,0.524522567304895,0.43304945317284466,0.920606248351093,0.06987080687951606,0.054138359839768904,0.04264177809124763,0.24435683055581403,0.599448140262516,0.7651262438289785,0.9991640805698466,0.8356264984900295,0.13069151531311587,0.524437576856367,0.43305855445872654,0.9157203706754592,0.08056658141662959,0.054216188459798406,0.04264163981824825,0.24436919446108363,0.5994481660486234,0.7651993579936602,0.999236114232991,0.8356921933293224,0.13069152605495846
23.155778894472363,0.5182972679459347,0.4378108376050277,0.9267585285497862,0.036225107828372884,0.05690388709061203,0.04182440322284666,0.23743090603090308,0.593837509646821,0.7717353476257421,0.9996308530777669,0.842276498370544,0.12641603115159697,0.5182886529359837,0.4378119225126141,0.9262919919348395,0.0589824883916385,0.0569692258604202,0.04182439298738901,0.2374324149640518,0.5938375375961538,0.771764039542915,0.9996383332432452,0.8422916450135088,0.12641605114519908,0.5182724601475036,0.43781414774608585,0.9253213742450154,0.0616367317886668,0.057126372928588146,0.04182435843451818,0.23743538573144427,0.5938375657471997,0.7718346281824989,0.9996539213709827,0.8423261815508019,0.12641604423218847,0.5182673978814597,0.43781502302305164,0.9249488290620222,0.06952635046798689,0.05721456082602125,0.04182432851379475,0.23743642856248173,0.5938375944770271,0.7718750350507495,0.999660684232501,0.8423438637711992,0.12641596527277893,0.5181827661278371,0.4378241934659805,0.9202314358479563,0.07979688112406755,0.05730103192040641,0.04182419261338258,0.23744883894008653,0.5938376199304609,0.7719500256585463,0.9997081787767348,0.8424098757521074,0.12641597819159495
23.396984924623116,0.5120586327323037,0.44258487699364224,0.9309435080490773,0.034692580926081004,0.060030966510230474,0.041022525372708535,0.23063558452044583,0.5882246514281827,0.7783960376441763,0.9999244600658574,0.8488592001135137,0.12222271915558662,0.5120500506238961,0.44258597050142606,0.9304937046162602,0.05701705529935084,0.060099006763445685,0.04102251441025913,0.23063709673318147,0.5882246790618828,0.7784248516594331,0.9999281622426835,0.8488742998341718,0.12222273852496186,0.5120339311877439,0.44258821251910924,0.9295579385760209,0.05990210623106435,0.060262769406765476,0.041022480387562676,0.23064007810755896,0.5882247069429923,0.7784957366258741,0.9999358732198338,0.8489087443445894,0.12222273190080621,0.5120289020269426,0.4425890947621421,0.9291987605132707,0.06917636938597942,0.060354628278465744,0.0410224497950532,0.2306411215734477,0.5882247353316675,0.7785362686886734,0.9999392175127114,0.848926372589123,0.12222265158015005,0.5119446439699886,0.44259833274071414,0.9246490037235352,0.07901218258075504,0.06045002841367526,0.041022316198249434,0.2306535721981798,0.5882247604982757,0.7786130681958381,0.999962701969859,0.8489926372791076,0.12222266569804484
23.63819095477387,0.505837140321669,0.4473675718803967,0.9350339058017731,0.03319058144620079,0.0632204376165637,0.04023577884131105,0.22396419914917812,0.5826094561592636,0.7849684129012265,0.9999999999999725,0.8553062938591027,0.11811106892347609,0.5058285925425703,0.4473686738383617,0.9346007476234527,0.0550763767884687,0.06329120693657102,0.0402357673621593,0.22396571486526362,0.5826094834706235,0.7849973335025867,0.9999999999999725,0.855321334594849,0.11811108816147292,0.5058125490944291,0.4473709323223568,0.9336996488046329,0.05817221951264854,0.06346166477422538,0.04023573378149557,0.22396870545025427,0.5826095110784781,0.7850684780641378,0.9999999999999725,0.855355660431771,0.118111081698603,0.5058075540061632,0.44737182156984195,0.93335376534733,0.06882177822199556,0.06355724264191243,0.0402357024801014,0.22396974987517237,0.5826095390891833,0.7851091146779257,0.9999999999999725,0.8553732201343233,0.11811100060850964,0.5057236842334797,0.44738112538237673,0.9289707769211182,0.07821351149314,0.0636618535520234,0.04023557153467032,0.22398223618669064,0.5826095640132415,0.7851876538901937,0.9999999999999725,0.8554396720565967,0.1181110159156509
23.87939698492462,0.4996332478937653,0.4521590757189824,0.9390273959074462,0.031719052829360314,0.06647102491584196,0.03946374153226101,0.2174155957618576,0.5769919002126263,0.7914516674764829,0.9998578065225008,0.8616170208189727,0.11408051168923018,0.499624735454634,0.45216018576111233,0.9386107951792755,0.053160681616068114,0.06654454829405163,0.039463729249436995,0.21741711192797797,0.5769919272530011,0.7914806812110815,0.9998541857468594,0.861631993884201,0.11408052915100463,0.49960877051365093,0.4521624603630108,0.9377441749957655,0.056447798978302925,0.06672177936124438,0.03946369612165864,0.21742011065799552,0.576991954586565,0.7915520483307844,0.9998466403452616,0.8616661743148017,0.11408052290536305,0.49960381007353316,0.45216335650083167,0.9374115137784862,0.06846351138861922,0.06682112357230462,0.0394636641771797,0.217421155803436,0.5769919822144879,0.7915927698222902,0.999843371842994,0.8616836524247938,0.11408044117827067,0.49952034346259033,0.4521727246003129,0.9331944015679607,0.07740191759326508,0.06693522041187648,0.03946353592670196,0.21743367320157644,0.5769920069021425,0.7916729766801021,0.9998204100157697,0.8617502238867871,0.11408045780160106
24.12060301507538,0.49344739521828723,0.4569595417065155,0.9429215986057023,0.030277958222816367,0.06978148520890093,0.03870600591327563,0.21098861521287213,0.5713719602276801,0.7978450243129961,0.9994982439580588,0.8677906766275648,0.11013047627666674,0.49343891941510015,0.45696065961595483,0.9425214636899779,0.05127021494937375,0.06985778807293806,0.038705992901757365,0.2109901312283786,0.5713719870052597,0.7978741159493447,0.9994910795560451,0.8678055707473887,0.11013049191062124,0.49342303552302735,0.4569629499987026,0.941689128576874,0.05472959028350118,0.07004186828683812,0.03870596015186175,0.21099313672338266,0.5713720140610847,0.7979456681564505,0.9994761542307872,0.8678395789242976,0.11013048576801514,0.4934181101099512,0.4569638528474059,0.9413696165089165,0.06810252555806297,0.07014502621467532,0.03870592786748438,0.21099418319465557,0.5713720413087667,0.7979864548581455,0.9994696920969394,0.8678569623824457,0.11013040399065661,0.4933350613770528,0.4569732836756481,0.9373174659076401,0.07657847524290291,0.0702688781370419,0.0387058022674534,0.21100672684972197,0.5713720657613937,0.7980682557147448,0.9994242895243927,0.8679235851117649,0.11013042194827147
24.36180904522613,0.4872800058150001,0.4617691231658872,0.9467140750063552,0.028867282712858044,0.07315061177064033,0.037962179918996544,0.20468210374346402,0.5657496129816848,0.8041477296726032,0.9989216917224776,0.8738266018916837,0.10626039516445779,0.48727156802462596,0.46177024875513983,0.9463303114786862,0.04940523858399667,0.07322971849064762,0.03796216617100675,0.2046836188037216,0.5657496394989584,0.8041768836585967,0.9989110608004287,0.8738414055751974,0.10626040882329996,0.48725576763045036,0.4617725545564012,0.9455320634139277,0.05301835688731918,0.07342072220731541,0.03796213379913684,0.20468662995142337,0.5657496662750968,0.8042485831745603,0.9988889204531328,0.8738752145582839,0.10626040281896319,0.4872508777326683,0.4617734639673845,0.9452256250186258,0.06773979983710651,0.07352774002892333,0.037962101319142315,0.2046876778299283,0.5657496931411509,0.8042894150864534,0.9988793396624572,0.8738924901710124,0.10626032129040713,0.4871682613403198,0.46178295592377994,0.9413374988735527,0.0757442840530993,0.07366161060660428,0.03796197832717336,0.20470024290897845,0.5657497173601927,0.8043727349198203,0.9988120158076299,0.8739590955184922,0.10626034060217959
24.603015075376884,0.4811314879922051,0.46658797368118454,0.9504023218092829,0.027487032829115566,0.07657722894616553,0.037231884971583924,0.19849490831884728,0.5601248353889348,0.8103590529290607,0.998128549476928,0.8797241826473867,0.10246970139107517,0.48112308904659223,0.4665891065489325,0.9500348364124434,0.047566031281515764,0.07665916462833959,0.03723187099298699,0.19849642314908922,0.5601248616795208,0.8103882545487068,0.9981145285504079,0.8797388851602093,0.10246971367376335,0.48110737459456365,0.46659142740881265,0.9492704722832255,0.05131488131649448,0.07685716425557974,0.03723183894021495,0.19849943858846555,0.5601248881729896,0.8104600632398201,0.9980853379593794,0.8797724679701957,0.10246970770475593,0.4811025206540005,0.46659234321616044,0.9489770305697843,0.06737633613191517,0.0769680877874044,0.037231806504328877,0.19850048842582954,0.5601249146559711,0.8105009201189917,0.9980727126670292,0.8797896222925751,0.10246962699498734,0.48102035081468725,0.466601894657197,0.9452519686270715,0.07490046951870778,0.0771122351638055,0.037231686079993234,0.19851307009365884,0.5601249386429368,0.8105856825719688,0.9979839853562216,0.879856141264429,0.10246964768253243
24.844221105527637,0.47500223372942335,0.4714162464781944,0.9539837796108707,0.026137236807632167,0.08006019598886017,0.03651475700502433,0.19242588257628676,0.5544976045851079,0.8164782886749438,0.9971192338997333,0.8854828511089027,0.09875783125816592,0.4749938747293793,0.4714173863120919,0.9536324751910882,0.04575288903351767,0.08014498396077002,0.03651474297543699,0.19242739683456994,0.5544976306700441,0.8165075226961948,0.9971019000908111,0.8854974414430089,0.09875784219922705,0.47497824859047555,0.471419721850019,0.9529017871300477,0.049619964912311285,0.08035005038508987,0.03651471124117715,0.19243041543465744,0.5544976568785961,0.8165794021181907,0.9970658234549137,0.8855307709969206,0.0987578362928787,0.4749734311237856,0.4714206439104525,0.9526212627222704,0.06701315970315312,0.080464924366821,0.03651467896222421,0.19243146731431363,0.5544976829745561,0.8166202634618912,0.9970502279160532,0.8855477905342197,0.09875775671274598,0.47489172180386696,0.4714302531494638,0.9490582810581044,0.07404818366812403,0.08061960140197161,0.036514561066720644,0.19244406073378206,0.5544977067310085,0.8167063908812435,0.9969406133217348,0.8856141538231439,0.09875777879910716
25.085427135678394,0.4688926201025508,0.47625409474320557,0.9574558252930404,0.024817944540048948,0.08359840219457865,0.03581044467818156,0.18647388332624854,0.5488678978830785,0.8225047549747695,0.9958941809004552,0.8911020839649971,0.09512422217412807,0.46888430276547594,0.47625524150907883,0.9571205987253989,0.04396612597615675,0.08368606572329917,0.035810430902292904,0.18647539875400984,0.5488679237176496,0.8225340036341533,0.9958736066220434,0.8911165476821784,0.09512423328948925,0.46886876732354466,0.47625759135714296,0.9564233734268472,0.04793442916446442,0.08389826811531176,0.03581039947086964,0.1864784193824155,0.548867949634714,0.822605914885426,0.995830807625104,0.8911495966685852,0.0951242274910474,0.46886398635948584,0.47625851929249374,0.9561556878124325,0.06665131973427418,0.08401713559441924,0.03581036719594702,0.18647947104613397,0.5488679753965148,0.8226467621072621,0.9958123203605889,0.8911664709345248,0.09512414776072095,0.46878275128912306,0.47626818460194426,0.9527537782023239,0.07318860575091525,0.08418258998707831,0.03581025178602171,0.18649207135869314,0.5488679989236684,0.8227341755708436,0.9956823329928481,0.8912326089421372,0.09512417126035991
25.326633165829147,0.4628030097565103,0.4811016716228995,0.9608157701546021,0.023529227938793435,0.08719076628685182,0.03511860890857192,0.18063777191748476,0.5432356927625447,0.8284377925312604,0.9944538438049976,0.8965814006517476,0.0915683132015025,0.46279473552777955,0.48110282515400443,0.9604965172054073,0.042206073185880155,0.08728132698568174,0.03511859544118004,0.18063928840314902,0.5432357183367635,0.8284670392698076,0.9944301046504133,0.896595725328444,0.09156832479219615,0.46277929303138093,0.48110518888870774,0.9598325366952067,0.04625911518495733,0.08750073270217845,0.035118564249342475,0.18064230948031867,0.5432357439668098,0.8285389435651465,0.9943807474879491,0.8966284669954472,0.09156831884275507,0.46277454896431164,0.481106122494904,0.9595776073941489,0.06629188991091485,0.08762363714557071,0.035118532101369476,0.18064336092521538,0.5432357694005775,0.8285797561326264,0.9943594425810186,0.8966451827694476,0.09156823918203537,0.4626938016721882,0.4811158421206684,0.9563357363862851,0.07232294310305676,0.08780011135586013,0.035118419020220205,0.18065596296931638,0.543235792698079,0.8286683754820168,0.9942095955495623,0.8967110257082131,0.09156826395138502
25.5678391959799,0.4567337511490218,0.48595913012898867,0.9640608591720848,0.02227118108946437,0.09083623560806876,0.03443892243411046,0.1749164148012028,0.5376009668818258,0.8342767646936922,0.9927986931804095,0.9019203628349647,0.08808954507862893,0.45672552131221805,0.48596029018440995,0.9637574741591036,0.0404730801408401,0.09092971452134957,0.034438909375003324,0.17491793222075055,0.5376009921987487,0.8343059932733705,0.9927718651288341,0.9019345365350009,0.08808955738490176,0.45671017400660757,0.48596266738968674,0.9631265149717064,0.044594884570932934,0.09115638954307308,0.03443887841820336,0.1749209525461904,0.5376010175406832,0.8343778513254982,0.992716113009194,0.9019669437409021,0.08808955126799467,0.45670546733372724,0.48596360650630976,0.962884256641255,0.06593596901543623,0.09128337349008211,0.03443884642586421,0.1749220034811911,0.5376010426450746,0.8344186083079874,0.9926920642860635,0.9019834875572803,0.0880894717629228,0.45662522106396275,0.4859733786300676,0.9598013655422344,0.07145243141396757,0.09147110505649608,0.034438735515649486,0.17493460193069946,0.5376010657172072,0.8345083523860866,0.9925228693549601,0.9020489656823354,0.08808949754335813
25.809045226130653,0.45068517891165244,0.4908266230903952,0.9671882696504692,0.02104392046606686,0.0945337852881609,0.03377106935277289,0.16930868416860387,0.531963698079401,0.840021057099371,0.990929216153693,0.9071185734077911,0.08468736035780286,0.45067699477398654,0.4908277894380097,0.9669006440431464,0.03876751503950931,0.09463020261970012,0.033771056749925824,0.1693102022050929,0.5319637231405135,0.8400502511386919,0.9908993752532393,0.9071325841859784,0.08468737351688448,0.4506617448727021,0.4908301796889688,0.9663024772043004,0.04294262036560135,0.09486421135402968,0.03377102601690297,0.1693132205449948,0.5319637481930317,0.8401220233848331,0.9908373910339665,0.9071646297675101,0.08468736719789412,0.45065707605069266,0.4908311241373369,0.9660728027103727,0.06558468153578474,0.0949953168845659,0.03377099425516929,0.1693142708864314,0.5319637729681077,0.8401627037102432,0.9908106718265123,0.9071809880822532,0.08468728804941494,0.45057734373777486,0.49084094686228746,0.9631478070492836,0.07057833577289387,0.0951945383455347,0.03377088528126371,0.16932685988942708,0.5319637958284705,0.8402534905910355,0.990622639965112,0.9072460320429813,0.08468731424212281
26.050251256281406,0.4446576142583992,0.49570430313074065,0.9701951093140097,0.019847585142357356,0.09828241713761475,0.033114744592726876,0.16381345812394232,0.5263238643729542,0.8456700772862547,0.9888459161250407,0.9121756755757046,0.08136120331315623,0.4446494770700919,0.4957054755090406,0.9699231324708797,0.03708976487667397,0.09838179264476653,0.033114732554374644,0.1638149767435448,0.5263238891824858,0.8456992203547788,0.9888131381040707,0.9121895114483953,0.08136121761641928,0.44463432673479164,0.49570787836208574,0.9693575235677308,0.04130322692048335,0.09862319805305332,0.0331147020539164,0.16381799194299587,0.5263239139452712,0.845770866995703,0.988745084202742,0.9122211682286483,0.08136121110230317,0.44462969626997667,0.49570882798749033,0.9691403430631598,0.0652391782856626,0.09875846640863191,0.03311467052668199,0.16381904132336245,0.5263239383874648,0.8458114493447617,0.9887157677230384,0.9122373274364697,0.0813611323636243,0.4445504905721754,0.4957186993521313,0.9663721319167974,0.06970195111917356,0.09896940574093216,0.033114563294043095,0.16383161503931418,0.5263239610531204,0.8459031961207553,0.9885094082918439,0.9123018678666912,0.08136115835794692
26.29145728643216,0.43865136533538696,0.5005923226243829,0.9730784148452627,0.01868233702148456,0.10208115887057127,0.032469653492769854,0.15842962120016787,0.5206814439600388,0.8512232543327573,0.986549312126014,0.9170913518744496,0.07811052006404962,0.43864327635811823,0.5005935007743977,0.9728219732949801,0.03544023594106476,0.10218351157104666,0.032469642093979165,0.15843114025373037,0.5206814685213227,0.8512523298796263,0.9865136727096938,0.9171050008486159,0.07811053574231921,0.43862822771684606,0.5005959157745535,0.9722886821852846,0.03967763095047727,0.10243237512280955,0.03246961183050167,0.15843415113443665,0.5206814929942063,0.8513238108734906,0.9864397111828869,0.9171362416527453,0.07811052902619503,0.4386236360918686,0.5005968704124691,0.9720839037469693,0.06490063704150748,0.10257184704246829,0.0324695805676064,0.15843519930696176,0.5206815171003212,0.8513642737738953,0.9864078702076254,0.9171521880797981,0.0781104508196973,0.43854496999355025,0.5006067886744465,0.969471335473024,0.0688246034346825,0.10279472895153681,0.0324694754387677,0.15844775462031319,0.5206815395233348,0.8514568940370713,0.9861836855383201,0.9172161519279447,0.07811047781127946
26.532663316582912,0.4326667275445851,0.5054908336415482,0.9758351505902624,0.017548361029160076,0.10592906330718584,0.03183551138888032,0.15315606472651755,0.5150364152212986,0.8566800385928178,0.9840399383934079,0.9218653233258742,0.07493475862516749,0.4326586880722658,0.5054920173190552,0.9755941277475787,0.033819354068107536,0.10603441149594221,0.03183550067069289,0.15315758396889728,0.515036439534408,0.8567090298797453,0.9840015132043595,0.9218787733219486,0.07493477586955936,0.4326437432066841,0.5054944439926695,0.975092908594945,0.038066781649722777,0.10629079328229972,0.03183547066688162,0.15316058943636385,0.5150364637180924,0.8567803049629257,0.9839218056450507,0.9219095709629225,0.07493476898980345,0.4326391909256073,0.5054954034921508,0.9749004376328847,0.06457026319399825,0.10643450878383241,0.03183543965648737,0.1531616359675347,0.5150364874827621,0.8568206267522678,0.9838875127780531,0.9219252909173735,0.07493469133939512,0.4325610768569596,0.5055053667143707,0.9724423439336062,0.0679476504390637,0.10666955239764797,0.03183533646967766,0.15317416743250284,0.515036509657428,0.85691403470045,0.9836460075099482,0.9219886075893327,0.07493471903519912
26.77386934673367,0.4267039839779048,0.5103999879563113,0.97846220603541,0.01644586540961433,0.10982520732368427,0.031212043134136197,0.14799168686067435,0.5093887567137557,0.8620399011661863,0.981318343969891,0.9264973484004669,0.07183336882344281,0.42669599533667335,0.5104011769361138,0.9782364819528127,0.0322275651015577,0.10993356851776857,0.03121203308430192,0.14799320582185846,0.5093887807755811,0.8620687913013352,0.9812772086848202,0.9265105873388153,0.07183338770952184,0.4266811562945099,0.5104036147960828,0.9777670829593964,0.03647165157960846,0.11019752721279528,0.03121200335995428,0.14799620476719902,0.5093888046711894,0.8621398199957394,0.9811919163122755,0.9265409146491481,0.07183338069494054,0.4266766438428293,0.5104045789994155,0.9775868226100691,0.06424929041439861,0.11034552580237107,0.031211972606760313,0.14799724929723107,0.5093888280891566,0.862179978868579,0.9811552437648979,0.9265563943944078,0.07183330366732057,0.4265990939168984,0.5104145851507544,0.9752820073929289,0.06707248134445037,0.11059294634106477,0.031211871314137555,0.1480097519198117,0.5093888500160555,0.8622740878481593,0.9808969204752012,0.9266189932501774,0.0718333320076258
27.015075376884422,0.42076340629211173,0.5153199372775026,0.9809563906205871,0.015375082748221866,0.11376869209216814,0.03059898296447834,0.14293539524306023,0.5037384471071893,0.867302331250057,0.9783850874001878,0.9309872188191296,0.06880580398529432,0.42075546926827456,0.5153211310744203,0.9807458455564255,0.03066533521418003,0.11388008210927848,0.030598973290629553,0.14293691089648322,0.5037384709769994,0.8673311055714759,0.9783413226067809,0.9310002380027237,0.06880582285129794,0.42074073805596457,0.5153235796145867,0.9803080089726799,0.03489323696912495,0.11415167507307412,0.030598943882352812,0.14293990229983097,0.5037384945864468,0.8674018471917165,0.9782506061538534,0.9310300678036396,0.06880581577986372,0.4207362659213327,0.5153245483692659,0.9801398597353438,0.06393898133594558,0.11430399562944767,0.030598913371038435,0.14294094436485338,0.5037385176514101,0.8674418211938353,0.9782116259106293,0.931045293607924,0.0688057393858068,0.42065929207894304,0.5153345954030171,0.9779870965891689,0.06620051947324654,0.11456400381982139,0.030598813830625397,0.1429534126863501,0.5037385393283449,0.8675365435710419,0.9779369858497912,0.9311071040964587,0.06880576805122056
27.25628140703518,0.4148452535240257,0.5202508324859051,0.9833144407313592,0.014336268095958908,0.11775863899771892,0.029996073293440218,0.13798609967498007,0.4980854653641627,0.8724668424862341,0.9752407509475131,0.9353347684866347,0.0658515158551114,0.41483736933758736,0.52025203082365,0.9831189494888064,0.029133151351062217,0.11787307423546332,0.029996063993889755,0.1379876114746555,0.49808548904630806,0.8724954842115471,0.9751944324712772,0.9353475561795983,0.06585153470358536,0.4148227479285436,0.5202544895227834,0.9827124113617083,0.03333255849753424,0.11815235748055838,0.029996034936380717,0.13799059431030086,0.49808551237212884,0.8725658978816242,0.9750984522814508,0.9353768613237973,0.06585152764836397,0.4148183165580704,0.5202554626556722,0.982556271634783,0.06364062813479901,0.11830903845620926,0.02999600468656643,0.13799163359620323,0.4980855350799428,0.8726056649762218,0.9750572359080272,0.9353918194456712,0.06585145197723775,0.41474193048868935,0.5202655484600038,0.9805543043417763,0.06533322134083676,0.11858184116734415,0.02999590682076882,0.13800406243889163,0.4980855565064738,0.872700912208341,0.9747667782809061,0.9354527709302753,0.06585148080089416
27.49748743718593,0.40894977371983016,0.5251928242139403,0.9855330114346027,0.013329701167524997,0.12179419276225217,0.029403065348226384,0.13314272040675051,0.4924297905768339,0.877532966415583,0.9718859254598167,0.939539863151184,0.06296995999074444,0.4089419436756243,0.5251940268751966,0.9853524442217284,0.027631521605128266,0.12191168865700487,0.02940305630330741,0.13314422724713615,0.4924298140672335,0.8775614585389169,0.9718371294189312,0.9395524076718548,0.06296997853193162,0.40892743400680304,0.5251964951926974,0.9849769343863654,0.031790661730879494,0.12219871694280186,0.029403027646721237,0.133147200582989,0.49242983711270166,0.8776315031896496,0.9717360453279299,0.9395811610011884,0.06296997161880612,0.4089230438171174,0.5251974725137608,0.9848327003298852,0.06335555333697916,0.12235979631617114,0.029402997695618,0.13314823684846577,0.49242985946109064,0.8776710412590023,0.9716926640431888,0.9395958377092491,0.0629698967956791,0.40884725701431857,0.5252075949488878,0.9829802410248459,0.06447207889118849,0.12264559617732275,0.02940290135005239,0.13316062059912004,0.4924298806360746,0.8777667239618151,0.9713868867523102,0.9396558597730169,0.06296992535714277
27.738693467336685,0.40307720404840375,0.5301460627565138,0.9876086733621158,0.012355686256063418,0.12587451855969994,0.02881971824344317,0.12840418441770127,0.48677140200103175,0.8825002538133799,0.9683212156252416,0.9436024026906146,0.06016059339157553,0.40306942940131735,0.5301472694995213,0.9874428976639612,0.026160975654259056,0.12599509021992186,0.02881970939259624,0.1284056854682347,0.48677142529731704,0.882528579293747,0.9682700177824466,0.9436146923320032,0.06016061148782783,0.4030550333786314,0.5301497468783127,0.9870981395000236,0.03026861784234395,0.12628991702315173,0.028819681185813788,0.1284086483750106,0.48677144806644534,0.882598213685089,0.9681639892179082,0.9436428667265728,0.060160604842950244,0.4030506847706166,0.5301507281874297,0.9869657048626512,0.06308511069876603,0.12645543228241501,0.02881965157977481,0.1284096814307184,0.48677147005385185,0.8826375004999467,0.9681185138759392,0.9436572482680817,0.06016053102150968,0.40297550847787034,0.5301608850420292,0.9852614345386562,0.06361861921149373,0.12675442831792344,0.028819556678345536,0.1284220148470659,0.4867714909783433,0.8827335284397811,0.9677979126601136,0.9437162704137918,0.06016055910325617
27.979899497487438,0.3972277708796691,0.5351106978934668,0.9895379142988446,0.01141455227564903,0.12999880241943693,0.02824579896746054,0.12376942702678832,0.48111027907321396,0.8873682746678827,0.9645472384153664,0.9475223200965519,0.057422875310789254,0.39722005292042517,0.5351119085146986,0.9893867931303356,0.02472206518389815,0.13012246413194936,0.02824579016603234,0.12377092099402381,0.4811103021679795,0.8873964163591896,0.9644937148390622,0.9475343433192434,0.05742289257185547,0.39720577241797295,0.5351143943779095,0.9890725035422349,0.028767524150730837,0.13042514173331643,0.028245762472030523,0.12377387263948503,0.4811103246654903,0.8874655990715987,0.9643829007015118,0.9475619116485426,0.05742288637721641,0.3972014657803416,0.5351153794662881,0.9889517595727961,0.0628306858309165,0.13059512987056168,0.028245733261878056,0.12377490232789419,0.48111034629091853,0.8875046122927234,0.9643354018069769,0.9475759842546244,0.057422813728911094,0.39712691101290226,0.5351255684779003,0.9873943264940603,0.06277440650916866,0.13090751716382532,0.02824563968393636,0.12378717985762487,0.48111036696860837,0.8876008945412976,0.9640004710427423,0.9476339362979677,0.05742284091847974
28.22110552763819,0.3914016902390278,0.5400868789712957,0.9913171342951977,0.0105066532957595,0.13416624973185334,0.027681081836956042,0.11923739079613124,0.47544640139696154,0.8921366176891359,0.9605646237413753,0.9512995809174315,0.054756266620188385,0.3913940302301827,0.540088093259953,0.99118052729683,0.023315364325591573,0.13429301537815574,0.027681072968982295,0.11923887650626576,0.4754464242824069,0.8921645583891951,0.960508850263928,0.9513113261947004,0.05475628272414576,0.39137986709394856,0.5400905870134208,0.9908964164709182,0.02728850480730945,0.13460359483642104,0.027681045849818425,0.11924181606929235,0.47544644651380047,0.8922332478480842,0.960393409024414,0.9513382613686975,0.054756277167537934,0.3913756027971275,0.5400915756580276,0.9907872520065607,0.06259369696544698,0.13477809238140634,0.027681017097552454,0.11924284229891521,0.4754464677775779,0.8922719650445818,0.9603439567109412,0.951352011256251,0.05475620589912443,0.3913016803511057,0.540101794502248,0.9893752715690927,0.06194104204480843,0.1351040625607545,0.027680924787696348,0.11925505874429441,0.47544648821246677,0.8923684098217363,0.9599951885381616,0.9514088229026278,0.05475623198556984
28.462311557788944,0.38559916799182775,0.5450747547962467,0.9929426456555681,0.009632368705330565,0.138376085239675,0.027125348377275236,0.1148070265137189,0.4697797487506603,0.8968048900953854,0.9563740132983282,0.9549341822420002,0.05216023031551271,0.3855915672047767,0.5450759725691978,0.9928204079285694,0.02194147012268636,0.1385059679968929,0.02712533926938984,0.11480850242816502,0.4697797714154138,0.8968326125522667,0.9563160660033717,0.9549456382547167,0.052160244736177586,0.3855775232533706,0.5450784735985564,0.9925661793082688,0.02583271141799308,0.13882449922801168,0.02712531279974241,0.11481142918623181,0.46977979338688713,0.8969007670169548,0.9561961555893157,0.9549719131733871,0.052160240063203994,0.38557330165222026,0.5450794655614621,0.9924684807733601,0.06237559573922521,0.13900354226979286,0.02712528458134341,0.11481245195836766,0.4697798142905757,0.8969391656594279,0.9561448195791916,0.954985326522272,0.052160170433323286,0.38550002209070994,0.5450897118549483,0.9912005341755893,0.06112016595063125,0.1393432832231361,0.0271251934458987,0.11482460183357142,0.46977983449044275,0.8970356805803601,0.9557827047629915,0.9550409278535722,0.05216019501865058
28.7035175879397,0.37982040019791974,0.5500744736661294,0.9944106691328256,0.008792103698174805,0.1426275519837628,0.026578386917529086,0.11047729259252984,0.4641103010800995,0.9013727172437315,0.9519760608281063,0.9584261521163991,0.049634231161678595,0.37981285990352764,0.5500756947531608,0.9943026517097947,0.020601003005125035,0.14276056462477715,0.02657837741634215,0.11047875727538538,0.46411032350891623,0.90140020407008,0.9519160154826222,0.9584373074902985,0.049634243442584665,0.3797989369101657,0.5500782024157944,0.9940780018897845,0.02440132371334442,0.1430870963445608,0.02657835166190627,0.1104816704390269,0.4641103452298606,0.90146778174515,0.9517917935478972,0.9584628952166754,0.049634239850463266,0.37979475834074694,0.5500791974402216,0.9939916533492598,0.062177867998936355,0.14327072053846995,0.0265783240666852,0.11048268984317129,0.46411036577695214,0.9015058392262197,0.9517386431719561,0.958475958185827,0.04963417216515726,0.3797221320349778,0.5500894687459544,0.9928662871543004,0.0603134573954886,0.14362441685887792,0.026578234070696337,0.11049476802818546,0.46411038574810265,0.9016023310503178,0.9513636701420305,0.9585302791347264,0.049634195067215774
28.944723618090453,0.374065573339401,0.5550861833032518,0.9957173328594655,0.007986289527847782,0.14691991104011423,0.026039992411524694,0.1062471556016944,0.45843803850166165,0.9058397423596515,0.9473714313369922,0.9617755486320387,0.04717773596849395,0.374058095345351,0.5550874078308663,0.9956233782522882,0.019294608026878737,0.14705606661303125,0.026039982532863583,0.1062486095207384,0.4584380606127862,0.9058669738748069,0.9473093592943426,0.9617863890242925,0.04717774701901838,0.3740442945141815,0.5550899211883327,0.9954280005962061,0.022995550241652684,0.14739064554941025,0.026039957361037286,0.10625150619329592,0.4584380821570674,0.905933935095241,0.9471809875653817,0.9618112658214067,0.04717774322403067,0.37404015930096146,0.5550909190005675,0.9953528837242692,0.06200203466560719,0.14757888613469472,0.02603993048597752,0.10625252243546697,0.4584381023524045,0.9059716287076139,0.9471260917054096,0.9618239645086869,0.04717767785836724,0.3739681963842722,0.5551012128138378,0.9943686087880063,0.05952263631887818,0.14794671886537233,0.02603984156962071,0.10626452354548156,0.45843812210623736,0.9060680036786167,0.9467387475053555,0.9618769354440018,0.047177698714474074
29.185929648241206,0.368334864619469,0.5601100308581697,0.9968586691893753,0.0072153839641337595,0.1512524407485359,0.025509966124790395,0.10211558998218564,0.45276294129806666,0.9102056262153121,0.9425608010723603,0.9649824592881696,0.04479021342197106,0.3683274502430032,0.5601112587508236,0.9967786174956671,0.01802295328602986,0.15139175068437224,0.025509955603581335,0.10211703097136904,0.45276296306285857,0.9102325848240518,0.9424967784545865,0.9649929736858331,0.04479022239105464,0.3683137732760832,0.5601137770819711,0.9966121957235687,0.021616629096113005,0.1517344237054755,0.02550993118376789,0.10211991106797337,0.45276298444412383,0.9102988874713718,0.9423644129277824,0.9650171123559098,0.044790218997663195,0.36830968167079725,0.5601147773596268,0.9965481902078489,0.06184965254725046,0.15192731539258159,0.025509905101208926,0.1021209241904803,0.4527630043013428,0.9103361946795098,0.9423078405786163,0.9650294331803919,0.0447901562044759,0.36823839211665577,0.560125091130237,0.995703480994372,0.05874946373826899,0.15230946248634522,0.025509817281729512,0.10213284331425114,0.45276302384546907,0.9104323581408902,0.9419086096815071,0.9650809842023734,0.04479017493842061
29.42713567839196,0.3626284422027159,0.5651461628657083,0.9978306129110223,0.006479871623101305,0.15562443631085274,0.024988115428682598,0.09808157828306417,0.4470849899193205,0.914470046852858,0.9375448570146253,0.9680470001930198,0.0424711342085169,0.36262109242363016,0.5651473937609008,0.9977643081940194,0.016786730696184086,0.1557669131007931,0.024988104406296778,0.09808300634897713,0.4470850113453853,0.9144967154880712,0.9374789582171964,0.9680571772852821,0.04247114139165213,0.3626075418163229,0.5651499168821625,0.9976265061367667,0.02026582916970776,0.15611772518307487,0.024988080661213642,0.09808586937700725,0.44708503248143544,0.9145623147348876,0.9373427521274661,0.968080548321193,0.0424711391168769,0.36260349354511157,0.5651509190154441,0.9975734932412091,0.06172231512422049,0.1563153015360523,0.024988055284460995,0.09808687763105478,0.44708505207625104,0.914599215035041,0.9372845759886177,0.9680924805558451,0.042471077866148524,0.3625328878112894,0.5651612504890026,0.9968667815053063,0.057995744055288546,0.15671193865185024,0.02498796883855822,0.09809871233698794,0.4470850713400781,0.9146950689097002,0.9368739356006712,0.9681425381248617,0.04247109614324271
29.668341708542712,0.3569464654820577,0.5701947252334965,0.9986289984566278,0.005780264410520512,0.16003520920363826,0.02447425354905884,0.09414411107535353,0.44140416497998264,0.9186326992753988,0.9323242966539315,0.9709693153723182,0.04021997096768605,0.3569391812022396,0.5701959586947549,0.9985762829012658,0.015586658455982233,0.16018086511686036,0.02447424221702257,0.09414552651279419,0.44140418608492693,0.9186590610211376,0.932256595838784,0.9709791439161636,0.04021997679949977,0.3569257590184922,0.5701984862805815,0.9984667557843616,0.018944449566709924,0.16053985885487387,0.024474218751807778,0.09414836916063214,0.44140420693618543,0.9187239138399173,0.9321167068242329,0.9710017210848111,0.04021997452404362,0.35692175423418954,0.5701994898275368,0.9984246128391472,0.061621653491453224,0.1607421541256655,0.02447419426621686,0.09414937331699796,0.4414042262960206,0.9187603846905867,0.9320569946673649,0.9710132509530959,0.04021991546210177,0.3568518420963463,0.5702098364652243,0.997854294571199,0.05726332447209679,0.16115345272867024,0.024474109202524463,0.09416111886899037,0.4414042452669925,0.9188558324012077,0.9316354246545585,0.9710617448173252,0.04021993337556898
29.909547738693465,0.35128908531621017,0.5752558632110253,0.9992495576109028,0.005117101914161125,0.16448408670837078,0.023968199352600725,0.09030218699928147,0.4357204472590694,0.9226932951851597,0.9268998276763606,0.9737495760724689,0.03803619831882622,0.3512818674152683,0.5752570987492466,0.9992102713856956,0.014423480623462513,0.16463293388082398,0.023968187968674105,0.09030359060064684,0.43572046806515463,0.9227193330634766,0.9268303983280965,0.973759044570423,0.03803620352012057,0.3512685756435933,0.5752596304592786,0.9991286655176328,0.017653820533802805,0.16500015093698972,0.02396816442574203,0.0903064096261773,0.43572048859264867,0.9227833964230427,0.9266869836105767,0.973780801888756,0.03803620014944975,0.3512646145265485,0.5752606349995325,0.9990972660807057,0.061549337242289594,0.16520719860746153,0.023968140931143963,0.09030740995631735,0.4357205077430122,0.9228194152276342,0.9266258034026587,0.9737919158320874,0.03803614364057517,0.3511954054937989,0.5752709941402085,0.9986616997814092,0.05655409597478464,0.16563332731497346,0.023968057324853076,0.09031906199370936,0.43572052641925474,0.9229143597850384,0.926193781557128,0.9738387759545402,0.03803616146648174
30.15075376884422,0.34565644427678255,0.5803297213705753,0.9996879169102535,0.004490951846662713,0.1689704114453058,0.02346977713797438,0.08655481279729994,0.43003381769803184,0.9266515626742421,0.9212721676098173,0.9763879800289779,0.03591929289036474,0.34564929367560926,0.5803309585263655,0.9996618953297681,0.013297968129643515,0.1691224613401749,0.023469765880684567,0.08655620495805862,0.43003383822348,0.9266772596250857,0.9212010834108948,0.9763970771135951,0.035919297968284074,0.34563613403996174,0.5803334937989774,0.9996078542974511,0.01639530366528341,0.169497943331561,0.023469742167920544,0.08655899851466065,0.4300338584163793,0.9267404908869284,0.9210542988591963,0.9764179885777703,0.03591929312877326,0.34563221691778007,0.5803344990526772,0.9995870645516157,0.061507075428354645,0.16970977578573493,0.023469719587455765,0.08655999431508468,0.430033877363166,0.9267760346698579,0.9209917188993768,0.9764286732010575,0.035919239030275614,0.34556372036747623,0.5803448680321406,0.9992845668432936,0.05586999670197729,0.17015089995821256,0.023469637453761003,0.08657154816955344,0.4300338957367289,0.9268703784035047,0.9205497213087722,0.9764738297992365,0.035919256880604676
30.39195979899497,0.34004867687625373,0.5854164435838812,0.9999395949773446,0.003902410492598921,0.17349354087887697,0.022978816425290642,0.08290100324436762,0.4243442574001794,0.9305072459825531,0.9154420436402766,0.9788847508519517,0.033868733286603156,0.34004159449850896,0.5854176818725149,0.9999266703853995,0.012210918536417724,0.1736488046904525,0.022978805497437062,0.08290238460439746,0.42434427766468646,0.9305325848603637,0.915369377812984,0.9788934649884637,0.03386873889669037,0.34002856855529356,0.5854202199696913,0.9998998343551845,0.015170293270018306,0.17403259304215543,0.02297878173425764,0.08290515210211326,0.4243442975327339,0.9305949415431031,0.9152193778198806,0.9789135043337409,0.033868732891537155,0.3400246958704101,0.5854212258147886,0.99988951163456,0.06149661750148621,0.17424924142284864,0.022978759785158422,0.08290614135098082,0.42434431626186914,0.9306299870928083,0.915155467235414,0.9789237467651488,0.03386868033910379,0.33995692098398234,0.5854316018922395,0.9997183586077135,0.055213010603410294,0.1747055236113506,0.022978679178078876,0.08291759262857118,0.4243443343278398,0.9307236317800267,0.914703967797176,0.9789671301567577,0.03386869847660043
30.63316582914573,0.3344659098007948,0.5905161729991091,1.0,0.0033521031569397485,0.17805284693214452,0.02249515177741118,0.07933978124712567,0.41865174762902296,0.9342601051870904,0.9094101921815366,0.9812401372732091,0.03188400016216163,0.3344588965991958,0.5905174119564339,1.0,0.011163157217860832,0.1782113352931455,0.02249514132733951,0.07934115217738173,0.41865176764910234,0.9342850687742855,0.909336018014853,0.9812484570192846,0.03188400681793869,0.3344460058973373,0.5905199521387489,1.0,0.01398021992170601,0.1786034703359894,0.02249511759968814,0.07934389284554295,0.4186517872010885,0.9343465083276372,0.909182956698311,0.9812675981592051,0.03188399984920323,0.33444217800315723,0.5905209583815676,1.0,0.0615197542942622,0.17882496570828177,0.02249509609488641,0.07934487401007254,0.4186518057071337,0.934381032519483,0.9091177839536297,0.9812773855117648,0.031883948233886045,0.3343751338174117,0.5905313387962183,0.9999584243363665,0.05458517050849536,0.17929656544571454,0.022495017036638927,0.0793562181583065,0.418651823456506,0.9344738793316674,0.9086572547203512,0.9813189262625753,0.03188396683730215
30.874371859296485,0.3289082621267607,0.5956290520225762,0.9998644267678538,0.00284068466457215,0.18264771549363415,0.022018622598599998,0.07587017770644289,0.4129562698074235,0.9379099159764253,0.9031773587709396,0.9834544125924602,0.029964576155289104,0.328901319065718,0.5956302911770569,0.9998771751846316,0.01015553750608911,0.1828094386849553,0.022018612772423552,0.0758715386379687,0.41295628959916175,0.9379344869773052,0.9031017492750706,0.9834623264372826,0.029964584415001137,0.32888856512800035,0.5956328326631748,0.9999036345033503,0.012826548193893287,0.18320995995595285,0.022018589204333364,0.07587425200022893,0.4129563088468362,0.9379949667645305,0.9029457799681035,0.9834805432104287,0.02996457685490767,0.3288847823735323,0.5956338391237536,0.999913808557626,0.061578319029061704,0.18343633295360512,0.0220185679608772,0.07587522349723244,0.4129563271214463,0.9380289463918385,0.9028794132282313,0.9834898626742765,0.029964525539914865,0.32881847772198525,0.5956442210409536,1.0,0.05398855788604045,0.18392340696776968,0.02201849047820891,0.07588645599522993,0.41295634454934926,0.9381208960888555,0.9024103243863447,0.9835294916807804,0.02996454479059372
31.115577889447238,0.3233758455413102,0.6007552222935815,0.9995280541616142,0.0023688398181837874,0.18727754608552963,0.02154907297776634,0.07249123164647418,0.40725780551621843,0.9414564693430061,0.8967442976064087,0.985527873922576,0.0281099459850082,0.32336897360990785,0.6007564611945945,0.9995533698519415,0.009188941627107722,0.1874425138893447,0.021549063879101753,0.07249258279607845,0.40725782509221153,0.9414806303884522,0.8966673257897388,0.9855353704347911,0.02810995629650796,0.32335635794549306,0.6007590031900776,0.9996059026907644,0.011710778990974212,0.1878514599316507,0.021549040576211768,0.07249526828989064,0.40725784404774684,0.9415401077268131,0.8965086014560355,0.9855526368244779,0.028109948468933336,0.3233526205888316,0.6007600096171815,0.9996261002263321,0.06167418829838469,0.1880827409844742,0.02154901946641811,0.07249622879515388,0.4072578620925689,0.9415735197499424,0.896441108529216,0.9855614757322289,0.028109896935270152,0.32328706417982583,0.6007703901842183,0.9998382031188265,0.053425305166365435,0.18858544321476345,0.021548943582077647,0.0725073451498017,0.4072578791883443,0.9416644724461142,0.895963928124406,0.9855991240006122,0.028109917045779937
31.35678391959799,0.31786876454784024,0.6058948246698745,0.9989859419349221,0.0019372839483556886,0.1919417513879537,0.02108635149955422,0.06920199004383842,0.4015563364931026,0.9448995713672529,0.8901117714813734,0.987460841675566,0.026319596369903817,0.31786196490315194,0.6058960630895384,0.99902363143734,0.008264282533801232,0.19210997234064167,0.021086342984233,0.0692033301747103,0.4015563558355603,0.9449233047176311,0.8900335112901134,0.9874679099120394,0.026319608410285893,0.31784948884899333,0.6058986045475965,0.999101851510562,0.010634449285812798,0.19252738174347675,0.021086320306444032,0.06920598883970279,0.4015563745419957,0.94498173715492,0.8898721830912906,0.9874841993909507,0.02631960150878334,0.3178457971905448,0.6058996107062847,0.9991319180358871,0.06180928320745162,0.19276360105408671,0.021086299254450346,0.06920693738490917,0.40155639235234314,0.9450145582405858,0.889803630843881,0.987492544731888,0.026319549466580824,0.3177809974885713,0.6059099869808979,0.9994680315771532,0.05289759620551707,0.19328208262803614,0.021086224960483832,0.06921793284418035,0.4015564091142327,0.9451044138943532,0.8893188255519445,0.9875281439675012,0.026319570462256935
31.597989949748744,0.3123871165805985,0.6110479990385196,0.9982330344702243,0.0015467624378080773,0.19663975764088518,0.020630311280377664,0.06600150914883093,0.39585184465188245,0.9482390430591034,0.8832805502633023,0.9892536582929653,0.024593016786165843,0.3123803903365781,0.6110492367332552,0.9982828995467832,0.007382500544053269,0.19681123997048688,0.020630303219586688,0.06600283699738449,0.39585186374501546,0.9482623310662454,0.8832010756168986,0.989260287512592,0.02459303020440956,0.31236805537838347,0.6110517767966746,0.9983864042569166,0.009599133901820949,0.1972371495362989,0.020630281283783674,0.06600546845842328,0.39585188221921364,0.9483196758016866,0.8830372953521223,0.989275574094982,0.024593024666115095,0.31236441013771427,0.6110527826462525,0.9984261791212202,0.06198557126968193,0.19747833770225126,0.020630260512893583,0.06600640594849345,0.3958518997422174,0.9483518807772384,0.8829677465508017,0.9892834103068069,0.024592973082242738,0.3123003749831496,0.6110631513954049,0.9988843594060676,0.05240766814327378,0.19801274649579714,0.02063018755150236,0.06601727419467118,0.3958519162217569,0.9484405407561652,0.8824757846056966,0.9893168950088573,0.02459299389384341
31.839195979899497,0.30693099232515225,0.6162148844648644,0.9972641519800817,0.001198052057851999,0.20137100346974887,0.02018080960503905,0.06288885313688725,0.3901443120607187,0.951474719932241,0.8762514117976888,0.99090668814318,0.02292969875390129,0.30692434064211577,0.6162161213296841,0.9973259834072061,0.006544567582480386,0.20154575449821416,0.020180801726524006,0.06289016638039428,0.3901443308708988,0.9514975448852547,0.8761707974713243,0.9909128682572501,0.022929712605554056,0.30691214841462516,0.616218659365718,0.9974543517119948,0.008606448191969662,0.201980199237796,0.02018078039997074,0.06289276875834113,0.3901443490983702,0.9515537587457052,0.8760047176353024,0.9909271265985964,0.022929708063879006,0.3069085499476362,0.6162196645300434,0.9975036802980061,0.062205065830725055,0.20222638697585024,0.020180760229010795,0.06289369670320895,0.39014436633613053,0.9515853235555305,0.8759342353147233,0.990934438846547,0.022929658113094227,0.30684528721916715,0.6162300225598294,0.9980819345771441,0.05195781236030923,0.20277686868286188,0.02018068849078644,0.06290443234609135,0.3901443825614046,0.9516726879600714,0.8754355811551592,0.9909657425649321,0.022929678285690442
32.08040201005025,0.3015004759937881,0.6213956193299682,0.9960739811902916,0.0008919624943645828,0.2061349389299328,0.01973770762906167,0.05986309303347783,0.3844337209210886,0.9546064516156049,0.8690251425788892,0.9924203174129597,0.021329135270815505,0.30149389999048,0.6213968552719981,0.9961475630576045,0.005751487062894631,0.206312965630548,0.019737699656162573,0.05986438919344627,0.3844337394128571,0.9546287958936226,0.8689434634420199,0.9924260386500325,0.02132914850872957,0.3014818519841386,0.6213993904359955,0.9963003713632925,0.007658042070124543,0.20675598050236005,0.01973767901596598,0.05986696194326943,0.3844337574046886,0.9546838359061938,0.8687752349352507,0.9924392430066332,0.021329145324261434,0.30147830053213237,0.6214003945636928,0.9963590918917005,0.06246982707897419,0.20700719726396066,0.01973765948090063,0.059867880157373404,0.3844337743659549,0.9547147371220386,0.8687038842150508,0.9924460179943756,0.0213290971547233,0.30141581818252505,0.6214107387721358,0.9970553753506984,0.05155037604594569,0.20757389523577208,0.019737588952790677,0.05987847838784628,0.3844337903357458,0.9548007047448467,0.8681989987629011,0.9924750734806339,0.021329116658410058
32.321608040201006,0.2960956454023703,0.6265903411600078,0.9946570775485886,0.0006293361412459633,0.21093102580128603,0.019300870400690263,0.056923307715741216,0.3787200535863939,0.957634101815837,0.8616025366780418,0.9937949531697674,0.019790821378281222,0.29608914615475984,0.6265915760927138,0.9947421872624064,0.005004294375354939,0.2111123348503515,0.019300862062676047,0.05692458423462236,0.37872007172292826,0.9576559478838261,0.8615198676065846,0.9938002060322045,0.019790832896568605,0.2960772438386063,0.6265941075050885,0.9949190027982929,0.006755607579572379,0.21156395404957312,0.019300842202076035,0.056927126947582236,0.3787200894929373,0.9577097710588246,0.8613496407125855,0.9938123307031884,0.019790831509012053,0.2960737396445625,0.6265951102263149,0.9949869503615338,0.06278196478886358,0.2118202289764564,0.01930082335384183,0.05692803539393235,0.3787201061876398,0.9577399851790432,0.861277486191923,0.9938185550487626,0.019790785359116107,0.29601204546077187,0.6266054374666341,0.9957991673317124,0.051187763513655206,0.21240328403226783,0.019300754008245234,0.05693849128980737,0.37872012190052046,0.957824454480557,0.8607668285452877,0.9938452954957546,0.01979080409050303
32.56281407035176,0.29071657215754365,0.6317991866046377,0.9930078622601869,0.0004110486529432854,0.2157587373081892,0.018870166737083405,0.054068583971953466,0.37300329256093817,0.9605575480497638,0.8539843953842753,0.995031022712388,0.018314254226512047,0.2907101506621877,0.6318004203699471,0.9931042735912633,0.004304056945451942,0.21594333538886495,0.01887015784150359,0.054069838733509706,0.3730033103139621,0.9605788785235729,0.8539008107931403,0.9950357977199595,0.018314263148187494,0.29069839553197757,0.6318029472145683,0.9933046500719567,0.005900878108920301,0.21640359197773917,0.018870138772831745,0.05407235045753944,0.37300332786624985,0.9606314417876995,0.853728735790402,0.9950468173878559,0.01831426369984518,0.29069493882888514,0.6318039481222354,0.9933816573317712,0.06314363886643606,0.21666495395222102,0.018870120689443413,0.05407324932185731,0.3730033443082204,0.960660945275678,0.8536558415083709,0.9950524776054203,0.01831421993652626,0.29063404044604246,0.6318142552044754,0.9943076601573372,0.0508724375907894,0.2172645044944675,0.018870052498468026,0.05408355796889018,0.3730033597614436,0.960743814343355,0.8531398687481128,0.9950768365410766,0.018314237794593735
32.80402010050251,0.2853633218322969,0.6370222914229899,0.991120618747728,0.00023800958577972127,0.22061755776775846,0.01844546908581926,0.05129801639728626,0.36728342049876483,0.9633766814292415,0.846171527066651,0.996128973066469,0.016898933041562772,0.2853569789127124,0.6370235235076908,0.9912281147680964,0.003651873054159835,0.22080545267453291,0.01844545978370233,0.051299249732625264,0.367283437883671,0.9633974791729889,0.846087098958797,0.9961332595749638,0.01689893985000119,0.28534537258441567,0.6370260453116964,0.9914515791440007,0.0050956291403260225,0.22127437753052062,0.01844544117931065,0.051301727013252196,0.3672834551778114,0.963448739277473,0.845913328014682,0.9961431504641849,0.01689894108125727,0.2853419636030343,0.6370270439641437,0.9915374763483936,0.06355706051352449,0.22154085517216415,0.018445423962881232,0.05130261670061491,0.3672834713843301,0.96347750854381,0.8458397574308957,0.9961482329391097,0.016898900201285583,0.2852818684927798,0.6370373276521515,0.9925750639736616,0.05060692120777898,0.22215703719764782,0.01844535688840488,0.05131277309798603,0.3672834865749794,0.9635586751757038,0.8453189247754758,0.9961701443481622,0.016898917025849423
33.04522613065327,0.28003595414237953,0.6422597904647414,0.988989489420184,0.00011116299934858411,0.22550698231029478,0.018026653406582244,0.048610707407680906,0.3615604202026356,0.9660914064123889,0.8381647468802451,0.9970892703887666,0.015544359164981873,0.28002969061719524,0.6422610203208848,0.9891078495071232,0.003048877528661066,0.22569818164386787,0.01802664386422906,0.04861191982363766,0.36156043723829867,0.9661116542873041,0.8380795468881768,0.9970930576678856,0.015544364448131754,0.28001823465712283,0.6422635366334313,0.9893539144520124,0.0043416792609475,0.22617580478833613,0.018026625383851254,0.04861435896837245,0.3615604542296975,0.9661615680783852,0.8379042320302937,0.997101796486521,0.01554436494760899,0.28001487362800775,0.6422645325554044,0.9894485294358597,0.06402449348708086,0.22644742643478705,0.018026609154043548,0.048615240063763714,0.36156047022153875,0.9661895794879073,0.8378300480679775,0.9971062874932123,0.015544327555578507,0.2799555891148557,0.6422747895671979,0.9905954463314471,0.05039379868084108,0.2270803736554077,0.018026543163986376,0.04862523926438418,0.36156048514547884,0.9662689411420767,0.837304808651228,0.9971256856869126,0.015544343215536043
33.28643216080402,0.27473452311470054,0.6475118176558946,0.9866084720665204,3.148812173034668e-5,0.2304265165678956,0.017613599047698183,0.04600576716917936,0.35583427462284956,0.9687016405822777,0.8299648765868155,0.9979123994512743,0.01425003604301782,0.27472833981565176,0.6475130447451295,0.9867374698632052,0.0024962404486604016,0.23062102757506264,0.017613589405569067,0.046006959044497,0.35583429132604577,0.968721321423157,0.8298789762523554,0.9979156768505361,0.01425004032389794,0.27471703570692446,0.6475155550397993,0.9870056378381752,0.0036408904425819875,0.23110737856378594,0.017613570786484366,0.04600935680408964,0.3558343079780634,0.9687698458894548,0.8297022687138911,0.9979232404013931,0.014250038911363679,0.27471372288562845,0.6475165477743918,0.9871087937603931,0.06454825529324053,0.23138417209682324,0.017613555637106284,0.04601022975647429,0.35583432377270735,0.9687970757145342,0.8296275340298853,0.9979271262579713,0.01425000554595673,0.274655256131136,0.6475267747826524,0.9883627281688762,0.050235717527196,0.23203401591347914,0.017613490686771212,0.04602006670270041,0.3558343384256378,0.9688745296153265,0.8290983391517837,0.9979439460582554,0.014250019835143082
33.527638190954775,0.26945907725189366,0.6527785059814951,0.9839714163681292,0.0,0.23537567639676704,0.017206188633250095,0.043482313570947555,0.35010496685639003,0.9712073144208243,0.8215727443258516,0.9985988631013027,0.013015469242279972,0.2694529750212214,0.6527797297752205,0.9841108195983305,0.001995167549637679,0.23557350598690954,0.017206179008549066,0.04348348516373051,0.3501049832417647,0.9712264110420182,0.8214862150939778,0.9986016200576667,0.013015472982522827,0.26944182410114276,0.6527822331675538,0.984400596834657,0.002995165419239448,0.23606861496762993,0.017206160312270305,0.04348584070034845,0.350104999560708,0.9712735033473631,0.8213082633268,0.9986079839474375,0.013015469831633859,0.2694385598340434,0.6527832225602404,0.9845120978084126,0.06513071859990406,0.23635060673980518,0.017206146053925613,0.04348670379516962,0.3501050151374145,0.9712999277530238,0.8212330423641238,0.9986112523388162,0.013015439809036173,0.2693809178543733,0.6527934161895224,0.9858706808013908,0.05013538970082209,0.2370174763764768,0.01720608210618855,0.04349637349156428,0.35010502951411154,0.9713753708325,0.8207003412282265,0.9986254289185232,0.013015452553970162
33.768844221105525,0.2642096596941858,0.6580599874715367,0.9810720202155117,1.775018933207336e-5,0.24035398760071605,0.016804307952671706,0.04103947218220025,0.3443724801457163,0.9736083710820723,0.8129891844009987,0.9991491817370164,0.011840166457406614,0.26420363938162617,0.6580612074504794,0.9812215905040873,0.001546901019225234,0.24055514236122932,0.01680429844168416,0.041040623636222996,0.34437249622583915,0.9736268662856604,0.8129020976174626,0.9991514077845723,0.011840170059726249,0.26419264296214323,0.6580637029797165,0.9815324745137928,0.002406456984614822,0.24105903897838774,0.01680427978100461,0.04104293654650953,0.34437251222571363,0.9736724836125461,0.8127230491322701,0.9991565474790859,0.011840165594658114,0.2641894275773032,0.658064688896945,0.9816521179453015,0.06577431246670226,0.24134625493560655,0.016804266214482073,0.04104378791264435,0.34437252756041165,0.9736980787888042,0.8126474062110597,0.9991591863449039,0.011840138133941412,0.2641326172325771,0.6580748457255831,0.9831129216204431,0.05009559351979616,0.24203027742900407,0.016804203225425283,0.041053285300357116,0.34437254165528447,0.9737714077676938,0.8121116461109759,0.9991706553683419,0.011840149114571128
34.01005025125628,0.2589863083759102,0.663356393186385,0.9779038259560031,8.582745614669347e-5,0.24536098566370682,0.016407845854744557,0.038676376206837025,0.3386367978777222,0.9759047661730624,0.804215037077328,0.9995638927975035,0.010723637516983292,0.2589803708363696,0.6633576088407059,0.9780633186323896,0.0011527203151962084,0.24556547187478237,0.016407836534982408,0.03867750755785305,0.33863681366307496,0.975922642754958,0.8041274639838107,0.9995655775747683,0.010723641328082185,0.2589695302255902,0.6633600955321804,0.9783947950564,0.001876766199400445,0.2460781850467195,0.016407818016154943,0.03867977743607397,0.33863682935780376,0.9759667422870465,0.803947465768811,0.9995694686576065,0.010723635977498928,0.25896636401564443,0.6633610778001383,0.9785223744745537,0.06648152379223367,0.24637065094879945,0.016407804983499974,0.03868061544972198,0.33863684443083764,0.9759914844736628,0.8038714646961187,0.9995714659433284,0.01072361042896324,0.2589103920148541,0.6633711943501134,0.9800829111125817,0.05011917492516023,0.24707195125712592,0.016407742916920022,0.03868993552562141,0.3386368582388306,0.976062595856694,0.8033330908643675,0.9995801634796152,0.010723619449454222
34.25125628140703,0.2537890561790516,0.6686678532035853,0.9744602165351431,0.0002053585069671566,0.25039621549258134,0.016016694146070754,0.03639216643994281,0.33289790358256016,0.9780964675333013,0.795251148374836,0.9998435502567757,0.009665394391728267,0.2537832022697895,0.6686690640323637,0.9746293804321523,0.0008139430036445317,0.25060403914019225,0.016016685077998527,0.03639327761908764,0.33289791908159977,0.9781137082919446,0.795163160110022,0.9998446835175362,0.00966539870311174,0.2537725187718037,0.6686715408977768,0.9749809227707336,0.0014081426319389881,0.25112559707601695,0.016016666801080322,0.036395504056736055,0.33289793448501886,0.9781562472206158,0.7949823586296803,0.9998473016949597,0.00966539289994884,0.2537694020004907,0.6686725193031203,0.9751162278405483,0.06725489868970798,0.25142333848976905,0.016016654181808615,0.03639632733373033,0.33289794928100075,0.9781801126963771,0.7949060626922727,0.9998486453328063,0.009665368743160752,0.25371427488533405,0.668682591930702,0.9767739544133296,0.05020904680359874,0.2521420399262292,0.016016593099429648,0.0364054658920906,0.3328979628112624,0.9782489027897563,0.7943655175363485,0.9998545073464006,0.009665376057633948
34.49246231155779,0.24861793108208302,0.673994496604702,0.9707344115431443,0.00037750873514791404,0.25545923116717373,0.015630747493295568,0.03418599122049517,0.32715578093254993,0.9801834550203219,0.7860983698726345,0.9999887241318038,0.00866495120025578,0.2486121616600771,0.6739957021156059,0.9709129887895499,0.0005319256197434419,0.255670397955602,0.01563073872193926,0.03418708205785669,0.32715579615177515,0.9802000427650618,0.7860100374729079,0.9999892957552124,0.00866495624914434,0.24860163657477705,0.6739981681530209,0.9712840581270225,0.001002685522165237,0.2562008281716698,0.015630720781117605,0.034189264643219495,0.327155811277627,0.9802409782958411,0.7858285786667362,0.999990616860962,0.008664950430372065,0.24859856948305054,0.6739991424439308,0.9714268746655852,0.06809704392972181,0.25650387046438483,0.01563070848865547,0.03419007203091347,0.32715582578528163,0.9802639433683471,0.7857520506249729,0.9999912947524895,0.008664927271915685,0.2485442936569311,0.6740091674208009,0.9731791875433803,0.050368194986211354,0.25724009443373896,0.015630648475587407,0.03419902510007644,0.32715583905101786,0.9803303082670933,0.7852097742635025,0.999994257443573,0.00866493326712295
34.73366834170854,0.24347295630487387,0.6793364514626397,0.9667194631641185,0.0006034829914297754,0.26054959569878583,0.01524990332920731,0.03205700638350583,0.3214104137411012,0.9821657202983886,0.7767575585172306,0.9999999999999983,0.0077218242146810095,0.24346727222437253,0.6793376511715652,0.966907188969441,0.00030806454921175483,0.2607641110626426,0.015249894885633723,0.03205807661151471,0.3214104286851155,0.9821816378575634,0.7766689529171825,0.9999999999999983,0.007721830184932492,0.243456906847269,0.6793401053655737,0.9672972336930702,0.0006625449747663982,0.26130344039874825,0.015249877369533954,0.032060214929367836,0.32141044354704423,0.9822209272164395,0.7764869821985572,0.9999999999999983,0.0077218247913257675,0.24345388965898337,0.679341075252562,0.9674473436919553,0.06901062841478495,0.26161180873227363,0.01524986534794464,0.032061005498637996,0.32141045775905847,0.9822429682124291,0.7764102842808526,0.9999999999999983,0.007721802362524324,0.2434004713968177,0.6793510488060842,0.9692915750170311,0.05059967927605307,0.2623656746300724,0.015249806478340597,0.03206976906400879,0.3214104707725454,0.9823068038164329,0.7758667148196516,0.9999999999999983,0.007721807399390167
34.97487437185929,0.2383541504497886,0.6846938448295089,0.9624082520242891,0.0008845263742498206,0.26566688079665957,0.014874061762514497,0.030004375211236452,0.3156617859616445,0.9840432666302865,0.7672295764350426,0.999877978526046,0.006835531865983454,0.23834855256004048,0.6846950382600023,0.9626048544554715,0.0001437969333263274,0.26588474991245126,0.014874053665190996,0.030005424468108076,0.3156618006332211,0.9840584968589817,0.7671407684677063,0.9998773970601587,0.006835538889013527,0.23833834818207977,0.6846974795819203,0.9630133099684233,0.0003899231804663047,0.2664330045476573,0.014874036657167827,0.030007518099424844,0.31566181524476755,0.9840960972986149,0.7669584307227669,0.9998760520571012,0.0068355343649365,0.23833538110926816,0.6846984447389016,0.9631704916230218,0.0699983846954541,0.2667467238730498,0.014874024878141701,0.03000829113676347,0.31566182915764074,0.9841171905548337,0.7668816246206133,0.9998753619587777,0.006835512519573934,0.2382828265578458,0.684708363051959,0.9651039077127788,0.05090663436532044,0.26751834913259204,0.014873967216081571,0.030016861142566326,0.3156618419302544,0.984178392589789,0.7663371981501208,0.9998723363436298,0.006835516933572521
35.21608040201006,0.2332615276428896,0.6900668026123602,0.9577934900324748,0.0012219237812183385,0.2708106670439722,0.01450312558326652,0.028027269200206963,0.30990988170018585,0.9858161085973313,0.7575152898319675,0.9996232743323484,0.006005595229107796,0.23325601678223082,0.6900679894077316,0.9579986826863117,4.060159715816327e-5,0.27103189443936415,0.014503117747177852,0.028028296217256575,0.309909896086719,0.9858306344596547,0.7574263511458711,0.9996221023754245,0.006005602904868965,0.2332459746896083,0.690070416815594,0.9584249711145704,0.00018707566694916585,0.27158909990755303,0.014503101325590753,0.028030344738813395,0.3099099104613145,0.985866503265458,0.7572437907323502,0.9996193886132552,0.006005599698035092,0.23324305793737918,0.6900713768809565,0.9585889988607756,0.07106311052091484,0.27190819496025187,0.014503089785678422,0.028031099738614285,0.30990992407521356,0.9858866251200208,0.7571669375959243,0.9996179961346093,0.006005578410053172,0.23319137311578503,0.6900812360917878,0.9606087985705744,0.05129227169939469,0.272697695098492,0.014503033385987326,0.028039472089662204,0.3099099366174586,0.9859450891578816,0.7566220881886923,0.9996118824374025,0.006005582511572261
35.45728643216081,0.22819509768676802,0.6954554495926921,0.9528677153049064,0.001617000825433388,0.2759805435504247,0.014137000147190293,0.026124867791904937,0.30415468521052363,0.9874842718618309,0.7476155689994016,0.9992365156299113,0.005231537908886653,0.22818967465782228,0.6954566295972335,0.9530811906854164,0.0,0.2762051328420302,0.014136992325156816,0.026125869800314883,0.3041546992742146,0.9874980765481874,0.747526572789854,0.9992347455614519,0.0052315449458047725,0.22817979613179729,0.6954590420360217,0.9535247205785499,5.631258102273342e-5,0.2767713140471412,0.014136976563630593,0.02612787278447722,0.3041547134251768,0.9875321710443136,0.7473439335360441,0.999230639429748,0.005231543507066276,0.2281769299028665,0.695459996613512,0.9536953651372853,0.07220767043137857,0.2770958093426305,0.014136965281699967,0.026128609441385738,0.3041547267437926,0.9875512978285748,0.7472670939702661,0.9992285322011313,0.005231522868250285,0.22812612070296262,0.6954697928156257,0.9557986781819315,0.051759881387629006,0.27790329800507335,0.014136910190706523,0.026136780004696877,0.3041547390653308,0.9876069193075511,0.7467222536784874,0.9992192684241458,0.005231526942974756
35.69849246231156,0.22315486617489255,0.7008599096970582,0.9476232696720904,0.0020711279163781113,0.28117610674114163,0.013775593067305685,0.02429635627796848,0.2983961808591213,0.9890477931711226,0.7375312904540107,0.9987183454685707,0.0045128848390206385,0.2231495317401975,0.7008610826851067,0.9478447152789427,2.355624897794414e-5,0.2814040616105457,0.013775585073533601,0.024297330953145912,0.29839619456996014,0.9890608599638583,0.7374423093212044,0.9987159695460485,0.00451289019077657,0.22313981805255415,0.7008634791574636,0.9483048766072948,0.0,0.2819792426026117,0.013775569987105076,0.024299287474592552,0.29839620850177984,0.989093137567082,0.7372597350824246,0.9987104480013991,0.004512890682756769,0.22313700255143462,0.7008644278175219,0.9484819050373817,0.07343499739032323,0.2823091624325328,0.013775559002005146,0.024300005676112974,0.29839622153218814,0.9891112455979765,0.73718296914359,0.9987076135541981,0.004512870900429352,0.22308707473839717,0.7008741570595172,0.9506657902702016,0.05231283415994315,0.2831347514371876,0.01377550525824381,0.024307970282617976,0.2983962336418663,0.9891639198420538,0.7366385679966607,0.9986951381803616,0.0045128752097035145
35.93969849246231,0.21814083460938044,0.7062803057910509,0.9420523055826651,0.0025857191348140985,0.2863969608683527,0.01341881430325916,0.022540927170517255,0.29263435314784203,0.9905067200735739,0.7272633352160807,0.9980694202130554,0.0038491631145850043,0.2181355895261636,0.7062814712146258,0.9422814215546421,0.0001128753921137158,0.2866282859014974,0.013418806199156516,0.022541874392447363,0.29263436651463737,0.9905190321257996,0.7271744391147837,0.998066428995073,0.003849167029177293,0.21812604190475193,0.7062838510288229,0.9427575676499663,2.0561276762205346e-5,0.2872124890724509,0.013418791561622453,0.022543781298228385,0.2926343801924552,0.9905494505733876,0.7269920757878814,0.9980594711185512,0.0038491682945760502,0.21812327734289755,0.7062847932835814,0.9429407451610529,0.07474809378919646,0.28754785758459644,0.01341878094885268,0.022544481290067756,0.2926343929482268,0.9905665161311773,0.7269154427871651,0.998055896727647,0.0038491497912117372,0.2180742365545239,0.7062944515949167,0.9452021870582682,0.05295458337297314,0.28839165688151075,0.013418728564899148,0.022552235563530202,0.2926344048508563,0.9906161383842609,0.7263719089827969,0.9980401488786964,0.003849154470471172
36.18090452261307,0.21315300052460753,0.7117167596652696,0.9361467816486526,0.0031622330991925157,0.2916427178273298,0.013066576090317028,0.020857780179843393,0.28686918671340145,0.9918611107226863,0.7168125886097481,0.9972904090915015,0.003239902012823775,0.21314784555165076,0.7117179169445125,0.9363832628799611,0.0002696116742652006,0.2918774175146577,0.013066567953279845,0.02085870000949534,0.286869199747987,0.991872651188319,0.716723847059827,0.9972867930351114,0.0032399048500234852,0.21313846517389223,0.711720279423503,0.9368747276454596,0.00012047841639806809,0.29247066461876864,0.013066553528313058,0.020860553944350935,0.2868692131334219,0.9919011684165722,0.7165418403681175,0.9972783784376139,0.0032399055949441586,0.2131357517786596,0.711721214704024,0.9370638195957189,0.07615003309885177,0.29281150588724564,0.013066543413996668,0.020861236483740643,0.28686922563750594,0.9919171677121066,0.716465398676209,0.9972740509552703,0.003239889102758363,0.2130876035206009,0.7117307981189038,0.9393997245208446,0.05368866706317338,0.29367362352743753,0.013066492361127073,0.020868775681906638,0.28686923733087216,0.9919636331826522,0.715923158771011,0.9972549705589889,0.0032398940649954475
36.42211055276382,0.2081913576075964,0.7171693920258932,0.9298984578358516,0.0038021738995351597,0.2969129969645428,0.012718792867905239,0.019246122163235596,0.2811006663263606,0.9931110336861378,0.7061799400981082,0.9963819937748082,0.0026846329971600504,0.20818629350194834,0.7171705405890763,0.9301419911295719,0.000495466534667838,0.2971510755731607,0.012718784761122958,0.019247014563664008,0.28110067903866637,0.9931217857507173,0.7060914224998679,0.9963777434760308,0.002684635063376837,0.2081770814995973,0.7171728850232603,0.9306480916848834,0.0003022933356320682,0.2977533878970552,0.01271877033724497,0.01924881229756759,0.28110069209560234,0.9931483598660398,0.7059099176184909,0.9963678520174267,0.002684634051154124,0.2081744195170526,0.717173812738058,0.9308428599976672,0.07764396357303624,0.29809972573103133,0.012718760853521143,0.019249478261322027,0.28110070437301105,0.9931632690610744,0.7058337250869499,0.9963627581808652,0.0026846203839553163,0.20812716930203962,0.7171833173313928,0.9332500555980723,0.05451871072700496,0.29898026820211066,0.012718711130040618,0.019256797987946245,0.2811007158363919,0.9932064723654779,0.7052932026720448,0.9963402850264886,0.002684625797391949
36.663316582914575,0.20325589581524683,0.7226383224854551,0.9232988905342281,0.0045070920572093795,0.3022074248918832,0.012375381210827078,0.017705167073893247,0.27532877689012697,0.9942565677575683,0.6953662831218351,0.9953448679642641,0.002182889720977798,0.20325092333012043,0.7226394617685743,0.9235491543447241,0.0007921891546255335,0.30244888647572055,0.012375373184528837,0.017706031913513817,0.2753287892882415,0.9942665146453775,0.6952780587561883,0.9953399741659154,0.0021828912701885718,0.20324188084163855,0.722641787164597,0.9240692098088874,0.0005686035346922583,0.3030602856639202,0.012375358753779628,0.017707772093218492,0.27532880201376675,0.9942911036557263,0.6950971982173518,0.9953285843011829,0.002182888374807586,0.20323927048922483,0.7226427069533661,0.9242693937539697,0.07923310886773101,0.3034121427855215,0.012375349856358969,0.01770842070868258,0.2753288140603079,0.9943048991279156,0.6950213142778675,0.9953227123825809,0.0021828773666295867,0.20319292368076386,0.722652128742536,0.9267446291862006,0.05544842857386825,0.30431121490608765,0.012375301454289183,0.01771551649402783,0.27532882527484537,0.9943447349344519,0.6944829310534161,0.9952967868990251,0.0021828833391244356
36.904522613065325,0.19834660148849348,0.7281236695541472,0.9163394275052971,0.005278585510900778,0.30752563530676486,0.01203625976304247,0.01623413590946763,0.26955350343996476,0.9952978017710421,0.684372514941134,0.9941797369872964,0.0017342080311832941,0.1983417213713146,0.7281247990004209,0.9165960916709736,0.0011615775618593906,0.3077704837163401,0.012036251855648945,0.016234972965345693,0.2695535155301958,0.9953069267519259,0.6842846529696037,0.9941741905862529,0.0017342092658772094,0.19833284954876343,0.7281271042160598,0.9171294149346605,0.000922071904885927,0.3083909913153196,0.012036237505643223,0.01623665517835357,0.2695535279380028,0.9953294886190209,0.6841045776707713,0.9941612800885881,0.0017342049271653916,0.19833029101310895,0.7281280158159781,0.9173347390106451,0.0809207698550748,0.3087483898237668,0.01203622907921271,0.01623728495137852,0.26955353973672774,0.9953421469058852,0.6840290623217837,0.9941546191615185,0.0017341959745473486,0.19828485272441598,0.7281373506963077,0.9198746844234426,0.05648162459393257,0.30966609469125483,0.012036181962684963,0.01624415198391222,0.269553550698583,0.9953785103590121,0.683493238791144,0.9941251829222019,0.0017342023510618575
37.14572864321608,0.1934634574634729,0.7336255506314188,0.9090112027034027,0.00611830062963467,0.3128672688178611,0.011701349173898024,0.014832256660551744,0.2637748311420152,0.9962348344181197,0.6731995364809955,0.9928873174012034,0.0013381259715592845,0.19345867045407278,0.7336266696909435,0.9092739281694194,0.001605479764015016,0.3131155077097005,0.01170134141308605,0.014833065621665227,0.26377484292895026,0.9962431208140465,0.673112105945555,0.9928811094551176,0.0013381270436794615,0.19344997044592968,0.7336289535706629,0.9098198159065018,0.0013654287732233574,0.3137451447317693,0.011701327226742197,0.01483468945127336,0.2637748550326198,0.9962636135748856,0.6729329562431698,0.9928666562603388,0.0013381217046063874,0.1934474639043871,0.733629856681917,0.9100299994840721,0.0827103265215401,0.3141081065479212,0.011701319182892732,0.014835299103141844,0.2637748665703903,0.9962751112488515,0.6728578689514343,0.992859195345955,0.0013381143267664855,0.19340293912005893,0.7336391005006555,0.912631242397409,0.05762219736238061,0.3150445456904544,0.011701273314946706,0.014841932558380115,0.26377487727536864,0.996307897505309,0.6723250235877702,0.9928261904815716,0.0013381209346247105
37.38693467336683,0.18860644317977782,0.7391440819981678,0.9013051309677327,0.00702793325327178,0.3182319727762625,0.011370572036702678,0.013498764259157199,0.2579927452923265,0.9970677740675484,0.661848252179665,0.991468336604747,0.0009941837859167482,0.188601750008721,0.7391451901273385,0.9015735694982708,0.002125794910683297,0.3184836056219546,0.011370564440388954,0.01349954472942828,0.2579927567788906,0.9970752052588857,0.6617613220023713,0.9914614583382337,0.0009941847977970979,0.18859322295965664,0.7391474515024868,0.9021313017981102,0.0019014704879713271,0.319122392558548,0.0113705504961576,0.013501109754542228,0.2579927685918871,0.9970935870308112,0.6615832377109829,0.9914454405483103,0.0009941789042557788,0.18859076858455442,0.7391483457894048,0.9023460591431237,0.08460523991124484,0.31949093942026235,0.011370542770992934,0.01350169821455058,0.2579927798592343,0.9971039006910807,0.6615086374082537,0.991437168603389,0.0009941727407704018,0.18854716216223696,0.7391574943459185,0.9050051023678148,0.05887414071204642,0.32044621283476976,0.011370498113869592,0.013508093257351259,0.2579927903027436,0.9971330049340111,0.6609791866488824,0.9914005378061287,0.0009941793909075995
37.62814070351759,0.1837755347858748,0.7446793788091177,0.8932119025818196,0.008009229761633072,0.3236194011118905,0.011043852829548702,0.012232900527024023,0.25220723131589134,0.9977967385874836,0.6503195698402248,0.9899235324574358,0.00070192392101489,0.18377093617291776,0.7446804754702212,0.8934856964614794,0.0027244744847732855,0.3238744312068274,0.01104384540679876,0.012233652028530892,0.2522072425034052,0.9978032980190275,0.6502332088227283,0.9899159752677619,0.0007019249263430566,0.1837625832235735,0.744682713159117,0.894054536453452,0.0025330610080740003,0.3245223880415452,0.011043831778879755,0.012235157823272782,0.2522072540390717,0.9978195270046759,0.6500563292140905,0.989898371154241,0.000701918926926344,0.1837601811861564,0.7446835982512711,0.8942735767587842,0.08660905412145502,0.32489654149945646,0.011043824330804287,0.01223572422128756,0.25220726503005747,0.997828633269553,0.6499822742942666,0.9898892770602784,0.0007019137354124983,0.183717497857842,0.7446926472966913,0.8969868362825274,0.06024154681957528,0.3258707476892156,0.011043780846230575,0.012241876008208526,0.2522072752071425,0.9978539507237226,0.6494566325367231,0.9898489635886771,0.0007019202233821501
37.86934673366834,0.17897070524176115,0.7502315550856927,0.8847219776972007,0.009063988171889012,0.32902921417494974,0.0107211178582828,0.011033914123943273,0.2464182747656953,0.9984218551702193,0.6386144004851846,0.9882536529063999,0.00046089102929833037,0.17896620189443077,0.7502326397463596,0.885000759421089,0.0034035235236887537,0.3292876446467248,0.010721110610150512,0.011034636099913439,0.24641828565393153,0.9984275263569617,0.6385286773080794,0.9882454083686789,0.0004608920340672047,0.17895802418120077,0.7502348525544263,0.8855799528912038,0.0032631335320651494,0.32994479086818773,0.010721097368698985,0.011036082233500284,0.24641829692548436,0.9984415608491226,0.6383531411103074,0.9882261963760255,0.0004608863798588841,0.17895567465527445,0.7502357280477653,0.8858029803179286,0.08872539834809941,0.33032457228184875,0.010721090176371607,0.011036625892720663,0.24641830763756617,0.9984494363487787,0.6382796894270364,0.9882162689293197,0.0004608820336256141,0.1789139190045188,0.7502446733703869,0.8885667755457562,0.061728611895414,0.3313178080394973,0.010721047763524815,0.011042529009647322,0.24641831753204874,0.9984708624013808,0.6377582697176799,0.9881722171914954,0.0004608877985395633
38.11055276381909,0.17419192441893314,0.7558007237092191,0.8758255806178245,0.010194059265915194,0.3344610785822116,0.010402295201536696,0.009901060496156834,0.24062586132177258,0.9989432601593804,0.6267336582141357,0.9864594556206976,0.00027063197142373856,0.17418751703122243,0.7558017958419234,0.8761089725698787,0.004165001872050201,0.33472291239877555,0.010402288121839624,0.009901752313934812,0.2406258719090115,0.99894802669203,0.626648641436154,0.9864505154926249,0.0002706329348927678,0.17417951568603493,0.7558039825619003,0.8766977475693449,0.0040946921667243215,0.33538926701321997,0.01040227533316167,0.009903138350364216,0.2406258829295357,0.9989598250784192,0.6264745868328832,0.9864296742414601,0.0002706280792504923,0.1741772188513332,0.7558048480198681,0.8769244612978625,0.09095798898202272,0.33577469754761935,0.010402268393603352,0.009903658780251609,0.24062589336343354,0.9989664464480841,0.6264017956975078,0.9864189021441613,0.00027062456496824674,0.17413639535040465,0.7558136852997269,0.8797350251686376,0.06333962950542492,0.33678705842722767,0.010402226995920756,0.009909308200626457,0.24062590296632178,0.9989838764989246,0.6258850085709126,0.9863710567458133,0.00027062926757704807
38.35175879396984,0.16943915919773594,0.7613869964145169,0.8665126939417008,0.011401347748282975,0.3399146670680294,0.010087314657730764,0.008833601824641464,0.23482997679027215,0.9993610988795508,0.6146782600642292,0.9845417076329382,0.00013069581859060536,0.1694348484489083,0.7613880554961059,0.8668003080607727,0.005011025465123677,0.34017990704551504,0.010087307733766092,0.008834262778643747,0.2348299870733553,0.9993649444298217,0.6145940181212898,0.984532063859078,0.00013069665423404356,0.16942702459900993,0.7613902149080884,0.8673978745063752,0.005030813638087248,0.3408554885892211,0.010087295460504537,0.008835588276508403,0.23482999785580022,0.9993744651977352,0.6144215827508382,0.9845095721493262,0.00013069305257553096,0.16942478064429586,0.7613910698627879,0.8676279687981335,0.09331063176158011,0.34124658921163553,0.010087288787348707,0.008836085165793327,0.23483000801536608,0.9993798090713055,0.6143495089308207,0.9844979440013948,0.00013069046793084212,0.16938489365020556,0.7613997947035268,0.8704814430101174,0.065079000080681,0.3422781694651383,0.01008724836863759,0.008841476041220563,0.2348300173208413,0.9993931385755866,0.613837762653839,0.9844462499484746,0.00013069386504114609
38.5929648241206,0.16471237356216356,0.766990483783816,0.8567730525562132,0.012687813433669414,0.34538965833983076,0.009776107693968653,0.007830806973585732,0.22903060710253123,0.9996755254682763,0.6024491258735094,0.9825011849880949,4.063385465819745e-5,0.16470816011566014,0.7669915292950095,0.8570644899894175,0.005943767645472314,0.3456583071501444,0.009776100907173903,0.007831436288140139,0.22903061707691535,0.9996784337939324,0.6023657270776619,0.9824908297037314,4.063443113947135e-5,0.1647005148834025,0.7669936601666149,0.8576700392555527,0.006074649042115996,0.34634313370165126,0.009776089208484972,0.007832700800429731,0.22903062763408905,0.9996856355348198,0.6021950480322358,0.98246666651767,4.063254074012729e-5,0.16469832400932002,0.7669945041200031,0.8579032035260374,0.0957872239763851,0.3467399251787938,0.009776082830360008,0.007833174010285911,0.22903063752617975,0.9996896785388736,0.6021237477498871,0.9824541708097241,4.06310920804961e-5,0.16465937775883244,0.7670031120766931,0.8607956338644032,0.06695123322032161,0.3477908177064725,0.009776043354264232,0.007838301487907215,0.2290306465280846,0.9996988030509245,0.6016174485396458,0.9823985736936325,4.06329262758773e-5
38.83417085427136,0.1600115287415341,0.7726112951506017,0.846596147175327,0.014055470599389105,0.35088573722513416,0.009468607457132535,0.006891952113000071,0.22322773832519963,0.999886702509476,0.5900471772368,0.9803386716273806,0.0,0.16000741322503634,0.7726123266028395,0.8468909948358156,0.006965459106509972,0.35115779730802227,0.00946860076363234,0.006892548719701659,0.2232277479818334,0.9998886575359609,0.5899646900895104,0.9803275974257175,0.0,0.15999994769724865,0.772614427752484,0.8475036927284515,0.007229425641259893,0.35185188630825875,0.009468589655028253,0.006893751344916849,0.22322775831853287,0.9998934990740502,0.5897959045101265,0.9803017424391766,0.0,0.1599978101189379,0.7726152601775682,0.8477396116321535,0.09839175673082308,0.35225438920374097,0.009468583614062793,0.006894200902289703,0.2232277679528835,0.9998962178222442,0.5897254334417632,0.9802883675461644,0.0,0.1599598087298559,0.7726237467565888,0.850666945554695,0.06896094941515475,0.35332468558863006,0.009468545044166981,0.006899060125759005,0.22322777664473953,0.9999010330091295,0.5892249854632475,0.9802288135478042,0.0
39.07537688442211,0.15533658330839,0.7782495386072368,0.8359712184843223,0.015506389114998806,0.3564025944861321,0.009164748714278567,0.006016320581184766,0.21742135665784085,0.9999948008481813,0.577473337438883,0.9780549590783303,8.350767958435914e-6,0.15533256637336396,0.7782505554063681,0.8362690627199616,0.008078385513626085,0.35667806845646977,0.009164742129476853,0.006016884056039212,0.21742136600031411,0.9999957864263955,0.5773918294012274,0.9780431579604513,8.350270577859134e-6,0.15532528148333752,0.778252625916683,0.8368880248640447,0.008498448703033894,0.3573814360827453,0.009164731450617076,0.006018021915553185,0.2174213760866714,0.9999982272927811,0.5772250765512572,0.9780155933434805,8.351103719963528e-6,0.15532319743282522,0.7782534462587152,0.8371263783921497,0.10112831726297224,0.3577896707548068,0.009164725801059105,0.00601844800659126,0.21742138547577308,0.9999995983806259,0.577155489826669,0.9780013275191738,8.352969009804469e-6,0.15528614491403814,0.7782618068971309,0.8400844647339599,0.07111288185090141,0.35887946135528653,0.009164688113167292,0.006023034254025731,0.21742139385343437,0.9999999999999928,0.5766612950117899,0.9779377632572207,8.35093519355066e-6
39.31658291457287,0.15068749312486013,0.7839053212514568,0.8248872234487985,0.01704270098408439,0.3619399258930938,0.008864467640137123,0.005203200958394709,0.21161144840134402,0.9999999999999928,0.5647285338700216,0.9756508482902059,6.524409088831974e-5,0.15068357542555186,0.783906322779472,0.8251876425787377,0.009284899197418895,0.3622188163165422,0.008864461189821229,0.005203731005985421,0.21161145743536736,0.9999999999999928,0.5646480719918645,0.9756383121985451,6.524325720563544e-5,0.15067647205684334,0.7839083617412186,0.8258119581394199,0.009885103385498159,0.36293147828247674,0.008864450772351744,0.005204801049374237,0.21161146723855195,0.9999999999999928,0.5644834909274083,0.9756090206663204,6.524374392614365e-5,0.15067444178522166,0.7839091694189072,0.826052421731001,0.10400109132329007,0.36334546488195174,0.008864445579293237,0.0052052040130407505,0.211611476397531,0.9999999999999928,0.5644148431296716,0.9755938520385636,6.524799275287911e-5,0.15063834207756008,0.7839173994028279,0.8290370174649452,0.07341187613335201,0.3644548390945842,0.008864408808619344,0.005209513242606836,0.2116114844696958,0.9999958837562736,0.5639273004466187,0.9755262239299288,6.524413950830085e-5
39.55778894472362,0.14606421150804377,0.7895787490122596,0.8133328454371913,0.01866659846154594,0.367497432641799,0.008567701888904787,0.004451888271208788,0.20579799997765372,0.9999024876566454,0.551813696247068,0.9731271479311658,0.0001702401002619354,0.14606039368702925,0.7895797346565651,0.8136354063914527,0.010587416197970803,0.3677797419513366,0.008567695590788153,0.004452384517098905,0.20579800870738432,0.9999014860273536,0.5517343474417833,0.9731138689873419,0.00017023904363763616,0.14605347269065885,0.7895817411343883,0.8142641409181453,0.011392856668460011,0.3685017136201436,0.008567685279613107,0.00445338376361489,0.2057980181958367,0.9998990051771801,0.5515720766892885,0.973082833525407,0.00017023803267538756,0.14605149647006455,0.7895825355411864,0.8145063855856763,0.10701436561379161,0.36892147208868975,0.008567680617812583,0.0044537640854150715,0.20579802714233641,0.9998976106343389,0.5515044218549056,0.9730667500921061,0.00017024528254943282,0.14601635341483493,0.7895906300979638,0.8175131443924069,0.07586290103193835,0.3700505181139958,0.008567644802827545,0.004457792326263193,0.20579803491882062,0.9998888723275807,0.5510239280790163,0.9729950050159321,0.0001702398627382143
39.798994974874375,0.14146668931531894,0.7952699266410387,0.8012964878814414,0.020380335320512796,0.37307482124314184,0.008274390554386292,0.0037616839738596843,0.1999809979294177,0.9997024595201479,0.5387297564467142,0.9704846740346309,0.0003229011480001683,0.14146297200231414,0.795270895794002,0.8016007458316503,0.011988417019616775,0.37336055174629573,0.008274384418818396,0.0037621459675220167,0.19998100635751273,0.9997004402943633,0.5386515874903768,0.9704706445434744,0.00032289993504134256,0.1414562342804668,0.7952728686905363,0.8022329571123822,0.013025254299589804,0.37409184854229455,0.008274374154078985,0.0037630724793636474,0.1999810155180052,0.9996954384979968,0.5384917636910884,0.9704378472176278,0.00032289692079355624,0.14145431232389485,0.7952736493317875,0.8024766331022359,0.11017253028948344,0.3745173982077399,0.0082743700240591,0.0037634298104738386,0.19998102425498282,0.9996926262491113,0.53842515666232,0.9704208380286966,0.00032290726857209294,0.14142012965771011,0.7952816036445187,0.8055011012614802,0.07847104822831417,0.375666203041899,0.008274335198114352,0.003767173066897207,0.19998103174487392,0.9996791618122706,0.5379521065001305,0.9703449234398872,0.00032290051369179916
40.040201005025125,0.13689487533847278,0.8009789579280686,0.7887662610140599,0.022186229416747874,0.37867180363606956,0.007984474175349782,0.0031318966214283353,0.1941604288753308,0.9994001179017782,0.525477646347661,0.9677242482635561,0.0005227923727472245,0.1368912588360119,0.8009799097660966,0.7890717652952082,0.013490448158995525,0.37896095728835244,0.007984468159295566,0.003132323114933647,0.19416043704677932,0.9993970664474936,0.5254007259148543,0.9677094621416297,0.00052279045899468,0.1368847054004071,0.8009818477602763,0.7897065130876416,0.014785924701620977,0.37970159487816796,0.007984458009073747,0.0031331764522283027,0.19416044589233655,0.9993895032816582,0.5252434831185893,0.9676748834445401,0.0005227858821424574,0.13688283780659205,0.8009826143161392,0.7899512396631926,0.1134800815229871,0.3801329542803792,0.007984454302629871,0.0031335091470539537,0.19416045440000354,0.999385250666852,0.5251779802468697,0.9676569392479726,0.0005227986008676581,0.13684961916203206,0.80099042352378,0.792988853374973,0.08124153469073284,0.38130160374854316,0.007984420494337013,0.0031369633999698385,0.1941604616116842,0.9993669561789575,0.5247127663348691,0.9675768031820747,0.0005227907214026169
40.28140703517588,0.1323487155640577,0.8067059451265998,0.7757299908421893,0.024086661113619946,0.3842880964534759,0.00769789457269749,0.002561839913613218,0.18833627962331848,0.998995674825351,0.5120583030454872,0.9648467013425319,0.0007694802158071818,0.13234520035168773,0.8067068789613252,0.7760362747539552,0.015096123667871676,0.3845806752486136,0.007697888656590739,0.0025622300457591937,0.18833628755522133,0.998991575841216,0.5119826984114377,0.9648311518096947,0.0007694773663298615,0.13233883221121429,0.8067087807174921,0.7766725968909745,0.01667859131688598,0.3853306689254067,0.007697878686817763,0.0025630097784828344,0.18833629609899474,0.9989814110085702,0.5118281700910701,0.9647947724066446,0.0007694716789800122,0.13233701907999465,0.8067095328351932,0.7769179857408758,0.11694162413473863,0.3857678564392783,0.007697875315448371,0.0025633163755241937,0.18833630436080495,0.9989756954149396,0.5117638272200881,0.9647758838962561,0.0007694861501731952,0.1323047679862937,0.8067171920324068,0.7799640683788226,0.08417970577259595,0.38695643522852086,0.007697842549033669,0.0025664775838147606,0.1883363113019769,0.9989524671139192,0.5113068401234577,0.9646914749739662,0.0007694773359568042
40.52261306532663,0.12782815382296273,0.8124509893461288,0.7621752009210601,0.026084076777349804,0.38992342134755753,0.0074145948977637766,0.002050833991807829,0.18250853709022674,0.9984893495996877,0.4984726649909982,0.9618528701305391,0.0010625334694167677,0.12782474048866574,0.8124519045789981,0.7624817824304044,0.016808126758405557,0.3902194272684717,0.007414589075470413,0.002051187124547686,0.18250854478102493,0.9984841873875847,0.49839844247890064,0.961836550030153,0.0010625296317650467,0.1278185586479409,0.8124537687491505,0.7631186940705806,0.01870706765220655,0.3909787919565027,0.007414579348775496,0.0020518928171302715,0.18250855303602276,0.9984713807253195,0.4982467615504403,0.9617983507795296,0.0010625232876781629,0.12781680008446203,0.8124545060420169,0.7633643495724345,0.12056187429104677,0.3914218257947754,0.007414576243290187,0.00205217204720123,0.1825085610388087,0.9984641795754707,0.49818363399400467,0.9617785085687455,0.0010625390085672837,0.12778551996822154,0.8124620102792248,0.766414108867432,0.08729103838637588,0.39263041748668825,0.007414544538925486,0.0020550361490296585,0.18250856771651422,0.9984359138706128,0.49773526220537095,0.9616897760000329,0.001062529429144318
40.76381909547739,0.1233331319217562,0.8182141905930485,0.7480891033308927,0.02818099056362614,0.3955775049148896,0.007134519602697492,0.0015982055053207493,0.17667718829253135,0.997881368444107,0.48472167152145956,0.9587435970860856,0.0014015233707515228,0.12332982103680803,0.8182150866261166,0.7483954872890948,0.018629211446419474,0.395876939849013,0.007134513863813703,0.0015985209435675015,0.17667719573967294,0.9978751274078611,0.48464889730443483,0.9587264994476511,0.0014015184543891036,0.12332382649595004,0.8182169118500278,0.7490319804041388,0.02087525938498586,0.3966456901143828,0.007134504439673021,0.0015991521546584312,0.17667720371875495,0.9978596388913924,0.48450019612628686,0.9586864614032264,0.0014015119087820794,0.12332212261342829,0.8182176338986822,0.7492774996520043,0.12434566226741586,0.3970945883244346,0.007134501548609987,0.0015994029340999612,0.17667721145260024,0.9978509296371888,0.4844383386673768,0.9586656560178067,0.0014015284899400883,0.12329181679935396,0.8182249781820219,0.7523260248043614,0.09058114425384893,0.39832327542737966,0.007134470922721764,0.0016019658482532718,0.17667721787324536,0.9978175231212775,0.48399896860550584,0.9585725496056748,0.0014015182949371678
41.00502512562814,0.11886358953117573,0.8239956477784572,0.7334585800784703,0.03037998814072985,0.4012500782382659,0.006857614330023437,0.0012032866270626,0.17084222034996474,0.9971719650669755,0.4708062644727085,0.9555197313811921,0.0017860229645707034,0.11886038170932844,0.8239965239145735,0.7337642713399177,0.02056220423711164,0.4015529442436433,0.006857608716587193,0.0012035642724020812,0.170842227563098,0.997164629486216,0.4707350036517488,0.9555018485826012,0.0017860172579602987,0.11885457546373311,0.8239983088199551,0.7343993141913997,0.023187166598636885,0.40233109430487335,0.006857599651465857,0.0012041205548158815,0.17084223527897227,0.997146419232808,0.4705894140240079,0.9554599529957338,0.0017860109673006894,0.11885292638600264,0.8239990151735744,0.7346442870354508,0.12829793528584935,0.4027858747658023,0.006857596939618606,0.0012043419788381378,0.17084224273708684,0.9971361793494874,0.47052888091410167,0.955438174867289,0.0017860281303051068,0.11882359809766244,0.8240061944648098,0.7376865457537407,0.09405577323784466,0.4040347387468455,0.006857567405176318,0.0012065996059552888,0.1708422489064623,0.9970975288105838,0.4700988969226611,0.9553406450111804,0.0017860174497864756
41.246231155778894,0.11441946442769468,0.8297954584262389,0.7182702138188195,0.0326837206619166,0.40694087754666064,0.00658382604293535,0.0008654169057019657,0.16500362052278425,0.9963613798646184,0.45672738539619956,0.9521821261926199,0.0022156083164672443,0.11441636021368823,0.8297963140586938,0.7185746917486873,0.022610005852508146,0.40724717635378466,0.00658382054102805,0.0008656560080728335,0.16500362749884612,0.9963529343254535,0.45665770375137615,0.9521634515507246,0.002215601691040138,0.11441074325380834,0.8297980572612998,0.7192072283538342,0.025646886074258538,0.408034740092272,0.006583811888515463,0.0008661369085550629,0.16500363496406403,0.9963319625977378,0.45651535691511497,0.952119679872485,0.002215596112843783,0.11440914911766414,0.8297987474387628,0.7194512374529841,0.13242376042187953,0.40849542051221166,0.006583809335561322,0.0008663282446695748,0.16500364214266086,0.9963201695783819,0.4564562018738827,0.9520969193327389,0.0022156136879183212,0.11438080147826721,0.8298057566553507,0.7224820729176461,0.09772081675374143,0.40976454182879846,0.006583780902346769,0.0008682764685605522,0.16500364806596363,0.9962761720113006,0.45603598622013214,0.9519949170316028,0.0022156026327612116
41.48743718592964,0.11000069241153299,0.8356137189345076,0.7025102455244971,0.035094913128344736,0.41264964341292265,0.006313102840346357,0.0005839414821468902,0.15916137617634826,0.9954498603618629,0.4424859778710189,0.9487316406159345,0.0026898574096814753,0.10999769232062685,0.8356145534729499,0.7028129727500896,0.024775593001620633,0.4129593766275632,0.006313097422988398,0.0005841411250720288,0.15916138290924484,0.9954402896047173,0.4424179411931197,0.9487121677884446,0.002689849626949298,0.10999226563175735,0.83561625357674,0.7034419223364711,0.028258613640496283,0.41375636759788237,0.006313089233927297,0.0005845461841939949,0.15916139013619762,0.9954165168141524,0.4422789678296994,0.948666501671645,0.002689845219594265,0.10999072658910057,0.835616927067885,0.7036845432248241,0.13672832758495537,0.4142229655116032,0.00631308683315102,0.0005847068658130977,0.15916139703437265,0.9954031481645216,0.4422212440449828,0.9486427489474306,0.002689863143258611,0.10996336262229549,0.8356237610829633,0.7066986709745733,0.10158231126487258,0.41551242364294283,0.006313059508009645,0.0005863415546889818,0.15916140271622667,0.9953537007819439,0.4418111769184731,0.9485362258024516,0.002689851805510654
41.7286432160804,0.10560720740507663,0.8414505245161344,0.6861645734179236,0.03761636463543173,0.4183761208099433,0.006045393957672106,0.0003582114180735471,0.1533154747878361,0.9944376609504988,0.42808298687702323,0.9451691389282025,0.003208350384540591,0.10560431193137419,0.8414513373701085,0.6864649973580309,0.027062020196406144,0.4186892899614061,0.006045388594395962,0.0003583706257685853,0.15331548127058164,0.9944269498391916,0.42801666082066836,0.9451488617839975,0.003208341163573392,0.10559907649343776,0.8414529929672884,0.6870892538069368,0.031026646579650534,0.41949572140146757,0.006045380917005484,0.0003586993777580013,0.153315488271496,0.9944003365494134,0.427881191050977,0.9451012830851514,0.003208338386092705,0.10559759271324003,0.8414536492341402,0.6873300549749702,0.14121695257613123,0.41996825416820227,0.006045378674111391,0.00035882899797436255,0.15331549489110988,0.9943853697831138,0.4278249511791012,0.9450765282940922,0.003208356698822096,0.10557121534392826,0.8414603028764855,0.6903220597140047,0.10564644186309234,0.4212781276464152,0.006045352461186893,0.0003601460056526564,0.15331550033558705,0.9943303700264055,0.4274254106903549,0.9449654365110902,0.0032083451520717905
41.969849246231156,0.1012389415368822,0.8473059691730949,0.6692187480571087,0.04025094937226008,0.42412005908491696,0.005780649749262814,0.00018758382249014273,0.14746590394847067,0.9933250426789173,0.4135193584322484,0.9414954900919611,0.003770669651915658,0.1012361511914946,0.8473067597046676,0.6695163081697361,0.02947241959158851,0.4244366657609267,0.0057806444325542656,0.00018770189858708421,0.14746591017936245,0.9933131760550274,0.4134548080065072,0.9414744022458803,0.0037706588904828013,0.10123110806007277,0.847308369375667,0.6701347446653932,0.03395538153640426,0.42525255073897855,0.0057806373330499565,0.00018795424584432344,0.14746591696395278,0.9932836826656495,0.41332297066930596,0.9414248924336962,0.0037706584628715077,0.10122967961357854,0.8473090078964749,0.6703732753830269,0.14589507932221618,0.4257310352854713,0.005780635220919291,0.00018805186973990106,0.14746592330630165,0.993267095755315,0.4132682680204862,0.9413991265992977,0.0037706768451557784,0.10120429182402656,0.8473154757447007,0.6733376416803155,0.10991953026029905,0.4270614022689906,0.005780610228488599,0.00018904843796143425,0.14746592854442475,0.993206440708339,0.4128796281162967,0.9412834170511317,0.003770666060267906
42.211055276381906,0.09689582619401868,0.853180144671381,0.651658146968422,0.04300158167610558,0.42988121487733444,0.0055188222227207226,7.14297039193125e-5,0.14161265149378313,0.992112269301073,0.3987960272314273,0.9377115563016006,0.004376405103162525,0.09689314199177863,0.8531809120604154,0.6519523226797804,0.03200995394581468,0.43020126170120354,0.005518817155209691,7.15088778656307e-5,0.1416126574835861,0.9920992300803984,0.39873331205590873,0.9376896470516518,0.004376394688649115,0.09688829135034688,0.8531824751633014,0.6525636372202495,0.03704929655406618,0.43102661050818486,0.005518810220793656,7.167816777500897e-5,0.14161266396330197,0.9920668205004398,0.39860524578898454,0.9376381971857227,0.004376392989274016,0.09688691842099302,0.8531830949976773,0.6527994917692839,0.15076822709736457,0.4315110642648431,0.005518808367296575,7.174472706931956e-5,0.14161267009085401,0.9920485910846536,0.39855213098788567,0.9376114090109715,0.004376412302863668,0.09686252240870626,0.8531893722775233,0.6557304434330025,0.11440806026278841,0.43286199993028485,0.0055187843021584065,7.241261345847264e-5,0.1416126750658027,0.991982180739735,0.3981747720305529,0.937491040904428,0.004376399626477626
42.45226130653266,0.09257778916051845,0.8590731436214604,0.6334674284492772,0.04587132520643941,0.43565934291797,0.0052598633022507574,9.11013661387795e-6,0.1357557051103942,0.9907996184246957,0.38391395323788197,0.9338182261322312,0.0050251384588390225,0.09257521165509669,0.8590738871854777,0.6337576419459681,0.03467796737167534,0.43598283148814493,0.005259858494358364,9.15002871318e-6,0.13575571086149651,0.990785391371982,0.3838531372385565,0.9337954887573295,0.005025128510550761,0.09257055433888997,0.8590754023511424,0.6343606236580482,0.0403130361165035,0.43681765626582425,0.005259851730613166,9.235136478512718e-6,0.1357557170379347,0.9907500271344162,0.3837289716701261,0.9337420824687922,0.005025125544858214,0.09256923691183987,0.8590760031454016,0.6345933035110352,0.15584217820792348,0.4373080952959852,0.005259850040749445,9.268688436765733e-6,0.13575572292643637,0.9907301336715014,0.3836774988406842,0.9337142645276496,0.005025144824294215,0.09254583539221568,0.8590820843962855,0.6374850337972598,0.11911871297413164,0.4386796758963529,0.005259826958770374,9.604655520418752e-6,0.1357557276619539,0.990657865906199,0.38331179137999455,0.9335891906700862,0.0050251308810492015
42.69346733668342,0.08828475754811509,0.8649850563888253,0.6146310479791769,0.04886328991464046,0.44145420509793676,0.0050037265166183766,0.0,0.12989505272733284,0.989387370295356,0.36887408510384584,0.9298163811725092,0.005716458888122456,0.08828228725439757,0.8649857754680517,0.6149167018214018,0.03747984367599873,0.44178113688381765,0.005003721962069808,0.0,0.12989505823846714,0.9893719403704531,0.3688152323137864,0.9297928093856094,0.005716449372165888,0.08827782411363853,0.8649872412885538,0.6155101150089516,0.043751326455821124,0.44262544957850747,0.005003715388121409,0.0,0.12989506411633076,0.9893335830944442,0.36869509621220836,0.9297374302508536,0.005716445277880584,0.08827656234115279,0.8649878224980584,0.615739141663226,0.16112277066591252,0.44312189025720006,0.005003713855922494,0.0,0.12989506976507614,0.9893120034795613,0.36864531705306985,0.9297085732766861,0.005716464475567857,0.08825415785905409,0.864993702348481,0.6185856795817454,0.12405829918324561,0.44451419090744787,0.00500369176495339,0.0,0.12989507426596658,0.9892337767278774,0.3682916306964276,0.9295787481610991,0.005716449356805964
42.934673366834176,0.08401665690194625,0.870915972145465,0.5951330742514248,0.05198066870624234,0.4472655672645678,0.0047503663853978055,4.347986702785229e-5,0.12403068238173771,0.9878758113479514,0.3536773723620396,0.9257069069119986,0.006449957724750805,0.084014294337373,0.8709166660593934,0.5954135588925924,0.04041905270953271,0.44759594373533784,0.004750362085413023,4.343946395976504e-5,0.124030687653589,0.9878591635470261,0.3536205464073115,0.9256824943899472,0.006449948672174245,0.08401002635488751,0.8709180809520165,0.5959961686953897,0.04736899818342147,0.4484497564525961,0.0047503558034398055,4.335455909628208e-5,0.12403069325932971,0.9878177744875815,0.3535045662315033,0.9256251245613025,0.006449944336994542,0.08400882022777362,0.8709186422078313,0.5962210170402243,0.16661599750937817,0.4489522144536747,0.004750354327876089,4.331918930950116e-5,0.12403069864289966,0.9877944873225855,0.35345653413865974,0.9255952212606166,0.00644996256012011,0.08398741523750021,0.8709243152395241,0.5990162442713951,0.12923380348667288,0.45036530947989434,0.004750333235653191,4.2979183710627395e-5,0.12403070291384234,0.9877102002821593,0.3531152363736853,0.9254605999574769,0.006449946353260409
43.175879396984925,0.07977341137975284,0.8768659787330912,0.5749572061557784,0.055226734039233394,0.45309319949382926,0.004499738463129522,0.000138936911360791,0.11816258223660521,0.9862652336072812,0.3383247638363735,0.9214906910999507,0.007225229101185257,0.07977115741366075,0.8768666463843748,0.5752319762566583,0.04349913181506013,0.45342702314286976,0.00449973463314869,0.00013885844320663372,0.11816258732571402,0.9862473516183184,0.33827002364242126,0.9214654274419443,0.007225222434877761,0.0797670851567269,0.8768680091880638,0.5758024332830712,0.05117100351007799,0.4542903465577361,0.004499728522338804,0.00013868568515883954,0.11816259262767635,0.986202893783076,0.33815833024254194,0.9214060539084781,0.007225216652180099,0.0797659347227314,0.8768685500848673,0.5760225721395855,0.17232798759775614,0.4547988374820786,0.004499727010270481,0.00013861350874365533,0.11816259772321916,0.9861778775333044,0.33811209769421346,0.9213750965557139,0.007225233263132961,0.07974553179985083,0.8768740106590047,0.5787602582354737,0.1346523535776259,0.4562328009905204,0.004499707030594859,0.0001379309239964967,0.1181626017910206,0.9860874283559053,0.3377835515196823,0.9212356325226481,0.007225217030358969
43.41708542713568,0.07555494373624848,0.8828351626261141,0.554086764918065,0.05860483951750186,0.45893687591874943,0.004251799306689456,0.0002857646198131166,0.11229074058847588,0.9845559348437865,0.3228172080928878,0.9171686239005669,0.008041869774092847,0.07555279838608595,0.8828358039600565,0.5543550642311385,0.04672376417397105,0.45927414661663885,0.004251795655608592,0.00028564348167479573,0.11229074540699649,0.9845368056787351,0.32276462300930325,0.9171425089279248,0.008041862817109878,0.0755489228629029,0.8828371130239794,0.5549120805538854,0.05516243585729741,0.460146992452894,0.004251789830341929,0.0002853833882085472,0.11229075043707053,0.9844892405255375,0.32265734122097967,0.917081113815356,0.008041856687976828,0.07554782853735072,0.8828376326615112,0.5551270560482415,0.17826501408466428,0.4606615328498979,0.004251788418549266,0.0002852760925023998,0.11229075528956481,0.9844624723324105,0.32261295565586223,0.9170490902590734,0.008041873115491607,0.07552842984860839,0.8828428754339338,0.5578007490152559,0.14032129404075142,0.4621164372927362,0.004251769490271713,0.0002842458947242765,0.11229075913535208,0.9843657606870172,0.32229752582444066,0.9169047411613068,0.008041856269462081
43.65829145728643,0.07136117481068006,0.8888236097842217,0.5325045289499296,0.062118453112906785,0.4647963727826028,0.004006506061377915,0.00048335770950364026,0.10641514574477154,0.9827482206166416,0.30715566091708374,0.9127416050073048,0.00889947579870398,0.07135913864765112,0.8888242241413727,0.5327657005920095,0.05009668686069933,0.4651370920051617,0.004006502597377894,0.00048319366117128616,0.10641515028451157,0.9827278291988604,0.307105293179479,0.9127146322658005,0.00889946877598849,0.0713554607602436,0.8888254779157075,0.5333079362525655,0.059348489364304785,0.4660194714458418,0.004006497116954885,0.0004828459442477588,0.10641515505933208,0.9826771187473287,0.3070025485145512,0.9126511990703771,0.008899462871864692,0.07135442258780782,0.888825975757981,0.5335172079568229,0.18443354400633027,0.46654007660414576,0.004006495767782705,0.0004827024291781376,0.10641515966475061,0.9826485772772175,0.3069600615087147,0.9126181013782274,0.008899478685101023,0.07133603043622898,0.8888309951133354,0.5361203428442857,0.1462481420653609,0.46801599435624186,0.004006477935703112,0.00048132126915946647,0.10641516329958105,0.9825455022536925,0.3066581079863254,0.912468822976514,0.008899461753690975
43.89949748743719,0.06719202469198123,0.8948314044705448,0.5101929581662552,0.06577111198595552,0.47067147151456995,0.0037638170498298542,0.0007311205812648355,0.10053578618210442,0.9808423998561635,0.2913410718064341,0.9082105308530749,0.009797648195359361,0.0671900984544473,0.8948319908942355,0.5104463848636687,0.0536217228656104,0.4710156412919528,0.0037638138916577914,0.000730914960493661,0.10053579047792933,0.9808207305171942,0.2912929810158096,0.9081826916297048,0.009797642378364118,0.06718661937547926,0.8948331875639565,0.5109725263910968,0.06373444602574174,0.47190756598500555,0.003763808942009236,0.0007304812417170933,0.10053579504832634,0.980766835890211,0.29119489528631176,0.9081172011075221,0.009797638564038098,0.06718563688303175,0.8948336636146107,0.5111754210607192,0.19084016459190795,0.4724342496078187,0.003763807367478794,0.0007302966381554902,0.10053579932652161,0.9807365019093076,0.2911543641963599,0.9080830272430194,0.009797650794182686,0.06716825338587298,0.8948384539382372,0.5137012575550594,0.1524405901711705,0.4739312521599947,0.003763790639819139,0.000728560595386196,0.10053580275664083,0.9806269632788246,0.2908662458350663,0.9079287767717135,0.009797633906984848
44.14070351758794,0.0630474128224376,0.9008586292062621,0.4871342113700715,0.06956641886102743,0.4765619586363104,0.003523691751007512,0.0010284673613293333,0.09465265055594704,0.978838784528237,0.2753743835530125,0.9035762939205502,0.010735993045027582,0.06304559639526416,0.9008591872979361,0.48737911231509035,0.05730280876461703,0.4769095790864293,0.0035236886850356043,0.001028216260440428,0.09465265457218236,0.9788158249745667,0.2753286379941132,0.9035475878159078,0.010735986131877361,0.06304231627782429,0.9008603260424539,0.48788758993418674,0.06832582447303136,0.4778110578303998,0.0035236839621291685,0.0010276909265540318,0.09465265885057128,0.9787587114075903,0.2752353441496084,0.9034800320312847,0.01073598139980188,0.06304139067408936,0.9008607787981371,0.4880837663655233,0.1974915809563849,0.4783438376026056,0.003523682639262619,0.0010274719114303605,0.09465266292287021,0.9787265592434812,0.27519680710387795,0.9034447622843018,0.01073599487636907,0.06302501695455458,0.9008653352018957,0.4905252106208821,0.15890654631547077,0.4798619936204806,0.003523666616207754,0.0010253710256996219,0.09465266605046184,0.9786104606152073,0.2749228906675219,0.903285506998224,0.010735974056425983
44.381909547738694,0.05892725524374402,0.9069053670168046,0.4633095820357301,0.07350815629362613,0.482467619111465,0.003286089563898994,0.0013748035631809936,0.08876572740214843,0.9767377004260207,0.25925656280388404,0.8988398111434863,0.011714109057094002,0.058925549395510826,0.9069058957400392,0.46354532101705725,0.061144006293133414,0.4828186923622084,0.00328608673579273,0.0013745086975689746,0.08876573118364638,0.9767134349731323,0.2592132209514991,0.8988102290584794,0.011714102573151664,0.0589224687766915,0.9069069752906677,0.4640346170381425,0.07312821422277074,0.4837297348648781,0.0032860821409991595,0.0013738891589546818,0.0887657351418395,0.976653066381334,0.25912484661565194,0.8987405958031607,0.011714095934478145,0.058921599900630825,0.9069074042155232,0.46422347598153535,0.2043948161682959,0.48426862509795915,0.0032860809669459368,0.0013736336932273674,0.08876573900623774,0.9766190757914504,0.2590883561686366,0.8987042241264097,0.011714109568814001,0.058906238731708145,0.9069117204178475,0.4665735976337545,0.16565405625690313,0.4858080067048704,0.0032860660092917026,0.0013711692755100406,0.08876574190998043,0.9764963143312266,0.2588289874390626,0.8985399142904565,0.011714088480557074
44.62311557788944,0.05483146846222682,0.912971698294226,0.43870024067004554,0.07760013642889103,0.48838824541340714,0.003050971446912172,0.0017695513370984144,0.08287500555212907,0.9745394722114249,0.24298855786144943,0.894001984398547,0.012731604720624165,0.05482987350213464,0.9129721970656359,0.4389260604875995,0.06514946510889899,0.4887427724188184,0.0030509687932520797,0.0017692112099783799,0.08287500907966076,0.9745138870092438,0.2429476831354865,0.89397152230421,0.012731598022209592,0.05482699366821936,0.912973215419339,0.43939479379839275,0.07814729293124381,0.48966339005338044,0.0030509645767277677,0.0017685000783586112,0.08287501278982146,0.9744502245533168,0.24286434680935706,0.8938997914397855,0.01273159201737145,0.05482618142002035,0.9129736202659025,0.43957568001199243,0.21155692366927834,0.4902084046583344,0.003050963415480101,0.0017682056129825542,0.08287501639356724,0.9744143751409139,0.24282995554003728,0.8938623125552901,0.012731604414867198,0.05481183417093851,0.9129776906658812,0.4418271582841161,0.17269144898632172,0.49176908064751246,0.003050949372961932,0.001765371314443788,0.0828750190657841,0.9742848534932945,0.24258549157640621,0.8936929112400671,0.012731581454800307
44.8643216080402,0.050759967983406526,0.9190577019938336,0.4132869464316027,0.0818462592350746,0.4943236337805368,0.0028182992542115878,0.002212139349054528,0.07698047397844837,0.9722444291677212,0.22657131532023253,0.8890637157407923,0.013788091495144539,0.05075848420673272,0.9190581702383954,0.41350206697883574,0.06932340658445613,0.4946816154787611,0.0028182967125033624,0.0022117524312503982,0.0769804772299864,0.9722175104756858,0.22653297093570862,0.8890323697966034,0.013788083909658003,0.050755805911686276,0.9190591258878177,0.4139487020139269,0.08338891848399917,0.4956118181183611,0.0028182928849572525,0.002210948680032741,0.07698048069354105,0.9721505175499014,0.22645479651268716,0.8889585270792494,0.01378807861749074,0.05075505070324252,0.9190595060015184,0.414121049926873,0.21898512663220743,0.4961629719641928,0.0028182918111340164,0.0022106159312150655,0.07698048403774327,0.9721127870184153,0.22642255120538954,0.8889199306408161,0.013788090613314026,0.050741719310287856,0.91906332473825,0.4162664748481955,0.18002711897938797,0.49774501175596275,0.00281827874305521,0.002207408744197226,0.0769804864905297,0.9719764055973787,0.226193340819139,0.8887453960195872,0.013788066495267324
45.10552763819096,0.04671266711451412,0.9251634571444556,0.3870496856289135,0.08625058584420482,0.5002735808959718,0.002588035083575445,0.0027019935502053476,0.07108212157145398,0.9698529099311269,0.21000579476735118,0.8840259217447501,0.014883177577824138,0.04671129528292862,0.9251638938164873,0.38725342420736325,0.07367019820692863,0.5006350193558032,0.0025880328027217217,0.0027015615295607944,0.07108212459131695,0.9698246422382136,0.209970038329423,0.8839936830737612,0.014883170628195427,0.04670881879088687,0.9251647856779082,0.387676273669027,0.0888591413874556,0.5015748155877865,0.002588029159691719,0.0027006609956387166,0.07108212774754173,0.9697542843222482,0.2098971544097344,0.8839177195521332,0.014883163979812259,0.04670812081977436,0.9251651403881811,0.38783948599202583,0.22668693696618006,0.5021321230320646,0.0025880281959938882,0.002700289802055245,0.07108213084004547,0.9697146513225786,0.2098671033666888,0.8838779968294543,0.014883175783218587,0.04669580705841175,0.9251687014999678,0.3898712654291375,0.18766983424319994,0.5037355954509086,0.002588016155758465,0.0026967065361615983,0.07108213309675808,0.9695713111860985,0.20965349373757758,0.8836982880143509,0.014883151067061189
45.346733668341706,0.04268947928032506,0.9312890404197726,0.3599682390432733,0.09081722344018246,0.5062378895153996,0.002360142326945374,0.003238553154814348,0.06517993748919758,0.9673652535211354,0.1932929425233802,0.8788895079467525,0.016016478787144014,0.04268821949553283,0.9312894450642962,0.3601597394707726,0.07819431452559544,0.5066027852960401,0.0023601401676373824,0.003238073442421434,0.0651799402368435,0.967335623951356,0.1932598385427952,0.8788563746597204,0.016016471071428683,0.04268594596650535,0.931290271200508,0.36055729428973465,0.09456405239028948,0.5075521856468725,0.0023601369053448742,0.0032370779501422996,0.06517994314446081,0.9672618631867762,0.19319236314739344,0.878778271987785,0.016016465091159005,0.04268530525688307,0.9312905999781762,0.3607107190924369,0.23466992244710413,0.5081156604554337,0.002360136000637798,0.0032366670420704274,0.06517994597238122,0.9672203071522188,0.1931645562791722,0.8787374161567515,0.01601647615045932,0.04267401034217564,0.9312938979569719,0.36262094697580455,0.19562849065987767,0.5097406326761246,0.002360124824070192,0.0032327012353818023,0.06517994798360179,0.9670699115724434,0.1929668978831608,0.8785524981228673,0.016016449152039872
45.58793969849246,0.03869031608341856,0.9374345280565425,0.33202168625717093,0.09555042593746825,0.5122163636976187,0.0021345847657245026,0.003821257264043704,0.059273910882666064,0.9647818069818943,0.17643371374542693,0.8736553900104473,0.017187609463247502,0.038689169027747425,0.9374348996886744,0.33220021427534446,0.08290032216141613,0.5125847186840365,0.0021345828403697663,0.003820731058992919,0.0592739133922424,0.9647508004353439,0.17640332004385315,0.8736213541568472,0.01718760217799447,0.03868709874710373,0.9374356588094837,0.3325707362957977,0.10050998454837505,0.5135437316728284,0.0021345798070181886,0.003819637157644586,0.05927391601838552,0.9646736025700268,0.1763413797370069,0.8735411028584437,0.01718759525408118,0.03868651550843667,0.9374359610021995,0.3327137420084168,0.24294192860842054,0.5141133877854178,0.002134578981275057,0.0038191863406435086,0.059273918584182565,0.964630102310805,0.17631586479162664,0.8734991054466298,0.017187605761265882,0.03867624128667532,0.9374389896014135,0.33449450097598415,0.2039121711265447,0.5157599281839877,0.00213456881396919,0.0038148362791104356,0.059273920401030286,0.9644725521121968,0.17613449807196252,0.8733089360688157,0.017187578033944072
45.82914572864321,0.034715088845773595,0.9435999943646344,0.30318878043002623,0.10045451776541117,0.5182088122585025,0.0019113272121572445,0.004449554855578938,0.053364031112364096,0.9621029193932434,0.15942905559788276,0.8683244772724172,0.01839618933249244,0.034714054764064486,0.9436003323674949,0.30335347853669775,0.08779291588083155,0.5185806273919108,0.001911325457517351,0.004448980639055207,0.05336403336438971,0.9620705225432005,0.1594014343552716,0.8682895354573393,0.018396181802875326,0.03471218856871366,0.9436010228307093,0.30369529907122395,0.10670334952150586,0.5195492624869954,0.0019113227090660166,0.004447788060251573,0.0533640357207482,0.9619898513260003,0.15934514948100764,0.8682071210087264,0.01839617453129091,0.03471166289299896,0.9436012978042837,0.3038272228476661,0.25151091815232207,0.5201251134590983,0.0019113219453221638,0.004447296597098189,0.053364038025312754,0.961944386221732,0.1593219749906412,0.8681639745872776,0.01839618429495681,0.03470241047421364,0.943604051376946,0.3054702243329601,0.21253025287028257,0.5217932884645654,0.0019113126528093008,0.004442556248657535,0.05336403960441037,0.9617795851620404,0.15915724551993643,0.8679685194027602,0.0183961544156757
46.07035175879397,0.030763707167992854,0.9497855132060424,0.27344753983685477,0.10553397694597653,0.52421504530458,0.0016903348618715949,0.005122894940742794,0.04745028753005951,0.959328947592068,0.14227992364352748,0.8628976886288775,0.019641836773325868,0.03076278655841328,0.9497858167348567,0.27359759434369263,0.09287691781996515,0.5245903220950944,0.0016903333176829828,0.005122272819807474,0.04745028953699548,0.9592951461676378,0.14225513396465886,0.862861834864714,0.01964182944705852,0.030761125116354347,0.949786436980422,0.2739089718048664,0.11315076930915514,0.5255685883077466,0.0016903308520782535,0.005120980404203702,0.047450291622601753,0.9592109661867462,0.1422046258911979,0.8627772444588324,0.019641821804655943,0.030760657204151977,0.9497866840557243,0.2740291525126546,0.26038510380714885,0.5261506476797758,0.001690330167346603,0.005120448091659722,0.04745029367113878,0.9591635152952808,0.14218383911113236,0.8627329407962586,0.019641831009798643,0.0307524279604761,0.9497891565892291,0.27552599208957973,0.2214922936184473,0.5278405240930429,0.0016903217565497938,0.005115313656574939,0.04745029501575878,0.958991366147807,0.14203608658934788,0.8625321622839958,0.019641799076676243
46.311557788944725,0.02683607957584583,0.9559911573793417,0.24277538411077174,0.11079340745277531,0.5302348756508127,0.001471573542930836,0.0058407306850291165,0.04153266956674957,0.9564602536998077,0.12498727489519255,0.8573759457130216,0.020924171653138538,0.026835272866504736,0.9559914256383457,0.24290994586727424,0.09815730169927038,0.5306136154793962,0.0014715722233440047,0.005840060370730135,0.0415326713331699,0.9564250337599658,0.12496537627491468,0.8573391747571872,0.020924164705189815,0.02683381686706023,0.9559919740571815,0.24318910550699346,0.11985905421422809,0.5316015217553883,0.001471570052991444,0.005838667177814835,0.04153267315245172,0.9563373096959997,0.12492076543894333,0.8572523954586182,0.020924156818432838,0.026833406922958634,0.9559921925507414,0.24329686649883975,0.2695729404982154,0.5321898028702496,0.0014715694646973887,0.005838093814499529,0.04153267494995739,0.9562878521674565,0.12490241333646025,0.8572069264192816,0.02092416565369958,0.026826202687975007,0.9559943775641655,0.24463907081736552,0.2308081123981964,0.533901448188432,0.0014715621389526014,0.005832564665592511,0.04153267612594677,0.956108255921168,0.12477196974760892,0.8570007822217968,0.020924133967182207
46.55276381909548,0.022932114410567854,0.9622169979144135,0.21114934447126227,0.11623749630079787,0.5362681204873341,0.0012550100205266125,0.006602524446819723,0.035611166836881133,0.9534972016367991,0.10755205882852249,0.851760164051327,0.022242818868215983,0.0229314219163933,0.9622172301625118,0.21126752059908396,0.10363913105367224,0.5366503245571899,0.0012550089057067077,0.00660180508787514,0.03561116835899596,0.9534605497448493,0.10753311151015806,0.8517224717295955,0.02224281207752683,0.022930172050334825,0.9622177051528183,0.21151264218594068,0.12683513426051013,0.5376478797072451,0.0012550070414975092,0.006600310172234892,0.03561116991272159,0.9533692464483549,0.10749451773892517,0.8516334908233768,0.022242804073678096,0.022929820200592123,0.962217894431457,0.21160727111149902,0.279083041424328,0.5382423955615371,0.0012550065388526428,0.006599695105090519,0.035611171456073044,0.9533177618543087,0.1074786478183017,0.8515868491548204,0.022242812412439122,0.022923642136336794,0.9622197859043913,0.2127860008902244,0.240487839882622,0.5399758756835243,0.001255000272968361,0.006593766990285874,0.035611172455528584,0.953130622218789,0.10736584929256898,0.8513753035953994,0.022242780745453595
46.79396984924623,0.019051719203109285,0.9684631047941326,0.17854585846721804,0.12187105526003117,0.5423145997703565,0.0010406116890482986,0.007407743243675892,0.029685769029669597,0.950440159634135,0.08997522480681751,0.8460512602946479,0.023597405255403853,0.0190511412974283,0.9684633002670033,0.17864674464207092,0.10932759512335274,0.5427002694052002,0.0010406107766588232,0.007406974298688883,0.02968577030528751,0.9504020621767959,0.08995928814981848,0.8460126419911745,0.023597398620733293,0.019050098185824087,0.9684637002052879,0.17885595809932872,0.13408610507283872,0.5437074820473247,0.0010406092165526153,0.007405376504354674,0.029685771596771555,0.950307144953824,0.08992683116997129,0.8459214473811562,0.02359739047135479,0.019049804579475305,0.968463859620093,0.1789367292174587,0.28892421777100574,0.5443082454870619,0.0010406087966212904,0.007404719195450856,0.029685772884016814,0.9502536128875183,0.08991349045777992,0.8458736257485885,0.023597398268073454,0.019044653745356122,0.9684654514095966,0.17994293763243735,0.2505417712825103,0.5460636260356403,0.0010406035751683617,0.007398387971850965,0.02968577371299815,0.9500588340506746,0.08981867099288215,0.8456566436147811,0.023597366441087616
47.03517587939699,0.015194800554814687,0.9747295467034696,0.144940782347333,0.1276990184698802,0.5483741361900428,0.0008283465706622099,0.008255858724153044,0.0237564659543513,0.9472895007581126,0.07225772262883186,0.8402501522310998,0.02498755954259861,0.015194337492649342,0.9747297046977692,0.14502342484070077,0.11522802210896768,0.5487632725407878,0.0008283458246660704,0.008255039073483041,0.023756466971441948,0.9472499446519945,0.0722448567821231,0.8402106044550309,0.024987552652077697,0.015193501801137193,0.9747300279290394,0.1451948246252336,0.14161924195757358,0.549780151263125,0.0008283445825464709,0.00825333750321066,0.02375646800623262,0.9471513788099318,0.07221865524919502,0.8401171838144618,0.024987544512889252,0.015193266554934462,0.9747301568360526,0.14526098777289692,0.29910551246603906,0.5503871748977401,0.0008283442321131748,0.008252637265335157,0.023756469033981927,0.9470957791079051,0.07220789080317638,0.8400681752696083,0.024987551614554855,0.015189144144588489,0.9747314427993556,0.14608542190500676,0.26098046471597164,0.5521645214441989,0.0008283400756841048,0.008245899514546982,0.02375646968762418,0.946893264795075,0.07213138064319531,0.8398457205826605,0.02498751997287164
47.27638190954774,0.011361264082579568,0.9810163914656989,0.11030927674383767,0.133726465615939,0.5544465546682447,0.0006181832037402171,0.009146345783929975,0.017823247465411616,0.9440456031843285,0.0544005043040538,0.8343577608600878,0.026412911445237216,0.011360916420992389,0.981016511138208,0.11037276349414978,0.12134587525330194,0.5548391594106734,0.0006181826790688635,0.00914547582526913,0.01782324822992639,0.9440045741926626,0.054390766230853885,0.8343172775170155,0.026412904968121678,0.0113602887151606,0.9810167560705348,0.11050437100439384,0.1494420078463333,0.5558657125192747,0.0006181817361662194,0.009143669059033051,0.017823249001860032,0.943902325620718,0.05437093916037931,0.8342216196639818,0.026412896627212006,0.011360112083971046,0.9810168537365226,0.11055519165317931,0.30963618644245855,0.5564790090134668,0.0006181814862061787,0.009142925930527358,0.01782324977889336,0.94384463767965,0.05436279643214881,0.8341714160866371,0.026412903395641313,0.011357019200489189,0.9810178274840483,0.11118841058111811,0.2718147293303057,0.558278387010404,0.0006181784421703804,0.009135778644320745,0.01782325028844898,0.943634292052518,0.05430492330070638,0.8339434527990713,0.026412872534933993
47.517587939698494,0.007551015772856315,0.9873237051691747,0.07462613705825445,0.1399585543106568,0.5605316846525162,0.00041009105787114767,0.010078689615288345,0.01188610359334517,0.9407088447937602,0.03640451092172997,0.8283749976357384,0.027873096690897624,0.007550783703644516,0.9873237857138124,0.07466947988449416,0.12768672635373712,0.560927759000709,0.0004100907216650996,0.01007776826529043,0.011886104109694375,0.9406663301966062,0.036397960347940836,0.8283335754253502,0.027873090221742596,0.007550364629553596,0.9873239506857164,0.07475929087538725,0.15756199297706816,0.5619639948648314,0.0004100900884210653,0.010075855370272639,0.01188610462085537,0.9405603646426259,0.036384625291965234,0.828235668549145,0.027873081810818663,0.007550246702074726,0.9873240164666026,0.07479397609738526,0.32052568893582256,0.5625835764140673,0.0004100899189767108,0.010075068524657326,0.011886105142174088,0.9405005686415479,0.03637915108595267,0.8281842634679369,0.02787308799390809,0.0075481837538836005,0.9873246720967582,0.0752261133386739,0.283055693439466,0.5644050499012278,0.00041008782258185734,0.010067505115681335,0.011886105456088378,0.9402822987531543,0.03634024698416344,0.8279507624618189,0.02787305597124603
47.75879396984924,0.0037639595018139527,0.993651553628579,0.037865157815879916,0.14640065020398757,0.5666293557812293,0.00020403974321625207,0.01105237266449874,0.00594502432991585,0.937279613184333,0.018270696926092497,0.8223027875432871,0.0293677477644356,0.003763843387275127,0.9936515942291257,0.03788736732026909,0.13425635303815706,0.5670289012078819,0.0002040396033587612,0.011051399542499571,0.005945024600195309,0.9372355996373001,0.018267391805818392,0.8222604219750891,0.029367741409321347,0.0037636334990743875,0.9936516775891946,0.037933312507648614,0.16598707198755072,0.5680748279856971,0.00020403926891407958,0.011049379223218145,0.0059450248498994825,0.9371258834024732,0.01826066646494067,0.8221602551566262,0.02936773279740414,0.0037635744727573975,0.9936517107852575,0.03795107397538149,0.33178380035315885,0.5687007067788096,0.00020403919380788276,0.011048548365616542,0.005945025117372703,0.9370639592013406,0.018257906309794708,0.8221076412621277,0.029367738523130366,0.0037625427372946917,0.9936520415557537,0.03817231221918168,0.2947146678885034,0.5705443413966841,0.00020403820491277718,0.01104056768305121,0.0059450253089945925,0.9368376686872247,0.018238291375036766,0.821868564348711,0.029367707221451933
48.0,0.0,0.9999999999999845,0.0,0.15305814957395036,0.572739403308324,0.0,0.01206689121477786,0.0,0.9337582937321969,0.0,0.8161420393440264,0.03089650566703697,0.0,0.9999999999999845,0.0,0.1410605838947948,0.5731424209562371,0.0,0.012065864836541781,0.0,0.9337127687687563,0.0,0.8160987280091524,0.030896498748268386,0.0,0.9999999999999845,0.0,0.17472516863216192,0.5741980469798643,0.0,0.01206373658731211,0.0,0.9335992677371668,0.0,0.8159962891186959,0.030896490369681662,0.0,0.9999999999999845,0.0,0.34342038811265313,0.5748302348685148,0.0,0.012062860934262455,0.0,0.9335351956081196,0.0,0.8159424600783989,0.0308964954233768,0.0,0.9999999999999845,0.0,0.3068033010096314,0.576696094584645,0.0,0.012054457264927534,0.0,0.9333007912718868,0.0,0.8156977776885872,0.03089646351927141
