t_hours,pEGFR_vemtram_baseline_norm,pEGFR_vempi3ki_central_norm,pEGFR_vempi3ki_band_min_norm,pEGFR_vempi3ki_band_max_norm,pEGFR_vempi3ki_band_median_norm,panRAS_vemtram_baseline_norm,panRAS_vempi3ki_central_norm,panRAS_vempi3ki_band_min_norm,panRAS_vempi3ki_band_max_norm,panRAS_vempi3ki_band_median_norm,pCRAF_vemtram_baseline_norm,pCRAF_vempi3ki_central_norm,pCRAF_vempi3ki_band_min_norm,pCRAF_vempi3ki_band_max_norm,pCRAF_vempi3ki_band_median_norm,pMEK_vemtram_baseline_norm,pMEK_vempi3ki_central_norm,pMEK_vempi3ki_band_min_norm,pMEK_vempi3ki_band_max_norm,pMEK_vempi3ki_band_median_norm,pERK_vemtram_baseline_norm,pERK_vempi3ki_central_norm,pERK_vempi3ki_band_min_norm,pERK_vempi3ki_band_max_norm,pERK_vempi3ki_band_median_norm,DUSP_vemtram_baseline_norm,DUSP_vempi3ki_central_norm,DUSP_vempi3ki_band_min_norm,DUSP_vempi3ki_band_max_norm,DUSP_vempi3ki_band_median_norm,pAKT_vemtram_baseline_norm,pAKT_vempi3ki_central_norm,pAKT_vempi3ki_band_min_norm,pAKT_vempi3ki_band_max_norm,pAKT_vempi3ki_band_median_norm,p4EBP1_vemtram_baseline_norm,p4EBP1_vempi3ki_central_norm,p4EBP1_vempi3ki_band_min_norm,p4EBP1_vempi3ki_band_max_norm,p4EBP1_vempi3ki_band_median_norm,pHer2_vemtram_baseline_norm,pHer2_vempi3ki_central_norm,pHer2_vempi3ki_band_min_norm,pHer2_vempi3ki_band_max_norm,pHer2_vempi3ki_band_median_norm,pHer3_vemtram_baseline_norm,pHer3_vempi3ki_central_norm,pHer3_vempi3ki_band_min_norm,pHer3_vempi3ki_band_max_norm,pHer3_vempi3ki_band_median_norm,pDGFR_vemtram_baseline_norm,pDGFR_vempi3ki_central_norm,pDGFR_vempi3ki_band_min_norm,pDGFR_vempi3ki_band_max_norm,pDGFR_vempi3ki_band_median_norm,pS6K_vemtram_baseline_norm,pS6K_vempi3ki_central_norm,pS6K_vempi3ki_band_min_norm,pS6K_vempi3ki_band_max_norm,pS6K_vempi3ki_band_median_norm
0.0,0.9993417547329481,0.9993554688056648,0.9993554688570024,0.9993554687252367,0.999355468801258,0.0,0.0,0.0,0.0,0.0,0.29059847070996103,0.2924880570464278,0.2924956888613284,0.2924731461056909,0.29248476431488396,0.9999999999999158,0.9999999999999157,0.9999999999999157,0.9999999999999157,0.9999999999999157,0.9999999999999964,0.9999999999999963,0.9999999999999963,0.9999999999999963,0.9999999999999963,0.9999999999999998,0.9999999999999998,1.0,0.9999999999999998,1.0,0.30923149240526615,0.0,0.0,0.0,0.0,0.5632703373969741,0.5667642194675809,0.5678970429611471,0.5655222103117482,0.5668924322543459,0.0,0.0,0.0,0.0,0.0,0.10578799120335257,0.13589396943601512,0.135895173324172,0.13589392730827182,0.13589463019768908,0.0,0.0,0.0,0.0,0.0,0.9999999999999983,0.9999999999999983,0.9999999999999983,0.9999999999999983,0.9999999999999983
0.2412060301507538,0.9998064157580817,0.99981627093255,0.9998162709471844,0.9998162709096237,0.9998162709312939,0.00448709482488621,0.0044877789214026265,0.00448777927429335,0.004487778503335261,0.004487778971054141,0.29831689862336996,0.30019033812034907,0.30019790487891773,0.3001755694612148,0.3001870753299706,0.26305826254831616,0.2623540019326026,0.2623548830439592,0.26235332466339806,0.26235423158777466,0.9129384094173764,0.920555283303483,0.9205553624841617,0.9205552728835508,0.9205552865686125,0.890530298672696,0.8905298952699678,0.8905299055057088,0.8905298866024041,0.8905298947842213,0.3961997584526457,0.013566826258726966,0.02678643006164354,0.008084297152693475,0.012734842199524959,0.6448561152375902,0.647697518474332,0.6486187490411474,0.6466874890262226,0.6478017861338812,0.0033569158196937302,0.0033727935905878926,0.0033727947117714106,0.003372793487106271,0.0033727942962352452,0.1160170004311843,0.14597588487418423,0.1459770773014199,0.14597584202473018,0.14597653909418623,0.001675889033422389,0.0016757770386726639,0.0016757777099767263,0.0016757768448538645,0.0016757772950122033,0.9851855156007515,0.984772981977662,0.9849099035951074,0.9846607337093032,0.9847597137443074
0.4824120603015076,0.999999999999999,0.999999999999999,0.999999999999999,0.999999999999999,0.999999999999999,0.008974477066789853,0.008975845303750818,0.008975846009663791,0.008975844467527068,0.008975845403072589,0.3059741624426822,0.3078315726159908,0.3078390748338498,0.3078169451107664,0.3078283395294704,0.1895628164452279,0.18879097860598665,0.1887919475906214,0.1887902337668293,0.1887912311630502,0.836069485464426,0.8504405581280866,0.8504407071904737,0.8504405385118683,0.8504405642748956,0.8018330251339351,0.8018323038649514,0.8018323223941828,0.8018322881743065,0.8018323029856421,0.474948418911597,0.026960476119681876,0.05285373143936742,0.016124155878378992,0.0253199933183655,0.712962453309333,0.7152591789232887,0.7160037755217545,0.7144428019648039,0.7153434576213585,0.007157800457180684,0.007160902747334498,0.007160905127770836,0.007160902527629306,0.00716090424552242,0.12698705662540744,0.15669004201961662,0.15669122226724405,0.1566899984031823,0.15669068928773,0.0038974124895081214,0.003884996833319191,0.003884998389624737,0.0038849963839839704,0.0038849974275992198,0.9705086439491453,0.969687414819923,0.9699599850775046,0.9694639615589724,0.9696610016839379
0.7236180904522613,0.999927904734421,0.99991346049982,0.9999134605067053,0.9999134604890197,0.9999134604992262,0.013462146943163045,0.013464199364389811,0.013464200423394343,0.013464198109982875,0.013464199513369463,0.31358245139896007,0.3154239169043154,0.31543135499439373,0.3154094296498689,0.31542071333160165,0.18193195917634425,0.18115698731433066,0.1811579654175615,0.18115623547358312,0.18115724224794458,0.7694402077128843,0.7879304641459866,0.78793067551072,0.7879304363319293,0.7879304728619289,0.7285090452304014,0.7285080747267219,0.7285081001119745,0.7285080532331408,0.7285080735220664,0.5460444185725701,0.04018332928549043,0.07822172330098473,0.02411988676121985,0.03775735720852289,0.7696751993296302,0.7715183668531234,0.7721158787725497,0.7708632460670545,0.7715860005636206,0.011360272247209873,0.011328903000429004,0.011328906766405173,0.011328902652859843,0.0113289053706402,0.13857930339878163,0.1679414532099211,0.1679426206672195,0.16794140878811864,0.16794209317756884,0.006633103148311498,0.006599318035289018,0.006599320678936708,0.006599317272036171,0.006599319044777242,0.9559689752424548,0.9547428923311814,0.9551498392667347,0.9544092757527388,0.9547034574614142
0.9648241206030151,0.9995953750048514,0.9995639614143597,0.9995639614478681,0.9995639613599515,0.9995639614113767,0.017950104985081792,0.017952841634507697,0.017952843046548664,0.017952839961859608,0.017952841833148422,0.3211584979888343,0.3229840660019719,0.322991440233669,0.3229697184035824,0.3229808918179132,0.18080696580052666,0.1800359210936148,0.1800369005357008,0.18003516836933042,0.18003617637566444,0.7117572772563755,0.7317336822858923,0.7317339496601319,0.7317336472374556,0.7317336933114266,0.6668807788257407,0.6668796134155133,0.6668796445618592,0.6668795873906577,0.6668796119372361,0.6100241931761599,0.05323772705201675,0.10290965299793757,0.03207179638374987,0.05004880642362667,0.8167576239093759,0.8182242506264925,0.8186996538813679,0.8177030034364302,0.8182780657874477,0.015923920476436877,0.01584679901614746,0.015846804283966547,0.015846798533744866,0.015846802331578095,0.15068083021667547,0.17965163813476923,0.1796527922801743,0.17965159288420568,0.17965227050425533,0.009852678014796792,0.009793114699765623,0.009793118622819993,0.00979311357067418,0.00979311619780222,0.9415660848404224,0.9399390020361778,0.9404790531074846,0.9394962630642562,0.9398866685566262
1.2060301507537687,0.9990085041181253,0.9989590990127942,0.9989590990744531,0.9989590988829408,0.9989590990057041,0.022438352187570763,0.022441773109187494,0.022441774874365442,0.02244177101831798,0.022441773357523613,0.3287194252037236,0.3305291072741169,0.3305364177441613,0.330514899052749,0.33052596242003257,0.18030061688776225,0.17953450272259303,0.1795354827632836,0.17953374967445296,0.17953475816058254,0.660843219438449,0.6808603897215965,0.6808607077971167,0.6808603497578983,0.6808604028354126,0.6143570423598413,0.614355723825484,0.6143557598751855,0.6143556982612799,0.6143557221073587,0.6673944174290497,0.0661259728648013,0.12693621160348675,0.03998018738520592,0.06219618328484626,0.8557000810926186,0.8568552646920621,0.8572296674856933,0.8564447463261224,0.8568976503197215,0.020815337815075774,0.020688739460272516,0.020688746337561664,0.02068873888355512,0.020688743788644298,0.16320051939885596,0.19175466743690556,0.19175580782364318,0.19175462145260094,0.19175529195314184,0.013529272954209344,0.01344289644562131,0.013442901830665805,0.013442894948268504,0.013442898501879677,0.9272995342328845,0.9252753253314538,0.9259472059086509,0.9247245049610362,0.9252102164339969
1.4472361809045227,0.9981742647170769,0.9981066079940663,0.9981066079856488,0.9981066077581061,0.9981066079813582,0.026926890154000974,0.02693099539199798,0.026930997510289108,0.02693099288286439,0.02693099569001715,0.3362792479562943,0.3380730267686041,0.3380802733699008,0.3380589579037733,0.33806991124031394,0.1798299914979057,0.1790690376235632,0.1790700182203338,0.17906828405423128,0.1790692932063834,0.6151029299747063,0.6345356636916055,0.6345360279192904,0.6345356270860502,0.6345356786948342,0.5690598402396094,0.5690584013238181,0.5690584415624095,0.5690583959108552,0.5690583993684021,0.718632780378515,0.07885033248909562,0.15031954616250207,0.04784535846922504,0.07420130050551939,0.8877619677682382,0.8886607323556308,0.8889519654939229,0.8883413792410984,0.8886937078161969,0.026008161193357443,0.025832113836825692,0.025832122423242787,0.02583211343145635,0.02583211924077471,0.17606918032555818,0.2041943808124819,0.20419550705651832,0.20419433471811,0.2041949972560253,0.017639455104726167,0.017526901433962197,0.017526908454359523,0.017526899810403184,0.017526904114416066,0.9131688720482247,0.9107514377146433,0.9115538696595321,0.9100935778056889,0.9106736767687242
1.6884422110552764,0.9971000806990334,0.9970142649335393,0.9970142622198975,0.9970142645644788,0.9970142649158562,0.03141572123676936,0.0314205108354458,0.03142051330558176,0.03142050790802082,0.031420511183135706,0.343846889783361,0.3456247295306971,0.34563191163376633,0.3456108001666941,0.3456216433588556,0.1793381135190027,0.1785823940954754,0.1785833752736236,0.17858164007804972,0.17858264983005703,0.5735393386572185,0.5921412911071149,0.5921416974042509,0.5921414107325981,0.5921413077094956,0.5295941020919702,0.5295925674747072,0.5295926110101059,0.5295929019795618,0.5295925650379554,0.7641892180550752,0.09141303605989308,0.17307728649318715,0.05566760466101955,0.08606594298618939,0.9140081047418888,0.9146969574589229,0.9149198267725082,0.9144522342209508,0.9147222290771266,0.03148069359874799,0.03125688328882477,0.03125689367153633,0.031256888850395244,0.031256889822271566,0.18923208221073054,0.21692233706737454,0.2169234488263423,0.21692230425756173,0.21692294523975186,0.022162147276292666,0.02202478445128269,0.02202479326581396,0.02202478902501939,0.022024787813779832,0.8991736346284182,0.8963669086518463,0.8972986089777472,0.895603052696427,0.8962766193744417
1.9296482412060303,0.9957935239897735,0.9956898081937534,0.9956898063202685,0.9956898076632456,0.9956898081699764,0.03590484866707314,0.03591032267086292,0.03591032549428292,0.03591031932511895,0.035910323068226856,0.3514258810652513,0.35318773851788926,0.35319485689069463,0.3531739488627889,0.35318468174583845,0.17881991317289805,0.17806944882812045,0.17807043053208266,0.17806869414324944,0.1780697047224835,0.5354883973906874,0.553176807228723,0.5531772522064622,0.5531768561978722,0.5531768253130143,0.4949028626203351,0.49490125208684455,0.4949012985078897,0.4949014702161844,0.4949012492188436,0.8044864080052954,0.1038162760877531,0.19522653985295024,0.06344721702901773,0.09779186762170265,0.9353377924791307,0.9358560455448489,0.936023706837736,0.9356719740807264,0.9358750561188038,0.03721428898632755,0.036945116402493886,0.036945128668932826,0.036945119772070864,0.03694512412046547,0.20264386266380083,0.22989637154672543,0.22989746854144769,0.22989633283573654,0.22989697128876313,0.02707791383451929,0.026917417351192643,0.026917428117137304,0.02691741937823623,0.026917421455489296,0.8853133474173203,0.8821213022395942,0.8831809818594804,0.8812524960992203,0.8820186085542148
2.1708542713567835,0.9942621745609276,0.9941408994996492,0.9941408962742211,0.9941408987772716,0.9941408994663757,0.04039427668647315,0.040400435139927846,0.04040043831499069,0.04040043137589909,0.0404004355870158,0.35901536981098736,0.3607612033835215,0.36076825845993743,0.36074755363325,0.3607581760513824,0.178275326998283,0.1775301133859989,0.17753109565715924,0.177529358205833,0.17753036944785383,0.5004668961335249,0.5172308652213583,0.5172313460310581,0.5172309526576582,0.5172308847872608,0.46416961498333154,0.4641679452644335,0.4641679945226071,0.4641682623262795,0.46416794223168495,0.8399214500899824,0.11606221132016434,0.21678393113869865,0.07118448318438861,0.10938080455713353,0.9525117018317409,0.9528925802468594,0.9530156084860786,0.9527573457175732,0.952906549538784,0.04319243504585955,0.042880593982167266,0.042880608220083175,0.042880599700341755,0.04288060294069679,0.2162656668400824,0.2430794009623181,0.24308048296833182,0.2430793666475006,0.24307999214856754,0.032368528568867634,0.0321866906337659,0.03218670350792288,0.03218669524633696,0.03218669554204958,0.8715875250392155,0.868014176699105,0.8692005392438307,0.8670414693175882,0.8678992031500115
2.4120603015075375,0.9925135411380489,0.9923750884777265,0.9923750862761186,0.9923750875364404,0.9923750884334879,0.044884010671876674,0.04489085361962078,0.044890857148186525,0.04489084943718538,0.04489085411638947,0.3666117622864625,0.36834153772061223,0.3683485283728379,0.3683280280011395,0.36833853985477266,0.17770473090566022,0.17696475060634653,0.17696573361494705,0.17696399490732498,0.17696500684430228,0.468100643977317,0.48396139643119074,0.4839619104144296,0.48396141989395397,0.4839614173760216,0.43675374316230037,0.43675202705692234,0.436752078867098,0.4367522497294698,0.4367520238939809,0.8708668658326904,0.1281529672919677,0.23776561602464752,0.07887968734931329,0.12083446002094742,0.9661730492119793,0.9664446311755553,0.9665323257395093,0.966348248475726,0.966454591080687,0.04940025007027446,0.0490485298807266,0.04904854616743591,0.04904853344227869,0.0490485401284915,0.23006356862510668,0.2564385658108593,0.2564396326282788,0.25643852591377375,0.25643914832732134,0.03801674498517346,0.037815384260968685,0.03781539938728007,0.037815386102000685,0.03781539002820521,0.857995671987909,0.8540450844784035,0.8553568251876085,0.8529695285691908,0.8539179560647965
2.6532663316582914,0.9905550161737509,0.9903997875370669,0.9903997855721812,0.9903997863488639,0.9903997874789865,0.04937405725509106,0.04938158474145316,0.049381588623032956,0.049381580140597556,0.049381585287890495,0.37421036301625277,0.3759240556405528,0.375930982328335,0.3759106859998299,0.37592108725052636,0.1771085193328617,0.1763737477623932,0.1763747314913562,0.17637299152063646,0.17637400418426377,0.43808811145559695,0.45308096677216925,0.45308151160977567,0.4530809624486525,0.4530809890455641,0.4121456918416126,0.4121439397137603,0.4121439939232634,0.41214413217420803,0.412143936517947,0.8976716335148679,0.1400906368695222,0.25818729391634054,0.08653311042073288,0.13215451506739195,0.9768656171392215,0.9770516280008701,0.977111619580445,0.9769856589154281,0.9770584480124201,0.055824161883580706,0.05543535094491342,0.055435369356216985,0.05543535394556846,0.05543536253005773,0.2440075643748105,0.26994455492119696,0.26994560638928417,0.26994451295994515,0.26994512867736137,0.04400614789673598,0.043787064851204545,0.04378708237095591,0.0437870657318594,0.04378707153286473,0.8445372832858098,0.8402135723675167,0.841649377051981,0.83903622507671,0.840074414828274
2.8944723618090453,0.9883938452018335,0.9882222508467727,0.9882222491650247,0.9882222493855842,0.9882222507728187,0.05386442443203196,0.05387263650091045,0.05387264073528056,0.053872631481589196,0.05387263709705108,0.3818065993440368,0.3835041937695914,0.3835110565370049,0.38349096413913425,0.3835012548463756,0.17648707711037917,0.17575748570468677,0.17575847018763988,0.17575672889683358,0.17575774231825192,0.4101800344477304,0.4243458795922972,0.424346453157667,0.4243458515941178,0.4243459031151635,0.38993529223150997,0.38993351278269317,0.3899335691828291,0.38993368147589985,0.3899335095767786,0.9206620954414337,0.15187727976841464,0.2780642134454792,0.09414502988816408,0.1433426264805639,0.9850488773535864,0.9851693631357743,0.9852081496279057,0.985126676847551,0.9851737789874768,0.06245168965012089,0.06202852692573183,0.06202854753119494,0.06202852947132319,0.06202853989218556,0.2580708839371415,0.28357107790363556,0.2835721138869048,0.2835710343345917,0.2835716428224941,0.05032105591869287,0.050086010044677776,0.05008603009048472,0.05008600997414847,0.050086017692010404,0.8312118454056364,0.826519181889281,0.8280777259669995,0.8252411054304422,0.8263681216230285
3.1356783919597992,0.9860371127097591,0.9858495651948531,0.985849563570055,0.9858495634363411,0.9858495651037008,0.05835512167232062,0.058364018366910436,0.058364022953630065,0.05836401292917059,0.05836401901280471,0.3893966867427651,0.39107817516513166,0.391084974090253,0.39106508544654467,0.39107526568457496,0.1758407802515275,0.1751163382787761,0.17511732352740805,0.1751155808823985,0.1751165950917835,0.38416653650824556,0.39754767688935044,0.3975482772394929,0.39754763365625584,0.3975477015723474,0.36978853329967665,0.36978673333042905,0.3697867917058373,0.3697868914556237,0.3697867301060839,0.940143165363247,0.16351492376625623,0.29741119083382106,0.10171571996236321,0.15440042717794641,0.9911112110486933,0.9911831071360266,0.9912061720498334,0.9911576781774654,0.9911857405242525,0.06927127250507543,0.0688164230945486,0.06881644595852261,0.06881642563899099,0.06881643748275323,0.27222945918920743,0.2972944179557591,0.2972954383430053,0.29729437376804957,0.297294973973585,0.05694643629332094,0.05669713427445655,0.05669715697115807,0.05669713377862096,0.05669714293503976,0.8180188368573815,0.8129614494020457,0.8146413969972569,0.811583711668787,0.8127986136410402
3.3768844221105527,0.9834917311694853,0.9832886416219969,0.98328864008217,0.983288639543258,0.9832886415128144,0.06284616001814694,0.062855741380557,0.06285574631949739,0.06285573552432008,0.06285574207614644,0.3969778235851044,0.3986432036908284,0.39864993876945887,0.39863025371841726,0.39864032361788754,0.17516999483414109,0.17445067046110532,0.17445165650032285,0.174449912454869,0.17445092748161045,0.3598685832581844,0.3725067038829386,0.37250732924421226,0.37250664577581655,0.3725067296365705,0.35143071952386956,0.3514289046325222,0.3514289647814166,0.3514290521117602,0.3514289013709768,0.9563993569745448,0.17500556525734295,0.3162426211677047,0.10924545168521581,0.16532952689867997,0.9953808483554389,0.9954184596433545,0.9954304499979447,0.9954051969616825,0.995419835761532,0.07627214247578407,0.07578818577031429,0.07578821095275816,0.07578818833070779,0.0757882016178401,0.2864615267109416,0.31109308084981013,0.311094085552912,0.31109303610548544,0.31109362791581036,0.06386784439314662,0.0636059342053622,0.06360595967084684,0.06360593325652132,0.06360594392367586,0.8049577285299708,0.7995399060046132,0.8013399091171202,0.7980635811549311,0.7993654228608263
3.6180904522613067,0.9807644360193589,0.9805462119157989,0.980546210656776,0.980546209494688,0.980546211787736,0.06733755218117243,0.0673478182519177,0.0673478235432934,0.06734781197716633,0.06734781899723738,0.4045480903040354,0.4061973633950789,0.4062040346562691,0.40618455296799794,0.40619451268744955,0.1744750745334182,0.1737608354751577,0.1737618223428467,0.17376007683636696,0.1737610927104317,0.33713184166762994,0.34906702735130535,0.3490676759404174,0.3490669525167904,0.3490670540977131,0.3346338311493814,0.3346320060287961,0.3346320677853032,0.3346321386234901,0.3346320027215258,0.9696958858425367,0.18635117004418733,0.334572492678831,0.11673449301291564,0.17613151278206224,0.9981352259875831,0.9981506325499475,0.998155480434083,0.9981452351776021,0.9981511949488914,0.08344422050184522,0.08293364508176283,0.082933672639534,0.08293364743920323,0.082933662424262,0.300747305389554,0.3249474995143155,0.3249484884681863,0.3249474538575362,0.32494803759098306,0.0710713711596721,0.07079843936203527,0.07079846770885542,0.07079843759409385,0.07079845018062625,0.7920279842347506,0.786254077671725,0.7881727754066384,0.7846802466891322,0.7860680761908869
3.8592964824120606,0.977861783430133,0.9776288272610448,0.9776288261514671,0.9776288244762071,0.9776288271132756,0.07182931263495278,0.07184026345241389,0.07184026909704738,0.07184025675911372,0.07184026424748341,0.41210622687258275,0.41373939646472846,0.4137460039834916,0.41372672535914684,0.41373657507541034,0.17375635854142663,0.17304717246193435,0.17304816015554092,0.17304641316812064,0.17304742991939573,0.31582213185454105,0.327092433487651,0.3270930998296933,0.32709234525878084,0.3270924611670641,0.31920699929642904,0.3192051678770662,0.31920523111378074,0.3192052863732591,0.31920516453067704,0.9802797328801623,0.1975536741504471,0.3524144004001242,0.12418310891715222,0.18680794985585666,0.9996088651419391,0.9996122650203486,0.9996132882302652,0.9996111001570418,0.9996123881738309,0.09077803221131316,0.09024323445558877,0.09024326444292922,0.09024323673686224,0.09024325332715218,0.3150687359674852,0.33883979001863435,0.3388407631810474,0.33883974333486805,0.33884031908203716,0.07854359972201609,0.07826117055599223,0.07826120189185781,0.07826116813547292,0.0782611825157751,0.7792290611328743,0.7731034853049964,0.7751395031610455,0.7714332365359429,0.7729060956528063
4.100502512562814,0.9747901490451578,0.9745428576660841,0.9745428568144157,0.9745428544976331,0.9745428574983426,0.07632145770253788,0.07633309330187384,0.07633309929959313,0.07633308619005129,0.07633309414669746,0.41965140431155956,0.4212684752289981,0.4212750191331769,0.4212559432054353,0.42126568310749446,0.17301417050951046,0.17231000529804202,0.17231099385626147,0.17230924532694986,0.1723102629850084,0.2958219624940433,0.30646324862187946,0.3064639224491171,0.3064631577742472,0.30646327716055116,0.3049892406432327,0.30498740485644893,0.30498746942211175,0.3049875103117553,0.30498740144677977,0.9883806474424965,0.20861498418599284,0.3697815572534501,0.13159156138749872,0.19736038160504746,0.9999999999999998,0.9999999999999998,0.9999999999999998,0.9999999999999998,0.9999999999999998,0.09826463960274483,0.09770792423652382,0.0977079567030027,0.09770792640495936,0.09770794466806274,0.32940926815104676,0.35275354911808215,0.35275450646012474,0.352753501547064,0.3527540691508225,0.08627157064639482,0.08598110596195989,0.08598114038719844,0.0859811027467411,0.08598111910018981,0.7665604105252036,0.7600876450655024,0.7622395942799731,0.758322074737629,0.759878998355457
4.341708542713567,0.9715557287716997,0.971294492590016,0.9712944918825699,0.971294489022521,0.9712944924048703,0.08081400563217092,0.08082632604555041,0.08082633239511133,0.08082631851507459,0.0808263269401015,0.4271830448556675,0.4287840226630623,0.4287905031026263,0.4287716294718459,0.4287812597566384,0.17224881876603987,0.17154964264837042,0.17155063210329238,0.17154888197743776,0.17154990057248473,0.27702782022274436,0.2870737827076741,0.28707446669552006,0.2870736899110399,0.2870738119920796,0.29184384290222054,0.2918420056254948,0.29184207133923296,0.2918421033608793,0.2918420020958866,0.9942121128244722,0.2195369781018946,0.3866868051753982,0.1389601095898641,0.20779033023839305,0.9994761717996171,0.9994800307495745,0.9994813685696856,0.9994786059498542,0.9994801742892601,0.10589558382360148,0.10531916605404909,0.10531920104208131,0.10531916838592832,0.10531918807142353,0.3437536848268121,0.3666736853735875,0.36667462687809443,0.3666736376533679,0.3666741963639374,0.09424275194189392,0.09394565248547676,0.09394569008847103,0.0939456488064951,0.09394566683225503,0.7540214775504464,0.7472060681240269,0.7494725450774173,0.7453462808332848,0.7469862965943171
4.582914572864322,0.9681645384833637,0.9678897412826927,0.9678897407200616,0.967889737295112,0.9678897410777664,0.08530697666903607,0.08531998192447936,0.08531998862547953,0.0853199739753575,0.0853199828688248,0.434700701735179,0.4362855924606695,0.4362920095554724,0.4362733378436548,0.43628285871515693,0.1714605970382858,0.17076637869177605,0.17076736906704756,0.17076561730199807,0.17076663685983115,0.2593480219954887,0.26883025595607885,0.2688309496169927,0.26883016039745244,0.2688302859714013,0.2796539792063874,0.2796521433622664,0.2796522101798488,0.2796522344487069,0.2796521397534615,0.9979722511910515,0.23032150503354018,0.4031426225575968,0.14628900978359388,0.2180992965817252,0.998178955607648,0.9981927919620678,0.9981974670231385,0.9981877568309947,0.998193303769187,0.11366283878025152,0.1130688466948669,0.11306888425292724,0.11306884924266616,0.11306887032909081,0.3580879543774859,0.38058627622286584,0.38058720190408174,0.38058622849395096,0.3805867781803073,0.1024450165792834,0.10214262303244567,0.10214266390973552,0.10214261892215042,0.10214263862621575,0.7416117023616722,0.7344582611907244,0.7368378468679982,0.7325053703692409,0.7342274983139988
4.824120603015075,0.9646224199761098,0.9643344393433844,0.9643344372789289,0.9643344349564048,0.9643344391474178,0.08980039313396003,0.08981408325504857,0.08981409030136164,0.08981407488739478,0.08981408424927112,0.4422039881599743,0.4437727981602498,0.44377915210487284,0.443760681889327,0.4437700935183471,0.17064978596833127,0.16996049463844445,0.16996148586045032,0.16995973251115876,0.16996075305992694,0.24270091579705233,0.25164903010948314,0.2516497524613204,0.25164894266247856,0.2516490604094464,0.26831917005814193,0.2683173327034401,0.26831740001559484,0.2683174400377042,0.26831732861948887,0.9998448453257143,0.240970387371842,0.4191611435784857,0.15357851567658118,0.22828876152813193,0.9962280454358864,0.9962570181558665,0.996266694749023,0.996246529684881,0.9962580880376801,0.12155876531532622,0.12094924198735736,0.12094928211034635,0.12094924682295283,0.1209492672291411,0.3723990960396061,0.3944784361180682,0.3944793459303676,0.3944783913719225,0.39447892900383097,0.1108666130129051,0.1105602063422441,0.11056025050540448,0.11056020502737991,0.1105602231588094,0.7293305198848422,0.7218437258531956,0.7243349853479413,0.7197988542074618,0.7216021065055799
5.065326633165829,0.9609350362781947,0.9606342423222464,0.9606342406451388,0.9606342374740816,0.9606342421010647,0.09429427945720129,0.0943086544583582,0.09430866185584023,0.09430864567198867,0.09430865550233858,0.4496925400723057,0.45124527601373177,0.45125156685354867,0.45123329775199994,0.4512426004195585,0.16981665412578412,0.16913225958267405,0.16913325178405708,0.169131496694914,0.16913251826209832,0.2270135449471055,0.23545531030790556,0.23545603690265932,0.23545521232370406,0.23545534132555887,0.2577526234220151,0.25775079230902065,0.2577508606366534,0.2577508898097356,0.25775078820363195,0.9999999999999742,0.25148541756934456,0.43475414739917967,0.16082887780186206,0.2383601842576677,0.9937245185283632,0.9937729575746044,0.9937890903451273,0.9937554612318553,0.9937747552380444,0.12957608532735715,0.12895299327618487,0.12895303605900474,0.1289529980759985,0.12895302019228672,0.38667508548175716,0.40833822712352397,0.40833912118087384,0.40833818194145227,0.40833871101733776,0.11949616043591679,0.11918696581606039,0.11918701343316336,0.11918696362821268,0.11918698395145604,0.7171773614489853,0.7093619604436691,0.7119634425463058,0.7072262403927053,0.7091096204677972
5.306532663316583,0.957107885754402,0.9567946431689115,0.9567946404873989,0.9567946379586241,0.9567946430095635,0.09878866227225724,0.09880372216630263,0.09880372990550164,0.09880371296187127,0.09880372326055979,0.4571659973503393,0.45870266607475124,0.45870889396927345,0.45869082567272823,0.458700019463699,0.16896146005256912,0.1682819327269582,0.16828292588791946,0.16828116906349647,0.16828219167550068,0.21222033457559644,0.22018179170612226,0.2201825385980083,0.2201816983959228,0.2201818222901801,0.24787885168859472,0.24787701824773592,0.24787708613406792,0.24787712510421855,0.24787701307134802,0.9985952907682617,0.26186836390614504,0.4499330987587414,0.16804034453690903,0.24831500538433116,0.9907538823932545,0.99082544310575,0.9908492093480084,0.9907996308409607,0.9908280982951764,0.13770783782223525,0.13707305924265417,0.13707310457728597,0.13707306587805929,0.13707308774655041,0.40090474026277556,0.42215454041588385,0.422155418545645,0.42215449793991033,0.4221550151781045,0.12832261035302928,0.12801179457899398,0.1280118454934418,0.12801179445532543,0.12801181388522634,0.7051516532342087,0.697012457729051,0.699722694503872,0.6947870317754273,0.6967495343837126
5.547738693467337,0.9531463027052399,0.9528209674380411,0.9528209650004323,0.9528209616696891,0.9528209672039467,0.10328357046841487,0.10329931524746089,0.10329932333429953,0.10329930562390738,0.1032993163912538,0.46462399561637957,0.4661446043593596,0.4661507694004604,0.46613290147993375,0.4661419866804735,0.16808445334704525,0.1674097641804063,0.16741075837431874,0.16740899971360254,0.1674100233981243,0.19826215669129485,0.2057677846164528,0.20576853623834207,0.20576768479169807,0.20576781647332684,0.23863192681356254,0.238630107858802,0.23863017738731532,0.2386302083155487,0.23863010323513728,0.9957764722307321,0.27212096765537275,0.4647091379301061,0.17521316152254568,0.2581546457565583,0.9873884229623086,0.9874861464283305,0.9875185559344556,0.9874509154230366,0.9874897819531788,0.14594735613899976,0.14530269995474285,0.1453027481035522,0.1453027068632447,0.14530273024038437,0.4150776440400659,0.43591703214934163,0.4359178947573229,0.43591698990521505,0.435917498075711,0.13733523665919398,0.13702391649749066,0.13702397114676193,0.1370239159229804,0.13702393727758605,0.693252817494081,0.6847947066003605,0.6876122130746581,0.6824807277507,0.6845213386450749
5.788944723618091,0.9490554570214869,0.9487183810201206,0.9487183795237225,0.9487183749422022,0.9487183809087326,0.10777903521016556,0.10779546487154239,0.10779547330867838,0.1077954548305264,0.10779546606623085,0.47206616311854827,0.4735707191742078,0.47357682147686175,0.47355915351609396,0.47356813035188416,0.1671858757042526,0.1665159963688122,0.16651699167010778,0.16651523109156116,0.1665162558724601,0.18508555187419604,0.19215834096369683,0.19215909087382363,0.19215824655450323,0.1921583718020955,0.22995405850736664,0.22995224194186553,0.22995231035783947,0.22995233043982113,0.22995223584531535,0.991678129017014,0.2822449449951389,0.4790930996708449,0.18234757202623683,0.26788050750743747,0.9836891993643445,0.9838156598819494,0.9838575670273219,0.9837700862097658,0.9838203741417376,0.15428825004053623,0.1536354487878157,0.15363549945978772,0.15363545522582048,0.153635480632686,0.4291840841623364,0.4496160466783977,0.44961689337613453,0.449616003905637,0.4496165034635096,0.14652363030161178,0.14621286459317018,0.14621292251564896,0.14621286228360253,0.14621288647471897,0.681480273044933,0.6727081915117443,0.6756314653229716,0.6703068235685828,0.6724245189721269
6.030150753768845,0.9448403659775033,0.9444918923334805,0.9444918912371426,0.9444918856207986,0.9444918921096717,0.11227509003532145,0.11229220454431725,0.11229221333360187,0.11229219408338771,0.11229220578805628,0.4794921186348664,0.48098062980575695,0.48098666952375124,0.48096920100156165,0.480978069797318,0.1662659623032457,0.16560086502144977,0.16560186136411498,0.16560009890225172,0.16560112480840752,0.17264195562158943,0.1793035735588712,0.1793043252005745,0.17930347194818974,0.1793036060427719,0.221794304684726,0.22179250405085255,0.22179257443042857,0.22179258469796811,0.22179249883948252,0.9864246073197543,0.29224198686871217,0.49309551601918317,0.18944381684363282,0.2774939734593233,0.9797078623800957,0.9798651845481692,0.9799173033753713,0.9798084897928048,0.9798710565016048,0.16272437549605412,0.16206509421286852,0.16206514783240453,0.1620651006720023,0.16206512793315067,0.44321497405468546,0.4632425588692577,0.46324339033967016,0.46324251548141426,0.46324300701049553,0.155877670589049,0.15556847202126178,0.15556853392686992,0.1555684687581074,0.15556849551514274,0.6698334350140034,0.6607523927331032,0.663779913936836,0.6582648107145811,0.6604585574502108
6.2713567839195985,0.9405058890269979,0.9401463572058426,0.9401463561700418,0.940146350114943,0.9401463570745058,0.11677177082671773,0.11678957016096847,0.11678957929496701,0.11678955928241648,0.11678957145555428,0.4869014716416772,0.4883739456698079,0.4883799229397566,0.4883626535297493,0.4883714143926375,0.16532494237706516,0.1646646000597616,0.16466559749499982,0.16466383309033739,0.16466486014529005,0.1608871990735447,0.1671580456773138,0.16715880306816597,0.1671579522826116,0.16715807760624915,0.2141076682075002,0.21410587112643123,0.21410594096854083,0.21410594820747433,0.21410586494308792,0.9801304712359475,0.30211375910772953,0.5067266284137255,0.19650213425252724,0.28699640821477107,0.9754880191501242,0.9756779965606497,0.9757409312846324,0.9756095320540361,0.9756850912614756,0.17124982815457276,0.1705856602442472,0.17058571650073576,0.17058566734904224,0.1705856956012407,0.4571618160733359,0.47678811653039993,0.4767889323623743,0.47678807406198603,0.4767885557020239,0.1653875326234352,0.16508085830269148,0.16508092368903607,0.16508085505300285,0.16508088300548013,0.6583117158421873,0.6489267871508579,0.6520570179419225,0.6463541775497124,0.6486229320430261
6.5125628140703515,0.9360567418567521,0.9356864825584774,0.9356864835882874,0.9356864752523895,0.9356864826333794,0.12126911592016087,0.12128760001850804,0.12128760951395214,0.12128758872390542,0.12128760136502156,0.4942938211836857,0.49575026634655134,0.4957561812871986,0.49573911039981017,0.49574776372518164,0.164363040546265,0.16370742663379748,0.1637084252720475,0.16370665880641186,0.1637076870319074,0.14978091485134515,0.15568026771086924,0.15568101386344751,0.1556801705682833,0.15568029801832736,0.20685417610967669,0.20685239297873093,0.20685246112963412,0.2068524511662004,0.20685238512538767,0.972901391495535,0.31186190379348233,0.5199963943009599,0.20352276040293993,0.2963891586472689,0.9710665589605407,0.9712906584181016,0.9713649146910512,0.9712098816127784,0.971299039803737,0.17985891524507708,0.17919139154730396,0.1791914502635075,0.1791913968718408,0.17919142842648306,0.4710166357225335,0.49024479701004314,0.4902455970767288,0.4902447521472337,0.4902452271256501,0.17504365663820692,0.17474042069089873,0.17474048926532915,0.17474041332759124,0.1747404463982916,0.6469145242865052,0.637230846902363,0.6404622314648762,0.63457440797752,0.6369171163042074
6.7537688442211055,0.9314974938253148,0.9311168334843825,0.9311168344292038,0.9311168259921168,0.9311168338303875,0.1257671660903031,0.12578633488968274,0.12578634473306033,0.1257863231795084,0.12578633628886307,0.5016687560917689,0.5031091807848647,0.5031150335415002,0.5030981608821546,0.503106706746812,0.16338047723302435,0.1627295658747006,0.162730565595621,0.16272879717600575,0.16272982659773252,0.13928616415292314,0.14483222827184583,0.14483298041078496,0.14483213550348598,0.14483225676530237,0.19999824833271485,0.1999964750221582,0.1999965415148058,0.1999965306607677,0.19999646529106302,0.9648346119038353,0.3214880398361553,0.5329145012127922,0.21050592919012467,0.3056735530687263,0.9664746408499149,0.9667340831149427,0.9668200833519376,0.9666405423654783,0.9667437916004951,0.18854614923675114,0.18787673484816006,0.18787679601248458,0.18787674091698034,0.18787677319606727,0.48477194948657587,0.5036051568480605,0.5036059412796908,0.5036051125351152,0.5036055779276039,0.18483675150827444,0.18453781742059555,0.18453788916438452,0.18453781014920792,0.18453784402806733,0.6356412667528999,0.6256640403492727,0.6289950047078011,0.622924982438209,0.6253405807328453
6.994974874371859,0.9268325725253587,0.9264418310515155,0.92644183065001,0.9264418228987962,0.9264418313054321,0.13026596457722886,0.13028581799117142,0.13028582816128756,0.1302858058618237,0.13028581944016396,0.5090258547241444,0.5104502676651252,0.5104560584185799,0.5104393835840794,0.5104478221661887,0.16237746935936082,0.16173123528924022,0.16173223610345955,0.16173046567119448,0.16173149632089473,0.12936905621415465,0.13457906488361143,0.13457983243405,0.1345789789482085,0.1345790947430494,0.19350810645691036,0.19350634353876994,0.19350641139022634,0.19350640594271062,0.19350633434563383,0.9560195535810003,0.3309937611636039,0.5454903602552785,0.21745187195494356,0.314850901913403,0.9617385878744737,0.9620343692364139,0.9621324639082417,0.9619276885419621,0.9620454395700001,0.1973062343782405,0.19663633368822414,0.19663639785804954,0.19663634224511745,0.19663637394170558,0.4984207250372568,0.5168622040943405,0.516862973611946,0.5168621632345222,0.516862616692263,0.19475778472745917,0.19446397156542725,0.19446404743464962,0.19446396732871413,0.19446399980778822,0.6244913475895478,0.6142258328674746,0.6176547848864944,0.6114053787587,0.6138927918985206
7.236180904522613,0.9220662697454123,0.9216657592150135,0.921665759023492,0.9216657503573042,0.921665759301539,0.13476555710798532,0.13478609500430958,0.13478610552896864,0.1347860824561813,0.1347860965033876,0.5163646848318711,0.5177730952475866,0.5177788241421689,0.517762346473611,0.5177706782071735,0.1613542312020464,0.16071264966434587,0.1607136517475166,0.1607118790992487,0.16071291099761223,0.11999841095629514,0.12488870769793528,0.12488946846375633,0.12488861298145135,0.12488873911863509,0.1873552701975338,0.18735353018587636,0.18735359935044066,0.18735358006763692,0.187353521817594,0.9465383970408918,0.34038063884044695,0.557733122835697,0.22436081805956448,0.3239224987196072,0.9568806437993359,0.9572135644435688,0.9573240469800828,0.9570934352570586,0.9572260362969612,0.20613405337056484,0.20546501380922047,0.2054650810179299,0.20546502137697104,0.2054650560377344,0.5119563461109085,0.5300093617438877,0.5300101163787447,0.5300093204110958,0.5300097658680551,0.2047979709244022,0.20451005767135474,0.20451013773671028,0.20451005049008358,0.2045100876654512,0.6134641680938457,0.6029156855631893,0.6064410148387221,0.6000150705780671,0.6025732122735656
7.477386934673366,0.9172027432705423,0.9167927745515891,0.9167927756733043,0.916792767300838,0.9167927761957506,0.13926599190789218,0.13928721417988005,0.1392872250691528,0.1392872012454424,0.13928721574923308,0.5236848032499773,0.5250772202308165,0.5250828871242209,0.5250666062887575,0.5250748314126479,0.160310974672078,0.15967402177652454,0.1596750251138165,0.15967325036944935,0.15967428350934337,0.11114549004095184,0.11573154981845683,0.11573229031328018,0.11573145673012482,0.11573156899922148,0.18151414923169978,0.18151241742213148,0.18151247470803406,0.181512444524568,0.18151240015109285,0.9364665788174129,0.3496502227432373,0.5696517006192608,0.231232995043955,0.33288962053102794,0.9519195998960467,0.952290319104275,0.952413439868622,0.9521564936512654,0.9523042246291448,0.21502465898719186,0.2143577652280437,0.21435783264389333,0.21435776924038386,0.21435780739249724,0.5253725817551153,0.5430404260094045,0.5430411622871878,0.5430403810626788,0.5430408195390669,0.2149487675274205,0.21466748108878086,0.21466756046761784,0.21466746940119988,0.2146675093063087,0.6025591283059648,0.5917330558199332,0.5953531332094235,0.588753527515865,0.5913813008523144
7.718592964824121,0.9122460306218022,0.9118269054712907,0.9118269028655908,0.9118268964212616,0.9118269061918519,0.14376731983215166,0.14378922630889307,0.14378923749336275,0.14378921294197677,0.14378922791781729,0.5309857546966122,0.532362187970212,0.5323677934521097,0.5323517091626742,0.5323598275741441,0.1592479104502428,0.1586155627124764,0.15861656712588687,0.1586147902778266,0.1586158247327716,0.10278368959106703,0.10708023414415363,0.10708097940722223,0.10708016780815881,0.10708026142176806,0.17596163691964753,0.17595992009637032,0.1759599845208197,0.17595994530628079,0.17595990800315975,0.9258734346351137,0.35880404037093605,0.581254750704474,0.23806862770379578,0.34175352598977626,0.9468713611507923,0.947280385909627,0.947416333458322,0.9471326532133932,0.9472957370178308,0.22397325335893062,0.22330973852361888,0.22330981032538497,0.22330974370951673,0.22330978364418208,0.538663546171413,0.5559495467943554,0.5559502701277491,0.555949502705752,0.5559499332927959,0.22520184767924875,0.2249278803442594,0.22492796625444963,0.22492787439415143,0.22492791199405174,0.5917756250357077,0.5806773977896621,0.5843905761514365,0.5776202177669554,0.5803165139670531
7.959798994974874,0.9072000329568463,0.9067720525495415,0.9067720487563387,0.9067720451567105,0.906772055150261,0.1482695941165206,0.14829218466637106,0.148292196169902,0.14829217091826416,0.1482921863555329,0.5382670738157433,0.5396275328451086,0.5396330766395953,0.5396171885261947,0.5396252004379799,0.15816524740401067,0.15753748222274983,0.1575384878215173,0.15753670890736862,0.15753774469171242,0.09488845318289713,0.09890945274919054,0.0989102076979841,0.09890939190957168,0.09890946861702384,0.1706769157189922,0.17067519553063554,0.17067524938272685,0.17067522274355024,0.17067517414225883,0.914822324982514,0.3678435961644753,0.5925506988447733,0.24486793939959858,0.3505154582524782,0.9417493240985699,0.9421970596834474,0.9423460063529209,0.9420352629830987,0.9422138768550736,0.23297520309403064,0.23231624067030668,0.23231631269126257,0.23231624734991432,0.23231628536883178,0.5518237021411948,0.5687312086400403,0.5687319143335446,0.5687311660770497,0.5687315843453461,0.23554913446279271,0.23528312799683987,0.2352832132080128,0.23528312433082305,0.23528315720507587,0.5811130551611893,0.5697481625107482,0.5735527761091556,0.5666146046188383,0.569378304195647
8.201005025125628,0.9020685445389938,0.9016319944293608,0.9016319904805704,0.901631990997761,0.9016320000613501,0.15277287073912918,0.15279614505124234,0.15279615687483133,0.1527961309645612,0.1527961468428713,0.545528281816669,0.5468727776109609,0.5468782595449395,0.5468625674451482,0.5468704729375977,0.15706319439975672,0.1564399891651586,0.15644099608819292,0.1564392151135525,0.15644025216620497,0.08743692071472532,0.09119573551314838,0.09119646792574278,0.0911956735649697,0.09119573146883894,0.16564105957518982,0.16563936775768104,0.16563940128551657,0.16563937232372367,0.16563933254386373,0.9033714815249702,0.37677037207274444,0.6035477241890316,0.25163115084953636,0.3591766433852907,0.936564846459049,0.9370515683726508,0.9372136486804674,0.9368755793260086,0.9370698728221617,0.24202600092425808,0.24137272425450584,0.2413727937239977,0.24137273166013973,0.24137276720437303,0.5648478016890948,0.5813802031394127,0.5813808884486997,0.5813801559387818,0.5813805667743556,0.24598274106604265,0.24572531907799042,0.24572539873473215,0.24572531598518144,0.24572534350360054,0.5705708118943187,0.5589447985378635,0.562839163620256,0.5557361499220074,0.558566120878801
8.442211055276381,0.896855232068744,0.8964104008917213,0.8964103958351097,0.8964103993673249,0.8964104064765286,0.1572772080688519,0.15730116591257204,0.15730117804457094,0.15730115146199658,0.15730116776124728,0.5527688892864839,0.5540974322632606,0.5541028527415394,0.5540873559213165,0.5540951555848476,0.15594195941172254,0.15532329264286696,0.15532430080320053,0.15532251773786424,0.15532355601745373,0.08040791001359646,0.08391722427137419,0.08391793823574291,0.08391716628150511,0.08391721726908469,0.16083693288420062,0.16083526115223049,0.1608352854067624,0.16083526968019313,0.1608352269260154,0.8915740270858059,0.3855858326682341,0.6142537962907819,0.2583584812354188,0.36773829192688284,0.9313274928047225,0.9318534132355898,0.9320287242119846,0.9316631264184857,0.9318732103181872,0.2511212876063978,0.2504747696458811,0.2504748390342604,0.25047477877865637,0.250474814497506,0.5777308998483769,0.5938915991491674,0.5938922672085735,0.5938915488220313,0.5938919548655495,0.2564950152895885,0.2562467462737837,0.25624682466446574,0.25624674549103005,0.2562467722756953,0.5601482886174695,0.5482667491745575,0.5522491642178134,0.5449843112277515,0.5478794097194485
8.683417085427134,0.8915636519347303,0.8911108241524117,0.8911108188277725,0.8911108252738789,0.8911108321170061,0.16178266705614205,0.16180730819068817,0.16180732064607528,0.1618072933906772,0.16180731012109884,0.5599883942843344,0.5613009949796026,0.5613063541087844,0.5612910519296038,0.5612987459925469,0.15480175066633842,0.15418760153459107,0.15418861097463524,0.15418682585694196,0.15418786533574658,0.07378168508266757,0.07705359517992298,0.0770542912790045,0.0770535401895952,0.07705358441394422,0.15624892658813566,0.1562472640084708,0.15624727592758075,0.15624727307046987,0.1562472268692805,0.8794785650553272,0.39429141972071013,0.6246766723130331,0.2650501479287731,0.3762015992186115,0.9260453497700758,0.9266106065595148,0.9267992301135431,0.9264059524729144,0.9266319052843079,0.2602568292540868,0.25961809258297114,0.2596181611246701,0.25961810237445104,0.2596181384976351,0.5904683171268016,0.6062607380749664,0.6062613889117641,0.6062606851995047,0.6062610852399544,0.26707850543684253,0.26683991868179346,0.26683999445625434,0.26683991832319437,0.2668399447898985,0.5498448767439258,0.5377134557084022,0.5417822004400449,0.5343585428805872,0.5373176133042648
8.92462311557789,0.8861972529692921,0.8857367071262002,0.8857367007708965,0.8857367127192368,0.8857367187310816,0.16628931123880342,0.16631463537347438,0.16631464813479221,0.1663146202683388,0.16631463743557834,0.5671862819739152,0.5684829513792763,0.5684882490161826,0.5684731413656118,0.5684807297269365,0.1536427769307881,0.1530331251823555,0.15303413588856002,0.1530323488640785,0.1530333895989927,0.06753983122663262,0.07058589404354537,0.07058656692949523,0.07058584324779857,0.0705858692719266,0.15186279412482653,0.1518611343405512,0.15186112845604077,0.1518611455657114,0.1518610890884282,0.8671295130182181,0.40288855474494195,0.6348238887612835,0.27170636638589823,0.3845677444141627,0.9207252509924092,0.9213299138165892,0.9215319150058422,0.9211108436830563,0.9213527215488261,0.26942851203489476,0.26879853260150716,0.26879859810807016,0.26879854365494554,0.2687985779086562,0.6030556229149122,0.6184832113730101,0.6184838433024923,0.6184831553782436,0.6184835488831759,0.27772595584964793,0.27749754659438214,0.27749761590591276,0.27749754804301,0.2774975674637504,0.5396599662779422,0.5272843563299505,0.5314376923982223,0.5238582963467574,0.5268801713889222
9.165829145728644,0.8807593799202528,0.8802913871468689,0.8802913797697443,0.8802913980087367,0.8802914039935722,0.1707972067453192,0.17082321349370938,0.17082322656542845,0.17082319812892083,0.17082321573383996,0.574362024309197,0.5756427742273376,0.5756480101681634,0.5756330967450556,0.5756405794033439,0.1524652479105323,0.15186007377498467,0.1518610856903949,0.15185929681933677,0.15186033885823125,0.0616651395911322,0.0644964146583362,0.06449706880285794,0.06449636655394572,0.06449636617343868,0.14766550610014262,0.14766385390737152,0.14766382849185122,0.14766386678850388,0.14766379647063488,0.8545674215636518,0.4113786395900363,0.6447027763728826,0.27832734997180414,0.39283789044039963,0.9153729691774479,0.9160170469149428,0.9162324727185442,0.9157835305694142,0.9160413673525712,0.2786323366490483,0.27801204713423366,0.2780121083488539,0.27801205959414604,0.27801209001663,0.615488620592842,0.6305548450065257,0.630555456433682,0.6305547886462066,0.6305551705639315,0.28843030152553906,0.2882125355628301,0.2882125961965067,0.28821253873304553,0.28821254759526926,0.529592945638039,0.5169788860012869,0.5212150581106968,0.5134830210205749,0.5165665216801284
9.407035175879397,0.8752532724106181,0.8747780986545703,0.8747780909384184,0.8747781143301683,0.8747781210838754,0.17530642219759146,0.17533311113493275,0.1753331245134849,0.17533309552608298,0.1753331135840672,0.581515080456893,0.5827799229103922,0.5827850972176368,0.5827703776268806,0.5827777546126437,0.15126937431549256,0.15066865850436492,0.15066967175610246,0.15066788086574387,0.1506689243468348,0.05614152477367295,0.05876859484702999,0.05876922826826096,0.05876854624866492,0.058768521138026344,0.14364513967019424,0.14364350041331242,0.14364345757989533,0.14364351410349194,0.14364342650950224,0.8418292261147805,0.41976305580162315,0.6543204712476829,0.28491331018483174,0.4010131864772945,0.9099933735701833,0.9106768268477745,0.9109057063183237,0.9104288522818655,0.9107026632628067,0.287864418470152,0.2872547065917234,0.28725476387378157,0.28725471992855256,0.2872547453391248,0.6277633388751707,0.6424716837981773,0.6424722751405326,0.6424716274866377,0.6424719961377254,0.2991846722771578,0.29897798166319095,0.2989780342569288,0.29897798560560374,0.29897798323896135,0.5196432024592035,0.5067964776791339,0.5111137119130973,0.5032321636046463,0.506376097768471
9.64824120603015,0.8696820696253714,0.8691999769689849,0.8691999694824678,0.8691999994872475,0.8692000038041006,0.17981702874865063,0.17984439939419639,0.17984441309436328,0.179844383615824,0.17984440206671115,0.5886448959681304,0.5898938435069939,0.5898989557997206,0.5898844298578743,0.5898917017099683,0.15005536811173475,0.1494590921078955,0.14946010672792448,0.14945831392867895,0.14945935884410974,0.05095392271405659,0.05338691725438065,0.05338750545498933,0.05338686826937838,0.05338682641884533,0.1397907572837611,0.13978913276956312,0.13978906630045893,0.13978914544346288,0.1397890424411185,0.8289485578310803,0.4280431662834313,0.6636839147229089,0.2914644567045167,0.40909476728181365,0.9045905735975381,0.9053133213470993,0.9055556685268383,0.9050508917035751,0.9053406778617491,0.2971209805461577,0.2965226896454838,0.2965227403442739,0.2965227031088536,0.29652272161447074,0.63987601429976,0.6542299810708069,0.6542305499919073,0.6542299237902058,0.654230279932853,0.3099823838282914,0.30978716668335493,0.30978720659672077,0.30978717005221856,0.3097871544868021,0.509810124470741,0.49673656072863764,0.5011330658985932,0.49310516822164063,0.4963083302767609
9.889447236180905,0.8640488158705892,0.8635600613400304,0.8635600537696773,0.8635600965762112,0.863560091865663,0.18432910006898107,0.18435715190260255,0.1843571659114297,0.18435713613647273,0.18435715477995182,0.5957509027097716,0.5969839680558916,0.5969890171932982,0.5969746857229324,0.596981852646564,0.14882344325858454,0.1482315889985386,0.14823260502143257,0.14823081077950775,0.1482318565677501,0.04608819469135943,0.04833682390082653,0.04833736836402693,0.04833677506296459,0.04833671968352315,0.13609229903836131,0.1360906921575645,0.13609058588697986,0.13609070295870884,0.1360905833235341,0.8159560210821375,0.43622031470461886,0.6727998517070422,0.29798099773702336,0.41708375059976793,0.8991680381659287,0.8999299619831977,0.9001857826026315,0.89965308982486,0.8999588360091392,0.3063983473425093,0.3058122782190626,0.30581231507000833,0.3058122919343572,0.30581230336692605,0.6518230810483934,0.6658261839508443,0.6658267246826658,0.6658261256115209,0.6658264710905019,0.320816929793762,0.32063355237609753,0.3206335668812027,0.3206335556593305,0.3206335331734598,0.5000930970334948,0.4867985623138599,0.4912725307864954,0.48310147567621275,0.486362648384992
10.130653266331658,0.8583564613512981,0.8578612973086781,0.857861290010186,0.8578613379114965,0.8578613341227203,0.18884271236003985,0.18887144475933323,0.18887145908747535,0.1888714288567752,0.18887144793927643,0.6028325179800968,0.6040497147608128,0.6040547020778436,0.6040405631868047,0.6040476248813632,0.147573815479426,0.1469863656592676,0.1469873830809924,0.1469855868773527,0.14698663414091015,0.041531063649704617,0.0436046413111715,0.043605168198937914,0.04360458908302128,0.043604512037229703,0.13254050366795475,0.1325389177520331,0.13253879635087631,0.13253892551707108,0.13253879290171378,0.8028794271564712,0.4442958264170528,0.6816748444958687,0.3044631400272943,0.4249812392985328,0.8937286934532757,0.8945296414459672,0.8947989337462282,0.8942383494481593,0.8945600271680791,0.3156929419089233,0.31511985478744553,0.3151198865494975,0.31511986857261787,0.3151198746898548,0.6636011561496497,0.6772569258101883,0.6772574467110659,0.6772568663676944,0.6772572008169145,0.3316819793683914,0.33151077843052246,0.33151078299327646,0.33151078101873577,0.33151074625633303,0.4904915064100273,0.4769819063126693,0.48153151470216016,0.4732205233130355,0.4765384794264353
10.37185929648241,0.8526078639270875,0.8521065408307819,0.8521065343564831,0.8521065920367502,0.8521065829677125,0.1933579442036521,0.19338735659533365,0.19338737124094207,0.1933873407067776,0.19338736006474122,0.60988914555108,0.6110904868253612,0.6110954115366765,0.6110814656290762,0.6110884224755526,0.14630670283158945,0.1457236407962951,0.14572465974032958,0.1457228620431136,0.14572391012232205,0.037270049256675354,0.03917750578847958,0.03917796553981631,0.039177447535719334,0.039177366277368154,0.12912683397327793,0.12912526503268673,0.12912511395069218,0.12912527064045726,0.12912511765850612,0.7897439991164553,0.45227100813747134,0.6903152867722425,0.31091108778595256,0.43278832773238424,0.8882750052613949,0.8891147985884295,0.8893975453135399,0.8888091208701244,0.8891466969193895,0.325001285160463,0.3244418961844831,0.32444191678489565,0.3244419096499235,0.32444191102381265,0.6752070375163719,0.6885190110423776,0.688519508819694,0.6885189510733424,0.6885192718797853,0.34257137842446955,0.34241265396448944,0.34241263801163646,0.3424126551529557,0.34241261317825583,0.4810047370339165,0.46728601487189275,0.4719094221837655,0.46346174842510446,0.4668352443170718
10.613065326633166,0.8468057937446746,0.8462985612359905,0.8462985559570375,0.8462986192585665,0.8462985997043534,0.19787487667874865,0.19790496852671258,0.19790498350677155,0.19790495258543825,0.19790497201709975,0.6169201738823216,0.6181056724763841,0.618110535286571,0.618096781037497,0.6181036357321404,0.14502232568058515,0.14444363580415134,0.14444465618839464,0.14444285694735648,0.14444390547128977,0.033293399611784805,0.03504329961067026,0.035043753993592615,0.03504323406071317,0.03504318225712675,0.1258434023069828,0.12584183736072777,0.12584166924151538,0.12584184193954837,0.12584170180178716,0.7765726138316532,0.46014714933999845,0.6987274018517632,0.31732504399420475,0.4405060884523743,0.8828090530976844,0.8836874879978833,0.8839836641282196,0.8833674689868892,0.8837208903933251,0.33431998848484323,0.3337749705205099,0.3337749845201571,0.33377498311980736,0.3337749902080845,0.6866376850769664,0.6996094086194458,0.6996098881131088,0.6996093473569325,0.6996096654391584,0.35347913850861745,0.3533331542312662,0.35333312588369425,0.3533331530386926,0.35333312045247967,0.47163217437814353,0.4577103069915459,0.4624056556347455,0.4538245847443772,0.4572523665357593
10.85427135678392,0.840952938219516,0.8404400344651745,0.8404400307262003,0.8404401067689151,0.8404400736193348,0.20239359334285356,0.20242436381569381,0.2024243791510995,0.20242434801705086,0.2024243674582592,0.6239249760288023,0.6250946469712128,0.6250994466924868,0.6250858846229456,0.6250926366737454,0.14372090744353408,0.14314657419187965,0.1431475962474152,0.1431457955207495,0.1431468445159414,0.029590025680506116,0.031190633005640574,0.03119101455116327,0.031190559141092096,0.031190518967454735,0.12268290387631141,0.12268135039967161,0.12268115327141624,0.12268134580028707,0.1226812104734554,0.7633860016486924,0.4679255180021545,0.7069172403829871,0.32370521054091783,0.44813558778589024,0.8773325903973759,0.8782494344794874,0.8785590164473492,0.8779151309270363,0.878284342083878,0.34364574887613053,0.3431157457341692,0.3431157466058205,0.3431157569121024,0.34311576617456524,0.697890214923228,0.7105252533524979,0.7105257100597963,0.7105251899558229,0.7105254981075656,0.3643994300731884,0.36426643741026565,0.36426638536583633,0.36426643284473936,0.36426640337955224,0.46237320219523564,0.44825420069971816,0.45301961584156114,0.4443084621162689,0.4477892621755102
11.095477386934673,0.8350519033582827,0.8345335615182384,0.8345335595774545,0.8345336433690828,0.8345336079288675,0.20691418019753255,0.20694562834616495,0.20694564405464616,0.20694561275255796,0.20694563239626984,0.63090290928802,0.6320567684062777,0.6320615047448886,0.6320481345047807,0.6320547825122392,0.14240267468827503,0.14183268306078514,0.14183370670767087,0.14183190481592162,0.14183295462755677,0.026149457544699776,0.0276087250377006,0.027609077411397467,0.027608642255706962,0.0276085884733685,0.11963856758594599,0.11963703450220249,0.11963681091350947,0.11963702537162385,0.11963687798465918,0.7502029139721715,0.47560736796174224,0.7148906758798199,0.33005178740522784,0.4556778696255083,0.8718470938915301,0.8728020938037228,0.8731250505821528,0.8724535657988282,0.8728384984214941,0.35297534712500583,0.35246096650787184,0.352460954402407,0.3524609758521663,0.3524609791634031,0.708961891552767,0.7212638195645988,0.721264253682752,0.7212637534839839,0.7212640509989748,0.3753265808995664,0.37520680569670045,0.3752067304142886,0.37520679702355003,0.3752067565633739,0.45322720335158284,0.4389171102944732,0.4437507030537882,0.4349128089312775,0.4384453503233846
11.336683417085426,0.8291052149129059,0.8285816650234785,0.828581666773761,0.8285817672622902,0.8285817132689309,0.2114367256337423,0.21146885045820607,0.21146886658947261,0.2114688354815668,0.21146885475018315,0.6378533149812019,0.6389913783502206,0.6389960484538981,0.6389828721162754,0.6389894179683269,0.14106785721041068,0.14050219286203436,0.14050321839764415,0.14050141587457557,0.14050246521742119,0.022961804626164435,0.024287384233334812,0.024287666582470786,0.024287284900448368,0.02428724757693919,0.1167041118394018,0.11670260457373587,0.11670233361127431,0.11670258658571149,0.11670244592908874,0.737040279952172,0.48319393623831947,0.7226534398317574,0.3363649720586112,0.4631339744166103,0.8663538057736243,0.8673466899668695,0.8676829788554777,0.8669840044902888,0.8673845884449126,0.36230564640644863,0.36180745844379797,0.36180742136077626,0.36180746395594887,0.3618074700008318,0.7198501209032806,0.7318225194996084,0.7318229221936848,0.7318224505591313,0.7318227405257901,0.386255075006083,0.38614871407423385,0.38614859486364916,0.3861486978106753,0.3861486616015897,0.4441935605948299,0.42969844799763063,0.4345983138853605,0.42563705409359665,0.4292200424966797
11.577889447236181,0.8231153149153738,0.8225867907445984,0.8225867982172836,0.8225869070866787,0.8225868378634626,0.21596132015420472,0.2159941208784006,0.21599413753905347,0.21599410617359277,0.21599412530184953,0.6447755199318739,0.6458978018352263,0.6459024084475933,0.6458894219216216,0.6458958676800066,0.13971668767317028,0.13915533764048849,0.1391563652814257,0.1391545606367965,0.1391556105291485,0.02001773541476502,0.02121696955904998,0.021217209094409197,0.02121685773080115,0.02121684437892506,0.11387371375178133,0.11387221982738918,0.11387193840521734,0.11387218889632558,0.11387206533736362,0.7239133279118086,0.49068644330400635,0.7302111158472249,0.342644961829965,0.4705049218167849,0.8608537682024667,0.8618842504657624,0.8622338263541744,0.8615074816080651,0.8619236348919792,0.371633597121657,0.3711521267753916,0.3711520837321023,0.37115212565673766,0.37115214099939314,0.7305524493528509,0.7421988986834814,0.7421992854966136,0.7421988243983197,0.7421991142945705,0.3971795622559416,0.39708676929646275,0.3970866387276901,0.39708674060157917,0.3970867200921726,0.43527165805108525,0.4205976235915493,0.42556184210472897,0.4164806202788853,0.4201127524190248
11.819095477386934,0.8170845751813935,0.8165513047193541,0.8165513122183542,0.8165514284056267,0.8165513550893901,0.2204880567499579,0.2205215324566062,0.220521549408386,0.22052151820614094,0.22052153721305673,0.6516688330212704,0.652775348737672,0.6527798907875849,0.6527670964457244,0.6527734391371177,0.1383494028447765,0.13779235476600643,0.13779338401909025,0.13779157903211103,0.13779262862550523,0.01730839687640055,0.01838837052406692,0.018388595516253242,0.01838825096311205,0.01838824059323856,0.1111419438882167,0.11114045639147367,0.1111401409168323,0.11114042542422521,0.11114029627268462,0.7108357983393703,0.49808609095438316,0.7375691253491716,0.3488919521730731,0.4777917211549363,0.8553478588297829,0.8564156352499425,0.856778449663365,0.8560248635598493,0.8564564983963147,0.380956220377508,0.3804919607136001,0.3804918977017589,0.3804919604771678,0.3804919717462889,0.7410665454635137,0.7523906353566598,0.7523909968074454,0.7523905624184871,0.7523908405585359,0.4080948303399402,0.40801573842154104,0.40801557404333816,0.40801571034945705,0.40801568238173075,0.4264608787043091,0.4116140453967893,0.416640682724863,0.4074429290427627,0.41112288981630063
12.06030150753769,0.8110152983488065,0.8104774972734613,0.8104775115079121,0.8104776440535225,0.8104775486455118,0.22501703083296432,0.2250511802138146,0.22505119778517896,0.22505116672746775,0.22505118521441786,0.6585325451619124,0.6596233125689781,0.6596277879520174,0.6596151848864322,0.6596214280898657,0.13696624390073536,0.13641348502708409,0.1364145165149315,0.1364127109606309,0.13641375970012148,0.014825385718358071,0.015792964537818095,0.015793117514379423,0.01579283503344257,0.01579283220424625,0.10850373641179545,0.10850226704879379,0.10850191579846721,0.1085022203528552,0.10850210639542465,0.6978200548258875,0.5053940620764894,0.7447327289348314,0.3551061358415758,0.484995370168262,0.8498368149406693,0.8509415641792912,0.8513175620685179,0.8505368745715932,0.8509839008173944,0.3902706074906774,0.3898240280561107,0.38982394283648486,0.38982401919133985,0.3898240388676933,0.7513901975641561,0.7623955285892172,0.7623958643814722,0.7623954497369008,0.7623957263318536,0.4189958048817355,0.4189305401367829,0.41893033764485227,0.4189304962466246,0.4189304824941881,0.4177606037347266,0.402747121844154,0.4078342288380442,0.3985234035458245,0.40224986175595157
12.301507537688442,0.804909716361359,0.8043675993280196,0.8043676131463727,0.804367763815029,0.8043676528388178,0.22954834017641967,0.22958316183066105,0.22958317980671994,0.22958314922651107,0.229583167123645,0.6653659287167534,0.6664409665393314,0.666445374547966,0.6664329640995205,0.6664391065883005,0.13556745599667294,0.1350189747635729,0.13502000773459732,0.1350182023001364,0.13501925045123106,0.01256073337560159,0.013422530549399783,0.01342263495479677,0.013422404158068656,0.013422385770596148,0.10595436726742813,0.10595292055413837,0.10595255862138678,0.10595285779709249,0.10595275928280627,0.6848771874728109,0.5126115303844802,0.7517070784597376,0.3612877060121923,0.4921168516090307,0.8443212540217593,0.8454626419522527,0.8458517654148752,0.8450441248167126,0.8455064435102857,0.3995739208183261,0.3991454562832537,0.3991453628852105,0.3991454464599609,0.3991454662043268,0.7615213057507919,0.7722114857696093,0.7722118057215002,0.7722113997622695,0.772211674363311,0.4298775516852292,0.42982621285422223,0.42982598120554616,0.4298261672106448,0.4298261525252056,0.40917021616156146,0.39399625473932887,0.39914186880502817,0.3897214592764802,0.39349307470855704
12.542713567839197,0.7987699806573387,0.7982237702979915,0.798223785657191,0.798223938455662,0.7982238246120729,0.23408208411428072,0.23411757720957532,0.2341175955710402,0.2341175648770116,0.23411758269101648,0.6721682433261489,0.6732275655617377,0.673231910989963,0.6732196883283814,0.6732257312044203,0.13415328748886574,0.13360907414922796,0.13361010896518502,0.13360830216760752,0.13360935060142412,0.010506913513846531,0.011269277240336427,0.0112693839758228,0.011269145999990904,0.011269157086944802,0.10348944817278768,0.10348800605392297,0.10348762271098569,0.10348794229792119,0.10348784965360165,0.6720170659694051,0.5197396503759171,0.7584971758149116,0.3674368530506869,0.4991571354123144,0.8388016900314454,0.8399793720052767,0.8403815573484188,0.8395471224562454,0.840024628865605,0.4088634094589425,0.40845344612513673,0.40845333797980465,0.40845343492670333,0.40845345771210245,0.7714578966077013,0.7818365217362125,0.7818368245504923,0.7818364367203727,0.7818367053807946,0.4407353043602261,0.4406979388773119,0.4406976983191077,0.4406978900778104,0.4406978787914105,0.40068910029697424,0.385360847419259,0.3905629924763828,0.38103651391398874,0.3848519342903084
12.78391959798995,0.7925981897259718,0.7920480898049291,0.7920481074194967,0.792048276749785,0.7920481450538482,0.2386183648400509,0.2386545276371881,0.23865454643172923,0.23865451634974455,0.2386545335495255,0.6789387249992601,0.6799823524959088,0.6799866298161856,0.6799745995125335,0.6799805410274053,0.13272399261813564,0.13218403654078367,0.13218507332165347,0.13218326710215092,0.13218431386438245,0.008656730043659256,0.009325844734027958,0.009325907364073625,0.009325706482552425,0.00932572742289155,0.10110485008776407,0.10110342465322879,0.1011030087403699,0.10110335568708823,0.10110327254678986,0.6592485675867941,0.5267795553169016,0.765107861113689,0.3735537659711586,0.5061171825280786,0.8332785552155346,0.8344921710408627,0.8349073524023402,0.8340462887935859,0.8345388762131227,0.41813637231134354,0.41774528628490587,0.4177451538276475,0.41774527271121614,0.4177452940644665,0.7811980856757299,0.791268773905603,0.791269051733257,0.7912686857863506,0.7912689512467019,0.4515644007502044,0.4515410698535127,0.4515407888449804,0.4515410162180866,0.45154100380359546,0.3923166385365978,0.37684030260737184,0.38209698967882494,0.3724679831245098,0.3763258410068009
13.025125628140703,0.786396378990184,0.785842595657643,0.7858426124014825,0.7858427987163144,0.7858426484173185,0.24315728673250447,0.2431941177319272,0.24319413681828875,0.2431941075481402,0.24319412378051602,0.6856765908605951,0.6867045422689461,0.6867087512450628,0.6866969139262348,0.6867027560722402,0.13127983094417237,0.13074412270731728,0.13074516099829048,0.13074335575182547,0.1307444004824126,0.007003333487120756,0.0075851578913048254,0.0075851864802622656,0.007585023978361256,0.007585035151854054,0.09879670643506865,0.09879529802185749,0.09879487850181673,0.09879523130290688,0.09879514364281511,0.6465795957533713,0.533732374178202,0.7715438964500219,0.3796386337021687,0.5129979410714027,0.8277522094211393,0.8290013887584977,0.8294294961404077,0.8285419779691041,0.8290495329956901,0.4273901735930272,0.4270183018639304,0.4270181647610591,0.4270182897125365,0.4270183133999448,0.7907400931238437,0.8005064561044416,0.8005067231260048,0.8005063680713915,0.8005066242109025,0.4623603104535978,0.46235103884559614,0.4623507275065765,0.46235098683774944,0.4623509782806509,0.38405221080846325,0.3684340165834492,0.37374324284254506,0.36401527663589395,0.3679141950788769
13.266331658291456,0.7801665025611537,0.7796092422708524,0.7796092623693996,0.779609462456749,0.7796092912836452,0.2476989553463032,0.2477364531145695,0.24773647272311786,0.24773644425006594,0.2477364591989905,0.6923810454405105,0.6933933388385527,0.6933974776416457,0.6933858328529071,0.6933915785397151,0.12982106414884065,0.1292895957477644,0.12929063610529087,0.12928883163512092,0.1292898737523509,0.005540267798914363,0.006040552962114958,0.006040542664563008,0.006040424146264387,0.006040436583453991,0.0965614283878473,0.09656003065772044,0.09655958681729987,0.09655995790611131,0.0965598804633057,0.6340171142003685,0.5405992092272841,0.7778098636304233,0.38569164149904905,0.5198003424865033,0.8222229491543642,0.8235073111552885,0.8239482705116322,0.8230344800879371,0.823556885302803,0.4366222648308589,0.4362699106688241,0.4362697519649721,0.43626989427901786,0.4362699280094394,0.8000822453916477,0.8095478968091435,0.8095481500958058,0.8095478064112891,0.8095480595229162,0.4731186723830355,0.4731234568191636,0.47312310761802306,0.4731233968674472,0.47312340519618873,0.3758952058781897,0.3601413900086492,0.36550114189422955,0.35567780966459067,0.3596163981540045
13.507537688442211,0.7739104819729771,0.7733499388495924,0.773349960324586,0.7733501678751074,0.7733499908387103,0.2522434797380243,0.25228164226587463,0.2522816622751464,0.25228163436312034,0.2522816485827799,0.6990512630058924,0.7000479204451536,0.7000519918661162,0.7000405370477798,0.7000461847323616,0.12834796326427286,0.12782072600449867,0.12782176837980086,0.12781996384523417,0.12782100532684737,0.004261290970884347,0.004685631001803368,0.004685610521481326,0.004685495225745378,0.00468551664199737,0.09439560027841722,0.09439422273190919,0.09439376518031457,0.09439414869244214,0.09439407690249704,0.6215673741351504,0.547381156392467,0.7839102579884905,0.3917129757015059,0.5265253092868927,0.8166910234971266,0.8180101758481618,0.8184639103793195,0.8175240367072051,0.8180611695250661,0.445830124931846,0.4454975736124015,0.4454974025824914,0.4454975561527956,0.44549759230321395,0.8092229434283996,0.8183915031326996,0.8183917392940243,0.8183914116717509,0.8183916598753094,0.48383519262811137,0.4838540282343158,0.48385365954661047,0.48385396572169254,0.4838539763058242,0.3678450012159669,0.35196181726431464,0.35737006857527903,0.3474549880111481,0.3514318480438764
13.748743718592966,0.767630150821894,0.7670665275095137,0.7670665464504957,0.76706676092509,0.7670665808631981,0.25679096935131235,0.2568297952233691,0.2568298155220387,0.2568297880933404,0.2568298019287871,0.7056864098527389,0.7066674486193948,0.7066714542073103,0.7066601878753178,0.7066657358865784,0.12686080037707903,0.12633778812452248,0.1263388317573086,0.12633702747705178,0.12633806861797664,0.0031605456702077147,0.0035143193502081577,0.0035143000833328967,0.0035141985148393114,0.003514210927096677,0.09229606503912066,0.09229469688881757,0.09229423064080698,0.09229462032853993,0.09229456333349581,0.6092358083552131,0.5540792921632371,0.789849445549212,0.39770281933214574,0.5331737551067028,0.8111566346710797,0.812510176395681,0.8129766053357707,0.8120108456625715,0.8125625797219724,0.45501133117789944,0.45469882425371116,0.4546986435037441,0.4546988084866183,0.45469884088616286,0.8181606973307856,0.827035777239784,0.8270359978309273,0.8270356847235214,0.8270359315779381,0.4945057654029328,0.4945386014072558,0.49453822315568385,0.49453854148700244,0.49453854510549067,0.35990098555294375,0.3438946937652393,0.349349405347037,0.33934622216122307,0.3433599394406583
13.989949748743719,0.7613273152238237,0.7607607995641781,0.7607608197532988,0.7607610384602937,0.7607608458862778,0.26134153743793076,0.2613810243174636,0.2613810450844538,0.26138101815588755,0.2613810310981146,0.7122856174995239,0.7132510618880774,0.7132550001110922,0.7132439217663572,0.713249373822759,0.1253598575794908,0.12484106335645477,0.12484210834376844,0.12484030455418872,0.12484134365527326,0.0022323531048876353,0.002520803691207303,0.0025207820212669696,0.0025207081930188457,0.0025207124781751592,0.09025980715901817,0.09025845636929669,0.09025798565438334,0.09025837801419648,0.0902583346964036,0.5970272722037216,0.5606946825696721,0.7956316642535948,0.4036613551863684,0.5397465789469211,0.8056199514183814,0.80700747093224,0.8074865102552525,0.8064950683294723,0.8070612732477407,0.46416348046706757,0.4638712483138581,0.46387106164800723,0.46387123049342144,0.4638712700412216,0.8268940761560035,0.835479301920825,0.8354795126439147,0.8354792038671048,0.835479451651236,0.5051263395334221,0.5051731338121228,0.5051727425177974,0.5051730697689546,0.5051730873200169,0.3520625388219303,0.33593941077096023,0.34143853698034554,0.33135091755250823,0.3354000675363974
14.231155778894472,0.7550036949375931,0.7544344797267984,0.7544344988905223,0.7544347312851877,0.7544345315415605,0.26589529710582094,0.26593544323943097,0.26593546420835623,0.2659354384676467,0.26593545029127064,0.718848012489407,0.7197978815307904,0.7198017494071102,0.7197908637034222,0.7197962175708996,0.1238454180054185,0.12333083656292151,0.12333188367944455,0.12333008134488266,0.12333111882012394,0.0014713847373585766,0.0016995729701595878,0.0016995279278242605,0.0016994726505639368,0.0016994741017770667,0.08828403914672106,0.08828270144631917,0.08828221295838275,0.08828262406721846,0.08828258070296513,0.5849459350724497,0.5672283698697949,0.801261055061789,0.4095887647071135,0.5462446725227792,0.8000811089234299,0.8015021861657031,0.8019937492808267,0.8009768359342089,0.8015573773838787,0.47328426991822575,0.47301250303423703,0.4730122998306324,0.4730124876259875,0.473012524601215,0.8354217583567409,0.8437207411492872,0.8437209473229516,0.8437206451226442,0.8437208881671227,0.5156930543208186,0.5157537243636592,0.5157533079827086,0.5157536636308597,0.515753675276629,0.34432905040242656,0.32809536608713913,0.3336368433582004,0.3234684782343368,0.32755162382076247
14.472361809045227,0.7486609887092455,0.7480892588504489,0.7480892710148198,0.7480895160355493,0.7480893019102993,0.2704523656767008,0.27049316868419965,0.27049318982513526,0.270493164978892,0.27049317533133,0.7253726812814251,0.7263069990078299,0.7263107991712202,0.7263001030542602,0.7263053637626562,0.12231777603150865,0.1218074024709614,0.12180844951943155,0.12180664990228258,0.1218076841692249,0.0008724545058146372,0.0010452957294075354,0.001045252305447206,0.001045233181307588,0.001045238854172667,0.08636608649866749,0.08636476396954498,0.0863642680869419,0.08636468621676188,0.0863646438127321,0.5729955001161494,0.5736813974372799,0.8067416402674576,0.41548522707340574,0.5526689090499042,0.794540218717045,0.7959944244817112,0.7964984205011534,0.7954562537223786,0.7960509928816613,0.482371407298032,0.4821202783760607,0.48212006756614845,0.4821202666247616,0.48212031332356076,0.8437424688157217,0.8517588311486447,0.8517590331344511,0.8517587387419315,0.8517589766943086,0.5262020891678444,0.5262765489299053,0.526276121160199,0.5262764940883295,0.5262765211354281,0.3366999012559503,0.3203619444789324,0.3259437048133542,0.31569831009291366,0.3198140029561234
14.71356783919598,0.7423008124041283,0.7417267487951874,0.7417267681183498,0.7417270175134023,0.7417267978409903,0.27501285997990177,0.27505431733817143,0.2750543391236215,0.2750543152545284,0.27505432465985713,0.7318587067789976,0.732777497849541,0.7327812258283452,0.7327707189032695,0.7327758826538284,0.12077722716711008,0.12027105703655588,0.12027210778993361,0.12027030857874933,0.12027134098730993,0.0004306922511746862,0.0005529593903897369,0.0005528999117559155,0.0005528989116546923,0.0005529139052879424,0.08450347432676514,0.0845021706810399,0.08450165895910682,0.08450209186007528,0.08450205099204951,0.5611791036712936,0.5800547767576215,0.8120773220078413,0.4213509218751684,0.5590201603025204,0.7889973685021902,0.7904842651239147,0.7910006010945286,0.7899334049693841,0.7905421997667682,0.4914226990039395,0.4911923558392516,0.4911921278842494,0.4911923379766606,0.4911923839421706,0.8518550376510319,0.8595923985251746,0.85959258898181,0.8595923018338857,0.8595925368587254,0.5366498102010606,0.5367379572400585,0.5367375044959886,0.5367378919723184,0.5367379175875725,0.32917448081912337,0.31273854129762313,0.31835850497349705,0.30803981200869285,0.31218659159671286
14.954773869346733,0.7359247533088076,0.7353485420681242,0.7353485561080947,0.7353488111042186,0.735348588646536,0.279576900282235,0.27961900998835243,0.27961903167340746,0.27961900875297385,0.27961901735912525,0.7383051360956484,0.739208420604638,0.7392120825543971,0.7392017641356002,0.7392068301955815,0.11922407726813243,0.11872210851927362,0.11872315991052525,0.11872136227238606,0.1187223930802104,0.00014137588096757573,0.00021767472915930463,0.00021763370635559525,0.00021763523609944353,0.000217650534689998,0.08269383617907163,0.08269254318307025,0.08269203231955899,0.08269246482712952,0.08269243263192047,0.5494994768961453,0.5863495251315617,0.8172719380225228,0.4271860252563119,0.5652992736742071,0.7834526286489496,0.7849717704795002,0.7855003492613034,0.7844083553581397,0.7850310590137812,0.5004359744216604,0.500226527961356,0.5002262981437364,0.500226517607054,0.5002265607496333,0.8597583480060244,0.8672203182729188,0.8672205022064603,0.8672202243294498,0.8672204556895037,0.5470326443698018,0.5471343403091107,0.5471338879741908,0.5471342865948102,0.5471343076695792,0.3217521720070551,0.30522453918711256,0.31088061856159216,0.3004923889454964,0.3046687884751345
15.195979899497486,0.7295343446889154,0.7289561580060443,0.7289561653503804,0.7289564241669911,0.7289561982704407,0.2841446082833807,0.28418736727132304,0.28418738928934373,0.28418736673874767,0.284187374836499,0.7447109954129183,0.7455988017014179,0.745602398708833,0.7455922629483326,0.7455972347019909,0.11765863794864168,0.11716086728021669,0.11716191840996862,0.11716012269809534,0.11716115211794381,0.0,3.483234024437968e-5,3.4820521291243857e-5,3.4827199822361535e-5,3.482690175022933e-5,0.0809349457714321,0.08093367040300624,0.08093316525959401,0.08093358872875209,0.08093355747245491,0.5379589334925363,0.5925666316886022,0.822329162477574,0.4329907145945558,0.5715071008486798,0.7779060535932737,0.7794569866477261,0.7799977085444079,0.7788811542349506,0.7795176169630919,0.5094091215480413,0.5092206743523765,0.509220446259316,0.5092206654184034,0.5092207085592285,0.8674513543444081,0.8746415534047682,0.8746417293478068,0.8746414568757386,0.8746416872373161,0.5573471382900768,0.5574622547235499,0.5574618088866526,0.5574622033101979,0.5574622267484313,0.31443236070885267,0.2978193279945997,0.303509430014876,0.2930554362067783,0.2972599757927459
15.437185929648242,0.7231310594898054,0.7225510754131509,0.7225510827256839,0.7225513440291731,0.7225511118779416,0.28871610632031647,0.2887595121868284,0.2887595345079591,0.28875951281000245,0.28875951968598984,0.7510752956567474,0.7519476461025277,0.7519511746433358,0.7519412249056313,0.7519461044913681,0.11608122491270906,0.1155876515794849,0.11558870432875695,0.11558691017894965,0.11558793670127034,2.2858503557514876e-6,0.0,0.0,0.0,0.0,0.07922471724651789,0.07922345465449418,0.07922294707295746,0.07922337493970223,0.07922334129945081,0.5265594026734347,0.5987070744543147,0.8272526410778663,0.4387651633817248,0.5776444757673179,0.7723576842884575,0.7739399470491254,0.7744927090433387,0.7733518388344113,0.7740019066532725,0.5183400969690144,0.5181727146304903,0.5181724812480141,0.5181727055738595,0.5181727548508548,0.8749330852015552,0.8818551207213879,0.8818552914135407,0.8818550238848165,0.8818552516324517,0.5675899737458486,0.5677183452004732,0.5677178949482128,0.5677182929559759,0.5677183266049727,0.3072144389783857,0.29052229728669754,0.2962443117905884,0.28572835703282295,0.2899595415911714
15.678391959798995,0.7167163491565107,0.7161347395613598,0.716134735079785,0.7161350057760362,0.7161347648070251,0.29329152042438805,0.2933355703404537,0.2933355918912367,0.29333557173975927,0.2933355770886852,0.7573970068370146,0.7582539268253929,0.7582573900515607,0.758247631523453,0.7582524160863222,0.11449216658802491,0.11400279004232115,0.11400384149068561,0.11400205098366226,0.11400307353483943,0.00014406101958414555,0.00010888907541116553,0.00010891479696764507,0.00010892896285052172,0.00010891510305144347,0.07756114434355615,0.07755989420883957,0.07755939062632186,0.07755981915244424,0.07755978703579898,0.5153025070205127,0.604771829194467,0.8320458708810382,0.4445095466076729,0.5837122199187059,0.7668075512123309,0.7684206744666351,0.7689853703875834,0.7678204349611616,0.7684839502509151,0.5272268735642391,0.5270806029013917,0.5270803710849186,0.5270806103157181,0.5270806594997586,0.8822026201248703,0.8888600996177467,0.8888602712188721,0.8888600027737962,0.8888602295460217,0.5777578827946998,0.57789933617365,0.5778988928028608,0.5778993093710535,0.577899343298979,0.3000977877454388,0.2833328268574309,0.2890846439160151,0.2785105441667154,0.28276687478038165
15.919597989949748,0.7102916004788864,0.7097085315619751,0.709708522214676,0.709708797465335,0.7097085520775268,0.29787097661762263,0.29791566733241626,0.29791568867068347,0.2979156697836669,0.297915673384764,0.7636750868837016,0.7645166048300517,0.7645200003925954,0.764510430177061,0.764515124501131,0.11289179414376957,0.11240661401372372,0.11240766565294831,0.11240587802007536,0.11240689717728827,0.00042138146649248355,0.0003574448285711741,0.00035749054032645526,0.00035750356330557635,0.00035748057236257967,0.07594235570256809,0.07594112139611316,0.07594061947654303,0.07594105159873439,0.07594101981858736,0.5041895474047727,0.6107618443403622,0.836712268951133,0.45022403536137023,0.5897111502873487,0.76125567505054,0.7628991822417099,0.7634757028641691,0.7622869593644049,0.7629637609161135,0.5360674994663436,0.5359423688509839,0.5359421331184526,0.5359423831327914,0.5359424399615148,0.8892591087655006,0.8956556386132468,0.8956558098493183,0.8956555405764723,0.8956557683255724,0.5878477425182711,0.5880020967891376,0.5880016550916769,0.5880020799393523,0.5880021264218708,0.2930817987668732,0.2762503060009147,0.2820298070439298,0.2714013987148558,0.27568135960254503
16.160804020100503,0.7038581565262179,0.7032737951108464,0.7032737804430967,0.7032740643672271,0.7032738131927809,0.30245460235497873,0.3024999307217634,0.30249995178725536,0.3024999346786324,0.3024999365554092,0.7699084693410833,0.7707346124004774,0.7707379363723506,0.7707285581528437,0.7707331585119199,0.11128044602655922,0.1107994637802798,0.11080051525203469,0.1107987320778422,0.11079974717061915,0.0008304628724736864,0.0007417575834797383,0.0007418130877061887,0.000741836960380604,0.0007417936733090014,0.07436657906294428,0.07436535906114931,0.07436485427481729,0.07436529838131886,0.07436525853768405,0.49322155515764565,0.6166780606116349,0.8412551912257693,0.45590880210801243,0.5956420672927172,0.7557020687672399,0.757375476248484,0.7579637092119954,0.7567514212416672,0.757441344111743,0.5448600711775423,0.5447560827786786,0.5447558375900219,0.5447561042508384,0.544756160945349,0.8961017605193828,0.9022409441775953,0.9022411101296501,0.9022408458831567,0.9022410691914132,0.5978565308998305,0.5980235845236566,0.5980231357417606,0.5980235778806267,0.5980236225747739,0.2861658644632451,0.2692741192269396,0.2750791717870698,0.2644003117686424,0.26870238322543033
16.402010050251256,0.6974173329341048,0.6968318446564533,0.6968318238637252,0.6968321098554485,0.6968318553320045,0.30704252798608883,0.30708849099638974,0.30708851160948775,0.30708849571806535,0.30708849619912687,0.7760960498949453,0.7769068432196133,0.7769101019660273,0.7769009103171036,0.7769054190946378,0.10965847247803545,0.10918169074873434,0.10918274166131499,0.10918096169028572,0.10918197298951386,0.0013676297149382676,0.001258039359597568,0.0012581245235990534,0.0012581406057286064,0.0012580841368624012,0.0728321157368494,0.07283090741101919,0.07283040889655892,0.07283085672532952,0.07283082308331949,0.48239932351884973,0.622521413870729,0.845677849593628,0.46156401582615303,0.6015057658170418,0.7501467388521011,0.7518495558718429,0.7524493857687058,0.7512138231635161,0.7519166989093204,0.5536027114586123,0.5535198418266268,0.5535195994743946,0.5535198721876304,0.5535199322880688,0.9027298362867339,0.9086152669882344,0.90861543040047,0.9086151704855691,0.9086153898206616,0.607781291870041,0.6079608235207988,0.6079603855311537,0.6079608295056713,0.6079608800099136,0.279349369854346,0.26240364658801346,0.2682321229899201,0.25750668168366264,0.2618293297246637
16.64321608040201,0.6909703962995566,0.6903839400196661,0.690383904719351,0.6903841967492671,0.6903839438431275,0.31163488472275525,0.3116814786203221,0.3116814978458672,0.3116814836767582,0.3116814832629314,0.7822367019664753,0.7830321768230689,0.7830353740821809,0.7830263727007712,0.7830307816873451,0.10802622954068722,0.10755365106224726,0.10755469854541308,0.10755292349142531,0.10755393199146705,0.0020293759973008018,0.001902686360492791,0.0019028136771358547,0.00190283396477105,0.0019027345694327413,0.07133736580730049,0.07133617055044604,0.07133568373704274,0.07133614048292575,0.07133610411723146,0.47172342226182057,0.6282928200470185,0.8499834183447802,0.4671898461968906,0.6073030314848711,0.7445896861344867,0.7463214151895349,0.7469327234483943,0.7456741624173437,0.7463898190232231,0.5622935981767408,0.5622318107158772,0.5622315779885227,0.5622318618362058,0.5622319119241446,0.9091426503362577,0.9147779267113841,0.9147780870587419,0.9147778287591894,0.9147780445904649,0.6176191803026109,0.6178109681744076,0.617810550623227,0.6178110046330819,0.6178110403707773,0.27263170712106594,0.2556382707570003,0.2614880331402469,0.25071989927016103,0.2550615813906172
16.884422110552762,0.6845185690589024,0.6839313016911994,0.6839312593198227,0.6839315482634404,0.6839312991491084,0.3162318045958897,0.31627902562599264,0.31627904409520324,0.31627903085991294,0.31627902968541927,0.7883292767541553,0.7891094636416477,0.7891126008509597,0.7891037823736242,0.7891080976874522,0.10638408037352687,0.10591570880258967,0.10591675483914459,0.1059149821958329,0.10591598841734857,0.0028123414475010396,0.002672237274014987,0.002672411800710602,0.002672408035089896,0.0026722884360666044,0.06988081545075109,0.06987963441366093,0.06987916142721218,0.06987961481446556,0.06987958454462673,0.46119421786812503,0.6339931808752859,0.8541749783909487,0.4727864605454832,0.6130346366884855,0.7390309068795977,0.7407910437815082,0.7414137087663342,0.7401324317179655,0.7408606937250797,0.570930961411301,0.5708901967143689,0.5708899746626912,0.5708902587776313,0.5708903083250019,0.9153395769486318,0.9207282880925716,0.9207284467176222,0.92072819017314,0.9207284017786119,0.627367456798125,0.627571262774169,0.6275708687178093,0.6275713143189072,0.6275713499675484,0.2660122693261004,0.2489773771158259,0.2548462773591729,0.24403935886082218,0.24839852263174766
17.125628140703515,0.6780630370360703,0.6774751137396139,0.6774750608512429,0.6774753518308464,0.6774751107202763,0.32083342120239167,0.32088126551508034,0.32088128272256117,0.3208812710997341,0.320881269434702,0.7943725955185086,0.7951375251669235,0.7951406009238947,0.7951319707210259,0.7951361843567445,0.10473239703004218,0.1042682372505244,0.10426928032901242,0.10426751221208011,0.10426851669591924,0.003713289812073555,0.003563355527375743,0.0035635718451905215,0.003563558646864239,0.0035634300450099743,0.06846102468298278,0.06845985781445971,0.06845939636469536,0.06845985272720324,0.06845981169094974,0.4508119004796262,0.6396233889098584,0.8582555043192449,0.4783540253266836,0.6187013460820893,0.7334703934963861,0.7352584275535646,0.7358923244969963,0.7345886200866358,0.7353293084530937,0.5795130716657673,0.5794932491581466,0.5794930328301318,0.5794933275391071,0.5794933649915519,0.9213200391224174,0.9264657693458376,0.9264659264444537,0.926465670027639,0.9264658791722103,0.6370234685750936,0.6372390407045178,0.6372386665160181,0.6372391150535587,0.6372391333310349,0.25949044999765614,0.24242034762263928,0.2483062368353746,0.23746445306432973,0.24183953745189612
17.36683417085427,0.671604950322269,0.6710165243405861,0.6710164666334444,0.6710167569370014,0.6710165234799167,0.32543986962538973,0.32548833334021215,0.3254883498036835,0.3254883395865651,0.32548833719798687,0.8003654491434318,0.8011151517573906,0.8011181633986866,0.8011097190091467,0.8011138339559625,0.10307156081597606,0.10261161884282133,0.10261266063312527,0.10261089658328938,0.10261189881417569,0.004729102306433524,0.0045728278029386685,0.004573076018268672,0.004573045557791802,0.004572922589527967,0.06707662281099527,0.06707546977618507,0.06707501585558644,0.06707547181045104,0.06707542946417704,0.44057649966443346,0.6451843253483981,0.8622279056514865,0.4838927066604633,0.6243039185496482,0.7279081351588308,0.7297235492738899,0.7303685502266446,0.7290427134644178,0.7297956456105265,0.5880382396971219,0.5880392574673845,0.5880390441076696,0.5880393446490231,0.5880393773572269,0.9270835088622841,0.9319898344538675,0.9319899920474294,0.9319897372253617,0.9319899425380261,0.6465846488759855,0.646811720815054,0.64681136077553,0.6468118063968874,0.6468118153211883,0.2530656424045175,0.2359665640875256,0.24186728810359365,0.23099457087337535,0.2353840042242278
17.60804020100503,0.6651454262759307,0.6645566494019612,0.6645565829576732,0.664556874153586,0.6645566478261598,0.3300512867936484,0.3301003659196942,0.33010038100742645,0.3301003724895888,0.33010036971925544,0.8063065933879856,0.8070410994953894,0.8070440502388518,0.8070357937599785,0.8070398057634232,0.10140196324250747,0.10094624666222714,0.10094728538318377,0.10094552653570919,0.10094652697304919,0.0058567689489930925,0.00569754866186089,0.005697833770105709,0.005697790791136806,0.005697661080218249,0.06572630291511011,0.06572516154109166,0.0657247175238345,0.06572517499291307,0.06572512894379764,0.43048790248128965,0.6506768636330779,0.8660950375937437,0.4894026677463629,0.6298430975316909,0.722344118248836,0.7241863890805202,0.7248423632193461,0.7234946949873714,0.724259685100059,0.5965048113119312,0.596526547489105,0.5965263419893123,0.5965266500252457,0.5965266704754029,0.9326295001132306,0.9372999947447361,0.9373001539340133,0.9372998987865822,0.9373001030149236,0.6560485086135704,0.6562868017810387,0.6562864621328867,0.6562869079887526,0.6562868997968693,0.24673724047743734,0.22961540468957245,0.23552880466713194,0.22462910730634358,0.229031307001973
17.84924623115578,0.6586855444989445,0.6580965628034309,0.6580964839620375,0.6580967788517608,0.6580965589264628,0.33466781052884254,0.33471750045730947,0.33471751356383217,0.3347175072050262,0.3347175039553537,0.8121947565246569,0.8129141016046012,0.8129169929401868,0.812908928111819,0.8129128340744985,0.09972400449745701,0.09927252077086521,0.09927355445397637,0.09927180255215422,0.09927280079567272,0.00709339548899341,0.006934544987593205,0.006934868379663999,0.006934821361065603,0.006934672944826062,0.06440882356728962,0.06440769539845302,0.06440726198398827,0.06440772438386996,0.06440767538133935,0.4205458638646188,0.6561018608705563,0.8698596540024393,0.49488407328885364,0.6353196184724498,0.7167783269435807,0.7186469251325822,0.7193137382509993,0.7179445458758785,0.718721404732256,0.6049111775460382,0.6049534967002771,0.6049533002932076,0.6049536203442679,0.6049536254683133,0.9379575773178321,0.9423958111927769,0.94239597146773,0.9423957183460336,0.9423959237232115,0.6654126514897921,0.6656618841040421,0.6656615645865324,0.665662018836148,0.6656619895716236,0.24050463882623438,0.22336625047275202,0.22929016379121475,0.21836744707416597,0.22278082828537346
18.090452261306535,0.6522263468941425,0.6516373051723034,0.651637218360592,0.6516375122866356,0.6516372998469603,0.33928957935957627,0.3393398754708237,0.3393398870260895,0.3393398823170829,0.33933987876706506,0.8180286400195529,0.818732858859266,0.8187356916987722,0.8187278132425928,0.8187316164504218,0.09803809300119876,0.09759085098199419,0.09759188081705839,0.09759013466590324,0.09759113098782726,0.00843620150296556,0.00828094998893944,0.008281311169636311,0.008281247582263757,0.008281098637800093,0.06312300649487931,0.06312189189138523,0.06312146897744322,0.06312193100892576,0.06312188085554,0.41075002354199025,0.6614601632318072,0.8735244339936333,0.5003370838345429,0.6407342096502595,0.7112107436280543,0.7131051338416075,0.7137826488490977,0.7123922455557636,0.7131807805579503,0.6132557747870134,0.6133185211179605,0.6133183347654239,0.6133186596685455,0.6133186543609984,0.9430673516773539,0.9472768869372644,0.9472770477810901,0.9472767950110745,0.9472770064596971,0.674674773192834,0.6749346497232883,0.6749343514988939,0.6749348033892295,0.6749347606549888,0.23436723449469934,0.21721848231596802,0.22315074554079153,0.21220898583966047,0.21663194858859916
18.331658291457288,0.6457688434252298,0.6451798842345793,0.6451797847866909,0.6451800825392772,0.6451798782277227,0.34391673314338833,0.34396763063133734,0.3439676398635084,0.3439676376103657,0.34396763388287344,0.8238069115303276,0.8244960398771499,0.8244988140025677,0.8244911292379172,0.8244948208623695,0.09634464731959018,0.09590165700565041,0.09590268025670225,0.09590094265598514,0.09590193717176335,0.009882503852459682,0.009733998784761118,0.009734397787639064,0.00973433094329514,0.009734156230984517,0.061867727797535,0.06186662670063924,0.061866214370114476,0.06186668140836238,0.061866622904881104,0.4010999190494472,0.6667526062508089,0.8770919912684028,0.505761861889591,0.6460875914699278,0.7056413491266211,0.7075609902176371,0.7082490666257436,0.7068377720350525,0.7076377871374162,0.6215370761134699,0.6216200759451271,0.6216199000186263,0.6216202364039287,0.6216202117706536,0.9479584750694681,0.9519428680306706,0.9519430283808772,0.9519427758316369,0.9519429909940692,0.6838326477718882,0.6841028625232917,0.6841025860871613,0.6841030444755763,0.6841029759937304,0.22832442548437268,0.21117148042399303,0.21710992783362026,0.20615310729481193,0.21058404779804923
18.57286432160804,0.6393140119525993,0.638725275511027,0.6387251688170108,0.6387254656900312,0.6387252690244279,0.3485494128479621,0.34860090673221394,0.34860091422351097,0.3486009139205302,0.3486009099487526,0.8295282057129546,0.8302022801060851,0.8302049948876546,0.8301974985932495,0.830201084208345,0.09464409610519826,0.09420536855374995,0.09420638699256396,0.09420465685866439,0.09420564896899523,0.011429714172423356,0.011291025304930272,0.011291461187408137,0.011291376514107698,0.011291189742333237,0.060641915755371895,0.06064082843332596,0.060640426212798366,0.060640892369928465,0.06064082517389956,0.3915949958759393,0.6719800141548592,0.8805648751625534,0.5111585664445153,0.6513804739336476,0.7000701230010771,0.7020144681216128,0.7027129624830766,0.7012811021202249,0.7020923980055449,0.6297535925951805,0.6298566546061629,0.629856489405944,0.6298568298500072,0.6298567928670594,0.9526306406861017,0.9563934401974009,0.9563935998747755,0.9563933499739024,0.9563935641986172,0.6928841290905117,0.693164366237862,0.6931641120341329,0.6931645658653368,0.6931644820539102,0.22237561070748352,0.2052246254157261,0.21116708775290594,0.20019920398333832,0.20463650623287222
18.814070351758794,0.6328627989952955,0.632274423156303,0.6322743088673715,0.6322746064955393,0.6322744162291427,0.35318776045210665,0.3532398455792641,0.3532398512139216,0.35323985306644357,0.3532398487387118,0.8351911239201493,0.8358501816592959,0.835852836326985,0.8358455300161596,0.8358490089093014,0.09293687837845419,0.09250242567115546,0.09250343844455332,0.0925017170680416,0.0925027063738469,0.013075334096148632,0.012949456650979081,0.012949926639670485,0.01294982781397247,0.012949624988144273,0.05944454769567275,0.05944347479371731,0.059443080637671133,0.05944354824584179,0.059443471766146734,0.3822346165075197,0.6771432006961916,0.8839455728185248,0.5165273566610982,0.6566135573233415,0.6944970437941548,0.6964655405190883,0.697174306194584,0.6957222115682177,0.6965445857864653,0.6379038731833522,0.6380267887470304,0.6380266342745308,0.6380269781463466,0.6380269296569726,0.9570835832529081,0.9606283298057121,0.9606284886278105,0.9606282480255637,0.9606284527476356,0.7018271501596863,0.7021170839740287,0.702116852035619,0.7021172995830288,0.7021172024889913,0.21652018944915344,0.19937729737760881,0.20532160269486022,0.19434666336862488,0.19878870547942112
19.055276381909547,0.6264161206058299,0.6258282408954721,0.6258281193444284,0.6258284183017018,0.6258282308218401,0.35783191903651523,0.35788458995786904,0.357884593596934,0.3578845980349174,0.357884593242285,0.8407942319200814,0.8414383123348946,0.8414409040102955,0.841433791817886,0.84143716065756,0.09122344355653504,0.09079327903016401,0.09079428543723549,0.09079257399306974,0.09079356047273007,0.014816954180086413,0.014706808828994106,0.014707307820545829,0.014707201340804391,0.014706975606424751,0.058274648811541485,0.05827358992003942,0.058273202751439705,0.058273673454529246,0.05827358627433214,0.37301807361650335,0.6822429692581122,0.8872364981119658,0.521868390891849,0.6617875332970152,0.6889220891755091,0.6909141796672762,0.6916330667678938,0.6901610755148457,0.6909943223559526,0.6459865023183816,0.6461290473436417,0.6461289032237227,0.6461292518232283,0.6461291890417237,0.9613170716624992,0.9646473022985118,0.9646474594742188,0.964647228014478,0.9646474196060746,0.7106597187185594,0.7109590163038096,0.7109588023921859,0.71095924879386,0.7109591348538035,0.21075756401469128,0.19362887600959217,0.19957285120470575,0.18859487162975647,0.19304002754774796
19.2964824120603,0.6199748631674065,0.6193876130072543,0.6193874893770439,0.6193877853605882,0.6193876002149302,0.3624820325303144,0.36253528362621235,0.3625352861408407,0.3625352924539855,0.3625352873318768,0.8463360611931907,0.8469652043371133,0.8469677313430155,0.8469608056106521,0.8469640710453337,0.0895042520514597,0.08907839025432561,0.08907939260405584,0.08907768939198693,0.0890786733317939,0.01665224569556818,0.016560682750719157,0.01656120865751992,0.01656108839418051,0.016560845912436464,0.05713128709785446,0.05713024191145252,0.05712986099862767,0.05713032971733961,0.057130236086314554,0.363944592537399,0.687280112871954,0.8904399978739863,0.5271818248223806,0.6669030864900573,0.6833452361765894,0.6853603572645496,0.6860892129758812,0.6845976685720127,0.6854415790931414,0.6540001017134907,0.6541620355754866,0.6541618994885375,0.6541622452115361,0.6541621752942867,0.9653309163925012,0.968450160184245,0.9684503144818268,0.9684500913871326,0.9684502709858123,0.719379919703562,0.7196882390107768,0.7196880385782247,0.71968847374755,0.7196883538100067,0.20508713609932155,0.1879787409354973,0.19392021291189468,0.18294322100357543,0.18738985211927162
19.537688442211056,0.6135398842955931,0.6129533966763571,0.6129532667665479,0.6129535630099792,0.6129533827572361,0.3671382457800585,0.36719207153797745,0.3671920721703441,0.36719208098253503,0.36719207564694045,0.8518151068455309,0.8524293504996823,0.8524318142243571,0.852425081239543,0.8524282396081488,0.08777977541626564,0.08735823315109437,0.08735922789367659,0.08735753605301548,0.08735851626640963,0.018578959095974044,0.018508756122487258,0.01850931209942162,0.01850917658232253,0.018508934185466064,0.05601357227643496,0.05601253870430462,0.05601216523090032,0.056012636369659356,0.05601253184644622,0.35501334171610627,0.6922554159011767,0.8935583591031014,0.5324678157356477,0.6719608925324835,0.6777664612901573,0.6798040445347934,0.6805427126543412,0.6790319648696822,0.6798863269614062,0.6619433283000363,0.6621243917703995,0.6621242639779922,0.6621246125281104,0.6621245296663776,0.9691249637427082,0.9720367419659793,0.9720368917660471,0.9720366770247716,0.9720368429735066,0.7279859114195639,0.7283028983818017,0.7283027129761748,0.7283031427746199,0.7283030110408817,0.19950830872022104,0.18242627045225118,0.1883630679513884,0.1773910932042414,0.1818375597973411
19.77889447236181,0.6071120151022876,0.6065264196541489,0.6065262860023739,0.6065265786994131,0.6065264040890705,0.37180070476545474,0.37185509940594585,0.37185509840259356,0.3718551091265376,0.37185510329317356,0.8572298238502772,0.8578292074130933,0.8578316115027714,0.8578250647258651,0.8578281208983161,0.08605049757159795,0.08563329204258706,0.08563428063366901,0.08563259824519652,0.08563357473713333,0.02059491648182159,0.020548791449395525,0.02054937860385151,0.02054923057194283,0.020548983913588278,0.05492065191451739,0.05491963010779151,0.05491926460976318,0.05491973294693082,0.05491962273459439,0.34622343744996625,0.6971696494198358,0.8965938089937103,0.5377265169348688,0.6769616190622674,0.6721857405453958,0.6742452123851884,0.6749935339406498,0.6734639382063675,0.6743285366045024,0.6698148713466291,0.6700147900478397,0.6700146722981587,0.6700150190377283,0.6700149290845983,0.9726990949367862,0.9754069156366372,0.9754070642886279,0.9754068580843049,0.975407011332312,0.7364759210805086,0.7368012136603033,0.7368010479884136,0.7368014636617545,0.736801330513496,0.1940204849920428,0.17697084668399737,0.18290079693249972,0.17193788142439606,0.17638253118652936
20.020100502512562,0.6006920581535201,0.6001074815453259,0.6001073437883042,0.6001076325291409,0.6001074629766806,0.37646955606904964,0.37652451336826964,0.3765245105493861,0.3765245231827102,0.3765245167374939,0.8625786312049957,0.8631631976061036,0.8631655440251195,0.8631591832835277,0.8631621385738824,0.08431691347933949,0.0839040628102813,0.08390504376366854,0.08390337189058217,0.08390434405359111,0.022698015820758928,0.022678623540980634,0.022679243597808516,0.022679084021229645,0.022678832355630864,0.05385171219188711,0.05385070246508672,0.05385034562427956,0.053850812589875875,0.053850695368270564,0.3375739531451215,0.702023576397486,0.8995485163267316,0.542958085389541,0.6819059265225146,0.6666030496849739,0.6686838316484843,0.6694416437875778,0.6678935621492904,0.6687681784258372,0.6776134561794258,0.6778319430607771,0.6778318354981268,0.6778321808857236,0.6778320852512157,0.976053225152044,0.9785605920858685,0.9785607387998793,0.9785605415115302,0.9785606833679067,0.7448482491846585,0.745181481256448,0.7451813370820572,0.7451817370965194,0.745181605194258,0.1886230703051186,0.17161184840459537,0.17753278099479616,0.16658296009539797,0.17102414618603373
20.261306532663315,0.5942807890540246,0.5936973556511498,0.5936972117819155,0.5936974982172228,0.5936973327689236,0.3811449470390302,0.3812004604125038,0.38120045526687935,0.38120047026149556,0.3812004629509032,0.867859908947642,0.8684297037677435,0.868431993128362,0.868425823419146,0.868428675722811,0.08257952961945395,0.08217105326291457,0.08217202476689225,0.08217036499450482,0.08217133190838781,0.024886227661243102,0.024896159884315865,0.024896813550515675,0.02489664482702506,0.024896381926426056,0.05280597571333064,0.052804977770593654,0.052804629852156795,0.05280509575963412,0.052804971318125164,0.3290639270973971,0.706817948855727,0.9024245934251681,0.5481626704278596,0.6867944668310644,0.661018364197879,0.6631198729962051,0.6638870104306668,0.6623208101253149,0.6632052227465435,0.6853378411705822,0.6855745961278235,0.6855744986558931,0.6855748460667868,0.6855747463477937,0.9791872980979845,0.9814977113127494,0.9814978552401603,0.9814976671238252,0.9814978003143565,0.7531012643143675,0.7534420650369196,0.7534419432200465,0.7534423303346558,0.7534421988234353,0.18331547364294556,0.1663486562378295,0.1722584014086206,0.16132573006729614,0.16576178516820858
20.50251256281407,0.5878789574462924,0.587296789694856,0.5872966433168982,0.5872969236713947,0.5872967637226827,0.3858270255103228,0.3858830882454702,0.38588308137088245,0.38588309809039534,0.38588309012542027,0.8730719995888305,0.8736270686400892,0.8736293018810162,0.8736233155020646,0.8736260696822991,0.08083886494266165,0.08043478360299529,0.08043574710464815,0.0804340978326033,0.08043506025486623,0.02715758545066009,0.027199375705250346,0.027200063313357073,0.027199861849696347,0.02719960015127018,0.05178269724292909,0.051781711162901735,0.051781372280388045,0.051781834382357166,0.05178170526715019,0.32069235890602676,0.7115535091583063,0.9052240955871017,0.5533404255637903,0.6916278833550533,0.6554316594781391,0.6575533070451584,0.6583296009573669,0.6567456554335727,0.6576396398490656,0.6929868200782938,0.6932415276556108,0.6932414399791763,0.6932417838071675,0.6932416841756852,0.9821012971283173,0.984218245095503,0.9842183851578166,0.984218206444945,0.984218326677326,0.7612334067039305,0.7615813965912727,0.7615812971417184,0.7615816631750127,0.7615815378877305,0.17809710211873647,0.16118065097831025,0.16707704187075892,0.15616557147105095,0.16059482945851916
20.74371859296482,0.5814872881050683,0.5809065064508501,0.5809063544575577,0.5809066319469498,0.5809064782037348,0.3905159400729156,0.3905725452359218,0.3905725358593711,0.3905725550655016,0.3905725466137583,0.8782132038917592,0.878753594167624,0.8787557716588942,0.8787499772437184,0.8787526225727518,0.07909545094967485,0.07869578668437426,0.07869673885252648,0.07869510343992238,0.07869606162440995,0.02951018715960334,0.029586311392154785,0.029587032540506854,0.029586807670080206,0.029586538824480414,0.05078116349455153,0.05078018928970019,0.05077985928754363,0.050780320992415175,0.050780184418872124,0.3124582209530208,0.7162309900104982,0.9079490278479334,0.5584915005373128,0.6964068112502552,0.649842910785936,0.6519841044160485,0.6527693830541202,0.6511680713645275,0.6520713999930491,0.7005592178378826,0.7008315486288442,0.7008314703480141,0.7008318160610578,0.7008317097288156,0.9847952332785123,0.9867221958710942,0.9867223222929806,0.9867221618764836,0.9867222677378897,0.7692431809646835,0.7695979738929261,0.7695978955178945,0.7695982474312131,0.7695981201811806,0.1729673655015875,0.15610721378728548,0.161988084337687,0.15110187558905233,0.15552266145566
20.984924623115578,0.5751064815701473,0.574527204456229,0.5745270500902452,0.5745273217511301,0.5745271740889781,0.39521183994318926,0.395268980370635,0.39526896906899545,0.39526899021119893,0.395268981277818,0.8832817807155127,0.8838075404752967,0.8838096621590329,0.8838040531008674,0.8838065959746505,0.07734983212012912,0.07695460834710434,0.07695555076198476,0.07695392779128044,0.07695488135145186,0.03194219116271806,0.03205506967267298,0.03205581371556419,0.03205557745615312,0.032055308328478346,0.04980069098182722,0.04979972864007741,0.04979940721317275,0.04979986500914587,0.04979972484983847,0.30436046024043273,0.7208511146277645,0.910601344211994,0.5636160433328063,0.7011318788633969,0.6442520933242392,0.6464122357815142,0.6472063246385136,0.6455880311849095,0.6465004735385296,0.7080538909766496,0.7083435020142766,0.7083434326565505,0.7083437752904003,0.7083436669432114,0.9872691476067998,0.9890095958700409,0.9890097088802253,0.9890095656233359,0.9890096575686532,0.7771291563102275,0.7774903598762309,0.7774903016934205,0.7774906338328533,0.7774905098212608,0.16792567485973733,0.15112772619831263,0.1569909113487389,0.1461340371845844,0.15054466236496641
21.22613065326633,0.5687372147701819,0.5681595586805163,0.5681594036314711,0.5681596680705102,0.5681595273031942,0.39991487491051,0.3999725432106423,0.399972530570104,0.39997255309262886,0.3999725435348983,0.8882759460851023,0.888787124830392,0.8887891905875553,0.8887837620684801,0.888786208894305,0.07560256619988495,0.07521180773974197,0.07521274422294343,0.07521113007375929,0.07521207813025303,0.034451813893627586,0.0346038130760116,0.03460457425047393,0.03460433306740997,0.034604068414325104,0.048840624543789214,0.04883967402535733,0.04883936084462961,0.048839805470408164,0.04883967134492023,0.2963980021312141,0.7254145968297883,0.9131829423058804,0.5687142078609807,0.7058037065319326,0.6386591822812646,0.6408376719055014,0.641640392219262,0.640005508289956,0.6409268309247858,0.7154697271058108,0.7157762621688875,0.7157762012561281,0.7157765391989496,0.7157764313135359,0.989523110202074,0.9910805061241621,0.9910806051240576,0.9910804788632835,0.9910805573144686,0.7848899652372313,0.7852571810103589,0.7852571421634189,0.7852574551538539,0.785257334745271,0.16297144266668573,0.14624157021663892,0.15208490792513818,0.14126142263393204,0.14566021445185726
21.467336683417088,0.5623801416909628,0.5618042211636066,0.5618040640789459,0.5618043229733288,0.5618041897279776,0.40462519529306423,0.4046833838407577,0.40468336919051745,0.4046833938001462,0.404683383388752,0.8931938721326628,0.8936905206606394,0.893692530275933,0.8936872885394035,0.8936896358233529,0.07385422454642956,0.07346795764004707,0.07346888304468774,0.0734672831293635,0.07346822451706583,0.03703732738140988,0.037230761482248166,0.03723153943724281,0.03723129151160344,0.037231033807792094,0.04790033587640778,0.04789939714121253,0.04789909182256921,0.047899530155754814,0.047899395183597135,0.288569753530713,0.7299221411673286,0.9156956699098622,0.5737861357227871,0.7104229070929423,0.6330641528654538,0.6352603836782902,0.636071554907625,0.6344204761692643,0.6353504427181089,0.7228056443682521,0.7231287343270693,0.7231286814106432,0.7231290163521827,0.723128908696167,0.991557219387499,0.992935015658965,0.9929351003141771,0.9929349909034707,0.9929350561569613,0.7925243021751035,0.792897125996217,0.7928971056958087,0.792897397801816,0.7928972844714242,0.15810408278425633,0.14144812835725706,0.14726946002155197,0.1364834453929028,0.14086870043161068
21.70854271356784,0.5560358940220266,0.555461821682828,0.5554616742664976,0.555461916238247,0.5554617902586131,0.40934295189498465,0.4094016528280813,0.4094016389762254,0.4094016629033107,0.4094016516746109,0.8980336859984708,0.8985158564319201,0.8985178096248961,0.8985127192493083,0.8985150019303935,0.07210539248413043,0.07172364483704184,0.0717245698949337,0.07172297378979596,0.07172390836321155,0.03969705692638541,0.0399341895858981,0.03993498397065267,0.03993469751072813,0.03993447974288814,0.04697922215744822,0.04697829514641259,0.046977997292113,0.0469784238850489,0.046978293814581205,0.2808746057508071,0.7343744431501749,0.9181413262645995,0.5788319787049852,0.7149900859474979,0.6274669803346322,0.6296803421452546,0.6304997795422166,0.6288329084325784,0.6297712796398214,0.730060590896836,0.7303998540623516,0.7303998087615624,0.7304001212292548,0.7304000327871524,0.9933716009384174,0.994573240882326,0.9945733132059908,0.9945732183336415,0.9945732720022944,0.8000309221596769,0.8004089444672722,0.8004089420015698,0.8004091906658749,0.8004091064554084,0.15332301045394123,0.13674678356027484,0.14254395460738692,0.13179947293782002,0.13616950356065058
21.949748743718594,0.5497050817527791,0.5491329683254328,0.5491328258195204,0.549133055962321,0.5491329372525288,0.41406829595650574,0.4141275011670596,0.41412748697622187,0.41412751140472354,0.4141274995685137,0.9027934688025029,0.9032612146839684,0.9032631110378004,0.9032581858187826,0.9032603864744845,0.07035666963363858,0.06997947043881529,0.06998039048561483,0.06997880321224517,0.06997973155444742,0.04242937898810751,0.04271242479618728,0.04271323005766858,0.04271292358914719,0.04271273357652137,0.046076704787897646,0.046075789430146424,0.046075498641260274,0.04607592219703914,0.04607578842118091,0.2733114371543034,0.7387721893217293,0.9205216636237183,0.5838518809924169,0.7195058412508947,0.6218676400215323,0.6240975185322614,0.6249250345960584,0.6232427788349616,0.6241893125915896,0.7372335443329827,0.7375885868326663,0.7375885487747194,0.7375888471279354,0.7375887679340394,0.9949664072982213,0.9959953247767892,0.9959953817528885,0.995995304181343,0.9959953480961599,0.8074086395838713,0.8077914457681459,0.8077914595301827,0.807791675757068,0.8077916088764122,0.1486276423289962,0.13213691928143906,0.13790777949117802,0.1272089006184964,0.1315620075407955
22.190954773869347,0.5433882940071765,0.5428182486102582,0.5428181096632508,0.5428183291823354,0.5428182178881781,0.4188013791552243,0.4188610804226918,0.4188610654644223,0.41886109069955757,0.4188610784136039,0.9074712538156076,0.9079246286635302,0.9079264697478956,0.9079217130012773,0.9079238232425638,0.06860867060462873,0.06823605063470208,0.06823696393747698,0.06823538725967421,0.06823630982419367,0.045232717993239226,0.04556384501518533,0.045564660159575034,0.045564344021850466,0.04556417060297306,0.04519222781100012,0.045191324331090944,0.04519104026775482,0.04519144925578144,0.04519132350514857,0.2658791142857633,0.7431160571564425,0.9228383897238194,0.5888459868986712,0.7239707641419266,0.6162661073514146,0.6185118842139533,0.6193472885113332,0.6176500613150722,0.6186045126512267,0.7443235111921823,0.744693925860282,0.7446938962481976,0.7446941822433171,0.7446941093837258,0.9963418179438918,0.9972014336832173,0.9972014809410862,0.9972014172222216,0.9972014522544027,0.8146563269656747,0.8150434954484709,0.8150435269425951,0.8150437128287698,0.8150436601459488,0.14401739578950568,0.1276179202267207,0.13336032219932575,0.1227111198206897,0.12704559655404793
22.4321608040201,0.537086098944297,0.5365182286774618,0.5365181012069552,0.5365183026596617,0.5365181986684542,0.42354235342657454,0.4236025421912977,0.42360252868790227,0.4236025525750443,0.423602539845443,0.9120650273205014,0.9125040870665875,0.9125058719991832,0.9125012534866863,0.9125033028992577,0.06686202445285676,0.06649401601536471,0.06649493186718751,0.06649335716683236,0.06649427453495625,0.04810554743107285,0.048486876870617396,0.04848769872988728,0.04848735070027367,0.04848721756638717,0.04432525780614582,0.04432436621001859,0.04432408813692197,0.044324489935892546,0.04432436469699792,0.2585764971070949,0.7474067158185903,0.9250931645312123,0.5938144433195615,0.7283854388267456,0.610662357870602,0.6129234108663704,0.6137665091790236,0.6120547299201042,0.6130168511478002,0.7513295268621402,0.751714895916719,0.751714874984208,0.7517151346569375,0.7517150814990834,0.9974980359076843,0.9981917631876499,0.9981918001932119,0.9981917521334996,0.9981917773341642,0.8217729138343502,0.8221640199799382,0.8221640695629674,0.8221642101691125,0.8221641860790149,0.13949169075630918,0.12318917050241676,0.12890097453419216,0.11830550720185988,0.12261965484981988
22.673366834170853,0.5307990451978917,0.5302334556030545,0.5302333272584222,0.5302335227714337,0.5302334261320859,0.42829137110099186,0.428352038632748,0.4283520231100575,0.4283520490256469,0.4283520359433383,0.9165727247893217,0.9169975257421794,0.9169992560198035,0.9169948211177452,0.9169967632188153,0.06511737620230208,0.06475401351528336,0.06475491665423894,0.0647533589596231,0.06475427131537329,0.05104638423655681,0.051479991931095904,0.051480820971114255,0.05148048293808944,0.05148034691829824,0.04347528155597567,0.04347440163198408,0.04347412972023707,0.04347452267231624,0.04347439959944924,0.2514024370866994,0.7516448264812285,0.9272876069325154,0.5987573880332715,0.7327504425241304,0.6050563672439873,0.607332070336548,0.6081826665111773,0.6064567589430275,0.6074262996089991,0.7582506544032301,0.7586505482517378,0.7586505351711901,0.7586507905991063,0.7586507355041248,0.9984352902780953,0.9989665321786744,0.99896656022418,0.9989665260477713,0.9989665421177253,0.8287573851973243,0.8291519994721962,0.8291520655325625,0.8291521849860382,0.8291521652421003,0.13504994753535565,0.11885005454643581,0.12452912679972827,0.11399147491891068,0.11828356753527446
22.914572864321606,0.5245276621068199,0.5239644567764178,0.5239643365808323,0.5239645169253561,0.5239644273716709,0.43304858493592857,0.4331097221130561,0.43310970721136477,0.43310973240270795,0.4331097190592862,0.9209922296136627,0.9214028307406821,0.9214045080207685,0.9214002174193345,0.9214020916998954,0.06337538618956108,0.06301670542385349,0.06301760711588152,0.06301605497862037,0.06301696189675944,0.05405379250061964,0.05454170831049812,0.05454254510888228,0.05454219207042203,0.05454206575797664,0.04264180677653111,0.042640937512962516,0.042640671827228256,0.04264105268331738,0.04264093525901767,0.24435578631452942,0.755831040944633,0.9294232925569639,0.6036749683504954,0.7370663451715938,0.5994481112148472,0.6017378347099624,0.6025957283796861,0.6008561229018857,0.6018328298171753,0.7650859821230789,0.7654999620547155,0.7654999571540089,0.76550019214811,0.7655001516180281,0.999153825865534,0.9995259814100571,0.9995260001034306,0.9995259805464765,0.9995259876889875,0.835608776537337,0.8360064685188404,0.8360065510679086,0.8360066328622744,0.8360066347967862,0.13069159137580677,0.11459995861703946,0.1202441705820904,0.10976839073870882,0.11403672074297468
23.155778894472363,0.5182724601475036,0.517711740343435,0.517711620699921,0.5177117937637364,0.5177117110215363,0.43781414774608585,0.43787574508269034,0.4378757285075761,0.4378757553776209,0.4378757417859358,0.9253213742450154,0.9257178379482937,0.9257194615036191,0.9257153480743514,0.9257171222151483,0.0616367317886668,0.06128276980503512,0.06128365936263682,0.06128212344938907,0.061283024708992544,0.057126372928588146,0.05767058785118989,0.057671432609992586,0.057671082099399126,0.057670948926449035,0.04182435843451818,0.04182349993596076,0.04182324082575532,0.04182361517879601,0.041823497750358186,0.23743538573144427,0.7599660024721437,0.9315017565892049,0.6085673213812237,0.741333709384146,0.5938375657471997,0.5961406763502851,0.5970056649337907,0.5952527964983502,0.5962364137788323,0.7718346281824989,0.7722622448602191,0.772262247857673,0.7722624758203099,0.772262436704193,0.9996539213709827,0.9998703754228002,0.9998703820714466,0.9998703750903858,0.9998703784659361,0.8423261815508019,0.8427265164079791,0.8427266148852526,0.8427266727099798,0.8427266823241116,0.12641604423218847,0.11043826967984958,0.11604549852072739,0.10563566293010629,0.10987850219842463
23.396984924623116,0.5120339311877439,0.5114757963253601,0.5114756869853857,0.5114758432834707,0.5114757670284359,0.44258821251910924,0.44265026022897536,0.44265024507540934,0.44265027056335476,0.4426502566523928,0.9295579385760209,0.9299403294935008,0.9299418990762578,0.9299379169903463,0.9299396374557646,0.05990210623106435,0.05955290138722169,0.0595537926383556,0.05955225946203284,0.05955315453090431,0.060262769406765476,0.06086523387044086,0.06086608341860696,0.06086574358557728,0.06086558366090656,0.041022480387562676,0.041021632908540766,0.04102138008243577,0.04102174345688805,0.04102163076471097,0.23064007810755896,0.7640503459406195,0.9335244926702179,0.6134345931273626,0.7455530918243669,0.5882247069429923,0.5905405678570411,0.5914124444514895,0.5896467546563983,0.5906370237994717,0.7784957366258741,0.7789365304973925,0.7789365401036337,0.7789367448546863,0.7789367244441862,0.9999358732198338,0.9999999999999727,0.9999999999999727,0.9999999999999727,0.9999999999999727,0.8489087443445894,0.8493112838219508,0.8493113966650626,0.8493114148561862,0.8493114496006055,0.12222273190080621,0.10636437581382478,0.11193250527843546,0.10159265787700825,0.1058082989747151
23.63819095477387,0.5058125490944291,0.5052570972114585,0.5052569910409117,0.505257137719106,0.5052570683616622,0.4473709323223568,0.4474334204534692,0.4474334044701987,0.4474334307895702,0.447433416758129,0.9336996488046329,0.9340680318559782,0.9340695484006525,0.9340657291856563,0.9340673613977764,0.05817221951264854,0.05782781233452148,0.05782869443871897,0.057827174739160415,0.05782806397418125,0.06346166477422538,0.06412428850194568,0.06412514295067295,0.0641248115715718,0.06412465207640779,0.04023573378149557,0.04023489723667625,0.04023465074549258,0.04023501174435988,0.04023489509056826,0.22396870545025427,0.7680846986248514,0.9354929551086326,0.6182769174708281,0.7497250414232924,0.5826095110784781,0.5849374820788621,0.5858160379113742,0.584037972448845,0.5850346323812771,0.7850684780641378,0.7855219788869072,0.7855219948486748,0.7855221889737714,0.7855221734479151,0.9999999999999725,0.9999151632867107,0.9999151479467349,0.9999151625587981,0.9999151557728028,0.855355660431771,0.8557599623452845,0.8557600890046733,0.8557600799459323,0.8557601259740718,0.118111081698603,0.10237766530782882,0.10790458813699991,0.09763879129385636,0.10182550092145463
23.87939698492462,0.49960877051365093,0.499056097995225,0.499055997297301,0.4990561327685872,0.49905606968038,0.4521624603630108,0.45222537870685,0.4522253626630941,0.4522253892439432,0.45222537491982906,0.9377441749957655,0.938098616615881,0.9381000773058121,0.9380964115711339,0.9380979672838353,0.056447798978302925,0.056108231841605224,0.0561091079637994,0.05610759971736141,0.056108481942319315,0.06672177936124438,0.06744643328345502,0.06744729248283568,0.06744698220176826,0.06744680503469197,0.03946369612165864,0.03946287037824974,0.03946262951951782,0.039462976261037126,0.03946286831065042,0.21742011065799552,0.7720696792100645,0.9374085614395262,0.6230944365822806,0.7538501025026708,0.576991954586565,0.5793313921302442,0.5802164145706861,0.578426425291538,0.5794292123252213,0.7915520483307844,0.7920177760057957,0.792017798055407,0.7920179774706491,0.792017970578276,0.9998466403452616,0.9996161933537436,0.9996161689522387,0.9996161919423227,0.9996161777040204,0.8616661743148017,0.8620717933926966,0.8620719333643542,0.8620718932680893,0.8620719544307157,0.11408052290536305,0.09847752802959173,0.1039611427287315,0.09377343954454552,0.09792949568195337
24.12060301507538,0.49342303552302735,0.49287323701798336,0.49287314385587666,0.49287326625719424,0.49287320744862606,0.4569629499987026,0.45702628805032797,0.45702627276927654,0.4570262988315649,0.4570262842238017,0.941689128576874,0.9420296973243545,0.9420311018706448,0.9420275756274463,0.9420290682883004,0.05472959028350118,0.054394907284012015,0.05439578116508117,0.0543942808691689,0.0543951559034214,0.07004186828683812,0.07083038588231938,0.0708312501025055,0.07083096348711275,0.0708307652829768,0.03870596015186175,0.03870514512463557,0.03870490983701012,0.03870525446144542,0.03870514330017678,0.21099313672338266,0.7760058989010229,0.9392726924906853,0.62788728727005,0.7579288109383029,0.5713720140610847,0.5737222713870116,0.5746135449302575,0.5728120887661451,0.5738207367214357,0.7979456681564505,0.7984231331979919,0.7984231610310851,0.7984233218926963,0.7984233274603189,0.9994761542307872,0.9991034394265736,0.9991033987997363,0.9991034359449361,0.9991034135889092,0.8678395789242976,0.8682460672237021,0.8682462198871124,0.8682461457231005,0.8682462247037968,0.11013048576801514,0.09466335422314076,0.10010156672916432,0.08999599914845056,0.09411967448487309
24.36180904522613,0.48725576763045036,0.48670893661926273,0.4867088476070745,0.4867089601031237,0.4867089051639679,0.4617725545564012,0.46183630176446555,0.46183628596798465,0.46183631261848573,0.4618362977542862,0.9455320634139277,0.9458588270370115,0.9458601773306433,0.9458568075328457,0.9458582195216882,0.05301835688731918,0.05268860421106944,0.052689469845248006,0.052687983767032924,0.05268885137311608,0.07342072220731541,0.07427490176445543,0.0742757700982876,0.07427550408547065,0.07427528869674922,0.03796213379913684,0.03796132974134307,0.037961099445329514,0.037961434891763096,0.03796132783745595,0.20468662995142337,0.7798939594837517,0.941086691507421,0.6326556059254856,0.7619616969538192,0.5657496662750968,0.5681100934175518,0.569007399665019,0.567194938697559,0.5682091789128649,0.8042485831745603,0.8047372846115362,0.8047373201320394,0.8047374677554795,0.8047374797570158,0.9988889204531328,0.9983772643700466,0.9983772206740296,0.9983772635136644,0.9983772331563455,0.8738752145582839,0.8742821181941193,0.8742822863244156,0.8742821827306307,0.8742822748834249,0.10626040281896319,0.09093453773235537,0.09632526001184659,0.08630586549191206,0.0903954285146445
24.603015075376884,0.48110737459456365,0.48056360262560294,0.48056351996133706,0.48056362031389466,0.4805635695210188,0.46659142740881265,0.46665557278831826,0.4666555573787556,0.46665558365958454,0.46665556853549484,0.9492704722832255,0.9495835019963452,0.9495847990859602,0.949581568461869,0.9495829167628167,0.05131488131649448,0.05099010704359529,0.05099096885024853,0.05098949254255482,0.05099035240846081,0.07685716425557974,0.07777876714628877,0.07777964067189777,0.0777793927617367,0.07777916086561334,0.03723183894021495,0.03723104574212462,0.03723082043311427,0.03723115051840171,0.037231043915544326,0.19849943858846555,0.7837344576246239,0.9428518660988028,0.6373995291163459,0.765949284226847,0.5601248881729896,0.5624948321849514,0.5633979495024489,0.561574951166334,0.5625945125056953,0.8104600632398201,0.8109594927985833,0.8109595362608649,0.8109596662054132,0.8109596893142615,0.9980853379593794,0.9974380603703944,0.9974380061559298,0.9974380618210412,0.997438023736381,0.8797724679701957,0.880179333309689,0.8801795170096377,0.8801793806116631,0.880179489630613,0.10246970770475593,0.08729046911269568,0.0926316237900348,0.08270242989409964,0.08675615031374083
24.844221105527637,0.47497824859047555,0.4744376254688893,0.47443754375855784,0.4744376376068337,0.47443759103237515,0.471419721850019,0.4714842540779322,0.471484236883369,0.4714842650205537,0.4714842495894771,0.9529017871300477,0.9532011569585934,0.9532023999345806,0.9531993457814492,0.9532005936459721,0.049619964912311285,0.04930021881556752,0.04930106474523768,0.04929961090059136,0.04930046240661538,0.08035005038508987,0.08134080373773414,0.08134168208949911,0.08134145109111324,0.08134120968482855,0.03651471124117715,0.03651392889197651,0.03651370823470687,0.036514028870477964,0.036513927082083335,0.19243041543465744,0.7875279807576007,0.9445694900153652,0.6421191903919673,0.769892090469828,0.5544976568785961,0.5568764618767474,0.5577851659082229,0.5559521024708619,0.5569767113725332,0.8165794021181907,0.8170890431169391,0.8170890944738736,0.8170892165933785,0.8170892415503683,0.9970658234549137,0.9962862331068747,0.9962861722553984,0.9962862373369212,0.9962861914393949,0.8855307709969206,0.88593714255497,0.8859373417010625,0.8859371801108813,0.8859372987606355,0.0987578362928787,0.08373054243646581,0.08902006068716777,0.07918509426336422,0.08320123306641322
25.085427135678394,0.46886876732354466,0.4683313808889676,0.4683313092982201,0.4683313875692554,0.46833134532013215,0.47625759135714296,0.47632249863249887,0.4763224835096558,0.4763225096482452,0.47632249387573494,0.9564233734268472,0.9567091614426126,0.9567103503530973,0.9567074042939958,0.9567086204123377,0.04793442916446442,0.04761976293607813,0.04762061366351071,0.047619161901886566,0.047620004527272435,0.08389826811531176,0.08495986393716609,0.08496074727852226,0.08496053246345517,0.08496027073374125,0.03581039947086964,0.03580962756091535,0.03580941143796882,0.03580972663011776,0.035809625853230546,0.1864784193824155,0.7912751094197278,0.9462408040246403,0.6468147281585879,0.7737906269724841,0.548867949634714,0.5512549569310357,0.5521690194122039,0.5503263691403587,0.5513557496580161,0.822605914885426,0.8231252441874582,0.8231253035654245,0.823125400616984,0.8231254439102528,0.995830807625104,0.9949222070673388,0.9949221392387627,0.9949222138869638,0.9949221601805893,0.8911495966685852,0.8915550201087915,0.8915552346639596,0.8915550352756683,0.8915551764629687,0.0951242274910474,0.08025415218761678,0.08548997453963575,0.075753235485777,0.0797300713992011
25.326633165829147,0.46277929303138093,0.4622452298002934,0.46224515798031535,0.4622452312879848,0.46224519472048986,0.48110518888870774,0.48117045924519153,0.4811704417661647,0.4811704704126023,0.4811704542599643,0.9598325366952067,0.9601048220490613,0.9601059553742705,0.9601031968974707,0.9601043025057249,0.04625911518495733,0.04594958235256305,0.045950412782304606,0.045948989050081414,0.045949822024820015,0.08750073270217845,0.08863483186098725,0.08863571979529404,0.08863552083058804,0.0886352527624722,0.035118564249342475,0.035117802805064206,0.03511759086124265,0.035117900264531,0.03511780117214903,0.18064230948031867,0.7949764161905924,0.9478670160511571,0.6514862700059904,0.7776453991606835,0.5432357439668098,0.5456302920658498,0.5465494829401069,0.5446977279397165,0.5457316017758876,0.8285389435651465,0.8290674282622008,0.8290674936640205,0.8290675866922558,0.8290676288071257,0.9943807474879491,0.9933464234560707,0.9933463492038633,0.9933464334806517,0.9933463717156757,0.8966284669954472,0.8970324836420676,0.8970327105758761,0.8970324898569152,0.8970326399925626,0.09156831884275507,0.0768606946531461,0.0820407709210683,0.07240627644215582,0.0763420607230148
25.5678391959799,0.45671017400660757,0.4561795191122148,0.4561794549324434,0.45617951580853694,0.45617948483328363,0.48596266738968674,0.4860282886355578,0.48602827231791873,0.48602830011804893,0.4860282835085163,0.9631265149717064,0.9633853777066497,0.9633864537796447,0.9633838197325177,0.9633848784345808,0.044594884570932934,0.0442905411374456,0.044291370806057724,0.04428995589768652,0.04429077892033643,0.09115638954307308,0.09236462047388837,0.09236551294768189,0.09236532930383129,0.09236503618301513,0.03443887841820336,0.034438127294327534,0.034437919799267414,0.03443822122447467,0.03443812587319295,0.1749209525461904,0.798632466778693,0.9494493026557618,0.6561339542015747,0.7814569055781242,0.5376010175406832,0.5400024422575923,0.5409265272553151,0.5390661558657347,0.5401042423801319,0.8343778513254982,0.834914950309004,0.834915021071164,0.8349150958979293,0.8349151509291843,0.992716113009194,0.9915593412071722,0.9915592599925216,0.9915593497754873,0.99155928510203,0.9019669437409021,0.902369093243186,0.9023693315138052,0.9023690804240694,0.9023692421758723,0.08808955126799467,0.07354956677587095,0.07867185673590019,0.06914358858216388,0.07303659906562464
25.809045226130653,0.4506617448727021,0.4501345818167053,0.45013451788689823,0.4501345738368003,0.45013454862911645,0.4908301796889688,0.49089613928674003,0.4908961206966495,0.4908961511055029,0.4908961340572664,0.9663024772043004,0.9665480005917393,0.9665490189801228,0.9665465734794768,0.9665475206066266,0.04294262036560135,0.04264352409267666,0.042644332334003346,0.04264294738569081,0.04264376016442658,0.09486421135402968,0.09614817197885722,0.09614906289060236,0.0961489007698511,0.09614858793554731,0.03377102601690297,0.033770285219284144,0.033770082035588726,0.033770377808772525,0.03377028391646517,0.1693132205449948,0.8022438193152405,0.9509888093510124,0.6607579070040528,0.7852256396216021,0.5319637481930317,0.5343713827552401,0.5353001257595688,0.5334316301479294,0.5344736464186824,0.8401220233848331,0.8406671879662649,0.8406672638168687,0.8406673344128267,0.8406673886751073,0.9908373910339665,0.9895614351670832,0.9895613439093012,0.9895614421980268,0.9895613717040036,0.9071646297675101,0.9075644503819132,0.9075646995035288,0.9075644269396154,0.9075645959131836,0.08468736719789412,0.07032016717980769,0.07538264063862878,0.0659645952550986,0.06981308434382207
26.050251256281406,0.44463432673479164,0.4441107376001369,0.4441106836563869,0.44411072487563796,0.44411070556808674,0.49570787836208574,0.495774163512971,0.4957741473938805,0.4957741755988466,0.4957741582001289,0.9693575235677308,0.9695897923690134,0.969590754524133,0.9695884039905,0.9695893291903162,0.04130322692048335,0.04100943800311975,0.04101025285505386,0.04100886967212804,0.04100967239948487,0.09862319805305332,0.09998445567830606,0.09998534387975423,0.09998520452141402,0.09998485954525435,0.0331147020539164,0.03311397147120337,0.0331137727002715,0.033114061208159046,0.03311397066772312,0.16381799194299587,0.805811025112663,0.9524866518603239,0.6653582668697707,0.7889520891087183,0.5263239139452712,0.5287370890684842,0.5296702493955523,0.5277941282467176,0.5288397891492315,0.845770866995703,0.8463235409366313,0.8463236215409778,0.8463236697236096,0.8463237418730428,0.988745084202742,0.9873531967963132,0.9873531031969802,0.9873532014578018,0.9873531255389227,0.9122211682286483,0.9126181970808961,0.9126184520235112,0.912618152217263,0.9126183363818684,0.08136121110230317,0.0671718953774061,0.07217253271234672,0.06286866105166684,0.06667091504501255
26.29145728643216,0.43862822771684606,0.43810829305079146,0.43810824020497685,0.43810827595364227,0.4381082625076287,0.5005959157745535,0.5006625133503954,0.5006624953028287,0.5006625258470592,0.5006625081347692,0.9722886821852846,0.9725077841414809,0.9725086880914176,0.9725065197399493,0.9725073357808959,0.03967763095047727,0.039389211563055485,0.03939000558395395,0.03938865229050371,0.039389444957278474,0.10243237512280955,0.1038724679342302,0.10387335322064373,0.10387323645806393,0.1038728757481685,0.03246961183050167,0.03246889144206174,0.03246869696105754,0.03246898169495676,0.032468891561490784,0.15843415113443665,0.8093346282265204,0.9539439155242939,0.6699351550385396,0.7926367355847487,0.5206814929942063,0.5230995369738172,0.524036872816708,0.5221536277742264,0.5232026460372039,0.8513238108734906,0.8518834307446953,0.8518835158033468,0.8518835584863357,0.8518836303674253,0.9864397111828869,0.9849351327074174,0.984935028113191,0.9849351326531636,0.9849350538637163,0.9171362416527453,0.9175300147937626,0.9175302740612967,0.9175299575172858,0.9175301497152099,0.07811052902619503,0.0641041524871986,0.0690409468003543,0.05985522700652381,0.06360949194201604
26.532663316582912,0.4326437432066841,0.4321275421419098,0.4321274959600226,0.43212752088844014,0.4321275132218132,0.5054944439926695,0.5055613405845005,0.5055613235069645,0.5055613535636531,0.5055613355811103,0.975092908594945,0.9752989333336689,0.975299777862279,0.97529773393827,0.975298497956041,0.038066781649722777,0.037783796404950255,0.03778458721804604,0.037783246842720074,0.037784029296858514,0.10629079328229972,0.10781123053713149,0.10781211344033838,0.10781202502525139,0.10781163290161873,0.03183547066688162,0.031834760380846816,0.031834570041059,0.031834845225228565,0.03183476114648027,0.15316058943636385,0.8128151659828731,0.9553616596120553,0.6744887082863501,0.796280055340486,0.5150364637180924,0.5174587025079588,0.5183999675359913,0.5165101067116957,0.5175621928446862,0.8567803049629257,0.8573463002946246,0.8573463894748397,0.8573464162495265,0.8573464979979033,0.9839218056450507,0.9823077650816677,0.9823076565251277,0.9823077596668016,0.982307679302453,0.9219095709629225,0.9222996236748097,0.9222998863017657,0.9222995484661516,0.9222997565976584,0.07493476898980345,0.06111634070541952,0.06598729433263129,0.056923659699783295,0.06062821626789713
26.77386934673367,0.4266811562945099,0.4261687664986549,0.4261687235601423,0.4261687411165928,0.42616873926434706,0.5104036147960828,0.510470796674188,0.5104707787591763,0.5104708101092132,0.5104707919702981,0.9777670829593964,0.9779601229585118,0.9779609087400367,0.9779590247684333,0.9779597000912222,0.03647165157960846,0.03619416725925834,0.03619494271903418,0.03619362752020361,0.03619440017821229,0.11019752721279528,0.1117997903987415,0.11180067024251779,0.11180060907920983,0.11180018008336504,0.03121200335995428,0.031211303136028087,0.03121111695161208,0.03121138891431122,0.031211304293713354,0.14799620476719902,0.8162531687292305,0.9567409139742953,0.6790190499084467,0.7998825185126582,0.5093888046711894,0.5118145619696512,0.5127595079807352,0.5108635432110137,0.5119184055976835,0.8621398199957394,0.8627116135431411,0.8627117065377203,0.8627117240519558,0.8627118087534236,0.9811919163122755,0.9794716305296929,0.9794715078444018,0.9794716190658481,0.9794715375639451,0.9265409146491481,0.9269267814803929,0.9269270464329835,0.9269266911482033,0.9269269076538351,0.07183338069494054,0.058207863791488484,0.06301099072272323,0.05407338548153682,0.05772649136539468
27.015075376884422,0.42074073805596457,0.42023223580217134,0.42023220067791295,0.42023220634324987,0.4202322088096526,0.5153235796145867,0.5153910327557104,0.5153910166442036,0.5153910466276952,0.5153910284500381,0.9803080089726799,0.9804881588984855,0.9804888865455118,0.9804871044827014,0.9804877563922474,0.03489323696912495,0.03462132283586241,0.03462210004122477,0.034620793051875,0.03462155638474414,0.11415167507307412,0.11583721828300156,0.11583809464861064,0.11583805930896299,0.11583760032716632,0.030598943882352812,0.030598253638667052,0.03059807161748946,0.030598335560703918,0.030598255010114084,0.14293990229983097,0.8196491601956607,0.9580826823756589,0.6835263128517295,0.8034445899801739,0.5037384945864468,0.5061670919155625,0.5071154666859929,0.505213915636973,0.5062712605704122,0.8674018471917165,0.8679788551316819,0.8679789516183617,0.8679789512494137,0.8679790475370027,0.9782506061538534,0.9764272802514897,0.9764271563682141,0.976427261975115,0.9764271825907366,0.9310300678036396,0.9314112828517814,0.9314115495157141,0.9314111741512768,0.931411400939928,0.06880581577986372,0.05537812674103253,0.060111452502755236,0.051303783132057384,0.05490372153365961
27.25628140703518,0.4148227479285436,0.414318208079587,0.4143181763697576,0.41431817463096504,0.41431818061311243,0.5202544895227834,0.5203221995865642,0.520322182772787,0.5203222138942726,0.5203221957542723,0.9827124113617083,0.9828797686825965,0.9828804384511967,0.9828788109716465,0.9828793843862921,0.03333255849753424,0.03306628615455043,0.03306704769463721,0.033065766583960335,0.03306651699607641,0.11815235748055838,0.11992260833321913,0.11992348037854071,0.1199234700901238,0.119922982324995,0.029996034936380717,0.029995354616908283,0.029995176727796464,0.029995438390535704,0.02999535604624232,0.13799059431030086,0.823003657381989,0.9593879416569078,0.688010618108312,0.8069667288793257,0.49808551237212884,0.5005162691601944,0.5014678187599635,0.4995612025855362,0.500620734304504,0.8725658978816242,0.8731475300421432,0.8731476297199977,0.8731476200232192,0.8731477194024344,0.9750984522814508,0.9731752791874314,0.9731751433749842,0.9731752534507392,0.9731751775015632,0.9353768613237973,0.9357529582996225,0.9357532265501588,0.9357528493643863,0.9357530687496178,0.06585152764836397,0.05262653609192862,0.05728809842557382,0.04861428474564625,0.052159312798497906
27.49748743718593,0.40892743400680304,0.40842693035391553,0.4084269039913363,0.4084268927224605,0.4084269023143401,0.5251964951926974,0.5252644476804975,0.525264431397043,0.5252644622847631,0.5252644442212433,0.9849769343863654,0.985131597147707,0.985132211063164,0.9851307064767353,0.9851312318043992,0.031790661730879494,0.031530105593169634,0.031530860158879424,0.03152959626332007,0.031530333657497904,0.12219871694280186,0.12405507764868424,0.12405594418838001,0.12405595863674188,0.1240554451588139,0.029403027646721237,0.029402357308359956,0.029402183380275605,0.02940243452405601,0.029402358504598297,0.133147200582989,0.8263171702850908,0.9606576436555926,0.692472096500157,0.8104493890154323,0.49242983711270166,0.4948620707293073,0.49581653739670817,0.4939053828679685,0.49496680359867673,0.8776315031896496,0.8782171619823544,0.8782172648368849,0.8782172426227327,0.8782173494160422,0.9717360453279299,0.9697162033323768,0.9697160616021105,0.9697161744518069,0.9697160998906252,0.9395811610011884,0.9399516716359422,0.9399519422596587,0.9399515669471306,0.939951773613844,0.06296997161880612,0.04995250072239099,0.054540348586593304,0.04600427376318299,0.04949267247766339
27.738693467336685,0.4030550333786314,0.4025586383224982,0.40255861630430595,0.40255859635701924,0.4025586097321347,0.5301497468783127,0.5302179269681491,0.5302179106984359,0.5302179417467979,0.530217923784937,0.9870981395000236,0.9872402084477803,0.9872407684312624,0.9872393936235465,0.9872398636948274,0.03026861784234395,0.030013854913838747,0.03001459909754161,0.03001335584058483,0.030014079808238867,0.12628991702315173,0.12823376435294787,0.1282346235087224,0.12823466411549186,0.12823411784584793,0.028819681185813788,0.028819020845161025,0.02881885074060693,0.028819099791840466,0.028819021587732675,0.1284086483750106,0.8295902030540487,0.9618927149251526,0.6969108705652475,0.8138930188233355,0.48677144806644534,0.4892044739509267,0.49016159759787575,0.4882464355188617,0.48930944550503275,0.882598213685089,0.883187295765301,0.8831874024171869,0.8831873693893687,0.8831874822604996,0.9681639892179082,0.966050644897848,0.9660504989281312,0.9660506164259695,0.9660505405357678,0.9436428667265728,0.9440073230115164,0.9440075946685015,0.9440072209142362,0.9440074263321412,0.060160604842950244,0.04735542984421495,0.051867625177029725,0.0434731700986639,0.046903209383477196
27.979899497487438,0.39720577241797295,0.39671355679257475,0.39671354036472045,0.3967135105782675,0.39671352769845647,0.5351143943779095,0.5351827868222393,0.5351827714557904,0.5351828017717372,0.5351827839024526,0.9890725035422349,0.9892020836940952,0.9892025900099085,0.9892013222253813,0.9892017597291182,0.028767524150730837,0.028518633792166286,0.028519373715893172,0.028518145288546546,0.02851885531118123,0.13042514173331643,0.13245782742600853,0.13245867923122692,0.13245874535328608,0.13245817219090436,0.028245762472030523,0.0282451120596882,0.02824494571814474,0.028245186902321234,0.028245112384449912,0.12377387263948503,0.832823253659714,0.9630940581250936,0.7013270674871281,0.817298061533967,0.4811103246654903,0.4835434564319475,0.4845029735262947,0.4825843397872135,0.4836486373287333,0.8874655990715987,0.8880574963106674,0.8880576065791117,0.8880575603848674,0.8880576807282287,0.9643829007015118,0.9621792102289423,0.9621790629255957,0.9621791818116434,0.9621791045216442,0.9475619116485426,0.9479198470071748,0.9479201192715078,0.9479197476382466,0.9479199471990905,0.05742288637721641,0.04483473374803348,0.04926935192236991,0.04102036928549774,0.044390333691194224
28.22110552763819,0.39137986709394856,0.3908919004228438,0.3908918878586389,0.39089185003360183,0.39089187081465343,0.5400905870134208,0.5401591762581268,0.5401591606925368,0.5401591913670527,0.5401591735112611,0.9908964164709182,0.9910136154606146,0.9910140685682558,0.9910129318979878,0.9910133118093006,0.02728850480730945,0.02704556910156777,0.027046295661830734,0.02704509143454071,0.02704578699278073,0.13460359483642104,0.13672644654449764,0.13672729195141178,0.13672738221171252,0.13672678202415092,0.027681045849818425,0.02768040528833694,0.02768024265717276,0.027680481072643228,0.02768040521202256,0.11924181606929235,0.8360168134562009,0.9642625520963265,0.7057208078226385,0.8206649550843037,0.47544644651380047,0.4778789959938439,0.4788406407976702,0.47691907513928555,0.4779843566277452,0.8922332478480842,0.8928273465578177,0.8928274602937751,0.8928274043328873,0.8928275290859877,0.960393409024414,0.9581025162220738,0.9581023685381463,0.9581024881455816,0.9581024118305,0.9513382613686975,0.951689209454439,0.9516894754697828,0.9516891129113081,0.9516893110720364,0.054756277167537934,0.04238982492121209,0.046744954568147944,0.038645295890171946,0.041953457200930265
28.462311557788944,0.3855775232533706,0.3850938737594492,0.3850938648505766,0.3850938192654986,0.38509384448852435,0.5450784735985564,0.5451472437788709,0.5451472281398269,0.5451472590294107,0.5451472410908516,0.9925661793082688,0.9926711074404407,0.9926715080484669,0.9926704979617791,0.9926708256171197,0.02583271141799308,0.025595815249642582,0.025596529713363833,0.02559534860842119,0.025596028861193457,0.13882449922801168,0.14103882105548654,0.1410396608629849,0.14103977422640807,0.14103914901007747,0.02712531279974241,0.027124681994692715,0.027124523042817542,0.027124752317716314,0.027124681639801897,0.11481142918623181,0.8391713676208659,0.9653990529046765,0.7100922170484425,0.8239941323089912,0.46977979338688713,0.47221107070703805,0.47317457414082253,0.4712506212532751,0.4723165812097112,0.8969007670169548,0.8974964481914097,0.8974965652276872,0.8974964992243782,0.8974966302898466,0.9561961555893157,0.9538211919817116,0.9538210345443061,0.953821165150806,0.9538210857570705,0.9549719131733871,0.9553154080844736,0.9553156647217478,0.9553153144427152,0.9553155111362713,0.052160240063203994,0.04002011736920487,0.044293860541340074,0.0363473487188849,0.039591993178356794
28.7035175879397,0.3797989369101657,0.3793196715294566,0.37931966473427586,0.37931961299494193,0.3793196439190657,0.5500782024157944,0.5501471373491233,0.55014712235175,0.5501471527185016,0.550147134589307,0.9940780018897845,0.9941707724220592,0.9941711213708037,0.9941702161607051,0.9941705117473013,0.02440132371334442,0.0241705547502084,0.024171262142795504,0.02417009930359903,0.02417076411155646,0.1430870963445608,0.14539416951385528,0.14539500459723645,0.14539514001208845,0.14539448977979824,0.02657835166190627,0.026577730529594692,0.026577575220814453,0.026577801834888077,0.026577729994573755,0.1104816704390269,0.8422873951211035,0.9665043941306033,0.7144414165605971,0.8272860209058827,0.4641103452298606,0.46653965888617327,0.467504749218382,0.4655789580196652,0.4666452891305612,0.90146778174515,0.9020644212237934,0.9020645414274127,0.9020644638824109,0.9020646047217108,0.9517917935478972,0.9493358780958361,0.9493357245441376,0.949335851685832,0.9493357716828525,0.9584628952166754,0.9587984715363407,0.9587987179884717,0.958798380717831,0.9587985747113328,0.049634239850463266,0.03772502682516934,0.041915499246315165,0.03412594368784702,0.037305356534696126
28.944723618090453,0.3740442945141815,0.3735694789256327,0.37356947394895085,0.3735694163971987,0.3735694531908357,0.5550899211883327,0.555159004388469,0.5551589894939005,0.5551590198311488,0.5551590013949556,0.9954280005962061,0.9955087292706886,0.9955090281842031,0.9955082394579398,0.9955084922014832,0.022995550241652684,0.02277099918877266,0.022771694375213317,0.022770554856708022,0.022771203324505416,0.14739064554941025,0.1497917287789079,0.14979256003356717,0.14979271663957786,0.14979205247402794,0.026039957361037286,0.026039345786302844,0.026039194130370424,0.02603941413940709,0.02603934526555096,0.10625150619329592,0.8453653690058264,0.967579387681762,0.7187685284322651,0.8305410435764766,0.4584380821570674,0.46086473908859843,0.46183114166494865,0.45990406553751806,0.4609704586920204,0.905933935095241,0.9065309037728649,0.9065310270094625,0.9065309393020631,0.9065310872296533,0.9471809875653817,0.9446472268731522,0.9446470650869682,0.9446471999927623,0.9446471177786318,0.9618112658214067,0.962138458873327,0.9621386968708187,0.9621383714410268,0.9621385584933803,0.04717774322403067,0.03550397047030994,0.03960930188493253,0.03198049129080168,0.03509296373773382
29.185929648241206,0.3683137732760832,0.36784347184878013,0.36784346708184806,0.3678434053701562,0.36784344729280594,0.5601137770819711,0.5601829917119124,0.5601829767169044,0.560183007176462,0.5601829883119589,0.9966121957235687,0.9966810018267207,0.9966812525609801,0.9966805836177,0.9966807919553783,0.021616629096113005,0.02139838948752098,0.021399067238608495,0.021397956141261377,0.021398587091868444,0.1517344237054755,0.15423075384673854,0.15423158214166763,0.1542317588675631,0.1542310678623504,0.02550993118376789,0.025509329051469964,0.025509181049414714,0.025509397646684726,0.025509328716542073,0.10211991106797337,0.848405756207793,0.9686248242088867,0.7230736722293054,0.8337596180319123,0.45276298444412383,0.45518629011346967,0.45615372772399726,0.45422592411384616,0.45529206843985504,0.9102988874713718,0.9108955516890727,0.9108956778553271,0.9108955803614885,0.910895734414477,0.9423644129277824,0.9397559013082705,0.9397557321329142,0.9397558728878059,0.9397557944793099,0.9650171123559098,0.9653354585019778,0.9653356853715253,0.9653353794598795,0.9653355546329874,0.044790218997663195,0.03335636736108844,0.03737470161636871,0.02991041179046379,0.03295423292782645
29.42713567839196,0.3626075418163229,0.36214181735853274,0.36214181252140953,0.36214174801890675,0.3621417937193036,0.5651499168821625,0.5652192456965471,0.5652192298305035,0.5652192609511753,0.5652192415352303,0.9976265061367667,0.9976835107469907,0.9976837206342619,0.9976831828391604,0.9976833374955423,0.02026582916970776,0.020053998474120188,0.020054657109074527,0.020053574278333767,0.02005418641473858,0.15611772518307487,0.1587105161464024,0.15871134314028776,0.15871153912277527,0.15871082461912436,0.024988080661213642,0.024987487453117185,0.024987343351572423,0.024987552632097194,0.02498748774822021,0.09808586937700725,0.851409018379548,0.9696414737605363,0.7273569687318012,0.836942157094908,0.44708503248143544,0.4495042909760169,0.4504724835055498,0.44854451426044023,0.44961009716148054,0.9145623147348876,0.9151580379962404,0.9151581673114912,0.9151580618498969,0.9151582204380729,0.9373427521274661,0.9346625761858236,0.9346623995536804,0.9346625443819466,0.9346624640715248,0.968080548321193,0.9683895879249612,0.9683898052138281,0.9683895146992955,0.9683896802331589,0.0424711391168769,0.031281637450685906,0.035211133491130496,0.02791511748284697,0.030888583883887925
29.668341708542712,0.3569257590184922,0.3564646734794606,0.35646466837072865,0.35646460119137524,0.3564646509334092,0.5701984862805815,0.570267911829096,0.5702678963271112,0.5702679267159506,0.5702679067230647,0.9984667557843616,0.9985120836499829,0.9985122581767293,0.9985118126810214,0.9985119549810496,0.018944449566709924,0.018739127629626148,0.018739771304784828,0.01873871136376302,0.01873930325688135,0.16053985885487387,0.1632303053671961,0.16323113214430646,0.16323134765160802,0.1632306039411658,0.024474218751807778,0.024473634364824002,0.024473494274235914,0.02447370055363509,0.024473635649653134,0.09414836916063214,0.854375610438701,0.9706300862701164,0.7316185378273716,0.8400890687356551,0.44140420693618543,0.44381872096216246,0.44478738540898927,0.44285981669307056,0.4439245238842637,0.9187239138399173,0.9193180533397494,0.9193181858943346,0.9193180693792918,0.9193182335218474,0.9321167068242329,0.9293679351305506,0.9293677458901775,0.9293678993758667,0.9293678200739988,0.9710017210848111,0.9713009922417805,0.9713011974559973,0.9713009244518838,0.9713010805260927,0.04021997452404362,0.029279203612599017,0.03311803451281235,0.025994022711846154,0.028895438088836038
29.909547738693465,0.3512685756435933,0.35081218944327963,0.3508121842220388,0.35081211444582955,0.3508121679340438,0.5752596304592786,0.5753291346443136,0.5753291183618043,0.5753291493718993,0.5753291287935325,0.9991286655176328,0.999162454290195,0.9991625881192523,0.9991622690668426,0.9991623669124573,0.017653820533802805,0.01745510737597596,0.017455731215336882,0.01745470121330428,0.017455271457697086,0.16500015093698972,0.16778942879691636,0.1677902545565794,0.16779048890263817,0.1677897223250998,0.02396816442574203,0.023967589135965892,0.023967452697149685,0.02396765366240439,0.023967591262390467,0.0903064096261773,0.8573059807273903,0.9715913920998498,0.7358584970447304,0.8432007560112184,0.43572048859264867,0.4381295596349114,0.43909841040442704,0.4371718123283196,0.43823532785868374,0.9227833964230427,0.9233753058299587,0.9233754409998107,0.9233753166441777,0.9233754802246533,0.9266869836105767,0.9238726706153028,0.9238724696102237,0.9238726312745862,0.9238725525964057,0.973780801888756,0.9740698435332109,0.974070040293415,0.974069781173684,0.9740699279700475,0.03803620014944975,0.027348491546067905,0.031094843653952233,0.024146551372760817,0.026974219016126875
30.15075376884422,0.34563613403996174,0.3451845065662141,0.345184501397574,0.3451844291355837,0.3451844862392091,0.5803334937989774,0.5804030583108484,0.5804030419372734,0.5804030730213746,0.5804030519708453,0.9996078542974511,0.9996302422726807,0.9996303317069265,0.9996301260608217,0.9996301902661753,0.01639530366528341,0.01620330337030554,0.01620390631462612,0.016202908971552604,0.016203457389550452,0.169497943331561,0.17238720789579473,0.17238803160745403,0.17238828381383475,0.1723874937845807,0.023469742167920544,0.023469176102063685,0.023469043069509653,0.023469240409537694,0.023469178868075556,0.08655899851466065,0.8602005729831276,0.9725261025643217,0.7400769645313529,0.8462776171245636,0.4300338584163793,0.43243678674606456,0.4334055354499867,0.43148048228296654,0.4325424885797406,0.9267404908869284,0.9273295195092174,0.9273296568236721,0.9273295232002583,0.927329690572347,0.9210542988591963,0.9181774865678852,0.9181772755209638,0.9181774442656706,0.9181773692066822,0.9764179885777703,0.9766963408558526,0.976696525016202,0.9766962843598799,0.976696421744336,0.03591929312877326,0.02548892738442987,0.029141001847363,0.022372122131557877,0.025124352072895234
30.39195979899497,0.34002856855529356,0.3395817581877403,0.3395817532614683,0.3395816785705751,0.33958173889795207,0.5854202199696913,0.5854898263460133,0.5854898091003042,0.5854898410669122,0.585489819703671,0.9998998343551845,0.9999109578846116,0.9999110025084793,0.9999109291182753,0.9999109355945842,0.015170293270018306,0.01498511492555466,0.014985695261396089,0.014984732948911063,0.014985260430518373,0.17403259304215543,0.1770229793119396,0.17702379990069825,0.1770240696200585,0.17702326146476813,0.02297878173425764,0.022978224781794364,0.02297809505036079,0.022978286291264763,0.022978227991276065,0.08290515210211326,0.8630598254586453,0.9734349103943449,0.7442740568950232,0.8493200459994873,0.4243442975327339,0.42674038226927063,0.4277087379112366,0.4257858078706455,0.42684598581459476,0.9305949415431031,0.9311804345638016,0.9311805724833524,0.9311804332308118,0.9311806029312176,0.9152193778198806,0.9122830964813229,0.9122828770569072,0.9122830520883809,0.9122829776418101,0.9789135043337409,0.9791807091465082,0.9791808837919365,0.9791806590627764,0.9791807868915346,0.033868732891537155,0.023699938952312417,0.02725595206029585,0.020670159325167175,0.02334526364934887
30.63316582914573,0.3344460058973373,0.3340040698390804,0.33400406584565556,0.3340039882482564,0.3340040494973119,0.5905199521387489,0.5905895815605041,0.5905895654066204,0.5905895963014882,0.5905895747866031,1.0,1.0,1.0,1.0,1.0,0.01398021992170601,0.013801975666785232,0.013802545350999656,0.013801606586417561,0.01380211446194494,0.1786034703359894,0.18169609445125845,0.1816969109015158,0.18169719806270196,0.18169636371557787,0.02249511759968814,0.022494569694519417,0.022494443191452648,0.0224946309133037,0.022494573187116198,0.07934389284554295,0.8658841709987651,0.9743184902279679,0.7484498922284702,0.8523284317910709,0.4186517872010885,0.42104032640548233,0.4220079949786233,0.42008777059477664,0.42114579952830844,0.9343465083276372,0.9349278072445867,0.9349279433111597,0.9349277967958399,0.9349279692172106,0.909182956698311,0.9061902233680016,0.9061899969082742,0.9061901776547856,0.9061901056909643,0.9812675981592051,0.981523198769609,0.9815233617879838,0.9815231536912286,0.9815232729375155,0.03188399984920323,0.021980955743996677,0.025439139367897167,0.01904007782067057,0.02163638232159111
30.874371859296485,0.32888856512800035,0.328451559453979,0.3284515565112624,0.3284514760715059,0.3284515393023608,0.5956328326631748,0.5957024660073815,0.5957024494716164,0.5957024807716774,0.5957024592927129,0.9999036345033503,0.9998926545640308,0.9998926102875678,0.9998927227172608,0.9998926660178513,0.012826548193893287,0.012655353937850878,0.012655904646024625,0.012654998195391795,0.012655487945476829,0.18320995995595285,0.18640591929293426,0.18640673058412152,0.1864070351430048,0.18640618293562103,0.022018589204333364,0.0220180502392526,0.022017926897536923,0.02201810967196794,0.02201805391825625,0.07587425200022893,0.8686740369311853,0.9751774986417757,0.7526045839940321,0.8553031592158664,0.4129563088468362,0.41533659958284785,0.4163032848419648,0.41438635209053165,0.4154419099140324,0.9379949667645305,0.9385714095503065,0.9385715437528196,0.938571394036311,0.9385715664018781,0.9029457799681035,0.8998995990138231,0.8998993671441885,0.8998995529706566,0.899899480292702,0.9834805432104287,0.9837240846098043,0.9837242403051266,0.9837240443978077,0.9837241545234395,0.02996457685490767,0.02033140921507756,0.023690012129031615,0.017481313627767125,0.019997138306007075
31.115577889447238,0.32335635794549306,0.32292433759044087,0.32292433576628665,0.32292425321607715,0.32292431975326397,0.6007590031900776,0.6008286209829417,0.6008286050820693,0.6008286357571614,0.6008286145103008,0.9996059026907644,0.9995840908729356,0.9995840033029892,0.99958419932897,0.9995841042120515,0.011710778990974212,0.011546753945802981,0.011547287993559825,0.01154641179344749,0.011546884719376819,0.1878514599316507,0.19115183378581369,0.19115263890401255,0.1911529610917431,0.19115208717478582,0.021549040576211768,0.021548510473602185,0.02154839024972212,0.021548568752510655,0.0215485142424225,0.07249526828989064,0.8714298452675102,0.9760125763331144,0.7567382486037316,0.8582446083715158,0.40725784404774684,0.4096291824533181,0.410594585233599,0.40868153431844806,0.40973429739406947,0.9415401077268131,0.9421110289968597,0.9421111614036916,0.942111010570912,0.942111179569729,0.8965086014560355,0.8934119640512193,0.8934117280790123,0.8934119186072215,0.8934118465928628,0.9855526368244779,0.9857836656107543,0.9857838092655354,0.9857836299056788,0.9857837307650631,0.028109948468933336,0.01875073261387894,0.02200801774477369,0.015993286050171484,0.018426963858746523
31.35678391959799,0.31784948884899333,0.31742250763792995,0.3174225069746121,0.31742242259086045,0.3174224914818211,0.6058986045475965,0.6059681869932959,0.6059681702745586,0.6059682017510465,0.6059681809409831,0.999101851510562,0.9990693592784443,0.9990692299298248,0.9990695487385293,0.9990693664672103,0.010634449285812798,0.010477716423108858,0.010478225012178948,0.010477387961997027,0.010477846332005625,0.19252738174347675,0.19593323155221834,0.19593402953413197,0.19593436961889188,0.19593348098798674,0.021086320306444032,0.0210857989724132,0.021085681836490466,0.02108585482603837,0.02108580271948552,0.06920598883970279,0.8741520126927914,0.9768243461475965,0.7608509989115102,0.8611531549879594,0.4015563745419957,0.4039180558914293,0.40488187467287384,0.40297329937009113,0.40402294261661026,0.94498173715492,0.9455464683292819,0.9455465991846028,0.9455464468730325,0.945546614438268,0.8898721830912906,0.8867280674810081,0.8867278288298934,0.8867280237444504,0.886727944728345,0.9874841993909507,0.9877022640214083,0.98770239872191,0.9877022324401398,0.9877023245912268,0.02631960150878334,0.017238361125454252,0.020392607733052685,0.014575430394627602,0.016925292983399887
31.597989949748744,0.31236805537838347,0.31194616602377995,0.31194616653346713,0.3119460802011622,0.3119461513319093,0.6110517767966746,0.6111213037434012,0.6111212885375468,0.6111213184404616,0.6111212981194084,0.9983864042569166,0.9983433878689437,0.9983432190579622,0.9983435819512785,0.9983433908666802,0.009599133901820949,0.00944981962835387,0.009450320106686904,0.009449504722719965,0.00944994996439431,0.1972371495362989,0.20074951943314748,0.20075031058073314,0.20075066860404647,0.2007497595394259,0.020630281283783674,0.020629768651102734,0.020629654591992026,0.020629823684456178,0.02062977226630631,0.06600546845842328,0.8768409506797928,0.977613414271693,0.7649429510047825,0.8640291698710209,0.39585188221921364,0.3982032009916649,0.3991651311767105,0.39726162954507865,0.3983078264748319,0.9483196758016866,0.9488775452742897,0.9488776724412858,0.9488775210090341,0.9488776885589131,0.8830372953521223,0.8798486665341735,0.8798484217818882,0.8798486255804434,0.8798485409976975,0.989275574094982,0.989480224839665,0.9894803488071442,0.9894801969622917,0.9894802817197512,0.024593024666115095,0.015793731827320176,0.018843236029314727,0.013227163807990138,0.015491562401477922
31.839195979899497,0.30691214841462516,0.30649540240967454,0.3064954040732865,0.3064953170907837,0.3064953897912851,0.616218659365718,0.6162881101137997,0.616288094449056,0.6162881246879803,0.6162881048912677,0.9974543517119948,0.9974009796031845,0.9974007745649502,0.997401237706106,0.9974009848665495,0.008606448191969662,0.00846468019573829,0.00846515786989864,0.008464378437125348,0.00846480865915914,0.201980199237796,0.20560011713148235,0.2056009024904163,0.20560127712999587,0.20560035745350477,0.02018078039997074,0.02018027661649727,0.020180165641252495,0.020180330215580338,0.020180280004623977,0.06289276875834113,0.8794970655418763,0.9783803711617954,0.7690142146703887,0.8668730199745229,0.3901443490983702,0.39248459906696326,0.39344433405886964,0.3915465073207072,0.3925889300637039,0.9515537587457052,0.9521040922880041,0.9521042155535273,0.9521040655479892,0.9521042343754129,0.8760047176353024,0.8727745263887827,0.8727742756861254,0.8727744882026429,0.8727743961901793,0.9909271265985964,0.9911179151854588,0.991118032194436,0.9911178905562213,0.9911179687565356,0.022929708063879006,0.01441628373360385,0.01735935872230226,0.011947933427913395,0.014125210035374631
32.08040201005025,0.3014818519841386,0.3010702998886197,0.30107030260923867,0.3010702165713382,0.3010702887658991,0.6213993904359955,0.6214687441433785,0.621468729368128,0.6214687585134329,0.6214687391500966,0.9963003713632925,0.996236809211511,0.996236572222265,0.9962370909070188,0.9962368239521099,0.007658042070124543,0.007523954052001268,0.007524415032523471,0.0075236647238136455,0.007524078106191888,0.20675598050236005,0.21048445685657083,0.21048523739473898,0.21048562774470234,0.21048469564007374,0.01973767901596598,0.01973718402097551,0.019737076151952488,0.019737236285106513,0.019737187238790987,0.05986696194326943,0.8821207584921095,0.9791257927641228,0.7730649043643688,0.8696850679792111,0.3844337574046886,0.3867622316463007,0.3877194618627478,0.3858279153391117,0.3868662346947111,0.9546838359061938,0.9552259562900912,0.9552260756642492,0.955225930699864,0.9552260967329785,0.8687752349352507,0.8655064198899078,0.865506163101023,0.8655063829713592,0.8655062904040548,0.9924392430066332,0.9926157236774609,0.9926158286482522,0.9926157018280929,0.9926157736323047,0.021329145324261434,0.013105457831444383,0.01594043312562635,0.010737160990193697,0.01282567574772132
32.321608040201006,0.2960772438386063,0.29567093516911225,0.295670938829188,0.2956708530357429,0.29567092441935716,0.6265941075050885,0.6266633430124421,0.6266633270002769,0.6266633570762772,0.6266633379998213,0.9949190027982929,0.9948454198917541,0.9948451565246285,0.9948457947902749,0.9948454526344694,0.006755607579572379,0.006629337406671733,0.006629763773358495,0.006629059402035263,0.006629454095434248,0.21156395404957312,0.2154019829416507,0.2154027596034327,0.2154031647617802,0.21540222406417556,0.019300842202076035,0.019300355913573534,0.019300251192454675,0.019300406484164173,0.019300359084506863,0.056927126947582236,0.8847124257335783,0.9798502396926855,0.7770951295133448,0.8724656724160891,0.3787200894929373,0.38103608047316273,0.3819904941801769,0.38010583642971363,0.38113972189509915,0.9577097710588246,0.9582429984414974,0.9582431139994719,0.9582429741600512,0.9582431383219374,0.8613496407125855,0.8580451273952434,0.8580448644950219,0.8580450901563291,0.8580449927502048,0.9938123307031884,0.9939740598999424,0.9939741550786326,0.9939740403167036,0.9939741057232611,0.019790831509012053,0.01186069706291457,0.014585919041865012,0.00959429204398968,0.011592401236197324
32.56281407035176,0.29069839553197757,0.2902973787642525,0.29029738326047383,0.2902972989099338,0.29029736749381047,0.6318029472145683,0.6318720430221116,0.6318720284383436,0.6318720566584686,0.6318720377437117,0.9933046500719567,0.9932212203116794,0.9932209374404604,0.9932215934535226,0.9932212803471098,0.005900878108920301,0.0057825676278618334,0.005782982346339531,0.005782299453875814,0.005782673756187108,0.21640359197773917,0.22035215155348492,0.22035292519941566,0.22035334463355474,0.22035239095482578,0.018870138772831745,0.018869661115619,0.01886955959577376,0.018869710987962,0.0188696643641159,0.05407235045753944,0.8872724584861548,0.9805542581786589,0.7811050040628149,0.8752151875930734,0.37300332786624985,0.37530612750325143,0.3762574098729212,0.3743802535992366,0.3754093734084975,0.9606314417876995,0.9611550938674409,0.9611552056504794,0.9611550709947609,0.9611552359005706,0.853728735790402,0.8503914364132196,0.8503911668201175,0.8503913971535288,0.8503912985357502,0.9950468173878559,0.9951933537431298,0.9951934376391602,0.9951933359153067,0.9951933947074004,0.01831426369984518,0.01068144640858099,0.013295278153117374,0.008518747419248253,0.010424830257217162
32.80402010050251,0.28534537258441567,0.284949695164645,0.28494970040154377,0.2849496165328766,0.2849496846374677,0.6370260453116964,0.6370949795818156,0.6370949639485932,0.6370949926479823,0.6370949738072548,0.9914515791440007,0.9913584809475247,0.9913581870814852,0.9913589381730051,0.9913585787700517,0.0050956291403260225,0.0049854243424239724,0.004985804383143558,0.004985164012906537,0.004985516332100275,0.22127437753052062,0.22533443030676345,0.22533520175979685,0.22533563500848064,0.22533467294541248,0.01844544117931065,0.01844497207702331,0.01844487382920078,0.01844502125045326,0.01844497549846953,0.051301727013252196,0.8898012430960235,0.9812383800541457,0.785094634427048,0.8779339637317802,0.3672834551778114,0.36957235490286483,0.37052018930236386,0.3686511500361278,0.3696751711910889,0.963448739277473,0.9639621314547382,0.9639622395214537,0.9639621100033101,0.9639622720603195,0.845913328014682,0.8425461415231305,0.8425458645960556,0.8425460984418723,0.8425459985579915,0.9961431504641849,0.9962740549328826,0.9962741299445954,0.9962740383044925,0.9962740901393707,0.01689894108125727,0.009567152835054146,0.012067974487276593,0.007509984729467817,0.009322408507212696
33.04522613065327,0.28001823465712283,0.279627943012069,0.27962794892936804,0.27962786613321094,0.2796279340325463,0.6422635366334313,0.6423322871646663,0.6423322721170603,0.6423322995226948,0.6423322807789039,0.9893539144520124,0.9892513321432894,0.9892510362894809,0.9892518194649993,0.9892514779258159,0.0043416792609475,0.004239729976378832,0.004240085514735645,0.0042394778692998025,0.00423980435069475,0.22617580478833613,0.2303482981046182,0.23034906801188057,0.23034951487705943,0.23034853998684512,0.018026625383851254,0.01802616478807224,0.01802606962679204,0.01802621297882176,0.018026168510759194,0.04861435896837245,0.8922991609794769,0.9819031233880213,0.7890641329763312,0.880622346962028,0.3615604542296975,0.3638347450495913,0.3647788118397957,0.3629185091043302,0.3639370974112097,0.9661615680783852,0.9666640135809079,0.966664117923671,0.96666399349987,0.9666641525205071,0.8379042320302937,0.8345100438276551,0.8345097586596864,0.8345099968280584,0.834509900459845,0.997101796486521,0.9972166322682366,0.9972166930717299,0.9972166163959365,0.9972166607084848,0.01554436494760899,0.008517265499650987,0.010903474129677336,0.006567429495919524,0.008284583733271114
33.28643216080402,0.27471703570692446,0.2743321751918929,0.27433218183497543,0.27433209949866383,0.2743321663014586,0.6475155550397993,0.6475840990271465,0.6475840822258185,0.6475841108349332,0.6475840921385569,0.9870056378381752,0.9868937734545798,0.9868934495190773,0.9868943798991762,0.9868939630634311,0.0036408904425819875,0.003547346799923736,0.003547653805312094,0.0035471122792919128,0.0035474045342179707,0.23110737856378594,0.23539324584082735,0.23539401354422387,0.23539447392462032,0.23539348501252144,0.017613570786484366,0.01761311889433955,0.017613026240653373,0.017613166066056157,0.017613122896547137,0.04600935680408964,0.8947665879264514,0.9825489926813926,0.7930136059501003,0.8832806794004351,0.3558343079780634,0.35809328056398443,0.3590332580867157,0.3571823143451407,0.3581951344462979,0.9687698458894548,0.9692606559666684,0.9692607564829477,0.969260637073116,0.9692607923139619,0.8297022687138911,0.8262839489997794,0.8262836567337581,0.826283900122175,0.826283799838548,0.9979232404013931,0.9980215719619849,0.9980216208433245,0.9980215577868173,0.998021593887016,0.014250038911363679,0.007531236902010454,0.009801245424526405,0.005690537127537851,0.007310805707066802
33.527638190954775,0.26944182410114276,0.2690624391873881,0.2690624466160835,0.2690623656208493,0.2690624304339863,0.6527822331675538,0.6528505477007315,0.6528505325219622,0.6528505591964451,0.652850540519727,0.984400596834657,0.9842796472838989,0.9842792677201259,0.9842802352703474,0.9842798708152187,0.002995165419239448,0.0029101850844232423,0.0029104795777253668,0.0029099743610013174,0.002910228942869532,0.23606861496762993,0.24046877406782094,0.24046953851102357,0.2404700124765936,0.2404690113610806,0.017206160312270305,0.017205717100054294,0.01720562657405705,0.01720576341722906,0.01720572126650053,0.04348584070034845,0.8972038956689427,0.9831764793037313,0.7969431650920161,0.8859092991897197,0.350104999560708,0.3523479442434618,0.35328350775183504,0.35144254947291975,0.3524492648819578,0.9712735033473631,0.9717519872013893,0.9717520838115724,0.9717519693521612,0.9717521213797343,0.8213082633268,0.8178686703976848,0.8178683726597823,0.8178686212549331,0.8178685183752114,0.9986079839474375,0.9986893791126564,0.9986894169819452,0.9986893680998978,0.9986893952089791,0.013015469831633859,0.006608520697079531,0.008760758900744308,0.0048787331503226,0.006400526257867542
33.768844221105525,0.26419264296214323,0.26381877716644087,0.2638187854153903,0.26381870498864407,0.26381876861997444,0.6580637029797165,0.6581317648693447,0.6581317487670046,0.6581317762637732,0.6581317576032272,0.9815324745137928,0.9814026389957383,0.98140220259874,0.9814033034433942,0.9814028857135247,0.002406456984614822,0.0023302030071683934,0.002330459070427462,0.0023300172004924115,0.002330235998596745,0.24105903897838774,0.24557439316474175,0.24557515333918803,0.24557564105755192,0.24557462866312207,0.01680427978100461,0.016803845169809928,0.01680375672479557,0.016803890703410575,0.0168038493959888,0.04104293654650953,0.899611451626602,0.9837860618104142,0.8008529136531717,0.8885085405418401,0.34437251222571363,0.3465987190750537,0.34752954218727955,0.3456991983755502,0.3466994715094429,0.9736724836125461,0.9741379486604601,0.9741380413395361,0.9741379317944799,0.9741380773028323,0.8127230491322701,0.8092650282798418,0.8092647265455409,0.8092649805565989,0.8092648721048333,0.9991565474790859,0.9992205769183933,0.999220606481122,0.9992205691772847,0.9992205879216752,0.011840165594658114,0.005748572144428303,0.007781487300085774,0.004131485391918032,0.005553199302780239
34.01005025125628,0.2589695302255902,0.2586012261015435,0.2586012351904223,0.2586011557532531,0.2586012178044799,0.6633600955321804,0.6634278812468145,0.6634278664144483,0.663427892724408,0.6634278740312223,0.9783947950564,0.9782562781010069,0.9782557886708558,0.9782569251266893,0.9782565363936828,0.001876766199400445,0.0018094062159663717,0.0018096462185272627,0.0018092449104965993,0.0018094316047208936,0.2460781850467195,0.25070962351655235,0.2507103784586133,0.2507108802046232,0.25070985835587123,0.016407818016154943,0.0164073919301076,0.016407305603670524,0.01640743581890731,0.016407396121283335,0.03867977743607397,0.9019896186294661,0.9843782062577809,0.8047429618799143,0.8910787337945801,0.33863682935780376,0.34084558824684974,0.34177134159040806,0.33995224511140315,0.34094573732416,0.9759667422870465,0.9764184943149622,0.9764185830832706,0.9764184784517882,0.9764186169182427,0.803947465768811,0.8004738488313985,0.8004735443902239,0.8004738042831141,0.8004736944737023,0.9995694686576065,0.9996157056952569,0.9996157238128143,0.999615700895907,0.999615712315066,0.010723635977498928,0.004950848623878963,0.0068629056319942225,0.00344822404140303,0.004768280848643285
34.25125628140703,0.2537725187718037,0.25340981792281275,0.2534098277967449,0.2534097489651326,0.25340980989012046,0.6686715408977768,0.6687390265636025,0.6687390104225823,0.6687390382830484,0.6687390194961641,0.9749809227707336,0.9748339343790473,0.9748333957393936,0.9748346870418197,0.9748341916767038,0.0014081426319389881,0.0013498489716923104,0.001350038244118738,0.0013497117616978972,0.0013498703046711837,0.25112559707601695,0.2558739952458574,0.2558747440348416,0.2558752601731786,0.2558742284654554,0.016016666801080322,0.01601624916715924,0.016016164987965674,0.01601629185564392,0.01601625323764664,0.036395504056736055,0.9043387549784834,0.9849533665592851,0.8086134129782817,0.8936202054546761,0.33289793448501886,0.33508853514609055,0.3360088875269619,0.33420167390855143,0.33518804552371434,0.9781562472206158,0.9785935905108162,0.9785936753914954,0.9785935757494332,0.9785937071054351,0.7949823586296803,0.791495963966351,0.7914956578944368,0.7914959244172525,0.7914958064169885,0.9998473016949597,0.9998753223730142,0.9998753304485668,0.9998753201607464,0.9998753253248944,0.00966539289994884,0.0042148096515222735,0.006004491135093577,0.002828414354806073,0.004045229017345787
34.49246231155779,0.24860163657477705,0.2482445796668208,0.24824459012311526,0.24824451261515232,0.24824457188726948,0.6739981681530209,0.6740653295538113,0.6740653156460079,0.6740653416445805,0.6740653227794409,0.9712840581270225,0.9711288139159383,0.9711282299011266,0.9711295027934289,0.9711290569686446,0.001002685522165237,0.0009536353160419769,0.0009538194644601384,0.0009535218099451443,0.0009536563347739327,0.2562008281716698,0.26106704795465097,0.2610677897324353,0.2610683206639801,0.2610672785945471,0.015630720781117605,0.015630311528986328,0.015630229517562662,0.015630352932736492,0.015630315401482374,0.034189264643219495,0.9066592145044895,0.985511984788774,0.8124643765119057,0.896133278225019,0.327155811277627,0.32932754335731856,0.33024216053882227,0.3284474691629611,0.32942637950700254,0.9802409782958411,0.9806632157515752,0.9806632968080137,0.9806632022668282,0.9806633264378615,0.7858285786667362,0.7823322111327748,0.7823319043947946,0.7823321784300662,0.7823320529170937,0.999990616860962,0.9999999999999983,0.9999999999999983,0.9999999999999983,0.9999999999999983,0.008664950430372065,0.0035399168962876636,0.00520572331140871,0.0022714871299734543,0.003383504095920351
34.73366834170854,0.243456906847269,0.24310553362150542,0.24310554465178363,0.24310546831787616,0.2431055260572169,0.6793401053655737,0.6794069179423793,0.6794069031418936,0.6794069303751192,0.6794069114821575,0.9672972336930702,0.9671339550439367,0.9671333294849466,0.9671347134244442,0.9671341765701378,0.0006625449747663982,0.0006229202660024321,0.0006230613979352323,0.0006228300918194496,0.0006229428405816162,0.26130344039874825,0.26628833047467787,0.266289065500352,0.2662896106339368,0.2662885580703276,0.015249877369533954,0.015249476431383698,0.01524939660084371,0.015249517048959082,0.015249480036346673,0.032060214929367836,0.9089513466263646,0.9860544914679142,0.8162959526778113,0.8986182706119779,0.32141044354704423,0.3235625966605482,0.32447114293135637,0.3226896154376561,0.3236607228929403,0.9822209272164395,0.9826273604843857,0.9826274377411958,0.9826273483763385,0.9826274653206005,0.7764869821985572,0.7729834331223524,0.7729831264156409,0.7729834069194039,0.7729832729144633,0.9999999999999983,0.9999903272575459,0.9999903196246558,0.999990329079275,0.9999903249754382,0.0077218247913257675,0.002925634196026801,0.00446608396584623,0.0017769205982520232,0.0027825693041128386
34.97487437185929,0.23833834818207977,0.23799269746726404,0.23799270905070077,0.23799263424293585,0.23799269007083626,0.6846974795819203,0.6847639184331938,0.6847639051043874,0.6847639310935718,0.6847639122644196,0.9630133099684233,0.9628422241795963,0.9628415608887333,0.9628429329134588,0.962842431582413,0.0003899231804663047,0.0003599110385805941,0.0003600404089230409,0.0003598438480153363,0.0003599339713257808,0.2664330045476573,0.2715374006260635,0.271538129721645,0.27153868796856806,0.2715376259207652,0.014874036657167827,0.014873643967570859,0.014873566324286856,0.01487368278982074,0.01487364724264371,0.030007518099424844,0.9112154964083867,0.9865813050341667,0.8201082496544986,0.9010754977436393,0.31566181524476755,0.31779367902945105,0.3186958157085284,0.3169280974903163,0.31789105948206975,0.9840960972986149,0.9844860268890696,0.9844861004041917,0.9844860161454162,0.9844861258266125,0.7669584307227669,0.7634504778840209,0.7634501718352148,0.7634504565888279,0.7634503202204018,0.9998760520571012,0.9998469079838732,0.9998468905218204,0.9998469112252417,0.999846903365505,0.0068355343649365,0.0023714275731643378,0.003785058297220453,0.0013441499910196864,0.0022418895168714466
35.21608040201006,0.2332459746896083,0.23290608441433733,0.23290609597572554,0.23290602305165045,0.23290607715619951,0.690070416815594,0.6901364566970797,0.6901364419315428,0.6901364694533559,0.6901364507230071,0.9584249711145704,0.9582463115580186,0.9582456143122818,0.9582471414343425,0.958246523725172,0.00018707566694916585,0.00016686830427259033,0.00016693375069257724,0.00016682377917119544,0.00016688778754024857,0.27158909990755303,0.27681382498388535,0.2768145489061318,0.27681511936724174,0.27681404848123947,0.014503101325590753,0.014502716821363493,0.014502641365585503,0.01450275476248945,0.014502719757041371,0.028030344738813395,0.9134520046167566,0.9870928335130155,0.8239013676806298,0.9035052711265384,0.3099099104613145,0.3120207746295597,0.31291616137132106,0.3111629002251833,0.3121173732699919,0.985866503265458,0.9862392286702725,0.986239298429039,0.9862392192214662,0.9862393219325554,0.7572437907323502,0.7537341983416657,0.7537338932563161,0.7537341803743596,0.7537340382572993,0.9996193886132552,0.999570360707208,0.9995703325486992,0.9995703649585288,0.9995703532621648,0.006005599698035092,0.0018767652498990438,0.003162133214658212,0.0009726507982086995,0.0017609317392046214
35.45728643216081,0.22817979613179729,0.2278457033365803,0.22784571412826526,0.22784564388269535,0.22784569621135092,0.6954590420360217,0.6955246573608138,0.695524644965102,0.6955246700645267,0.6955246514809023,0.9535247205785499,0.953338726860625,0.953337999383674,0.953339467198394,0.9533389503395406,5.631258102273342e-5,4.6107471296714414e-5,4.616834999786664e-5,4.608532883916341e-5,4.611941083173282e-5,0.2767713140471412,0.2821171786523966,0.2821178980966674,0.28211847998366324,0.2821173997811124,0.014136976563630593,0.014136600183705682,0.014136526910132705,0.014136636909090788,0.014136602882265032,0.02612787278447722,0.9156612077753844,0.9875894747515958,0.8276754142489169,0.9059078988339553,0.3041547134251768,0.30624386781648805,0.3071321612655309,0.3053940086920311,0.3063396484362835,0.9875321710443136,0.9878869908526282,0.9878870568602862,0.9878869825757893,0.987887078062373,0.7473439335360441,0.7438354522157676,0.7438351483316047,0.7438354360111042,0.7438352924941338,0.999230639429748,0.9991613181880176,0.9991612826673515,0.999161323035733,0.9991613073322809,0.005231543507066276,0.0014411176629570098,0.002596797344013004,0.0006618591806862651,0.0013391648926776847
35.69849246231156,0.22313981805255415,0.22281155890171508,0.22281156895274618,0.22281150130893082,0.22281155186121393,0.7008634791574636,0.7009286439962031,0.7009286301150608,0.7009286564831646,0.7009286381063968,0.9483048766072948,0.9481117947337748,0.9481110406764138,0.9481126382701542,0.9481120374176252,0.0,0.0,0.0,0.0,0.0,0.2819792426026117,0.2874470450465621,0.2874477606504913,0.28744835332372815,0.28744726508076357,0.013775569987105076,0.013775201672411775,0.013775130570718745,0.013775238035698193,0.013775204234431076,0.024299287474592552,0.9178434382208492,0.9880716162230989,0.8314304865044495,0.9082836853794415,0.29839620850177984,0.30046294313416844,0.3013437986313181,0.299621408100698,0.3005578693519246,0.989093137567082,0.9894293495788705,0.9894294117917436,0.9894293423015569,0.989429431044078,0.7372597350824246,0.7337551018488064,0.7337547991653187,0.7337550858584982,0.733754940328125,0.9987104480013991,0.9986204269701779,0.9986203777170047,0.9986204320003907,0.9986204120246589,0.004512890682756769,0.001063957477906987,0.0020885416223827336,0.00041126447276595393,0.0009760601085830764
35.93969849246231,0.21812604190475193,0.217803651698165,0.21780366103431792,0.21780359596783527,0.21780364463791718,0.7062838510288229,0.7063485391098311,0.7063485263931688,0.7063485512009675,0.706348533102746,0.9427575676499663,0.9425576501954885,0.9425568731145817,0.942558448639684,0.9425579210502364,2.0561276762205346e-5,3.09747516526033e-5,3.095507552942271e-5,3.099670242588311e-5,3.0958286099073215e-5,0.2872124890724509,0.2928030156806776,0.2928037176768624,0.29280433099649217,0.29280323538289993,0.013418791561622453,0.013418431254974857,0.013418362310298618,0.013418466060049634,0.013418433774840519,0.022543781298228385,0.9199990241566284,0.9885396353503518,0.8351666907101912,0.9106329317601883,0.2926343801924552,0.294677985313106,0.2955510552433839,0.2938450838173598,0.2947720205775471,0.9905494505733876,0.9908663519108828,0.9908664102520948,0.9908663454147066,0.9908664270184527,0.7269920757878814,0.7234940140344365,0.7234937123185877,0.7234939967293653,0.723493853492803,0.9980594711185512,0.9979483469409275,0.9979482859999307,0.9979483517427127,0.9979483271782369,0.0038491682945760502,0.0007447596030714123,0.0016368592354245933,0.00022030678504705699,0.0006710907421170474
36.18090452261307,0.21313846517389223,0.21282197835855426,0.21282198702060123,0.21282192451473034,0.2128219713342292,0.711720279423503,0.7117844641329288,0.7117844494043852,0.7117844756353384,0.7117844578607909,0.9368747276454596,0.9366682339274603,0.9366674372631895,0.9366692028940898,0.9366685428809411,0.00012047841639806809,0.00014151936699438326,0.00014141147784562858,0.00014156313333535265,0.00014148331461129814,0.29247066461876864,0.29818468996376446,0.29818538250076027,0.298186012967746,0.2981849107759893,0.013066553528313058,0.013066201174305552,0.013066134367693102,0.013066235762153402,0.013066203819564767,0.020860553944350935,0.9221282897065691,0.9889939001399412,0.8388841241151256,0.9129559354997075,0.2868692131334219,0.2888889792686489,0.28975391452414156,0.28806502134712925,0.2889820868617041,0.9919011684165722,0.9921980556335576,0.9921981098388201,0.9921980496576934,0.9921981249726599,0.7165418403681175,0.713053059850276,0.7130527575076494,0.7130530397225591,0.7130528957408999,0.9972783784376139,0.9971457508994416,0.997145678980804,0.9971457550679793,0.9971457256867109,0.0032399055949441586,0.00048300120295427355,0.001241245113656263,8.847264987375735e-5,0.00042373238630112836
36.42211055276382,0.2081770814995973,0.20786653171756206,0.20786653976545102,0.20786647977815514,0.2078665247674809,0.7171728850232603,0.7172365392194954,0.7172365266351688,0.7172365505112847,0.717236532647133,0.9306480916848834,0.9304353018301126,0.9304344745008472,0.930436173685333,0.9304356538412059,0.0003022933356320682,0.0003341772324378758,0.00033405892848107895,0.0003342471913404041,0.0003341208379313028,0.2977533878970552,0.3035916756687535,0.3035923552064409,0.3035930065300581,0.30359189571888096,0.01271877033724497,0.01271842602103261,0.012718361186093865,0.012718459631841778,0.012718428864064475,0.01924881229756759,0.924231554415406,0.9894347680109083,0.8425828923418808,0.9152529906899171,0.28110069209560234,0.28309591012174945,0.2839523585792946,0.28228120639305043,0.2831880531391568,0.9931483598660398,0.9934245288546566,0.9934245787310348,0.9934245233060623,0.9934245912230959,0.7059099176184909,0.7024331128813959,0.7024328093493438,0.7024330900591662,0.702432946842443,0.9963678520174267,0.9962133228553055,0.996213237657873,0.9962133272733954,0.9962132917391665,0.002684634051154124,0.0002781626285183341,0.0009011978823980166,1.520315801131972e-5,0.0002334628855207617
36.663316582914575,0.20324188084163855,0.20293730091863968,0.20293730838532165,0.20293725078179153,0.2029372940349706,0.722641787164597,0.7227048834304087,0.722704868962251,0.7227048950712947,0.722704876713671,0.9240692098088874,0.9238504077756243,0.9238495278136647,0.9238514274502702,0.9238507939005098,0.0005686035346922583,0.0006115527445215797,0.0006113516590889696,0.0006116566565890006,0.0006114798869754003,0.3030602856639202,0.30902358804637886,0.30902425880592393,0.30902492630285927,0.3090238083112919,0.012375358753779628,0.01237502251162999,0.012374959397828228,0.012375056056718299,0.012375025474450919,0.017707772093218492,0.9263091338602191,0.9898625875591587,0.8462630893743581,0.9175243880327257,0.27532880201376675,0.27729876317434626,0.27814637158346633,0.2764936247914053,0.2773899045291764,0.9942911036557263,0.9945458499401724,0.9945458954858538,0.9945458449777747,0.9945459065763077,0.6950971982173518,0.6916350505843392,0.6916347468221493,0.6916350269221192,0.6916348822838695,0.9953285843011829,0.9951517587605216,0.995151658178234,0.9951517652653963,0.9951517225232894,0.002182888374807586,0.00012972653082863442,0.0006162178435177357,0.0,9.97623486307251e-5
36.904522613065325,0.19833284954876343,0.19803427147308378,0.1980342783887363,0.19803422312293545,0.1980342646280775,0.7281271042160598,0.7281896149287395,0.7281896017044723,0.7281896268838055,0.7281896082126942,0.9171294149346605,0.9169048823756054,0.9169039510736732,0.9169058402602622,0.9169052937512012,0.000922071904885927,0.0009763177876292011,0.0009760937003566709,0.0009764562651015348,0.0009762292803143547,0.3083909913153196,0.31448004894844817,0.31448070294364033,0.3144813942225874,0.31448026808998314,0.012036237505643223,0.012035909275442102,0.01203584787174157,0.01203594104887372,0.012035912286784132,0.01623665517835357,0.9283613402826252,0.9902776983189436,0.8499248198046442,0.919770414881025,0.2695535279380028,0.2714975238841131,0.27233593603209877,0.270702262530198,0.2715876263338627,0.9953294886190209,0.9955621075882565,0.9955621488079524,0.9955621034452538,0.9955621573793288,0.6841045776707713,0.680659755885324,0.6806594527078328,0.6806597332991778,0.6806595873320541,0.9941612800885881,0.9939617675291703,0.9939616543528911,0.9939617760167591,0.9939617269345773,0.0017342049271653916,3.717689207201419e-5,0.0003858076184671032,4.2307469445122654e-5,2.2113161637419415e-5
37.14572864321608,0.19344997044592968,0.19315742539635378,0.19315743178826156,0.1931573787893853,0.19315741854337884,0.7336289535706629,0.7336908507669644,0.733690836156529,0.7336908629701181,0.7336908441861629,0.9098198159065018,0.9095898419895878,0.9095888633637983,0.9095909401398551,0.9095902698816133,0.0013654287732233574,0.0014312088556120396,0.001430897366866667,0.0014313816943393215,0.0014311060973100345,0.3137451447317693,0.3199606873698889,0.3199613318277842,0.3199620393629414,0.31996090651321324,0.011701327226742197,0.011701006948377871,0.011700947265480004,0.011701038494371352,0.011701009943242992,0.01483468945127336,0.9303884820500812,0.990680430975586,0.8535681778656865,0.9219913552791581,0.2637748550326198,0.2656921778868505,0.26652103625509843,0.2649071057487631,0.2657812040364769,0.9962636135748856,0.9964734004674995,0.9964734373646708,0.9964733974501186,0.9964734447080619,0.6729329562431698,0.6695081153636695,0.669507813437975,0.6695080958292219,0.669507943132176,0.9928666562603388,0.9926440693539621,0.9926439488931367,0.9926440794885828,0.9926440251405584,0.0013381217046063874,0.0,0.00020947218801343456,0.0001416239373279458,0.0
37.38693467336683,0.18859322295965664,0.18830674131631683,0.18830674720876334,0.18830669651751236,0.1883067343908523,0.7391474515024868,0.7392087068791247,0.739208694544141,0.7392087192714512,0.7392087005577881,0.9021313017981102,0.9018961834054859,0.9018951614048726,0.9018971284758541,0.9018966192578782,0.0019014704879713271,0.0019790286058988184,0.001978717598087525,0.00197923564585642,0.001978913748268799,0.319122392558548,0.32546513927433685,0.3254657686782991,0.3254664977607324,0.3254653552802099,0.0113705504961576,0.011370238111414584,0.011370180155008562,0.011370268269218923,0.011370241030645248,0.013501109754542228,0.9323908637057313,0.9910711075968062,0.8571932673650082,0.9241874900028944,0.2579927685918871,0.259882710994841,0.26070165510004184,0.25910814073636235,0.2599706232997921,0.9970935870308112,0.9972798370342848,0.9972798696037226,0.9972798355205341,0.9972798747530935,0.6615832377109829,0.658181019101028,0.6581807189436999,0.6581810046516737,0.6581808451977187,0.9914454405483103,0.9911993953153051,0.9911992632345211,0.9911994067604659,0.9911993481904995,0.0009941789042557788,1.768445944918832e-5,8.671889890155098e-5,0.0002973957221914918,3.2909840496619426e-5
37.62814070351759,0.1837625832235735,0.18348219457864887,0.18348219999282248,0.18348215162954765,0.18348218750260728,0.744682713159117,0.7447432980733105,0.7447432844825072,0.7447433106029947,0.7447432921207714,0.894054536453452,0.8938145783857551,0.8938135168692345,0.8938156576485274,0.8938150138740848,0.0025330610080740003,0.0026226474528817877,0.0026222463047376986,0.0026228885857339014,0.0026225225592026364,0.3245223880415452,0.33099304742499885,0.3309936681255006,0.3309944122471271,0.33099326275098606,0.011043831778879755,0.01104352723133904,0.011043471002535629,0.011043557346171172,0.011043530021216913,0.012235157823272782,0.9343687860176474,0.9914500418579897,0.8608001793211358,0.9263590965865113,0.2522072540390717,0.2540691091952159,0.25487777762373487,0.2533053539308054,0.2541558699650149,0.9978195270046759,0.9979815353527223,0.9979815635734898,0.9979815357618415,0.9979815687313472,0.6500563292140905,0.6466793605339652,0.6466790625085171,0.6466793531035198,0.6466791866314652,0.989898371154241,0.989628486998266,0.9896283419364413,0.9896284994196801,0.9896284376327777,0.000701918926926344,8.972120334826949e-5,1.70574703111579e-5,0.0005091364684938302,0.00012033199542110203
37.86934673366834,0.17895802418120077,0.1786837573494698,0.17868376230338368,0.17868371577214956,0.17868375009070236,0.7502348525544263,0.7502947380244424,0.7502947255158745,0.7502947506467378,0.7502947324076528,0.8855799528912038,0.8853354680772704,0.8853343707887497,0.8853364835530592,0.8853358951663808,0.0032631335320651494,0.003365005200663383,0.0033645723109304304,0.0033652803774965683,0.0033648722276910965,0.32994479086818773,0.33654406122081837,0.33654466379647496,0.3365454322840816,0.33654427376059143,0.010721097368698985,0.01072080060364445,0.010720746099378257,0.010720828705708021,0.010720803215515877,0.011036082233500284,0.936322546027363,0.991817539261434,0.8643890163755656,0.9285064490441125,0.24641829692548436,0.24825135864833814,0.24904938708034058,0.24749873191708327,0.24833693006454816,0.9984415608491226,0.9985786229171442,0.9985786467458376,0.9985786252121243,0.9985786523974597,0.6383531411103074,0.63500403630951,0.6350037406241295,0.63500403524703,0.6350038619257361,0.9882261963760255,0.9879320961171705,0.9879319412628146,0.987932109185583,0.9879320451398862,0.0004608863798588841,0.0002156035033626805,0.0,0.0007762967148375137,0.0002617587146415435
38.11055276381909,0.17417951568603493,0.17391139871528719,0.1739114032237115,0.1739113591186796,0.17391139126288294,0.7558039825619003,0.7558631392677041,0.7558631260893497,0.7558631519446847,0.7558631338889229,0.8766977475693449,0.8764490572814981,0.8764479278230181,0.8764501617944847,0.8764494703294127,0.0040946921667243215,0.004209112715079157,0.004208598712528457,0.0042094219555702545,0.0042089728653878535,0.33538926701321997,0.3421178365375822,0.3421184310383767,0.34211921380580057,0.34211804867405654,0.01040227533316167,0.010401986297492102,0.01040193351089434,0.010402014489822012,0.010401988687418076,0.009903138350364216,0.9382524370977667,0.9921738972323586,0.8679598707320104,0.9306298184393862,0.2406258829295357,0.242429445686201,0.24321646852865714,0.2416882614309671,0.24251378979622035,0.9989598250784192,0.999071236477086,0.9990712558414351,0.9990712404138415,0.9990712613374727,0.6264745868328832,0.6231559461436716,0.6231556528492685,0.6231559498816738,0.6231557707992645,0.9864296742414601,0.9861109841476975,0.9861108202158962,0.9861109975415522,0.9861109319774827,0.0002706280792504923,0.0003948269801366232,3.506117105967813e-5,0.001098381995757642,0.0004566842250676736
38.35175879396984,0.16942702459900993,0.16916508478031753,0.1691650888547236,0.16916504662109463,0.16916507734899347,0.7613902149080884,0.7614486131920403,0.7614486015397152,0.7614486258925997,0.7614486079510069,0.8673978745063752,0.8671453085814459,0.8671441503842469,0.8671463010002821,0.8671457151640539,0.005030813638087248,0.00515805363786263,0.005157517619918905,0.005158397039026829,0.005157904033308106,0.3408554885892211,0.3477140355739696,0.3477146149307633,0.34771541906501513,0.34771424344252033,0.010087295460504537,0.010087014102651039,0.010086963023395177,0.010087040923913335,0.010087016239106223,0.008835588276508403,0.9401587489603251,0.9925194048817182,0.8715128427256617,0.9327294728818479,0.23482999785580022,0.2366033568108424,0.2373790058156705,0.23587392937705556,0.23668643552365165,0.9993744651977352,0.9994595218647474,0.9994595366575173,0.9994595254136651,0.9994595412231627,0.6144215827508382,0.611135992682892,0.6111357016713126,0.6111359968150212,0.6111358143066782,0.9845095721493262,0.984165921966348,0.9841657489844934,0.9841659353742799,0.9841658679681824,0.00013069305257553096,0.0006268896131643229,0.00012175905825834789,0.0014748533289575204,0.0007046048051947709
38.5929648241206,0.1647005148834025,0.16444477876125502,0.16444478240976929,0.16444474280132632,0.1644447714294552,0.7669936601666149,0.7670512700341496,0.7670512576832098,0.7670512827338616,0.7670512648285196,0.8576700392555527,0.8574139363217848,0.8574127526151771,0.8574150621834135,0.8574143478313989,0.006074649042115996,0.006214986141940666,0.006214347575022857,0.0062153638877240165,0.006214822722242026,0.34634313370165126,0.3533323267021956,0.3533328983177707,0.3533337164839341,0.3533325349495902,0.009776089208484972,0.00977581547833328,0.009775766092955177,0.009775842488214443,0.00977581741801178,0.007832700800429731,0.9420417677616675,0.9928543444047914,0.8750480227482471,0.934805677404003,0.22903062763408905,0.2307730786927747,0.2315369844871224,0.23005572277743783,0.23085485378196613,0.9996856355348198,0.9997436338248628,0.999743643898073,0.999743636514564,0.9997436468386126,0.6021950480322358,0.5989450813682499,0.5989447923708242,0.5989450841400153,0.598944905745538,0.98246666651767,0.9820976894971538,0.9820974990537071,0.9820977026203329,0.9820976327746924,4.063254074012729e-5,0.0009112917502603305,0.00025961310708573656,0.0019052243203460614,0.0010050190882813792
38.83417085427136,0.15999994769724865,0.15975044107955289,0.15975044430692273,0.15975040623064848,0.15975043393211066,0.772614427752484,0.7726712188728995,0.7726712069037764,0.7726712315538627,0.7726712135984938,0.8475036927284515,0.847244400438449,0.8472431942163677,0.8472454812872708,0.8472448302165745,0.007229425641259893,0.007383144730472155,0.007382461021812561,0.007383557102947135,0.00738296282943652,0.35185188630825875,0.358972384323215,0.35897293942487385,0.3589737805096586,0.3589725904105336,0.009468589655028253,0.009468323503845676,0.009468275796040367,0.009468348852846377,0.009468325322984443,0.006893751344916849,0.9439017761095388,0.9931789907629291,0.8785655094039059,0.9368586939982673,0.22322775831853287,0.22493859816942785,0.22569038887795334,0.22423362879105194,0.2250190312762289,0.9998934990740502,0.9999237358469654,0.9999237410063974,0.9999237373663266,0.9999237429284052,0.5897959045101265,0.5865841203024716,0.5865838328887147,0.5865841202999237,0.5865839397547867,0.9803017424391766,0.9799070753655014,0.9799068789701212,0.9799070879198166,0.9799070156783822,0.0,0.001247536116694295,0.0004481449586499982,0.0023889635571228075,0.0013574280719252482
39.07537688442211,0.15532528148333752,0.1550820294512847,0.15508203225885306,0.15508199695676433,0.1550820225889581,0.778252625916683,0.778308567624067,0.7783085554190169,0.7783085802747025,0.7783085621751361,0.8368880248640447,0.836625900133926,0.8366246741190372,0.8366270652550895,0.8366263636253409,0.008498448703033894,0.008665842080809989,0.008665065433410482,0.008666289470782771,0.00866563638037348,0.3573814360827453,0.36463388872625685,0.3646344364112377,0.3646352914739642,0.3646340965311239,0.009164731450617076,0.009164472830983908,0.009164426781880385,0.009164498408990751,0.009164474601321143,0.006018021915553185,0.9457390531181125,0.9934936117535003,0.8820653945422615,0.9388887816374643,0.2174213760866714,0.21909990224361126,0.21983920449947797,0.218407634717463,0.21917895488072278,0.9999982272927811,0.9999999999999927,0.9999999999999927,0.9999999999999927,0.9999999999999927,0.5772250765512572,0.5740540201195946,0.574053733696167,0.5740540159401583,0.5740538388216284,0.9780155933434805,0.9775948765589456,0.9775946626942148,0.9775948882770468,0.9775948138195538,8.351103719963528e-6,0.001635127823914714,0.0006868786585765691,0.0029255752196151417,0.0017613351585432254
39.31658291457287,0.15067647205684334,0.15043949897464562,0.15043950142157678,0.15043946815928347,0.1504394925895543,0.7839083617412186,0.7839634230351887,0.7839634110778901,0.7839634356502092,0.7839634173048645,0.8258119581394199,0.8255473673943463,0.8255461239995714,0.8255485388964005,0.8255478823101324,0.009885103385498159,0.010066470932796343,0.010065625114895416,0.01006695385176434,0.010066235414367387,0.36293147828247674,0.37031652595255304,0.37031706131202397,0.3703179354572562,0.3703167315917349,0.008864450772351744,0.008864199638096563,0.008864155226512408,0.008864224447753876,0.00886420143679308,0.005204801049374237,0.9475538744527017,0.9937984681970572,0.8855477737355625,0.9408961961941129,0.21161146723855195,0.21325697808198504,0.2139834163771151,0.21257772799559102,0.21333461164338646,0.9999999999999928,0.9999726067692059,0.999972601307769,0.9999726048652816,0.9999726017812863,0.5644834909274083,0.5613556938572591,0.561355407667146,0.5613556841108218,0.561355507363107,0.9756090206663204,0.9751618980948952,0.9751616733349427,0.9751619087280905,0.9751618314277507,6.524374392614365e-5,0.0020735743779572865,0.0009753406613092074,0.003514542649934671,0.002216246394930998
39.55778894472362,0.14605347269065885,0.1458228022616666,0.14582280450707527,0.1458227736772515,0.14582279647647822,0.7895817411343883,0.7896358906058053,0.7896358781399458,0.7896359032613653,0.7896358845615461,0.8142641409181453,0.8139974692779877,0.8139962016317093,0.8139987768154614,0.8139980468343607,0.011392856668460011,0.011588503284104795,0.011587545815804288,0.011589025118138056,0.01158823391795185,0.3685017136201436,0.3760199879008627,0.3760205143547365,0.37602140415654317,0.3760201958393655,0.008567685279613107,0.008567441633394653,0.008567398788429036,0.008567466372523976,0.008567443560607384,0.00445338376361489,0.9493465121612352,0.9940938141194984,0.8890127379996768,0.94288119072648,0.2057980181958367,0.2074098130219749,0.2081230103506021,0.2067438962024545,0.20748598877141344,0.9998990051771801,0.9998417447119451,0.999841733609508,0.9998417406700953,0.9998417336118411,0.5515720766892885,0.5484900560761012,0.5484897699534225,0.5484900401421506,0.5484898668243039,0.973082833525407,0.9726089520262016,0.9726087071585776,0.97260896201506,0.9726088801283311,0.00017023803267538756,0.0025623860770130485,0.001313059834146686,0.004155373054338459,0.0027216699927120756
39.798994974874375,0.1414562342804668,0.14123188959137012,0.1412318916588598,0.14123186255942133,0.14123188437233294,0.7952728686905363,0.7953260744948059,0.7953260616303974,0.7953260873798385,0.7953260683438999,0.8022329571123822,0.8019646137830948,0.8019632995544126,0.8019659423868207,0.8019652371168595,0.013025254299589804,0.013235488494359512,0.013234454394049315,0.013236057406207043,0.01323518984592131,0.37409184854229455,0.38174397247031105,0.38174448594749133,0.3817453947693771,0.38174417978193254,0.008274374154078985,0.008274138064876414,0.008274096642923005,0.008274161913349332,0.008274140078769247,0.0037630724793636474,0.9511172344679004,0.9943798969295454,0.8924603810493476,0.9448440154333577,0.1999810155180052,0.20155839458002772,0.20225797193915557,0.20090612705192826,0.20163307363390676,0.9996954384979968,0.999607610028977,0.9996075936153606,0.9996076042218516,0.9996075937245237,0.5384917636910884,0.535458021779637,0.5354577377627209,0.5354580015217554,0.5354578303356106,0.9704378472176278,0.9699368562482353,0.9699366022547329,0.9699368671991904,0.9699367797300202,0.00032289692079355624,0.0031010764953448558,0.0016995674609586115,0.004847558351626983,0.003277116489167608
40.040201005025125,0.1368847054004071,0.13666670874621453,0.13666671064499886,0.13666668371800994,0.13666670404399656,0.8009818477602763,0.8010340779131878,0.8010340655985287,0.8010340909837742,0.8010340720310245,0.7897065130876416,0.7894368961350631,0.7894355386859613,0.7894382776194556,0.789437541291352,0.014785924701620977,0.01501106966047505,0.015009940598336902,0.015011685983220224,0.015010748236966713,0.37970159487816796,0.3874881821833106,0.38748868537444153,0.38748961018874734,0.3874883872477645,0.007984458009073747,0.007984229428009974,0.007984189424833671,0.007984252933620215,0.00798423147891291,0.0031331764522283027,0.9528663069362519,0.9946569575915031,0.8958907950597556,0.9467849176510033,0.19416044589233655,0.19570271040573023,0.19638828700444785,0.19506440839351483,0.19577585376232798,0.9993895032816582,0.9992704073706768,0.9992703842473524,0.9992704002710634,0.9992703851853184,0.5252434831185893,0.5222605102695994,0.5222602275840635,0.5222604877744069,0.5222603172919982,0.9676748834445401,0.9671464377056977,0.9671461671534244,0.967146449399715,0.9671463573424922,0.0005227858821424574,0.003689160439165102,0.0021343972456335713,0.005590598077067443,0.0038820988282666853
40.28140703517588,0.13233883221121429,0.13212720520545773,0.13212720694152627,0.13212718203588697,0.13212720096684588,0.8067087807174921,0.8067600029065863,0.8067599900231724,0.806760016119016,0.8067599974374882,0.7766725968909745,0.7764021147291765,0.7764007179329241,0.7764035586081542,0.7764027616229462,0.01667859131688598,0.016918978600166147,0.016917751411902566,0.016919642541448725,0.01691863990238784,0.3853306689254067,0.39325232475020017,0.39325281682862956,0.39325375785127425,0.3932525257913082,0.007697878686817763,0.007697657565078526,0.007697618977029752,0.007697680565504481,0.007697659607471429,0.0025630097784828344,0.9545939919069856,0.9949252307935291,0.8993040703788483,0.9487041418873197,0.18833629609899474,0.18984274830444975,0.1905139417853272,0.18921872821113192,0.18991431684902063,0.9989814110085702,0.998830349221858,0.9988303197996931,0.9988303413570598,0.9988303214432631,0.5118281700910701,0.5088984429576889,0.5088981635767524,0.5088984203440888,0.5088982490079285,0.9647947724066446,0.964238530283731,0.9642382453870935,0.9642385424643056,0.9642384468469681,0.0007694716789800122,0.004326155040704707,0.002617085315269584,0.006384001083153496,0.004536132368111496
40.52261306532663,0.1278185586479409,0.12761332223303562,0.12761332380913135,0.12761330053180414,0.12761331840141138,0.8124537687491505,0.8125039503326207,0.8125039378573329,0.8125039636495065,0.8125039453650541,0.7631186940705806,0.7628477659902262,0.7628463334913398,0.7628491924914039,0.7628484001995418,0.01870706765220655,0.01896303731385103,0.01896173322981623,0.01896374918149374,0.018962685086961015,0.3909787919565027,0.39903611301262754,0.39903659222048643,0.39903755093386667,0.39903630990068306,0.007414579348775496,0.007414365638851964,0.007414328459444467,0.007414387796079546,0.007414367631098379,0.0020518928171302715,0.9563005484855555,0.9951849451114516,0.9027002990365048,0.9506019298556091,0.18250855303602276,0.18397849623802978,0.18463492236683376,0.18336907462191138,0.18404845074574896,0.9984713807253195,0.9982876557051904,0.998287620191482,0.998287647655869,0.9982876230875783,0.4982467615504403,0.4953727430605248,0.4953724679629782,0.49537272247849595,0.4953725486019352,0.9617983507795296,0.9612139743412793,0.9612136769471286,0.9612139867657606,0.9612138885963605,0.0010625232876781629,0.005011579863287328,0.003147170223051989,0.0072272663915815775,0.0052387348879962894
40.76381909547739,0.12332382649595004,0.12312500095222717,0.12312500236783158,0.12312498125773164,0.12312499746801381,0.8182169118500278,0.8182660198578445,0.8182660061674101,0.8182660332480447,0.8182660154678608,0.7490319804041388,0.7487610368607903,0.7487595720360201,0.7487626739082203,0.7487616495244879,0.02087525938498586,0.021147160169962962,0.0211457093424448,0.021147920385204605,0.021146796435476695,0.3966456901143828,0.40483926482948385,0.40483973370690635,0.4048407075825809,0.40483945750005684,0.007134504439673021,0.007134298095300439,0.007134262315457693,0.0071343199114657285,0.007134299999397842,0.0015991521546584312,0.9579862325834151,0.9954363231683255,0.9060795696142332,0.9524785204975967,0.17667720371875495,0.17810994232335026,0.1787512154520933,0.1775154358750126,0.1781782434627016,0.9978596388913924,0.9976425544311542,0.9976425127968458,0.997642546745942,0.9976425164069719,0.48450019612628686,0.48168433548637435,0.4816840647094739,0.4816843187989109,0.4816841408834763,0.9586864614032264,0.9580736164172938,0.9580733055849763,0.9580736288587024,0.9580735291216026,0.0014015119087820794,0.005744956907649053,0.003724192950896914,0.008119911241186556,0.005989426615926244
41.00502512562814,0.11885457546373311,0.11866218041835405,0.11866218166968065,0.11866216228018485,0.1186621772194377,0.8239983088199551,0.8240463099550697,0.8240462972827368,0.8240463229462857,0.8240463061078469,0.7343993141913997,0.7341287971015132,0.7341273663224737,0.734130353200416,0.7341293778923568,0.023187166598636885,0.023475356146816253,0.023473841178701802,0.023476146049409362,0.023474983349370083,0.40233109430487335,0.41066150296611265,0.41066195956758605,0.4106629505253877,0.4106616907354849,0.006857599651465857,0.0068574006275655365,0.006857366486538543,0.006857421730200822,0.006857402408910915,0.0012041205548158815,0.9596512969586545,0.9956795817898226,0.9094419750911154,0.9543341497448614,0.17084223527897227,0.1722370748309021,0.1728628071897182,0.17165780035044995,0.17230368317899553,0.997146419232808,0.9968952803501282,0.9968952325825984,0.9968952728915061,0.9968952386097264,0.4705894140240079,0.46783414672409246,0.46783388041104096,0.4678341331522347,0.46783395224203683,0.9554599529957338,0.9548183089430097,0.9548179827174095,0.9548183172013714,0.9548182208440588,0.0017860109673006894,0.00652581061792255,0.004347696911818761,0.00906142827402275,0.006787730788107368
41.246231155778894,0.11441074325380834,0.1142247976895668,0.11422479876956065,0.11422478213965026,0.11422479471169282,0.8297980572612998,0.829844917900799,0.829844904380246,0.8298449304140734,0.8298449145435614,0.7192072283538342,0.7189375913986431,0.7189362078932611,0.7189393647526191,0.7189381266411974,0.025646886074258538,0.02595173112765538,0.025950054929967024,0.025952548784232768,0.025951352707600663,0.408034740092272,0.4165025549867318,0.41650300359807096,0.41650400721813563,0.41650273944298466,0.006583811888515463,0.00658362014114014,0.006583587671792064,0.0065836413696534314,0.0065836217683100705,0.0008661369085550629,0.961295991256139,0.9959149321554881,0.9127876008774667,0.9561690510036799,0.16500363496406403,0.16635988218337266,0.16696968495047362,0.1657961565579333,0.166424758221223,0.9963319625977378,0.9960460756064838,0.9960460217735689,0.9960460680487692,0.9960460301424301,0.45651535691511497,0.4538231047343107,0.4538228433788073,0.4538230929116109,0.4538229105383801,0.952119679872485,0.9514489099601989,0.9514485642115906,0.9514489134622155,0.9514488217938922,0.002215596112843783,0.0073536678872940875,0.005017227952035001,0.010051350916669208,0.007633172748356275
41.48743718592964,0.10999226563175735,0.10981278799422008,0.10981278879411112,0.10981277362608693,0.10981278507291195,0.83561625357674,0.8356619398457248,0.8356619263879237,0.8356619518138692,0.8356619368054409,0.7034419223364711,0.70317362892263,0.7031722987507909,0.7031754218671201,0.7031741213550565,0.028258613640496283,0.02858049088379742,0.028578716073572163,0.02858133684465517,0.02858010534434708,0.41375636759788237,0.4223621532201806,0.4223625884241348,0.4223636101943557,0.4223623349093446,0.006313089233927297,0.006312904733443891,0.006312873904430631,0.006312925041392225,0.0063129061647536075,0.0005845461841939949,0.9629205619701212,0.996142579731464,0.9161165389961453,0.9579834551539753,0.15916139013619762,0.16047835293727658,0.16107183522817625,0.1599304931467167,0.16054145706359546,0.9954165168141524,0.9950951890000492,0.995095129307053,0.9950951813817188,0.9950951401692639,0.4422789678296994,0.43965213822598465,0.4396518819839644,0.43965212741763,0.43965194499796334,0.948666501671645,0.9479662824103586,0.9479659284139463,0.947966281579531,0.9479661948524729,0.002689845219594265,0.008228058240269516,0.005732334845678853,0.011089175920138437,0.008525280009871135
41.7286432160804,0.10559907649343776,0.10542608472326043,0.10542608500883821,0.10542607241624831,0.10542608163349315,0.8414529929672884,0.8414974707594314,0.841497457100991,0.8414974819794954,0.841497467770292,0.6870892538069368,0.6868227766321373,0.6868215171751787,0.6868247131984191,0.686823249147628,0.031026646579650534,0.03136594306499507,0.0313640226143733,0.031366813906773316,0.03136554285989831,0.41949572140146757,0.42824003460245846,0.42824046052231346,0.4282414963412581,0.4282402127400299,0.006045380917005484,0.006045203650941844,0.006045174430201363,0.006045223841882673,0.006045204873034655,0.0003586993777580013,0.9645252525435625,0.9963627244454228,0.9194288761557738,0.9597775901580835,0.153315488271496,0.15459247579430946,0.15516924539780652,0.1540607989036318,0.1546537683469151,0.9944003365494134,0.9940428761428559,0.9940428112163645,0.9940428689649643,0.9940428244187101,0.427881191050977,0.42532217702362385,0.4253219266368267,0.42532216727268674,0.42532198491706574,0.9451012830851514,0.9443712942000717,0.9443709216578872,0.9443712911408417,0.9443712074745865,0.003208338386092705,0.009148513700068235,0.006492569277144561,0.01217442858710674,0.009463583132803035
41.969849246231156,0.10123110806007277,0.10106461918972663,0.10106461890318633,0.10106460846533195,0.10106461596497052,0.847308369375667,0.847351604113083,0.8473515898874937,0.8473516145678676,0.8473516009351235,0.6701347446653932,0.6698705685828085,0.6698693876564932,0.6698726132490278,0.6698710334307171,0.03395538153640426,0.034312494502943575,0.03431043859229352,0.03431338961820897,0.034312075199033294,0.42525255073897855,0.43413594048519166,0.43413635526472055,0.4341374070363498,0.43413611530637036,0.0057806373330499565,0.005780467236127187,0.00578043960487099,0.00578048696091164,0.0057804682916958615,0.00018795424584432344,0.9661103035341291,0.9965755614468544,0.9227247004504501,0.9615516808551873,0.14746591696395278,0.14870223966704985,0.1492619027288641,0.14818706271994397,0.1487616808729705,0.9932836826656495,0.9928894005540961,0.9928893303003098,0.9928893936437397,0.9928893455572758,0.41332297066930596,0.4108341535806373,0.4108339089096653,0.4108341442383445,0.4108339612742024,0.9414248924336962,0.9406648189368682,0.9406644324530377,0.9406648162869432,0.9406647326028188,0.0037706584628715077,0.010114568450290993,0.007297484403201778,0.013306626181253839,0.010447616246478135
42.211055276381906,0.09688829135034688,0.09672832180458953,0.0967283214266475,0.09672831186723753,0.09672831881877694,0.8531824751633014,0.8532244317212028,0.8532244177768954,0.8532244420325911,0.8532244288222594,0.6525636372202495,0.6523022865600004,0.6523010766422743,0.6523043016480365,0.6523027040753907,0.03704929655406618,0.03742462515779546,0.03742247374986381,0.03742558014115026,0.037424198750629,0.43102661050818486,0.44004961866313236,0.440050019834462,0.4400510880529841,0.44004978806583345,0.005518810220793656,0.005518647283653073,0.005518620868360162,0.005518666108745683,0.005518648329447004,7.167816777500897e-5,0.9676759505875142,0.9967812791241183,0.9260040990378654,0.9633059514211297,0.14161266396330197,0.14280763364363752,0.1433497947259379,0.1423092736678426,0.1428651835287282,0.9920668205004398,0.9916350291490227,0.991634955984493,0.9916350232971088,0.9916349717744796,0.39860524578898454,0.39618899267371815,0.3961887614322859,0.39618898647942635,0.3961888035812616,0.9376381971857227,0.9368477269473755,0.9368473323876088,0.9368477257926675,0.9368476387024565,0.004376392989274016,0.011125763062965916,0.008146640133225904,0.014485290611706655,0.011476911942440137
42.45226130653266,0.09257055433888997,0.09241712002185203,0.09241711956279319,0.09241711161129477,0.09241711729979314,0.8590754023511424,0.8591160454923688,0.8591160306533074,0.859116055624116,0.8591160427080184,0.6343606236580482,0.6341026179393647,0.6341013834362668,0.6341048402021034,0.6341030283421774,0.0403130361165035,0.04070699518704825,0.04070467462536969,0.04070801078184148,0.040706548373027965,0.43681765626582425,0.44598081714574833,0.4459812072855587,0.4459822905784135,0.4459809813669498,0.005259851730613166,0.005259695917883881,0.005259670714396304,0.0052597143349673026,0.00525969696505672,9.235136478512718e-6,0.969222430270176,0.9969800644007383,0.92926715751641,0.9650406223723996,0.1357557170379347,0.1369086468196358,0.13743290921189338,0.13642742082250406,0.13696426539187578,0.9907500271344162,0.9902800403031027,0.9902799626678621,0.9902800344842735,0.9902799804947967,0.3837289716701261,0.38138763574776363,0.3813874132918168,0.3813876297553217,0.38138744985151835,0.9337420824687922,0.9329209073587394,0.9329205016439269,0.9329209060149735,0.9329208167971946,0.005025125544858214,0.01218163303600388,0.009039590069002052,0.015709951942486283,0.012551007604864965
42.69346733668342,0.08827782411363853,0.08813094034146259,0.08813093981296755,0.0881309324209757,0.08813093789346943,0.8649872412885538,0.8650265354543891,0.865026521069618,0.8650265450051319,0.865026532770682,0.6155101150089516,0.6152559885593833,0.6152548040305452,0.6152581884594847,0.6152564197269337,0.043751326455821124,0.04416434100089034,0.04416191465640594,0.04416539611137704,0.044163864047819364,0.44262544957850747,0.4519292902964985,0.4519296659282257,0.45193076855881986,0.4519294496395603,0.005003715388121409,0.005003566667918382,0.005003542854224313,0.005003584022885084,0.005003567723986502,0.0,0.9707499742631962,0.997172097595133,0.9325139644913454,0.9667559116974429,0.12989506411633076,0.1310052685063662,0.1315112336847374,0.1305414934525849,0.13105891568639189,0.9893335830944442,0.9888247162165678,0.9888246329639094,0.9888247103875033,0.9888246539509864,0.36869509621220836,0.366431016988084,0.3664308001478278,0.3664310110955439,0.36643083438375196,0.9297374302508536,0.9288852458628923,0.9288848314257855,0.9288852441191394,0.9288851528565828,0.005716445277880584,0.013281720260088234,0.009975894589851153,0.016980123293822813,0.013669443132185044
42.934673366834176,0.08401002635488751,0.08386970781490943,0.08386970717604564,0.08386970165388251,0.08386970558644169,0.8709180809520165,0.870955990320467,0.8709559761783648,0.8709559992666247,0.8709559875371184,0.5959961686953897,0.595746460396054,0.5957453309482161,0.5957487070931053,0.5957468951848467,0.04736899818342147,0.04780150676590117,0.04779894660402831,0.047802601405562826,0.04780100396852625,0.4484497564525961,0.45789479689932105,0.45789516247828355,0.4578962796672606,0.4578949513069915,0.0047503558034398055,0.004750214117633863,0.004750191674704535,0.004750231251303998,0.004750215151185216,4.335455909628208e-5,0.9722588111177862,0.9973575542671617,0.935744603830209,0.9684520337150175,0.12403069325932971,0.1250974881706756,0.1255847564080743,0.12465148094619431,0.12514912383214796,0.9878177744875815,0.9872693449201267,0.9872692563520958,0.9872693394567184,0.9872692797176005,0.3535045662315033,0.3513200701407307,0.35131986016253697,0.3513200655622884,0.3513198897240589,0.9256251245613025,0.9247416307900946,0.9247412059817121,0.924741629715974,0.924741535954476,0.006449944336994542,0.014425569681826959,0.010955116713247486,0.018295343437495032,0.014831763444580717
43.175879396984925,0.0797670851567269,0.07963334606469998,0.07963334540020832,0.07963334081174356,0.07963334422687601,0.8768680091880638,0.8769044974713389,0.8769044836776815,0.8769045061486757,0.876904494691561,0.5758024332830712,0.5755577233927763,0.5755565908254469,0.5755599745372796,0.5755581754400294,0.05117100351007799,0.051623447457390635,0.05162076491099288,0.051624601376894695,0.05162291333890408,0.4542903465577361,0.46387710001425947,0.4638774526734914,0.46387858641572016,0.46387724878063524,0.004499728522338804,0.004499593880288433,0.004499572620299809,0.004499610240391304,0.0044995949706879285,0.00013868568515883954,0.9737491663445637,0.99753660392274,0.9389591613955995,0.9701292024408187,0.11816259262767635,0.11918529543898701,0.11965346546176737,0.1187573729054047,0.11923487930477657,0.986202893783076,0.9856142202949599,0.9856141273392083,0.9856142142218056,0.9856141523030608,0.33815833024254194,0.33605572871830597,0.33605552897807617,0.3360557226891243,0.33605555138706766,0.9214060539084781,0.9204909530866191,0.9204905212792157,0.9204909485162023,0.9204908539575151,0.007225216652180099,0.015612729199263948,0.011976825780470554,0.01965513982731177,0.016037511372272488
43.41708542713568,0.0755489228629029,0.07542177671624596,0.07542177602743562,0.07542177228766239,0.07542177515816437,0.8828371130239794,0.8828721437658729,0.8828721299812656,0.8828721520608445,0.882872140848243,0.5549120805538854,0.5546729355755797,0.5546718281496282,0.5546752293655337,0.5546734515408388,0.05516243585729741,0.05563527655031753,0.055632458022559374,0.055636482226450575,0.05563469571388407,0.460146992452894,0.4698759648907248,0.4698763044124602,0.46987745698817573,0.46987610858777773,0.004251789830341929,0.0042516621665646135,0.0042516421334684255,0.004251677702595701,0.00425166324452949,0.0002853833882085472,0.9752212643654696,0.9977094154507196,0.9421577213188043,0.9717876286085488,0.11229075043707053,0.11326867999409301,0.11371734926368803,0.11285915881790208,0.11331617175624313,0.9844892405255375,0.9838596443339632,0.9838595440614971,0.9838596372231502,0.9838595731181756,0.32265734122097967,0.32063893375047386,0.32063873574879137,0.3206389248185278,0.3206387585186999,0.917081113815356,0.9161341137050714,0.9161336714534835,0.9161341076422429,0.9161340118122585,0.008041856687976828,0.016842745809913857,0.01304058364477119,0.02105904908470176,0.017286234047501774
43.65829145728643,0.0713554607602436,0.07123492055129355,0.07123491983046286,0.07123491784465381,0.07123491919827679,0.8888254779157075,0.8888590143402011,0.8888590005318019,0.8888590215654354,0.8888590113523185,0.5333079362525655,0.5330749427343268,0.5330740142092892,0.5330773555263614,0.5330755024744825,0.059348489364304785,0.05984219812553334,0.059839209926776625,0.05984341015727105,0.05984157632051919,0.4660194714458418,0.4758911622016621,0.47589149119519525,0.4758926597739137,0.47589130148959913,0.004006497116954885,0.004006376385212692,0.004006357905085122,0.004006391583563754,0.004006377415219711,0.0004828459442477588,0.9766753253864906,0.9978761505385563,0.9453403678421897,0.9734275206215589,0.10641515505933208,0.10734763171439111,0.10777639631233539,0.10695682845872656,0.10739299097546855,0.9826771187473287,0.9820059227795124,0.9820058153477575,0.9820059143426355,0.9820058481091362,0.3070025485145512,0.3050706204757807,0.3050704250148841,0.3050706078810096,0.30507044684986484,0.9126511990703771,0.9116720107812535,0.9116715568043134,0.9116719993175466,0.9116719070774899,0.008899462871864692,0.018115171976266154,0.014145961958360733,0.02250660691846737,0.018577480946511866
43.89949748743719,0.06718661937547926,0.06707269753333135,0.06707269663510416,0.06707269483317431,0.06707269608813313,0.8948331875639565,0.894865192666891,0.894865179567217,0.8948651997118618,0.8948651902997008,0.5109725263910968,0.5107462741599481,0.5107453251201944,0.5107485845257947,0.5107467235968114,0.06373444602574174,0.06424950956147109,0.06424642132677853,0.06425079160323845,0.06424889325369638,0.47190756598500555,0.481922467700016,0.4819227816632187,0.48192396824098055,0.48192260401788917,0.003763808942009236,0.0037636950781704723,0.003763677656145519,0.0037637091217841813,0.003763695937631234,0.0007304812417170933,0.9781115656558237,0.9980369667337181,0.9485071855377681,0.9750490838157204,0.10053579504832634,0.10142214066853604,0.10183059516011145,0.10105037171913679,0.10146532692327521,0.980766835890211,0.9800533650926453,0.9800532541532994,0.9800533585725283,0.9800532875065856,0.29119489528631176,0.2893517189144831,0.2893515367095957,0.28935171195909487,0.2893515484728304,0.9081172011075221,0.90710553991004,0.9071050881720042,0.9071055340618847,0.9071054377070654,0.009797638564038098,0.019429565259914374,0.015292534695960442,0.023997346921134918,0.019910805561578263
44.14070351758794,0.06304231627782429,0.06293502502781796,0.06293502417522572,0.06293502283278622,0.06293502362024943,0.9008603260424539,0.9008907620706365,0.9008907499554578,0.9008907692276198,0.9008907601770707,0.48788758993418674,0.48766877568298805,0.4876677415422367,0.4876709497800502,0.4876691225664384,0.06832582447303136,0.0688627140024248,0.06885952539255612,0.06886408777562097,0.06886209932616644,0.4778110578303998,0.4879696575667033,0.48796995795597375,0.4879711608634776,0.48796979020564524,0.0035236839621291685,0.0035235770879225464,0.0035235605674384285,0.0035235902422223455,0.00352357784024406,0.0010276909265540318,0.9795302019449024,0.9981920176135494,0.9516582572665349,0.9766525224569234,0.09465265885057128,0.09549219695000868,0.09587993468850362,0.09513977860541017,0.09553316965710627,0.9787587114075903,0.9780022914465819,0.9780021772285632,0.9780022860686992,0.9780022118993111,0.2752353441496084,0.27348317371060393,0.2734830057168533,0.27348317038756215,0.2734830092578834,0.9034800320312847,0.9024356128659842,0.9024351569925373,0.9024356108014481,0.902435510912624,0.01073598139980188,0.020785479131592045,0.016479877929170626,0.025530811840750144,0.021285761117222853
44.381909547738694,0.0589224687766915,0.058821819410450615,0.05882181863001064,0.058821818439601194,0.0588218183625808,0.9069069752906677,0.9069358045993813,0.9069357926114447,0.9069358112826451,0.9069358028077927,0.4640346170381425,0.46382386488366906,0.4638228848097296,0.46382614208243,0.46382425523918047,0.07312821422277074,0.07368744049581291,0.07368407633887511,0.07368886527455712,0.07368678202290675,0.4837297348648781,0.4940325121759513,0.4940328010014916,0.494034019792711,0.4940326427452957,0.0032860821409991595,0.0032859821813028415,0.0032859668420640686,0.0032859948186519995,0.0032859829827225915,0.0013738891589546818,0.9809314478684684,0.9983414530240181,0.9547936649178332,0.9782380376225556,0.0887657351418395,0.08955779078509837,0.08992440400240649,0.08922503921701214,0.0895965093921861,0.976653066381334,0.9758530265498289,0.9758529069102624,0.9758530215637301,0.9758529444515797,0.25912484661565194,0.2574659273645169,0.25746576715284986,0.2574659251117197,0.257465767344871,0.8987405958031607,0.8976631418247756,0.8976626752193907,0.8976631391971706,0.8976630364848597,0.011714095934478145,0.02218247058139145,0.017707569481569492,0.027106549548055033,0.02270190523691147
44.62311557788944,0.05482699366821936,0.05473299687032256,0.05473299604802464,0.05473299645288421,0.05473299594601791,0.912973215419339,0.9130004001589689,0.9130003881835547,0.9130004060782877,0.913000398153195,0.43939479379839275,0.43919272176384605,0.43919186478996586,0.43919504589449665,0.4391931384730263,0.07814729293124381,0.07872938611201719,0.07872586260629286,0.07873084334089855,0.07872868863826482,0.48966339005338044,0.5001108180128968,0.5001110937613862,0.5001123302641202,0.5001109467331943,0.0030509645767277677,0.0030508714211436704,0.0030508573808534735,0.003050883273823266,0.003050872171750386,0.0017685000783586112,0.9823155119615969,0.9984854197387955,0.9579134914252538,0.9798058264240397,0.08287501278982146,0.08361891264500114,0.08396399216406945,0.08330614371109808,0.08365533654998,0.9744502245533168,0.9736058965880013,0.973605771069004,0.9736058895063507,0.9736058106906721,0.24286434680935706,0.24130091147600877,0.24130075777533805,0.24130090375629004,0.24130075265742598,0.8938997914397855,0.8927890305002083,0.8927885590594343,0.8927890214695129,0.8927889235912637,0.01273159201737145,0.0236201042580153,0.018975187176964687,0.02872410191140727,0.024158801801896564
44.8643216080402,0.050755805911686276,0.05066847211321453,0.050668471282224556,0.05066847205727811,0.05066847115001684,0.9190591258878177,0.9190846276080986,0.9190846167549647,0.9190846334426657,0.9190846259981962,0.4139487020139269,0.41375601392122996,0.41375512377667134,0.4137581737934926,0.4137563489829267,0.08338891848399917,0.08399440074800693,0.0839907720615294,0.08399594046850674,0.08399369546727233,0.4956118181183611,0.5062043643058041,0.5062046264553697,0.5062058800318304,0.5062044894490854,0.0028182928849572525,0.002818206552316787,0.002818193489131868,0.002818217522084256,0.002818207176541984,0.002210948680032741,0.9836826009258697,0.9986240595723244,0.9610178191728259,0.9813560882446486,0.07698048069354105,0.07767555312605377,0.07799868842784248,0.07738308244648602,0.07770964151291555,0.9721505175499014,0.971261234336829,0.9712611043209859,0.9712612284021411,0.9712611459923748,0.22645479651268716,0.22498906117980055,0.22498891876001462,0.2249890571650017,0.224988907587448,0.8889585270792494,0.8878141877572363,0.8878137139365021,0.8878141829428882,0.8878140814857775,0.01378807861749074,0.02509794579351747,0.020282314557830916,0.030383013756107986,0.025656007124052218
45.10552763819096,0.04670881879088687,0.04662815786080793,0.04662815710490943,0.04662815783969504,0.04662815713183464,0.9251647856779082,0.9251885656808103,0.9251885557153664,0.9251885710961977,0.9251885640474616,0.387676273669027,0.38749368051493926,0.3874928478655852,0.38749567875941354,0.38749402036963954,0.0888591413874556,0.08948855168008352,0.08948481433181697,0.08949014810175993,0.0894878116965233,0.5015748155877865,0.5123129412937983,0.5123131892466977,0.5123144607918529,0.5123130637500342,0.002588029159691719,0.002587949649426625,0.0025879377134030816,0.002587959631348635,0.0025879502744745237,0.0027006609956387166,0.9850329213015648,0.9987575106068989,0.9641067290576822,0.9828890160258622,0.07108212774754173,0.0717277028134207,0.07202848229687238,0.07145584588804216,0.07175941495845012,0.9697542843222482,0.9688193811728,0.9688192463548686,0.9688193744191784,0.9688192897990594,0.2098971544097344,0.2085313220486558,0.2085311898557732,0.2085313165304773,0.20853117228983142,0.8839177195521332,0.8827395347514057,0.8827390616232562,0.8827395260879853,0.8827394262871444,0.014883163979812259,0.026615558311717673,0.02162853784157701,0.03208283768097606,0.027193089395159825
45.346733668341706,0.04268594596650535,0.042611967104358724,0.04261196635086474,0.042611967380408,0.04261196641504617,0.931290271200508,0.9313122906542045,0.9313122814947037,0.9313122956138875,0.9313122892362898,0.36055729428973465,0.3603854846786943,0.3603847186729468,0.3603873799157465,0.36038578888349243,0.09456405239028948,0.0952179551385444,0.09521408638257577,0.09521960813411472,0.09521719143021093,0.5075521856468725,0.5184363457964974,0.5184365802840212,0.5184378692619162,0.5184364650152659,0.0023601369053448742,0.0023600641415674043,0.0023600533207234885,0.0023600732675911488,0.002360064679147425,0.0032370779501422996,0.9863666739583306,0.9988859082361538,0.9671803011195049,0.984404802253054,0.06517994314446081,0.0657753525774449,0.06605336347524075,0.06552442452664325,0.06580464763781953,0.9672618631867762,0.9662806783339504,0.9662805381001706,0.9662806714687665,0.9662805838644583,0.19319236314739344,0.19192862516446205,0.19192850210140683,0.19192862002727884,0.1919284791587521,0.878778271987785,0.8775659801485596,0.8775655048188674,0.8775659725809446,0.8775658712698859,0.016016465091159005,0.02817251413462016,0.02301344300274522,0.033823130837926936,0.028769615397404635
45.58793969849246,0.03868709874710373,0.0386198108987479,0.038619810203520656,0.03861981130573104,0.038619810387410934,0.9374356588094837,0.9374558784624432,0.9374558699907674,0.9374558828575557,0.9374558770503678,0.3325707362957977,0.33241046159445925,0.3324097862111276,0.3324122345301052,0.33241078522406037,0.10050998454837505,0.10118894484486382,0.1011849465072144,0.10119064951691238,0.10118813981823556,0.5135437316728284,0.524574375717622,0.5245745965799321,0.5245759032732455,0.5245744922723138,0.0021345798070181886,0.002134513804539985,0.0021345041033075177,0.00213452204787353,0.0021345143245867348,0.003819637157644586,0.9876840594836896,0.9990093832593028,0.9702386163143335,0.9859036369499581,0.05927391601838552,0.0598184933135751,0.06007332168648388,0.05958880908313452,0.059845330436167105,0.9646736025700268,0.9636454756141682,0.9636453297972071,0.9636454682043463,0.9636453781420201,0.1763413797370069,0.17518191155972382,0.17518179718454718,0.17518190548326548,0.17518177706628799,0.8735411028584437,0.8722944439690405,0.8722939676085424,0.8722944345895085,0.8722943331301951,0.01718759525408118,0.029768383414666092,0.024436621613379218,0.03560344543202039,0.03038515507316374
45.82914572864321,0.03471218856871366,0.03465160001101633,0.03465159935011832,0.0346516002634166,0.03465159952596082,0.9436010228307093,0.943619403135393,0.9436193956417788,0.9436194072339348,0.943619401936843,0.30369529907122395,0.3035473141231266,0.3035466501206795,0.3035488877759593,0.3035475742352231,0.10670334952150586,0.1074079513656889,0.1074038389881995,0.10740973453107493,0.10740712893923754,0.5195492624869954,0.5307268338339922,0.5307270405977207,0.5307283646862622,0.530726947279695,0.0019113227090660166,0.0019112634349082915,0.0019112547051906704,0.0019112707141424213,0.0019112638813774824,0.004447788060251573,0.9889852744022867,0.9991280640245537,0.9732817543389848,0.9873857079506173,0.0533640357207482,0.05385711613837824,0.05408834689117728,0.053648990301174905,0.05388145437409569,0.9619898513260003,0.9609141249447758,0.9609139748674836,0.9609141179279458,0.9609140247381087,0.15934514948100764,0.1582921146016557,0.15829201267747145,0.1582921100710296,0.15829199688722445,0.8682071210087264,0.8669258400631411,0.8669253653230823,0.8669258324288753,0.866925728930485,0.01839617453129091,0.03140274228151494,0.02589766473699248,0.03742334038498037,0.032039280937584236
46.07035175879397,0.030761125116354347,0.030707243593493087,0.03070724300489645,0.030707243912565053,0.03070724320697647,0.949786436980422,0.9498029381729466,0.949802931442136,0.9498029418270776,0.9498029370672489,0.2739089718048664,0.27377403320445076,0.27377342924864734,0.2737754665269106,0.27377427590869047,0.11315076930915514,0.11388161668669815,0.1138773689950472,0.11388346611230517,0.1138807617069787,0.5255685883077466,0.5368935244857149,0.5368937177545497,0.5368950590434004,0.5368936351137755,0.0016903308520782535,0.001690278252477865,0.001690270553105097,0.0016902846748070239,0.0016902786556021827,0.005120980404203702,0.9902705144331315,0.9992420749143589,0.9763097946278415,0.988851201058436,0.047450291622601753,0.04789121221088784,0.04809842917567405,0.04770495908035491,0.047913010600591346,0.9592109661867462,0.9580869856727048,0.958086830504445,0.9580869784899878,0.9580868825280079,0.1422046258911979,0.14126017486611686,0.14126008344501859,0.1412601704291361,0.14126007399284848,0.8627772444588324,0.8614610908239948,0.8614606152605304,0.8614610826826171,0.8614609785236016,0.019641821804655943,0.03307516589538602,0.027396167892902484,0.039282375954293784,0.03373156780072474
46.311557788944725,0.02683381686706023,0.026786649768790187,0.026786649269103846,0.026786650068789875,0.02678664949366993,0.9559919740571815,0.9560065559520792,0.9560065501717392,0.9560065591849319,0.9560065549168488,0.24318910550699346,0.24306802748487563,0.24306747770901352,0.24306929110367598,0.2430682465018094,0.11985905421422809,0.12061675494871905,0.12061237377323981,0.12061867491966635,0.12061586797235468,0.5316015217553883,0.543074254911956,0.5430744346125452,0.5430757930113921,0.5430743627761171,0.001471570052991444,0.0014715241278968078,0.001471517429508202,0.0014715296815938227,0.0014715244906221916,0.005838667177814835,0.9915399731482925,0.9993515381376373,0.9793228167749138,0.9903003012490926,0.04153267315245172,0.04192077280860242,0.04210355870395516,0.0417567063457904,0.04193999033160314,0.9563373096959997,0.9551644223241728,0.955164262298728,0.9551644148278244,0.9551643164483116,0.12492076543894333,0.12408703390588749,0.12408695380701765,0.12408702923958972,0.12408695029231592,0.8572523954586182,0.8559011208808939,0.8559006452298862,0.8559011119797999,0.8559010072541877,0.020924156818432838,0.03478523135684689,0.02893172545967358,0.04118011143663891,0.035461590022201846
46.55276381909548,0.022930172050334825,0.022889726201780914,0.022889725838440983,0.022889726433704412,0.022889726002756725,0.9622177051528183,0.9622303274370925,0.962230322583136,0.9622303301994896,0.9622303264690052,0.21151264218594068,0.2114062214259844,0.21140574214063465,0.21140730988950884,0.21140642453175798,0.12683513426051013,0.1276203221883104,0.12761580434946115,0.1276223108712758,0.1276194001502743,0.5376478797072451,0.5492688361734054,0.5492690023570167,0.5492703778901471,0.5492689413050099,0.0012550070414975092,0.001254967738922119,0.0012549620456430491,0.0012549724381874397,0.001254968061630152,0.006600310172234892,0.9927938410083049,0.9994565720866624,0.9823208992148201,0.9917331901839446,0.03561116991272159,0.035945789355067016,0.036103725880254775,0.03580422318961232,0.035962384966167535,0.9533692464483549,0.9521468023755313,0.952146637309913,0.9521467947746728,0.9521466936310939,0.10749451773892517,0.1067736290850812,0.10677355999259203,0.1067736246034539,0.10677356275789747,0.8516334908233768,0.8502468520431401,0.8502463764755642,0.8502468423195289,0.8502467372570156,0.022242804073678096,0.036532519904379696,0.03050393625234853,0.04311611249631345,0.03722892728012343
46.79396984924623,0.019050098185824087,0.01901637981506133,0.019016379519756512,0.01901638008810955,0.01901637974996653,0.9684637002052879,0.9684743221333255,0.9684743181037353,0.9684743245436238,0.9684743213194251,0.17885595809932872,0.17876502364773356,0.17876459516010623,0.17876593830672718,0.17876519741555236,0.13408610507283872,0.1348994277113615,0.13489476643078954,0.13490149316082906,0.13489847261964796,0.5437074820473247,0.5554770826553835,0.5554772355342116,0.555478627911119,0.5554771850706609,0.0010406092165526153,0.0010405764885581437,0.0010405717634873945,0.0010405803690065358,0.0010405767727719977,0.007405376504354674,0.9940323058358802,0.9995572917785701,0.9853041199763055,0.9931500473228235,0.029685771596771555,0.029966253442665913,0.0300989212390034,0.029847500800842294,0.029980186028982475,0.950307144953824,0.9490344974244581,0.9490343271845627,0.949034489410969,0.9490343855241028,0.08992683116997129,0.0893208960759996,0.08932083818020899,0.08932089137909938,0.08932084128421185,0.8459214473811562,0.844499205265512,0.8444987290237267,0.8444991949736141,0.8444990891440237,0.02359739047135479,0.0383166159497525,0.032112402673127004,0.045089946910100404,0.03903316210664619
47.03517587939699,0.015193501801137193,0.015166516839516364,0.015166516648314738,0.015166517196785032,0.015166516833242126,0.9747300279290394,0.9747386086662032,0.9747386054697948,0.9747386105271986,0.974738607947963,0.1451948246252336,0.14512020899531822,0.1451198814841691,0.14512096961209228,0.14512037446229156,0.14161924195757358,0.14246136698806589,0.14245655009179278,0.14246349732212488,0.1424603716473861,0.549780151263125,0.561698811521722,0.5616989513208662,0.5617003605806082,0.5616989111575486,0.0008283445825464709,0.0008283183827864521,0.0008283146586374116,0.000828321484021161,0.0008283186183911014,0.00825333750321066,0.9952555533183197,0.9996538094815958,0.9882725566631732,0.9945510502813336,0.02375646800623262,0.023982156729347653,0.024089135489128524,0.02388653050021424,0.023993385186549688,0.9471513788099318,0.9458278830219173,0.9458277072052655,0.9458278750477697,0.9458277677220425,0.07221865524919502,0.07172977017394877,0.07172972235669917,0.07172976617615194,0.07172972447387882,0.8401171838144618,0.8386591025180214,0.8386586248431935,0.838659091731997,0.838658985492318,0.024987544512889252,0.04013710606981377,0.03375672846930188,0.04710118497150366,0.04087387910134466
47.27638190954774,0.0113602887151606,0.011340043096903637,0.011340042847983418,0.011340043224451469,0.011340043093961152,0.9810167560705348,0.9810232541291534,0.9810232516455137,0.9810232554317139,0.9810232535240848,0.11050437100439384,0.11044706281098722,0.11044682002642046,0.11044760283911899,0.11044719455006835,0.1494420078463333,0.15031357870246326,0.15030862084222105,0.1503157824859802,0.1503125503162831,0.5558657125192747,0.5679338435308598,0.5679339698438864,0.5679353960014957,0.567933940306865,0.0006181817361662194,0.0006181621709663948,0.000618159399581947,0.0006181644302283402,0.0006181623520062024,0.009143669059033051,0.9964637661687578,0.9997462340202492,0.9912262867056909,0.9959363745489455,0.017823249001860032,0.017993491044639636,0.01807435942096531,0.01792130371389244,0.01800197420423986,0.943902325620718,0.9425273375738786,0.9425271571564964,0.942527329830063,0.9425272198954665,0.05437093916037931,0.05400118257714879,0.05400114711752678,0.05400117965330224,0.054001144177492695,0.8342216196639818,0.8327274624469087,0.8327269858781573,0.8327274513796047,0.832727344870775,0.026412896627212006,0.04199358092950896,0.035436521900611764,0.04914939770058658,0.04275066565763449
47.517587939698494,0.007550364629553596,0.007536862811364269,0.007536862534327857,0.007536862706190444,0.0075368628811793995,0.9873239506857164,0.9873283249190222,0.9873283229039553,0.9873283258423997,0.987328324307453,0.07475929087538725,0.07472004442301777,0.07471985457286204,0.07472047186364751,0.07472015584594464,0.15756199297706816,0.15846374784742845,0.1584586129102668,0.15846603648325452,0.15846268060988933,0.5619639948648314,0.5741820007162578,0.5741821136387593,0.5741835565094523,0.5741820950069615,0.0004100900884210653,0.0004100769555835918,0.0004100750905826502,0.0004100783889372276,0.0004100771096853394,0.010075855370272639,0.997657126471495,0.9998346720651677,0.9941653864468878,0.9973061935636597,0.01188610462085537,0.012000248288066388,0.012054584049921394,0.011951811947270395,0.01200594498785658,0.9405603646426259,0.9391332471708265,0.9391330619535485,0.9391332390237144,0.9391331263577634,0.036384625291965234,0.03613607228666133,0.036136049355298926,0.03613606909987756,0.036136042130349995,0.828235668549145,0.8267052120030043,0.8267047332999954,0.8267052013613215,0.8267050930906223,0.027873081810818663,0.04388563005810891,0.037151391039203736,0.051234162166980235,0.04466311181717715
47.75879396984924,0.0037636334990743875,0.003756880668180508,0.003756880507648617,0.0037568802326641343,0.0037568806904928515,0.9936516775891946,0.9936538855335733,0.9936538846819895,0.9936538860378945,0.993653885252336,0.037933312507648614,0.03791327622673792,0.03791316833274736,0.037913359382859946,0.037913315187939764,0.16598707198755072,0.16691965742952042,0.16691440475709168,0.16692202495623074,0.1669185643176868,0.5680748279856971,0.5804431099241385,0.5804432093227693,0.5804446691646279,0.580443201062884,0.00020403926891407958,0.0002040327789984061,0.0002040318451458992,0.00020403336224272058,0.0002040328456734135,0.011049379223218145,0.9988358120296605,0.9999192271728562,0.9970899324333852,0.9986606790862261,0.0059450248498994825,0.00600242056450334,0.0060298004467436534,0.005978046783981556,0.006005289517659059,0.9371258834024732,0.9356459973214368,0.9356458068361142,0.9356459896809176,0.9356458739339633,0.01826066646494067,0.018135366702562074,0.018135355527531278,0.01813536555178911,0.01813534964621153,0.8221602551566262,0.820593267422197,0.82059279115259,0.8205932570779664,0.8205931487593187,0.02936773279740414,0.04581285016480932,0.03890094781846294,0.05335505424405813,0.046610809458550985
48.0,0.0,0.0,0.0,0.0,0.0,0.9999999999999845,0.9999999999999845,0.9999999999999845,0.9999999999999845,0.9999999999999845,0.0,0.0,0.0,0.0,0.0,0.17472516863216192,0.17568934950018072,0.17568389218431085,0.17569179166896687,0.1756882193941451,0.5741980469798643,0.5867169992385731,0.586717086644982,0.5867185620573322,0.5867170874477673,0.0,0.0,0.0,0.0,0.0,0.01206373658731211,0.9999999999999961,0.9999999999999923,0.9999999999999977,0.9999999999999963,0.0,0.0,0.0,0.0,0.0,0.9335992677371668,0.9320659803114356,0.9320657842969627,0.9320659727808385,0.932065853728234,0.0,0.0,0.0,0.0,0.0,0.8159962891186959,0.814392552476568,0.8143920732196258,0.814392541709648,0.8143924336201954,0.030896490369681662,0.04777483699069442,0.04068480711448701,0.05551165712907897,0.0485933552335141
