/home/nandivada.s/vanaja_lab/satya/PathwayML/venv/lib/python3.12/site-packages/optuna/samplers/_tpe/sampler.py:82: FutureWarning: `consider_prior` has been deprecated in v4.3.0. This feature will be removed in v6.0.0. See https://github.com/optuna/optuna/releases/tag/v4.3.0.
  optuna_warn(msg, FutureWarning)
/home/nandivada.s/vanaja_lab/satya/PathwayML/venv/lib/python3.12/site-packages/optuna/_experimental.py:33: ExperimentalWarning: Argument ``multivariate`` is an experimental feature. The interface can change in the future.
  optuna_warn(
[I 2026-08-27 14:00:28,899] A new study created in memory with name: no-name-19045ecd-5817-4bd3-9afc-a26cc70f9f36
Epoch: 1 - Loss: 193.88366930387448
Too slow optimization
Epoch: 1 - Loss: 187.15410768111389
Epoch: 2 - Loss: 187.09603774629124
Epoch: 3 - Loss: 187.03782531036774
Epoch: 4 - Loss: 186.97946312704934
Epoch: 5 - Loss: 186.92094333854334
Epoch: 6 - Loss: 186.86225781595763
Epoch: 7 - Loss: 186.80339763518114
Epoch: 8 - Loss: 186.74435355741676
Epoch: 9 - Loss: 186.68511515184193
Epoch: 10 - Loss: 186.6256719814193
Epoch: 11 - Loss: 186.56601271320986
Epoch: 12 - Loss: 186.5061247546349
Epoch: 13 - Loss: 186.44599541723431
Epoch: 14 - Loss: 186.38561071407094
Epoch: 15 - Loss: 186.32495610200812
Epoch: 16 - Loss: 186.26401543802842
Epoch: 17 - Loss: 186.20277229393005
Epoch: 18 - Loss: 186.14120900825785
Epoch: 19 - Loss: 186.07930507042155
Epoch: 20 - Loss: 186.0170413523555
Epoch: 21 - Loss: 185.9543952681931
Epoch: 22 - Loss: 185.89134314911027
Epoch: 23 - Loss: 185.82786059377398
Epoch: 24 - Loss: 185.7639199859041
Epoch: 25 - Loss: 185.69949307907711
Epoch: 26 - Loss: 185.63454925761133
Epoch: 27 - Loss: 185.56905458837315
Epoch: 28 - Loss: 185.50297441024034
Epoch: 29 - Loss: 185.4362707402451
Epoch: 30 - Loss: 185.36890203649205
Epoch: 31 - Loss: 185.30082550411862
Epoch: 32 - Loss: 185.2319933780043
Epoch: 33 - Loss: 185.1623546236646
Epoch: 34 - Loss: 185.09185459454307
Epoch: 35 - Loss: 185.02043473310354
Epoch: 36 - Loss: 184.94803116346532
Epoch: 37 - Loss: 184.87457498373536
Epoch: 38 - Loss: 184.79999270067262
Epoch: 39 - Loss: 184.72420298095471
Epoch: 40 - Loss: 184.64711976255595
Epoch: 41 - Loss: 184.56864877569595
Epoch: 42 - Loss: 184.48868704136618
Epoch: 43 - Loss: 184.40712467589918
Epoch: 44 - Loss: 184.3238406598548
Epoch: 45 - Loss: 184.23870441943652
Epoch: 46 - Loss: 184.15157299413116
Epoch: 47 - Loss: 184.06229078421853
Epoch: 48 - Loss: 183.97068860238593
Epoch: 49 - Loss: 183.87658170320745
Epoch: 50 - Loss: 183.77976573358217
Epoch: 51 - Loss: 183.6800215758981
Epoch: 52 - Loss: 183.5771067953535
Epoch: 53 - Loss: 183.47075638181622
Epoch: 54 - Loss: 183.36067928898925
Epoch: 55 - Loss: 183.2465571880316
Epoch: 56 - Loss: 183.12804084549074
Epoch: 57 - Loss: 183.00474742789686
Epoch: 58 - Loss: 182.87625630255292
Epoch: 59 - Loss: 182.74210541561084
Epoch: 60 - Loss: 182.60178949265236
Epoch: 61 - Loss: 182.45475680825948
Epoch: 62 - Loss: 182.3004030907609
Epoch: 63 - Loss: 182.13806810220194
Epoch: 64 - Loss: 181.96703706285743
Epoch: 65 - Loss: 181.786531789734
Epoch: 66 - Loss: 181.59571444889207
Epoch: 67 - Loss: 181.3936901966094
Epoch: 68 - Loss: 181.17950724304475
Epoch: 69 - Loss: 180.91426857547526
Epoch: 70 - Loss: 180.63087589936274
Epoch: 71 - Loss: 180.3287194207824
Epoch: 72 - Loss: 180.00699917284646
Epoch: 73 - Loss: 179.6648890355318
Epoch: 74 - Loss: 179.30158798042066
Epoch: 75 - Loss: 178.91638149138558
Epoch: 76 - Loss: 178.50871015186445
Epoch: 77 - Loss: 178.07824486346905
Epoch: 78 - Loss: 177.6249448727544
Epoch: 79 - Loss: 177.14908704673374
Epoch: 80 - Loss: 176.65119332226976
Epoch: 81 - Loss: 176.13173906681
Epoch: 82 - Loss: 175.55103402669664
Epoch: 83 - Loss: 174.83328942437964
Epoch: 84 - Loss: 174.06526324675505
Epoch: 85 - Loss: 173.20910693066656
Epoch: 86 - Loss: 172.18048609771495
Epoch: 87 - Loss: 170.8933605349651
Epoch: 88 - Loss: 178.26197830334672
Epoch: 89 - Loss: 171.54467347512704
Epoch: 90 - Loss: 170.63876469761092
Epoch: 91 - Loss: 171.08055445091003
Epoch: 92 - Loss: 171.49797592873773
Epoch: 93 - Loss: 171.8344966019436
Epoch: 94 - Loss: 172.09934121498338
Epoch: 95 - Loss: 172.3069359726581
Epoch: 96 - Loss: 172.46888172438213
Epoch: 97 - Loss: 172.5937599129297
Epoch: 98 - Loss: 172.68790523028846
Epoch: 99 - Loss: 172.75607215170768
Epoch: 100 - Loss: 172.80190659094922
Epoch: 101 - Loss: 172.82825613911373
Epoch: 102 - Loss: 172.83738011702917
Epoch: 103 - Loss: 172.83108983039452
Epoch: 104 - Loss: 172.81084464556116
Epoch: 105 - Loss: 172.77781865454628
Epoch: 106 - Loss: 172.73294811298138
Epoch: 107 - Loss: 172.6769630432931
Epoch: 108 - Loss: 172.61041154333805
Epoch: 109 - Loss: 172.53367235884303
Epoch: 110 - Loss: 172.44696686803593
Epoch: 111 - Loss: 172.35036287349828
Epoch: 112 - Loss: 172.243774086735
Epoch: 113 - Loss: 172.12696429750136
Epoch: 114 - Loss: 171.99954552639255
Epoch: 115 - Loss: 171.86098683956453
Epoch: 116 - Loss: 171.71064168329139
Epoch: 117 - Loss: 171.54781125676516
Epoch: 118 - Loss: 171.3718946106076
Epoch: 119 - Loss: 171.18271199073976
Epoch: 120 - Loss: 170.9811964552838
Epoch: 121 - Loss: 170.77085408368973
Epoch: 122 - Loss: 170.56080023404957
Epoch: 123 - Loss: 170.37178553726852
Epoch: 124 - Loss: 170.26329994421073
Epoch: 125 - Loss: 170.44933271346113
Epoch: 126 - Loss: 170.7480620096411
Epoch: 127 - Loss: 170.76335123407986
Epoch: 128 - Loss: 170.48630851725474
Epoch: 129 - Loss: 170.25417541610625
Epoch: 130 - Loss: 170.21864649171118
Epoch: 131 - Loss: 170.29923645291584
Epoch: 132 - Loss: 170.3655608848495
Epoch: 133 - Loss: 170.41119768921394
Epoch: 134 - Loss: 170.4315205284953
Epoch: 135 - Loss: 170.4264754838887
Epoch: 136 - Loss: 170.3981756941837
Epoch: 137 - Loss: 170.3501528597463
Epoch: 138 - Loss: 170.2874534711385
Epoch: 139 - Loss: 170.21723154117808
Epoch: 140 - Loss: 170.13949818721892
Epoch: 141 - Loss: 170.11352968475447
Epoch: 142 - Loss: 170.1493759418486
Epoch: 143 - Loss: 170.19757006572652
Epoch: 144 - Loss: 170.1968375584269
Epoch: 145 - Loss: 170.1426056561223
Epoch: 146 - Loss: 170.08380878833898
Epoch: 147 - Loss: 170.05957330574634
Epoch: 148 - Loss: 170.06891945175863
Epoch: 149 - Loss: 170.08739749321478
Epoch: 150 - Loss: 170.09213643911943
Epoch: 151 - Loss: 170.0749645356866
Epoch: 152 - Loss: 170.0433944991524
Epoch: 153 - Loss: 170.01368492415116
Epoch: 154 - Loss: 169.99959727011287
Epoch: 155 - Loss: 170.00207669802353
Epoch: 156 - Loss: 170.0080939386222
Epoch: 157 - Loss: 170.00276014788145
Epoch: 158 - Loss: 169.98384757079606
Epoch: 159 - Loss: 169.9619850343056
Epoch: 160 - Loss: 169.94797923776923
Epoch: 161 - Loss: 169.94349512236053
Epoch: 162 - Loss: 169.94245969553828
Epoch: 163 - Loss: 169.93782193396476
Epoch: 164 - Loss: 169.92678938335015
Epoch: 165 - Loss: 169.9118411385953
Epoch: 166 - Loss: 169.89807937490565
Epoch: 167 - Loss: 169.88907622117773
Epoch: 168 - Loss: 169.88412752932322
Epoch: 169 - Loss: 169.87918957697644
Epoch: 170 - Loss: 169.87082269059007
Epoch: 171 - Loss: 169.85925451011832
Epoch: 172 - Loss: 169.84753281242777
Epoch: 173 - Loss: 169.83822506919586
Epoch: 174 - Loss: 169.83133549497208
Epoch: 175 - Loss: 169.82492741011407
Epoch: 176 - Loss: 169.81712234709525
Epoch: 177 - Loss: 169.80755171090314
Too slow optimization
Epoch: 1 - Loss: 195.15784375162337
Epoch: 2 - Loss: 194.5747491114899
Epoch: 3 - Loss: 193.99480051919545
Epoch: 4 - Loss: 193.4183064657837
Epoch: 5 - Loss: 192.8455153744989
Epoch: 6 - Loss: 192.2765916689582
Epoch: 7 - Loss: 191.71158120912145
Epoch: 8 - Loss: 191.15037273933282
Epoch: 9 - Loss: 190.59263641785395
Epoch: 10 - Loss: 190.03775805716126
Epoch: 11 - Loss: 189.48473417312997
Epoch: 12 - Loss: 188.93204854547727
Epoch: 13 - Loss: 188.37750213229674
Epoch: 14 - Loss: 187.8179940204579
Epoch: 15 - Loss: 187.24922203883875
Epoch: 16 - Loss: 186.66527163912144
Epoch: 17 - Loss: 186.0580072779153
Epoch: 18 - Loss: 185.41619599833976
Epoch: 19 - Loss: 184.71873266005252
Epoch: 20 - Loss: 183.78559954890412
Epoch: 21 - Loss: 182.742149468098
Epoch: 22 - Loss: 181.54613933124512
Epoch: 23 - Loss: 180.1427738141258
Epoch: 24 - Loss: 178.4668625216802
Epoch: 25 - Loss: 176.24353116879186
Epoch: 26 - Loss: 173.53043027385291
Epoch: 27 - Loss: 171.97154917995132
Epoch: 28 - Loss: 171.01649982497932
Epoch: 29 - Loss: 170.92688561393885
Epoch: 30 - Loss: 170.84171442328824
Epoch: 31 - Loss: 170.60498172063498
Epoch: 32 - Loss: 170.2679648837105
Epoch: 33 - Loss: 170.02781161852397
Epoch: 34 - Loss: 170.08571315312074
Epoch: 35 - Loss: 169.6127817111191
Epoch: 36 - Loss: 169.59303713269645
Epoch: 37 - Loss: 169.47655909558657
Epoch: 38 - Loss: 169.23776349235533
Epoch: 39 - Loss: 168.95740890922772
Epoch: 40 - Loss: 168.72865609183341
Epoch: 41 - Loss: 168.83066363422165
Epoch: 42 - Loss: 168.33644307187467
Epoch: 43 - Loss: 168.22717906337465
Epoch: 44 - Loss: 168.12297307646037
Epoch: 45 - Loss: 167.96080170957262
Epoch: 46 - Loss: 167.72928001790243
Epoch: 47 - Loss: 167.50398899947967
Epoch: 48 - Loss: 167.40348515688623
Epoch: 49 - Loss: 167.32409482587536
Epoch: 50 - Loss: 167.02115203741235
Epoch: 51 - Loss: 166.97450333958054
Epoch: 52 - Loss: 166.8739737515967
Epoch: 53 - Loss: 166.65580613645483
Epoch: 54 - Loss: 166.342722244432
Epoch: 55 - Loss: 166.02969415543083
Epoch: 56 - Loss: 165.89333937009155
Epoch: 57 - Loss: 165.82846529746573
Epoch: 58 - Loss: 165.40120374015072
Epoch: 59 - Loss: 165.33889383158441
Epoch: 60 - Loss: 165.20530487493625
Epoch: 61 - Loss: 164.93444166040953
Epoch: 62 - Loss: 164.54673744399415
Epoch: 63 - Loss: 164.11951833441657
Epoch: 64 - Loss: 163.8327655319256
Epoch: 65 - Loss: 163.8805488278836
Epoch: 66 - Loss: 163.20101231676878
Epoch: 67 - Loss: 163.0262167567292
Epoch: 68 - Loss: 162.81898620072158
Epoch: 69 - Loss: 162.48028705195892
Epoch: 70 - Loss: 162.01299493024
Epoch: 71 - Loss: 161.47599446273207
Epoch: 72 - Loss: 161.01651145861177
Epoch: 73 - Loss: 160.89018579668686
Epoch: 74 - Loss: 160.29927258965998
Epoch: 75 - Loss: 160.20223262029975
Epoch: 76 - Loss: 160.126021770599
Epoch: 77 - Loss: 159.78843480492185
Epoch: 78 - Loss: 159.366583235404
Epoch: 79 - Loss: 158.98230855191335
Epoch: 80 - Loss: 158.71807907936574
Epoch: 81 - Loss: 158.59055596960874
Epoch: 82 - Loss: 158.24512073136756
Epoch: 83 - Loss: 158.05579636258528
Epoch: 84 - Loss: 157.87287233790826
Epoch: 85 - Loss: 157.62760687916673
Epoch: 86 - Loss: 157.32206144171778
Epoch: 87 - Loss: 157.00854017330659
Epoch: 88 - Loss: 156.75659609340647
Epoch: 89 - Loss: 156.52999945882638
Epoch: 90 - Loss: 156.1434999635271
Epoch: 91 - Loss: 155.8993628664718
Epoch: 92 - Loss: 155.6247079192902
Epoch: 93 - Loss: 155.25993374634047
Epoch: 94 - Loss: 154.8078035609564
Epoch: 95 - Loss: 154.26425218487142
Epoch: 96 - Loss: 153.8100065054793
Epoch: 97 - Loss: 152.91509396080667
Epoch: 98 - Loss: 151.4264656457505
Epoch: 99 - Loss: 149.29161937749097
Epoch: 100 - Loss: 148.05579208326716
Epoch: 101 - Loss: 147.27842515854223
Epoch: 102 - Loss: 147.54539588242977
Epoch: 103 - Loss: 147.70278446943973
Epoch: 104 - Loss: 147.34555534986328
Epoch: 105 - Loss: 147.132909179574
Epoch: 106 - Loss: 146.5952824525334
Epoch: 107 - Loss: 146.07344875356344
Epoch: 108 - Loss: 145.9573045438886
Epoch: 109 - Loss: 146.3856536364
Epoch: 110 - Loss: 145.95201922377987
Epoch: 111 - Loss: 145.67530479016443
Epoch: 112 - Loss: 145.39526342314974
Epoch: 113 - Loss: 145.62316607433894
Epoch: 114 - Loss: 145.24047113428435
Epoch: 115 - Loss: 145.29256543192156
Epoch: 116 - Loss: 145.1721908028495
Epoch: 117 - Loss: 144.85530071692952
Epoch: 118 - Loss: 145.05618923661876
Epoch: 119 - Loss: 144.6153518407176
Epoch: 120 - Loss: 144.64082562446566
Epoch: 121 - Loss: 144.22403257183205
Epoch: 122 - Loss: 143.9549948950087
Epoch: 123 - Loss: 143.91156618175646
Epoch: 124 - Loss: 143.56983277194158
Epoch: 125 - Loss: 143.5979572308436
Epoch: 126 - Loss: 143.0222719441849
Epoch: 127 - Loss: 142.5114400354209
Epoch: 128 - Loss: 142.33123740505903
Epoch: 129 - Loss: 141.49925100370535
Epoch: 130 - Loss: 141.36860660782767
Epoch: 131 - Loss: 140.60577317016268
Epoch: 132 - Loss: 139.55376098482085
Epoch: 133 - Loss: 139.60081541186074
Epoch: 134 - Loss: 138.25089954780103
Epoch: 135 - Loss: 137.76744986245808
Epoch: 136 - Loss: 136.78054027491942
Epoch: 137 - Loss: 135.09092393726647
Epoch: 138 - Loss: 134.42844607237467
Epoch: 139 - Loss: 132.88727756956092
Epoch: 140 - Loss: 131.2845001337808
Epoch: 141 - Loss: 130.2065795365864
Epoch: 142 - Loss: 124.04027722992895
Epoch: 143 - Loss: 112.53464619532183
Epoch: 144 - Loss: 109.1123018372483
Epoch: 145 - Loss: 110.81836790863694
Epoch: 146 - Loss: 112.04532042672224
Epoch: 147 - Loss: 112.93065260991139
Epoch: 148 - Loss: 113.51881208344604
Epoch: 149 - Loss: 113.77613613201305
Epoch: 150 - Loss: 113.957295652663
Epoch: 151 - Loss: 113.98106969660938
Epoch: 152 - Loss: 113.89388115647473
Epoch: 153 - Loss: 113.96966525544967
Epoch: 154 - Loss: 113.64510776991425
Epoch: 155 - Loss: 113.41850975844515
Epoch: 156 - Loss: 112.81660794870463
Epoch: 157 - Loss: 112.30059917510488
Epoch: 158 - Loss: 111.57966110639045
Epoch: 159 - Loss: 110.45501180562941
Epoch: 160 - Loss: 109.22312915341656
Epoch: 161 - Loss: 107.61106310463592
Epoch: 162 - Loss: 107.43948317262154
Epoch: 163 - Loss: 109.53614047040776
Epoch: 164 - Loss: 109.93145899718635
Epoch: 165 - Loss: 109.15284458699607
Epoch: 166 - Loss: 107.43257200428691
Epoch: 167 - Loss: 107.06900112410366
Epoch: 168 - Loss: 107.98773972883653
Epoch: 169 - Loss: 108.33776348828701
Epoch: 170 - Loss: 108.72513633397658
Epoch: 171 - Loss: 108.35471309340875
Epoch: 172 - Loss: 107.6366674286886
Epoch: 173 - Loss: 107.48277101821344
Epoch: 174 - Loss: 106.71216533555626
Epoch: 175 - Loss: 107.9762113636247
Epoch: 176 - Loss: 108.20401712982458
Epoch: 177 - Loss: 107.95356305125897
Epoch: 178 - Loss: 107.8557494937663
Epoch: 179 - Loss: 106.68141824785792
Epoch: 180 - Loss: 106.67192674961755
Epoch: 181 - Loss: 107.17634029627996
Epoch: 182 - Loss: 107.1394688060087
Epoch: 183 - Loss: 107.55653980905407
Epoch: 184 - Loss: 106.80928820634547
Epoch: 185 - Loss: 106.54332615548839
Epoch: 186 - Loss: 106.00843738934331
Epoch: 187 - Loss: 106.07125433055916
Epoch: 188 - Loss: 106.4927669043002
Epoch: 189 - Loss: 106.18182179076817
Epoch: 190 - Loss: 106.11736352605381
Epoch: 191 - Loss: 106.03344977183497
Epoch: 192 - Loss: 105.60278999979181
Epoch: 193 - Loss: 105.16623774354379
Epoch: 194 - Loss: 105.12928199208446
Epoch: 195 - Loss: 105.35311758187352
Epoch: 196 - Loss: 105.16483031536823
Epoch: 197 - Loss: 104.794623718905
Epoch: 198 - Loss: 104.42669950022494
Epoch: 199 - Loss: 103.96504278216335
Epoch: 200 - Loss: 104.09521001714022
Epoch: 201 - Loss: 102.241766175425
Epoch: 202 - Loss: 67.52185286656069
Epoch: 203 - Loss: 60.99102812947731
Epoch: 204 - Loss: 60.04070658535712
Epoch: 205 - Loss: 59.76677250135105
Epoch: 206 - Loss: 59.43766717252313
Epoch: 207 - Loss: 59.25643852109559
Epoch: 208 - Loss: 59.104202584095034
Epoch: 209 - Loss: 58.993479695423765
Epoch: 210 - Loss: 57.76921732870907
Epoch: 211 - Loss: 57.24909969877231
Epoch: 212 - Loss: 56.338022169106495
Epoch: 213 - Loss: 55.58406756761735
Epoch: 214 - Loss: 54.050298366940254
Epoch: 215 - Loss: 54.17743520542112
Epoch: 216 - Loss: 53.86702672532817
Epoch: 217 - Loss: 54.35061640776069
Epoch: 218 - Loss: 53.4548513280571
Epoch: 219 - Loss: 52.73064983725632
Epoch: 220 - Loss: 53.61186463819974
Epoch: 221 - Loss: 52.49141681161527
Epoch: 222 - Loss: 53.19274360651307
Epoch: 223 - Loss: 53.7854425987219
Epoch: 224 - Loss: 53.78683535158146
Epoch: 225 - Loss: 53.47084945079733
Epoch: 226 - Loss: 53.20234215529879
Epoch: 227 - Loss: 52.79369237637192
Epoch: 228 - Loss: 52.70129322031314
Epoch: 229 - Loss: 52.76924736741523
Epoch: 230 - Loss: 52.68501208395088
Epoch: 231 - Loss: 52.33255176628366
Epoch: 232 - Loss: 51.86856561846631
Epoch: 233 - Loss: 52.05558170375763
Epoch: 234 - Loss: 51.74431592652901
Epoch: 235 - Loss: 51.965564857757656
Epoch: 236 - Loss: 51.775967251728645
Epoch: 237 - Loss: 51.7252206236485
Epoch: 238 - Loss: 51.540594112430206
Epoch: 239 - Loss: 51.64055526315778
Epoch: 240 - Loss: 51.68980454119144
Epoch: 241 - Loss: 51.620218681100624
Epoch: 242 - Loss: 51.55128458148476
Epoch: 243 - Loss: 51.45602707651283
Epoch: 244 - Loss: 51.48898157684183
Epoch: 245 - Loss: 51.46556574978775
Epoch: 246 - Loss: 51.39073247628276
Epoch: 247 - Loss: 51.29887507768626
Epoch: 248 - Loss: 51.21853110798312
Epoch: 249 - Loss: 51.22161284226205
Epoch: 250 - Loss: 51.1708408925599
Epoch: 251 - Loss: 51.120516647824076
Epoch: 252 - Loss: 51.037314975019
Epoch: 253 - Loss: 51.026807585012406
Epoch: 254 - Loss: 50.989180886701824
Epoch: 255 - Loss: 50.97834114188649
Epoch: 256 - Loss: 50.92031408405147
Epoch: 257 - Loss: 50.88719972386502
Epoch: 258 - Loss: 50.857956051591835
Epoch: 259 - Loss: 50.8402134815684
Epoch: 260 - Loss: 50.807790660127445
Epoch: 261 - Loss: 50.75931884071993
Epoch: 262 - Loss: 50.72440198121528
Epoch: 263 - Loss: 50.689066441957515
Epoch: 264 - Loss: 50.6666804411419
Epoch: 265 - Loss: 50.622849679522744
Epoch: 266 - Loss: 50.576955165495505
Epoch: 267 - Loss: 50.54808461633166
Epoch: 268 - Loss: 50.512719815522296
Epoch: 269 - Loss: 50.48042162561888
Epoch: 270 - Loss: 50.44734387277262
Epoch: 271 - Loss: 50.407244195105314
Epoch: 272 - Loss: 50.3761607483704
Epoch: 273 - Loss: 50.3527542987198
Epoch: 274 - Loss: 50.322595409961835
Epoch: 275 - Loss: 50.28165149882862
Epoch: 276 - Loss: 50.248542452374814
Epoch: 277 - Loss: 50.223267193266935
Epoch: 278 - Loss: 50.193448855471516
Epoch: 279 - Loss: 50.15903284869275
Epoch: 280 - Loss: 50.12299704510375
Epoch: 281 - Loss: 50.09103942184927
Epoch: 282 - Loss: 50.06109779855734
Epoch: 283 - Loss: 50.031165389657225
Epoch: 284 - Loss: 50.00396248744581
Epoch: 285 - Loss: 49.98130034222268
Epoch: 286 - Loss: 49.98242920477362
Epoch: 287 - Loss: 49.97493342116277
Epoch: 288 - Loss: 50.12684488121694
Epoch: 289 - Loss: 49.94755784521862
Epoch: 290 - Loss: 50.02698239363632
Epoch: 291 - Loss: 49.89262274866953
Epoch: 292 - Loss: 50.04667078977388
Epoch: 293 - Loss: 49.86104405067468
Epoch: 294 - Loss: 50.06608381899576
Epoch: 295 - Loss: 49.788909556205034
Epoch: 296 - Loss: 49.84611704504446
Epoch: 297 - Loss: 49.80383141072549
Epoch: 298 - Loss: 50.45528341130574
Epoch: 299 - Loss: 49.606353013238625
Epoch: 300 - Loss: 52.30487309665032
Epoch: 1 - Loss: 192.81654344126764
Epoch: 2 - Loss: 192.37119516366516
Epoch: 3 - Loss: 192.17502225848452
Epoch: 4 - Loss: 191.778152040451
Epoch: 5 - Loss: 191.28112476318074
Epoch: 6 - Loss: 190.8072726491602
Epoch: 7 - Loss: 190.52226208299822
Epoch: 8 - Loss: 190.3653053530323
Epoch: 9 - Loss: 190.02797170332545
Epoch: 10 - Loss: 189.630728555071
Epoch: 11 - Loss: 189.32385771831815
Epoch: 12 - Loss: 189.0840752988541
Epoch: 13 - Loss: 188.84789325319534
Epoch: 14 - Loss: 188.58318154062306
Epoch: 15 - Loss: 188.2880028224313
Epoch: 16 - Loss: 187.97785190317563
Epoch: 17 - Loss: 187.675799353914
Epoch: 18 - Loss: 187.3994830518368
Epoch: 19 - Loss: 187.1450616356506
Epoch: 20 - Loss: 186.88641181976755
Epoch: 21 - Loss: 186.60305776340587
Epoch: 22 - Loss: 186.30179122706133
Epoch: 23 - Loss: 186.00117909984195
Epoch: 24 - Loss: 185.7088327872648
Epoch: 25 - Loss: 185.4193957781611
Epoch: 26 - Loss: 185.1271097554769
Epoch: 27 - Loss: 184.85102767925514
Epoch: 28 - Loss: 184.67132488487835
Epoch: 29 - Loss: 184.55863466232628
Epoch: 30 - Loss: 184.29329180939757
Epoch: 31 - Loss: 184.01194314274971
Epoch: 32 - Loss: 183.77039078837905
Epoch: 33 - Loss: 183.5379770321283
Epoch: 34 - Loss: 183.33482805095593
Epoch: 35 - Loss: 183.13352085326432
Epoch: 36 - Loss: 182.92724910933705
Epoch: 37 - Loss: 182.7159263514027
Epoch: 38 - Loss: 182.49899091366524
Epoch: 39 - Loss: 182.2743317298928
Epoch: 40 - Loss: 182.03236820016073
Epoch: 41 - Loss: 181.76271242466382
Epoch: 42 - Loss: 181.48130920591825
Epoch: 43 - Loss: 181.19163904708378
Epoch: 44 - Loss: 180.89785741667086
Epoch: 45 - Loss: 180.6040227912435
Epoch: 46 - Loss: 180.31232701474102
Epoch: 47 - Loss: 180.0176733878071
Epoch: 48 - Loss: 179.7050438759002
Epoch: 49 - Loss: 179.3673436024773
Epoch: 50 - Loss: 179.01560654315324
Epoch: 51 - Loss: 178.66007004368439
Epoch: 52 - Loss: 178.30130126616868
Epoch: 53 - Loss: 177.93553736246886
Epoch: 54 - Loss: 177.5598336091128
Epoch: 55 - Loss: 177.17309772263104
Epoch: 56 - Loss: 176.7753940468408
Epoch: 57 - Loss: 176.36673772279204
Epoch: 58 - Loss: 175.9464278037894
Epoch: 59 - Loss: 175.51247967778892
Epoch: 60 - Loss: 175.06069874657086
Epoch: 61 - Loss: 174.58184799670937
Epoch: 62 - Loss: 174.0560270494661
Epoch: 63 - Loss: 173.44162635494655
Epoch: 64 - Loss: 172.65396732028853
Epoch: 65 - Loss: 171.57410829528865
Epoch: 66 - Loss: 161.9154194752109
Epoch: 67 - Loss: 134.5264730485765
Epoch: 68 - Loss: 129.1637755145432
Epoch: 69 - Loss: 127.27676572416503
Epoch: 70 - Loss: 126.48661247030881
Epoch: 71 - Loss: 125.92578827949653
Epoch: 72 - Loss: 125.4279702730197
Epoch: 73 - Loss: 124.93710926286161
Epoch: 74 - Loss: 124.42229453283454
Epoch: 75 - Loss: 123.85584588524202
Epoch: 76 - Loss: 123.19507371800364
Epoch: 77 - Loss: 122.32463078688825
Epoch: 78 - Loss: 120.72190764486709
Epoch: 79 - Loss: 122.98233590702426
Epoch: 80 - Loss: 126.13777107818115
Epoch: 81 - Loss: 126.48730135751116
Epoch: 82 - Loss: 126.54399033958333
Epoch: 83 - Loss: 126.45591049640895
Epoch: 84 - Loss: 125.98654361533116
Epoch: 85 - Loss: 125.19802912327324
Epoch: 86 - Loss: 124.38247302639239
Epoch: 87 - Loss: 123.57590825767254
Epoch: 88 - Loss: 122.77798368561555
Epoch: 89 - Loss: 122.22020766451537
Epoch: 90 - Loss: 122.14049240494616
Epoch: 91 - Loss: 122.47091289114537
Epoch: 92 - Loss: 122.4657456403574
Epoch: 93 - Loss: 121.50005674448349
Epoch: 94 - Loss: 118.92027920205837
Epoch: 95 - Loss: 113.54280629968994
Epoch: 96 - Loss: 108.23616430410776
Epoch: 97 - Loss: 112.62964934160202
Epoch: 98 - Loss: 113.41152834055491
Epoch: 99 - Loss: 113.66833824445634
Epoch: 100 - Loss: 113.81391943370743
Epoch: 101 - Loss: 113.8414521645241
Epoch: 102 - Loss: 113.77294401646994
Epoch: 103 - Loss: 113.71605343747294
Epoch: 104 - Loss: 113.64412075334761
Epoch: 105 - Loss: 113.50307208356527
Epoch: 106 - Loss: 113.32399768997338
Epoch: 107 - Loss: 113.11738406458778
Epoch: 108 - Loss: 112.90229270628991
Epoch: 109 - Loss: 112.67037144328884
Epoch: 110 - Loss: 112.39569484336558
Epoch: 111 - Loss: 112.06776652622916
Epoch: 112 - Loss: 111.69418105493443
Epoch: 113 - Loss: 111.26985181032273
Epoch: 114 - Loss: 110.76924837940011
Epoch: 115 - Loss: 110.18036378705035
Epoch: 116 - Loss: 109.51643010884285
Epoch: 117 - Loss: 108.77233496093909
Epoch: 118 - Loss: 107.92830604913433
Epoch: 119 - Loss: 106.99025614184453
Epoch: 120 - Loss: 106.32322730272412
Epoch: 121 - Loss: 105.36176318717366
Epoch: 122 - Loss: 104.26809841623854
Epoch: 123 - Loss: 102.02950052751781
Too slow optimization
Epoch: 1 - Loss: 194.09921281291
Epoch: 2 - Loss: 194.03378336034416
Epoch: 3 - Loss: 193.9683521823709
Epoch: 4 - Loss: 193.90291997284132
Epoch: 5 - Loss: 193.8374872111268
Epoch: 6 - Loss: 193.77205376747773
Epoch: 7 - Loss: 193.70661888260747
Epoch: 8 - Loss: 193.64118123247258
Epoch: 9 - Loss: 193.57573851106164
Epoch: 10 - Loss: 193.51028731751694
Epoch: 11 - Loss: 193.44482301581536
Epoch: 12 - Loss: 193.37934028209116
Epoch: 13 - Loss: 193.31383311148892
Epoch: 14 - Loss: 193.24829513774785
Epoch: 15 - Loss: 193.18271900528356
Epoch: 16 - Loss: 193.11709678194674
Epoch: 17 - Loss: 193.05142145837337
Epoch: 18 - Loss: 192.98568466592712
Epoch: 19 - Loss: 192.91987846198742
Epoch: 20 - Loss: 192.85399487573355
Epoch: 21 - Loss: 192.78802557173077
Epoch: 22 - Loss: 192.72196208658033
Epoch: 23 - Loss: 192.6557957596227
Epoch: 24 - Loss: 192.5895189576024
Epoch: 25 - Loss: 192.523121564573
Epoch: 26 - Loss: 192.45659440640577
Epoch: 27 - Loss: 192.3899277434187
Epoch: 28 - Loss: 192.32311115938077
Epoch: 29 - Loss: 192.25613442450313
Epoch: 30 - Loss: 192.1889871187538
Epoch: 31 - Loss: 192.1216577803793
Epoch: 32 - Loss: 192.05413424999122
Epoch: 33 - Loss: 191.9864044730959
Epoch: 34 - Loss: 191.91845630835573
Epoch: 35 - Loss: 191.85027509922838
Epoch: 36 - Loss: 191.7818469122023
Epoch: 37 - Loss: 191.71315727240935
Epoch: 38 - Loss: 191.6441907531791
Epoch: 39 - Loss: 191.57493032695493
Epoch: 40 - Loss: 191.505357823545
Epoch: 41 - Loss: 191.43545412417242
Epoch: 42 - Loss: 191.36519869329524
Epoch: 43 - Loss: 191.29457064125566
Epoch: 44 - Loss: 191.22354674142304
Epoch: 45 - Loss: 191.15210106650264
Epoch: 46 - Loss: 191.08020736250685
Epoch: 47 - Loss: 191.00783553940113
Epoch: 48 - Loss: 190.9349546882225
Epoch: 49 - Loss: 190.8615314572541
Epoch: 50 - Loss: 190.78752977123384
Epoch: 51 - Loss: 190.71290939759243
Epoch: 52 - Loss: 190.63762714298005
Epoch: 53 - Loss: 190.5616361016264
Epoch: 54 - Loss: 190.48488656059357
Epoch: 55 - Loss: 190.40732418009094
Epoch: 56 - Loss: 190.32888773855163
Epoch: 57 - Loss: 190.24951324221666
Epoch: 58 - Loss: 190.1691276110985
Epoch: 59 - Loss: 190.08765343901788
Epoch: 60 - Loss: 190.00500632945528
Epoch: 61 - Loss: 189.92109100277474
Epoch: 62 - Loss: 189.83580614688861
Epoch: 63 - Loss: 189.74903687962822
Epoch: 64 - Loss: 189.66066809626454
Epoch: 65 - Loss: 189.5705348601716
Epoch: 66 - Loss: 189.47851177654783
Epoch: 67 - Loss: 189.38442121665736
Epoch: 68 - Loss: 189.28808252354315
Epoch: 69 - Loss: 189.18927832689502
Epoch: 70 - Loss: 189.08776182866103
Epoch: 71 - Loss: 188.98328404445184
Epoch: 72 - Loss: 188.87556874784812
Epoch: 73 - Loss: 188.76427820679055
Epoch: 74 - Loss: 188.64904544724885
Epoch: 75 - Loss: 188.5294681612189
Epoch: 76 - Loss: 188.40504661740795
Epoch: 77 - Loss: 188.27528662180873
Epoch: 78 - Loss: 188.13957890050966
Epoch: 79 - Loss: 187.9972429519762
Epoch: 80 - Loss: 187.8475082339529
Epoch: 81 - Loss: 187.68949423974593
Epoch: 82 - Loss: 187.52219989608938
Epoch: 83 - Loss: 187.34448312459617
Epoch: 84 - Loss: 187.15504336903084
Epoch: 85 - Loss: 186.95239837689138
Epoch: 86 - Loss: 186.7348637525055
Epoch: 87 - Loss: 186.50053762501332
Epoch: 88 - Loss: 186.24727861186335
Epoch: 89 - Loss: 185.96446489580214
Epoch: 90 - Loss: 185.61037296951946
Epoch: 91 - Loss: 185.22419096649824
Epoch: 92 - Loss: 184.80311004865587
Epoch: 93 - Loss: 184.344132099561
Epoch: 94 - Loss: 183.84423266595266
Epoch: 95 - Loss: 183.3005827546145
Epoch: 96 - Loss: 182.71083069346938
Epoch: 97 - Loss: 182.0733763514882
Epoch: 98 - Loss: 181.38741230382087
Epoch: 99 - Loss: 180.6521277709496
Epoch: 100 - Loss: 179.70605243506094
Epoch: 101 - Loss: 178.62702025154897
Epoch: 102 - Loss: 177.35784415804426
Epoch: 103 - Loss: 175.68413849471204
Epoch: 104 - Loss: 183.14861001033464
Epoch: 105 - Loss: 192.8509087756197
Epoch: 106 - Loss: 191.87386975777477
Epoch: 107 - Loss: 186.72169960482447
Epoch: 108 - Loss: 183.13276620193687
Epoch: 109 - Loss: 176.0357785074678
Epoch: 110 - Loss: 175.56640244557823
Epoch: 111 - Loss: 176.36808108291294
Epoch: 112 - Loss: 176.95975695981866
Epoch: 113 - Loss: 177.39224149245746
Epoch: 114 - Loss: 177.7139737384925
Epoch: 115 - Loss: 177.9538417785872
Epoch: 116 - Loss: 178.12956565292302
Epoch: 117 - Loss: 178.25278490842322
Epoch: 118 - Loss: 178.33164999173778
Epoch: 119 - Loss: 178.3721623017541
Epoch: 120 - Loss: 178.37889906629925
Epoch: 121 - Loss: 178.355423033216
Epoch: 122 - Loss: 178.3045234405258
Epoch: 123 - Loss: 178.2283571456307
Epoch: 124 - Loss: 178.12852590709468
Epoch: 125 - Loss: 178.00611041686093
Epoch: 126 - Loss: 177.8616649299219
Epoch: 127 - Loss: 177.6951748277043
Epoch: 128 - Loss: 177.50597258539483
Epoch: 129 - Loss: 177.29260243878056
Epoch: 130 - Loss: 177.05263031769996
Epoch: 131 - Loss: 176.78240299231055
Epoch: 132 - Loss: 176.47684446385995
Epoch: 133 - Loss: 176.1296849077947
Epoch: 134 - Loss: 175.73572815320173
Epoch: 135 - Loss: 175.30193307069507
Epoch: 136 - Loss: 174.89741454973685
Epoch: 137 - Loss: 175.18005479334636
Epoch: 138 - Loss: 176.087692502982
Epoch: 139 - Loss: 175.12341523378186
Epoch: 140 - Loss: 174.79711873205045
Epoch: 141 - Loss: 175.00257491960343
Epoch: 142 - Loss: 175.18332681878906
Epoch: 143 - Loss: 175.29606673421787
Epoch: 144 - Loss: 175.33790114588857
Epoch: 145 - Loss: 175.31436871372708
Epoch: 146 - Loss: 175.23211592863524
Epoch: 147 - Loss: 175.0990374466723
Epoch: 148 - Loss: 174.928612573552
Epoch: 149 - Loss: 174.75093671875214
Epoch: 150 - Loss: 174.67139230244328
Epoch: 151 - Loss: 174.89169690284768
Epoch: 152 - Loss: 174.93349581475474
Epoch: 153 - Loss: 174.6875797083458
Epoch: 154 - Loss: 174.62009282900817
Epoch: 155 - Loss: 174.69718245803693
Epoch: 156 - Loss: 174.74963858499632
Epoch: 157 - Loss: 174.7592304333814
Epoch: 158 - Loss: 174.7246146853239
Epoch: 159 - Loss: 174.65495192246294
Epoch: 160 - Loss: 174.56723700967112
Epoch: 161 - Loss: 174.52755603938553
Epoch: 162 - Loss: 174.5999910877982
Epoch: 163 - Loss: 174.61082076172804
Epoch: 164 - Loss: 174.51620400594192
Epoch: 165 - Loss: 174.4713397927219
Epoch: 166 - Loss: 174.5020165199575
Epoch: 167 - Loss: 174.51224091274682
Epoch: 168 - Loss: 174.49491431504413
Epoch: 169 - Loss: 174.45209684251793
Epoch: 170 - Loss: 174.4070428520806
Epoch: 171 - Loss: 174.41088434001293
Epoch: 172 - Loss: 174.42658767599536
Epoch: 173 - Loss: 174.3988322267517
Epoch: 174 - Loss: 174.35829458123735
Epoch: 175 - Loss: 174.34950275536173
Epoch: 176 - Loss: 174.35589832578754
Epoch: 177 - Loss: 174.34429207527327
Epoch: 178 - Loss: 174.31448733459106
Epoch: 179 - Loss: 174.29291893792353
Epoch: 180 - Loss: 174.29092032385162
Epoch: 181 - Loss: 174.28641993548342
Epoch: 182 - Loss: 174.26455195185366
Epoch: 183 - Loss: 174.2430108069256
Epoch: 184 - Loss: 174.23494050398824
Epoch: 185 - Loss: 174.22942761654744
Epoch: 186 - Loss: 174.21451387835393
Epoch: 187 - Loss: 174.19478765751066
Epoch: 188 - Loss: 174.18168633966843
Too slow optimization
Epoch: 1 - Loss: 193.02972384338892
Epoch: 2 - Loss: 191.53508001212026
Epoch: 3 - Loss: 190.66887674428196
Epoch: 4 - Loss: 189.81776248844514
Epoch: 5 - Loss: 188.97868499565746
Epoch: 6 - Loss: 188.14764145918758
Epoch: 7 - Loss: 187.23946112827173
Epoch: 8 - Loss: 186.31352349280561
Epoch: 9 - Loss: 185.50726027055177
Epoch: 10 - Loss: 184.80316354695844
Epoch: 11 - Loss: 183.78372819481484
Epoch: 12 - Loss: 182.79680007137236
Epoch: 13 - Loss: 181.597556186581
Epoch: 14 - Loss: 174.79781964050943
Epoch: 15 - Loss: 172.8109357594057
Epoch: 16 - Loss: 172.04108293244184
Epoch: 17 - Loss: 171.79625455086241
Epoch: 18 - Loss: 170.83267599509466
Epoch: 19 - Loss: 168.20144680232787
Epoch: 20 - Loss: 168.3672718625236
Epoch: 21 - Loss: 167.81271189672165
Epoch: 22 - Loss: 167.12701298760476
Epoch: 23 - Loss: 166.4684198690521
Epoch: 24 - Loss: 166.03379976347415
Epoch: 25 - Loss: 165.82465495897787
Epoch: 26 - Loss: 165.3229592273443
Epoch: 27 - Loss: 164.52034376666833
Epoch: 28 - Loss: 163.4965541970812
Epoch: 29 - Loss: 162.3750264568321
Epoch: 30 - Loss: 161.33187949550364
Epoch: 31 - Loss: 160.41546294378375
Epoch: 32 - Loss: 159.4138156614356
Epoch: 33 - Loss: 158.0233067479345
Epoch: 34 - Loss: 153.53418819305216
Epoch: 35 - Loss: 148.67684457172976
Epoch: 36 - Loss: 115.92596263788896
Epoch: 37 - Loss: 109.33716942511079
Epoch: 38 - Loss: 108.90221636191043
Epoch: 39 - Loss: 106.93313997523165
Epoch: 40 - Loss: 108.58512371048056
Epoch: 41 - Loss: 106.0620087105581
Epoch: 42 - Loss: 107.0682968488244
Epoch: 43 - Loss: 106.37438761443089
Epoch: 44 - Loss: 104.28069573846807
Epoch: 45 - Loss: 103.36252858634624
Epoch: 46 - Loss: 103.98527997143877
Epoch: 47 - Loss: 101.91822199499126
Epoch: 48 - Loss: 102.37359125136108
Epoch: 49 - Loss: 101.72932038176297
Epoch: 50 - Loss: 99.78607305170853
Epoch: 51 - Loss: 98.24011683791875
Epoch: 52 - Loss: 97.97639493095171
Epoch: 53 - Loss: 94.08890284422948
Epoch: 54 - Loss: 90.29878917527519
Epoch: 55 - Loss: 75.71381836052757
Epoch: 56 - Loss: 68.43822922869482
Epoch: 57 - Loss: 69.63287717669546
Epoch: 58 - Loss: 71.73994184694564
Epoch: 59 - Loss: 71.72282072845556
Epoch: 60 - Loss: 73.08296876677053
Epoch: 61 - Loss: 73.35888318761002
Epoch: 62 - Loss: 72.83061462836751
Epoch: 63 - Loss: 73.700471119375
Epoch: 64 - Loss: 72.8857313624146
Epoch: 65 - Loss: 73.01458306763105
Epoch: 66 - Loss: 73.00222613047917
Epoch: 67 - Loss: 72.31927639705042
Epoch: 68 - Loss: 72.2059516772425
Epoch: 69 - Loss: 71.70007571187541
Epoch: 70 - Loss: 71.06493428147138
Epoch: 71 - Loss: 70.66200886979095
Epoch: 72 - Loss: 69.67361301528132
Epoch: 73 - Loss: 68.66942443635658
Epoch: 74 - Loss: 67.47810894967336
Epoch: 75 - Loss: 65.50141613363752
Epoch: 76 - Loss: 63.408422231659216
Epoch: 77 - Loss: 64.25413402677148
Epoch: 78 - Loss: 69.92361625961634
Epoch: 79 - Loss: 65.01170071795981
Epoch: 80 - Loss: 62.2586428650131
Epoch: 81 - Loss: 63.48777717558653
Epoch: 82 - Loss: 64.48588632474839
Epoch: 83 - Loss: 65.0975713248877
Epoch: 84 - Loss: 65.32411190928434
Epoch: 85 - Loss: 65.20456958542022
Epoch: 86 - Loss: 64.89891119142105
Epoch: 87 - Loss: 64.15177933420613
Epoch: 88 - Loss: 63.24737195355944
Epoch: 89 - Loss: 62.05043154195806
Epoch: 90 - Loss: 62.47487203586537
Epoch: 91 - Loss: 62.766853073434724
Epoch: 92 - Loss: 62.8421738380765
Epoch: 93 - Loss: 62.59733584061621
Epoch: 94 - Loss: 62.15180763503739
Epoch: 95 - Loss: 61.7143203546393
Epoch: 96 - Loss: 62.17469751914901
Epoch: 97 - Loss: 62.456045344419614
Epoch: 98 - Loss: 62.4008661386726
Epoch: 99 - Loss: 62.04323761336499
Epoch: 100 - Loss: 61.595637227946774
Epoch: 101 - Loss: 61.62626388323787
Epoch: 102 - Loss: 62.08511186431905
Epoch: 103 - Loss: 61.48716438791318
Epoch: 104 - Loss: 61.43569142404468
Epoch: 105 - Loss: 61.61751220226913
Epoch: 106 - Loss: 61.67236586132097
Epoch: 107 - Loss: 61.51151491931605
Epoch: 108 - Loss: 61.28187235795824
Epoch: 109 - Loss: 61.22759955261852
Epoch: 110 - Loss: 61.4168835073573
Epoch: 111 - Loss: 61.260425625585114
Epoch: 112 - Loss: 61.109070735543185
Epoch: 113 - Loss: 61.16726556488943
Epoch: 114 - Loss: 61.21002214020702
Epoch: 115 - Loss: 61.15253577972471
Epoch: 116 - Loss: 61.027004521330184
Epoch: 117 - Loss: 60.98294382983024
Epoch: 118 - Loss: 61.03959530319098
Epoch: 119 - Loss: 60.992619379366246
Epoch: 120 - Loss: 60.889495743256624
Epoch: 121 - Loss: 60.881297976561726
Epoch: 122 - Loss: 60.89668527901277
Epoch: 123 - Loss: 60.85416761367016
Epoch: 124 - Loss: 60.783407178093995
Epoch: 125 - Loss: 60.744740470740695
Epoch: 126 - Loss: 60.752995450213646
Epoch: 127 - Loss: 60.716642201386925
Epoch: 128 - Loss: 60.65455165990842
Epoch: 129 - Loss: 60.63638039249761
Epoch: 130 - Loss: 60.62624567299784
Epoch: 131 - Loss: 60.59105970735572
Epoch: 132 - Loss: 60.5460050775066
Epoch: 133 - Loss: 60.51835688411769
Epoch: 134 - Loss: 60.505751905533266
Epoch: 135 - Loss: 60.47148551018574
Epoch: 136 - Loss: 60.431681175270555
Epoch: 137 - Loss: 60.4101078374406
Epoch: 138 - Loss: 60.38988592488151
Epoch: 139 - Loss: 60.354073622600396
Epoch: 140 - Loss: 60.31923593353148
Epoch: 141 - Loss: 60.2958540790612
Epoch: 142 - Loss: 60.27101655015418
Epoch: 143 - Loss: 60.23703288403501
Epoch: 144 - Loss: 60.207875642889164
Epoch: 145 - Loss: 60.184131179637895
Epoch: 146 - Loss: 60.15649033872546
Epoch: 147 - Loss: 60.12618829596635
Epoch: 148 - Loss: 60.09806151298338
Epoch: 149 - Loss: 60.077121946521515
Epoch: 150 - Loss: 60.05154951140794
Epoch: 151 - Loss: 60.020450972821884
Epoch: 152 - Loss: 59.99297945726012
Epoch: 153 - Loss: 59.96610396271164
Epoch: 154 - Loss: 59.936938004772905
Epoch: 155 - Loss: 59.90677197770547
Epoch: 156 - Loss: 59.880641821244105
Epoch: 157 - Loss: 59.85602952186144
Epoch: 158 - Loss: 59.82895363011109
Epoch: 159 - Loss: 59.801163975169196
Epoch: 160 - Loss: 59.775496386895696
Epoch: 161 - Loss: 59.74946154994251
Epoch: 162 - Loss: 59.72182612434428
Epoch: 163 - Loss: 59.69606758585693
Epoch: 164 - Loss: 59.6728884637996
Epoch: 165 - Loss: 59.65008100846806
Epoch: 166 - Loss: 59.62455212257159
Epoch: 167 - Loss: 59.602952688988886
Epoch: 168 - Loss: 59.587505622398915
Epoch: 169 - Loss: 59.57663566163448
Epoch: 170 - Loss: 59.60568689612377
Epoch: 171 - Loss: 59.61917154812899
Epoch: 172 - Loss: 59.80796224434701
Epoch: 173 - Loss: 59.65732257590237
Epoch: 174 - Loss: 59.788823346280395
Epoch: 175 - Loss: 59.515280754610274
Epoch: 176 - Loss: 59.422879685455115
Epoch: 177 - Loss: 59.35901200388626
Epoch: 178 - Loss: 59.32573534502903
Epoch: 179 - Loss: 59.309741788212825
Epoch: 180 - Loss: 59.31770971169637
Epoch: 181 - Loss: 59.39267779874584
Epoch: 182 - Loss: 59.41426185551576
Epoch: 183 - Loss: 59.70888041434792
Epoch: 184 - Loss: 59.336616620985346
Too slow optimization
Epoch: 1 - Loss: 192.8470998578106
Epoch: 2 - Loss: 192.82690313634978
Epoch: 3 - Loss: 192.8066882061458
Epoch: 4 - Loss: 192.78645483433928
Epoch: 5 - Loss: 192.76620267018404
Epoch: 6 - Loss: 192.745931355394
Epoch: 7 - Loss: 192.72564057252367
Epoch: 8 - Loss: 192.7053299503555
Epoch: 9 - Loss: 192.68499917215757
Epoch: 10 - Loss: 192.66464787361505
Epoch: 11 - Loss: 192.6442757041405
Epoch: 12 - Loss: 192.62388230891298
Epoch: 13 - Loss: 192.60346735343134
Epoch: 14 - Loss: 192.58303044955147
Epoch: 15 - Loss: 192.5625712557498
Epoch: 16 - Loss: 192.54208942145394
Epoch: 17 - Loss: 192.5215845614122
Epoch: 18 - Loss: 192.50105635253968
Epoch: 19 - Loss: 192.48050441758028
Epoch: 20 - Loss: 192.4599283903347
Epoch: 21 - Loss: 192.4393279351226
Epoch: 22 - Loss: 192.41870268870264
Epoch: 23 - Loss: 192.39805230136744
Epoch: 24 - Loss: 192.37737641417974
Epoch: 25 - Loss: 192.35667465816067
Epoch: 26 - Loss: 192.33594675574574
Epoch: 27 - Loss: 192.31519233077918
Epoch: 28 - Loss: 192.2944109532601
Epoch: 29 - Loss: 192.27360238116273
Epoch: 30 - Loss: 192.25276621249023
Epoch: 31 - Loss: 192.2319021023077
Epoch: 32 - Loss: 192.21100971251803
Epoch: 33 - Loss: 192.19008867516413
Epoch: 34 - Loss: 192.169138679388
Epoch: 35 - Loss: 192.14815938130965
Epoch: 36 - Loss: 192.12715042358553
Epoch: 37 - Loss: 192.10611146266646
Epoch: 38 - Loss: 192.08504224498333
Epoch: 39 - Loss: 192.06394237570714
Epoch: 40 - Loss: 192.04281157508927
Epoch: 41 - Loss: 192.02164943922827
Epoch: 42 - Loss: 192.00045567591337
Epoch: 43 - Loss: 191.97923003925388
Epoch: 44 - Loss: 191.95797214543006
Epoch: 45 - Loss: 191.93668167453765
Epoch: 46 - Loss: 191.91535831553236
Epoch: 47 - Loss: 191.89400172056742
Epoch: 48 - Loss: 191.87261157125815
Epoch: 49 - Loss: 191.85118752940636
Epoch: 50 - Loss: 191.82972926841452
Epoch: 51 - Loss: 191.80823644452752
Epoch: 52 - Loss: 191.78670870286393
Epoch: 53 - Loss: 191.76514573555335
Epoch: 54 - Loss: 191.74354716391264
Epoch: 55 - Loss: 191.72191262487425
Epoch: 56 - Loss: 191.7002417490083
Epoch: 57 - Loss: 191.67853416123086
Epoch: 58 - Loss: 191.6567894864303
Epoch: 59 - Loss: 191.6350073135078
Epoch: 60 - Loss: 191.61318726037783
Epoch: 61 - Loss: 191.59132891244874
Epoch: 62 - Loss: 191.56943185071282
Epoch: 63 - Loss: 191.54749565503226
Epoch: 64 - Loss: 191.5255198913806
Epoch: 65 - Loss: 191.5035041102025
Epoch: 66 - Loss: 191.48144785676772
Epoch: 67 - Loss: 191.4593505789849
Epoch: 68 - Loss: 191.43721203996034
Epoch: 69 - Loss: 191.4150314985972
Epoch: 70 - Loss: 191.39280855494653
Epoch: 71 - Loss: 191.3705426282978
Epoch: 72 - Loss: 191.3482333130185
Epoch: 73 - Loss: 191.32588001560427
Epoch: 74 - Loss: 191.30348217924347
Epoch: 75 - Loss: 191.2810392273633
Epoch: 76 - Loss: 191.25855060783886
Epoch: 77 - Loss: 191.23601566870252
Epoch: 78 - Loss: 191.21343378803755
Epoch: 79 - Loss: 191.19080434657263
Epoch: 80 - Loss: 191.16812667456347
Epoch: 81 - Loss: 191.14540008932553
Epoch: 82 - Loss: 191.12262390959228
Epoch: 83 - Loss: 191.09979740015592
Epoch: 84 - Loss: 191.07691991265926
Epoch: 85 - Loss: 191.05399063238502
Epoch: 86 - Loss: 191.03100881433184
Epoch: 87 - Loss: 191.007973649834
Epoch: 88 - Loss: 190.98488433093772
Epoch: 89 - Loss: 190.96173997467764
Epoch: 90 - Loss: 190.93853976697338
Epoch: 91 - Loss: 190.9152828665855
Epoch: 92 - Loss: 190.8919681794635
Epoch: 93 - Loss: 190.86859484681577
Epoch: 94 - Loss: 190.84516188434498
Epoch: 95 - Loss: 190.82166830021467
Epoch: 96 - Loss: 190.79811310882067
Epoch: 97 - Loss: 190.774495173384
Epoch: 98 - Loss: 190.75081330103055
Epoch: 99 - Loss: 190.7270664296439
Epoch: 100 - Loss: 190.70325360613984
Epoch: 101 - Loss: 190.67937346549448
Epoch: 102 - Loss: 190.6554247604992
Epoch: 103 - Loss: 190.6314062136792
Epoch: 104 - Loss: 190.60731652357842
Epoch: 105 - Loss: 190.58315431769114
Epoch: 106 - Loss: 190.55891816452112
Epoch: 107 - Loss: 190.53460661344482
Epoch: 108 - Loss: 190.5102182337979
Epoch: 109 - Loss: 190.48575149771676
Epoch: 110 - Loss: 190.46120459935142
Epoch: 111 - Loss: 190.43657610765433
Epoch: 112 - Loss: 190.41186421035857
Epoch: 113 - Loss: 190.38706715237282
Epoch: 114 - Loss: 190.36218316740823
Epoch: 115 - Loss: 190.33721041027212
Epoch: 116 - Loss: 190.31214693769846
Epoch: 117 - Loss: 190.28699077326607
Epoch: 118 - Loss: 190.26173992057565
Epoch: 119 - Loss: 190.23639218299869
Epoch: 120 - Loss: 190.2109453215849
Epoch: 121 - Loss: 190.18539702233264
Epoch: 122 - Loss: 190.15974518829856
Epoch: 123 - Loss: 190.13398707831448
Epoch: 124 - Loss: 190.1081204077081
Epoch: 125 - Loss: 190.0821424250231
Epoch: 126 - Loss: 190.05605058382343
Epoch: 127 - Loss: 190.0298420004842
Epoch: 128 - Loss: 190.00351384775337
Epoch: 129 - Loss: 189.97706323553757
Epoch: 130 - Loss: 189.95048693222353
Epoch: 131 - Loss: 189.92378186561461
Epoch: 132 - Loss: 189.8969447553068
Epoch: 133 - Loss: 189.86997220152966
Epoch: 134 - Loss: 189.84286066008315
Epoch: 135 - Loss: 189.8156064520877
Epoch: 136 - Loss: 189.7882058015129
Epoch: 137 - Loss: 189.7606548042191
Epoch: 138 - Loss: 189.73294940470026
Epoch: 139 - Loss: 189.7050853795916
Epoch: 140 - Loss: 189.6770585637299
Epoch: 141 - Loss: 189.6488638223774
Epoch: 142 - Loss: 189.62049643068642
Epoch: 143 - Loss: 189.59195202302746
Epoch: 144 - Loss: 189.56322525554566
Epoch: 145 - Loss: 189.53431091206596
Epoch: 146 - Loss: 189.50520435559864
Epoch: 147 - Loss: 189.47589817977084
Epoch: 148 - Loss: 189.44638730740348
Epoch: 149 - Loss: 189.41666557991545
Epoch: 150 - Loss: 189.38672664711103
Epoch: 151 - Loss: 189.3565630596657
Epoch: 152 - Loss: 189.3261694516059
Epoch: 153 - Loss: 189.2955378463283
Epoch: 154 - Loss: 189.26466065066683
Epoch: 155 - Loss: 189.23353006466985
Epoch: 156 - Loss: 189.20213795647672
Epoch: 157 - Loss: 189.17047584359372
Epoch: 158 - Loss: 189.13853494454435
Epoch: 159 - Loss: 189.10630602667234
Epoch: 160 - Loss: 189.0737795416504
Epoch: 161 - Loss: 189.04094557594985
Epoch: 162 - Loss: 189.00779351366924
Epoch: 163 - Loss: 188.97431252012197
Epoch: 164 - Loss: 188.9404910357783
Epoch: 165 - Loss: 188.90631751130474
Epoch: 166 - Loss: 188.8717793184237
Epoch: 167 - Loss: 188.83686345206527
Epoch: 168 - Loss: 188.80155582071706
Epoch: 169 - Loss: 188.76584312212754
Epoch: 170 - Loss: 188.7297100756431
Epoch: 171 - Loss: 188.69314111378102
Epoch: 172 - Loss: 188.65611976401857
Epoch: 173 - Loss: 188.61862895698175
Epoch: 174 - Loss: 188.58065064920532
Epoch: 175 - Loss: 188.5421660890394
Epoch: 176 - Loss: 188.5031554460621
Epoch: 177 - Loss: 188.46359819958934
Epoch: 178 - Loss: 188.42347228899206
Epoch: 179 - Loss: 188.38275501730746
Epoch: 180 - Loss: 188.3414221997045
Epoch: 181 - Loss: 188.2994486280826
Epoch: 182 - Loss: 188.2568077316797
Epoch: 183 - Loss: 188.21347148615976
Epoch: 184 - Loss: 188.16941042104833
Epoch: 185 - Loss: 188.12459351454362
Epoch: 186 - Loss: 188.07898796994823
Epoch: 187 - Loss: 188.03255935947848
Epoch: 188 - Loss: 187.98527121885823
Epoch: 189 - Loss: 187.93708509621504
Epoch: 190 - Loss: 187.88796039764046
Epoch: 191 - Loss: 187.83785492361085
Epoch: 192 - Loss: 187.78672212908432
Epoch: 193 - Loss: 187.73451469567857
Epoch: 194 - Loss: 187.68118194846363
Epoch: 195 - Loss: 187.62667015931515
Epoch: 196 - Loss: 187.57092286722528
Epoch: 197 - Loss: 187.51387980991055
Epoch: 198 - Loss: 187.4554772980165
Epoch: 199 - Loss: 187.39564771305663
Epoch: 200 - Loss: 187.33431900659255
Epoch: 201 - Loss: 187.27141635303576
Epoch: 202 - Loss: 187.20685851403675
Epoch: 203 - Loss: 187.14055990253667
Epoch: 204 - Loss: 187.072430652376
Epoch: 205 - Loss: 187.00237430755624
Epoch: 206 - Loss: 186.93028884195502
Epoch: 207 - Loss: 186.85606474343692
Epoch: 208 - Loss: 186.77958767532655
Epoch: 209 - Loss: 186.7007345117538
Epoch: 210 - Loss: 186.61937516606247
Epoch: 211 - Loss: 186.53537243571049
Epoch: 212 - Loss: 186.44858109473688
Epoch: 213 - Loss: 186.35884536766753
Epoch: 214 - Loss: 186.26600128951273
Epoch: 215 - Loss: 186.16987642824282
Epoch: 216 - Loss: 186.07028572481374
Epoch: 217 - Loss: 185.96703412672883
Epoch: 218 - Loss: 185.8599201966977
Epoch: 219 - Loss: 185.7281463969157
Epoch: 220 - Loss: 185.58917423311811
Epoch: 221 - Loss: 185.4432379799166
Epoch: 222 - Loss: 185.29026409897997
Epoch: 223 - Loss: 185.13013764883124
Epoch: 224 - Loss: 184.9627117552907
Epoch: 225 - Loss: 184.78780597766246
Epoch: 226 - Loss: 184.60521729238317
Epoch: 227 - Loss: 184.41472006978148
Epoch: 228 - Loss: 184.2160704457436
Epoch: 229 - Loss: 184.00901217056068
Epoch: 230 - Loss: 183.79328195111407
Epoch: 231 - Loss: 183.5686156989689
Epoch: 232 - Loss: 183.3347525596807
Epoch: 233 - Loss: 183.0914437430732
Epoch: 234 - Loss: 182.83845719367147
Epoch: 235 - Loss: 182.5755895800354
Epoch: 236 - Loss: 182.30266302972953
Epoch: 237 - Loss: 182.01953511374296
Epoch: 238 - Loss: 181.72609621926597
Epoch: 239 - Loss: 181.42226041327302
Epoch: 240 - Loss: 181.1079432035446
Epoch: 241 - Loss: 180.78302365441675
Epoch: 242 - Loss: 180.4472706890264
Epoch: 243 - Loss: 180.0370712211771
Epoch: 244 - Loss: 179.58236096673053
Epoch: 245 - Loss: 179.10543485344812
Epoch: 246 - Loss: 178.6017021640336
Epoch: 247 - Loss: 178.06260878585627
Epoch: 248 - Loss: 177.4733890134216
Epoch: 249 - Loss: 176.81040550340845
Epoch: 250 - Loss: 176.04536690131627
Epoch: 251 - Loss: 175.23078824163898
Epoch: 252 - Loss: 176.6143780049911
Epoch: 253 - Loss: 176.07103104500652
Epoch: 254 - Loss: 175.1260732043299
Epoch: 255 - Loss: 175.12806461304356
Epoch: 256 - Loss: 175.34482259434677
Epoch: 257 - Loss: 175.53091764392119
Epoch: 258 - Loss: 175.6603424296588
Epoch: 259 - Loss: 175.73294946654676
Epoch: 260 - Loss: 175.75383792215587
Epoch: 261 - Loss: 175.7284451358852
Epoch: 262 - Loss: 175.6616981639428
Epoch: 263 - Loss: 175.5584926329179
Epoch: 264 - Loss: 175.425099794157
Epoch: 265 - Loss: 175.27203708311555
Epoch: 266 - Loss: 175.11965177534344
Epoch: 267 - Loss: 175.01274752598238
Epoch: 268 - Loss: 175.1331367140953
Epoch: 269 - Loss: 175.32551441178666
Epoch: 270 - Loss: 175.2643091914722
Epoch: 271 - Loss: 175.07091045932629
Epoch: 272 - Loss: 175.003166516783
Epoch: 273 - Loss: 175.06454783977753
Epoch: 274 - Loss: 175.12447478663532
Epoch: 275 - Loss: 175.16061768296618
Epoch: 276 - Loss: 175.1674824668709
Epoch: 277 - Loss: 175.14653060302035
Epoch: 278 - Loss: 175.10348691600828
Epoch: 279 - Loss: 175.04801018990813
Epoch: 280 - Loss: 174.99196757309997
Epoch: 281 - Loss: 174.99484003671654
Epoch: 282 - Loss: 175.04546674006838
Epoch: 283 - Loss: 175.06782116469523
Epoch: 284 - Loss: 175.03019632478276
Epoch: 285 - Loss: 174.98363546068146
Epoch: 286 - Loss: 174.97538057215627
Epoch: 287 - Loss: 174.99770948969476
Epoch: 288 - Loss: 175.01626769560434
Epoch: 289 - Loss: 175.01596211968447
Epoch: 290 - Loss: 174.99877363785123
Epoch: 291 - Loss: 174.9721417359312
Epoch: 292 - Loss: 174.9601604171505
Epoch: 293 - Loss: 174.96946912495014
Epoch: 294 - Loss: 174.98251649596847
Epoch: 295 - Loss: 174.97924393203124
Epoch: 296 - Loss: 174.96243544303738
Epoch: 297 - Loss: 174.9501009459743
Epoch: 298 - Loss: 174.950892763568
Epoch: 299 - Loss: 174.95769007684825
Epoch: 300 - Loss: 174.9593680770352
Epoch: 1 - Loss: 195.88011422895318
Epoch: 2 - Loss: 195.85435884140824
Epoch: 3 - Loss: 195.82869121309403
Epoch: 4 - Loss: 195.80310827389627
Epoch: 5 - Loss: 195.7776128484421
Epoch: 6 - Loss: 195.75220624862828
Epoch: 7 - Loss: 195.72689062075185
Epoch: 8 - Loss: 195.70166468065082
Epoch: 9 - Loss: 195.67653067549568
Epoch: 10 - Loss: 195.6514884137411
Epoch: 11 - Loss: 195.62654124158257
Epoch: 12 - Loss: 195.6016895919229
Epoch: 13 - Loss: 195.57703263806073
Epoch: 14 - Loss: 195.55235685113146
Epoch: 15 - Loss: 195.52778167788705
Epoch: 16 - Loss: 195.5033015196491
Epoch: 17 - Loss: 195.47899167814688
Epoch: 18 - Loss: 195.45472142597336
Epoch: 19 - Loss: 195.43055048331937
Epoch: 20 - Loss: 195.40668226541894
Epoch: 21 - Loss: 195.38264897315403
Epoch: 22 - Loss: 195.35877715620904
Epoch: 23 - Loss: 195.3350055304326
Epoch: 24 - Loss: 195.31133636234512
Epoch: 25 - Loss: 195.28776580059207
Epoch: 26 - Loss: 195.26429559630623
Epoch: 27 - Loss: 195.24093812467274
Epoch: 28 - Loss: 195.21768230060295
Epoch: 29 - Loss: 195.19452825003208
Epoch: 30 - Loss: 195.17147363779327
Epoch: 31 - Loss: 195.1485113347682
Epoch: 32 - Loss: 195.12578888000257
Epoch: 33 - Loss: 195.10284829227606
Epoch: 34 - Loss: 195.0802068772694
Epoch: 35 - Loss: 195.05766736724843
Epoch: 36 - Loss: 195.03522984359037
Epoch: 37 - Loss: 195.01289783189722
Epoch: 38 - Loss: 194.99066390017202
Epoch: 39 - Loss: 194.96853147015315
Epoch: 40 - Loss: 194.9464984349937
Epoch: 41 - Loss: 194.92456886893092
Epoch: 42 - Loss: 194.90274202375613
Epoch: 43 - Loss: 194.88101401380908
Epoch: 44 - Loss: 194.85938631766393
Epoch: 45 - Loss: 194.8378587324732
Epoch: 46 - Loss: 194.8164301173459
Epoch: 47 - Loss: 194.79510152083546
Epoch: 48 - Loss: 194.77387202821174
Epoch: 49 - Loss: 194.7527405022159
Epoch: 50 - Loss: 194.73170738588695
Epoch: 51 - Loss: 194.7107718966587
Epoch: 52 - Loss: 194.68993405749538
Epoch: 53 - Loss: 194.66919251777261
Epoch: 54 - Loss: 194.64837568626083
Epoch: 55 - Loss: 194.62782618979747
Epoch: 56 - Loss: 194.6073731624891
Epoch: 57 - Loss: 194.5870131210449
Epoch: 58 - Loss: 194.5667791256545
Epoch: 59 - Loss: 194.54671373917066
Epoch: 60 - Loss: 194.52663921408785
Epoch: 61 - Loss: 194.50665249392347
Epoch: 62 - Loss: 194.48675680349336
Epoch: 63 - Loss: 194.46682977628163
Epoch: 64 - Loss: 194.44711993519357
Epoch: 65 - Loss: 194.42764570813696
Epoch: 66 - Loss: 194.40819018121175
Epoch: 67 - Loss: 194.38880372002674
Epoch: 68 - Loss: 194.3694540668049
Epoch: 69 - Loss: 194.3501939779284
Epoch: 70 - Loss: 194.33101901087403
Epoch: 71 - Loss: 194.31193182348196
Epoch: 72 - Loss: 194.292932016956
Epoch: 73 - Loss: 194.27397987752212
Epoch: 74 - Loss: 194.2551514553486
Epoch: 75 - Loss: 194.2364621032059
Epoch: 76 - Loss: 194.21771559219906
Epoch: 77 - Loss: 194.1991570711419
Epoch: 78 - Loss: 194.18067994705098
Epoch: 79 - Loss: 194.16228923890418
Epoch: 80 - Loss: 194.14398372538307
Epoch: 81 - Loss: 194.12576087667415
Epoch: 82 - Loss: 194.10761861120815
Epoch: 83 - Loss: 194.08956124262818
Epoch: 84 - Loss: 194.07157284033298
Epoch: 85 - Loss: 194.05367679694578
Epoch: 86 - Loss: 194.0358593874331
Epoch: 87 - Loss: 194.01812147099335
Epoch: 88 - Loss: 194.0004631000603
Epoch: 89 - Loss: 193.98288452549008
Epoch: 90 - Loss: 193.96538569762708
Epoch: 91 - Loss: 193.9479810817622
Epoch: 92 - Loss: 193.93063877553698
Epoch: 93 - Loss: 193.91337008029222
Epoch: 94 - Loss: 193.8961750616707
Epoch: 95 - Loss: 193.87905651262315
Epoch: 96 - Loss: 193.8620139595427
Epoch: 97 - Loss: 193.84504721594772
Epoch: 98 - Loss: 193.82816062925858
Epoch: 99 - Loss: 193.81135140030068
Epoch: 100 - Loss: 193.79461324825328
Epoch: 101 - Loss: 193.77796806143195
Epoch: 102 - Loss: 193.7613768071798
Epoch: 103 - Loss: 193.74485040220017
Epoch: 104 - Loss: 193.728405142151
Epoch: 105 - Loss: 193.7120302431059
Epoch: 106 - Loss: 193.69572892486931
Epoch: 107 - Loss: 193.67950269637186
Epoch: 108 - Loss: 193.66334696014937
Epoch: 109 - Loss: 193.64726171436408
Epoch: 110 - Loss: 193.63124613903886
Epoch: 111 - Loss: 193.61529953273762
Epoch: 112 - Loss: 193.5994179263393
Epoch: 113 - Loss: 193.58369012072015
Epoch: 114 - Loss: 193.56795354060804
Epoch: 115 - Loss: 193.55228487760047
Epoch: 116 - Loss: 193.53668452646255
Epoch: 117 - Loss: 193.52115168364432
Epoch: 118 - Loss: 193.5056854882273
Epoch: 119 - Loss: 193.4901562945401
Epoch: 120 - Loss: 193.47482301777964
Epoch: 121 - Loss: 193.45955599186192
Epoch: 122 - Loss: 193.44435374048996
Epoch: 123 - Loss: 193.4292168910307
Epoch: 124 - Loss: 193.41414430113028
Epoch: 125 - Loss: 193.39913699200704
Epoch: 126 - Loss: 193.38419314960268
Epoch: 127 - Loss: 193.36931346597729
Epoch: 128 - Loss: 193.35449675894623
Epoch: 129 - Loss: 193.3397424983413
Epoch: 130 - Loss: 193.3250509848717
Epoch: 131 - Loss: 193.31042166426172
Epoch: 132 - Loss: 193.29585344394064
Epoch: 133 - Loss: 193.28134803381892
Epoch: 134 - Loss: 193.2669040476326
Epoch: 135 - Loss: 193.2525205624668
Epoch: 136 - Loss: 193.23819769400146
Epoch: 137 - Loss: 193.22393512813366
Epoch: 138 - Loss: 193.20973188135042
Epoch: 139 - Loss: 193.1955882552031
Epoch: 140 - Loss: 193.18150385046485
Epoch: 141 - Loss: 193.16747792229071
Epoch: 142 - Loss: 193.15351030496836
Epoch: 143 - Loss: 193.13959210244488
Epoch: 144 - Loss: 193.12574045374458
Epoch: 145 - Loss: 193.11194631404737
Epoch: 146 - Loss: 193.09820890399055
Epoch: 147 - Loss: 193.08452857850915
Epoch: 148 - Loss: 193.0709046158259
Epoch: 149 - Loss: 193.05733712726
Epoch: 150 - Loss: 193.04382504691426
Epoch: 151 - Loss: 193.030368572413
Epoch: 152 - Loss: 193.0169726639664
Epoch: 153 - Loss: 193.00362582231875
Epoch: 154 - Loss: 192.99033342659877
Epoch: 155 - Loss: 192.97709512999393
Epoch: 156 - Loss: 192.96390454203475
Epoch: 157 - Loss: 192.95077356519283
Epoch: 158 - Loss: 192.9376957514104
Epoch: 159 - Loss: 192.924670783657
Epoch: 160 - Loss: 192.91169833959722
Epoch: 161 - Loss: 192.8987781814454
Epoch: 162 - Loss: 192.88590987651048
Epoch: 163 - Loss: 192.87309321916325
Epoch: 164 - Loss: 192.8603279314397
Epoch: 165 - Loss: 192.8476135971325
Epoch: 166 - Loss: 192.83494995783246
Epoch: 167 - Loss: 192.8223367372357
Epoch: 168 - Loss: 192.80977297373474
Epoch: 169 - Loss: 192.79725974727305
Epoch: 170 - Loss: 192.78479604742523
Epoch: 171 - Loss: 192.77238161758152
Epoch: 172 - Loss: 192.76001614672612
Epoch: 173 - Loss: 192.74769936331475
Epoch: 174 - Loss: 192.7354309519487
Epoch: 175 - Loss: 192.7232108926867
Epoch: 176 - Loss: 192.71103904589262
Epoch: 177 - Loss: 192.6989151937782
Epoch: 178 - Loss: 192.68683902388818
Epoch: 179 - Loss: 192.67481016174926
Epoch: 180 - Loss: 192.6628286776345
Epoch: 181 - Loss: 192.65089388699738
Epoch: 182 - Loss: 192.6390062223133
Epoch: 183 - Loss: 192.6271642909056
Epoch: 184 - Loss: 192.61536840602244
Epoch: 185 - Loss: 192.60368790627345
Epoch: 186 - Loss: 192.59198179221013
Epoch: 187 - Loss: 192.58032084378746
Epoch: 188 - Loss: 192.56870502587523
Epoch: 189 - Loss: 192.5571339121342
Epoch: 190 - Loss: 192.54560735186536
Epoch: 191 - Loss: 192.53412506517034
Epoch: 192 - Loss: 192.5226866938715
Epoch: 193 - Loss: 192.51129217355944
Epoch: 194 - Loss: 192.49994120962324
Epoch: 195 - Loss: 192.48863352761612
Epoch: 196 - Loss: 192.47736890210246
Epoch: 197 - Loss: 192.46614439766702
Epoch: 198 - Loss: 192.45496526462802
Epoch: 199 - Loss: 192.44383590414085
Epoch: 200 - Loss: 192.43273951816244
Epoch: 201 - Loss: 192.42168517350527
Epoch: 202 - Loss: 192.4106722891156
Epoch: 203 - Loss: 192.3997010747374
Epoch: 204 - Loss: 192.38877085864303
Epoch: 205 - Loss: 192.37786375142971
Epoch: 206 - Loss: 192.36701437996155
Epoch: 207 - Loss: 192.35620510931082
Epoch: 208 - Loss: 192.3454357521043
Epoch: 209 - Loss: 192.3347074059746
Epoch: 210 - Loss: 192.324018474613
Epoch: 211 - Loss: 192.31336905292545
Epoch: 212 - Loss: 192.3027669179305
Epoch: 213 - Loss: 192.2921954420954
Epoch: 214 - Loss: 192.28166316568135
Epoch: 215 - Loss: 192.27116931552004
Epoch: 216 - Loss: 192.260714297335
Epoch: 217 - Loss: 192.25029730964295
Epoch: 218 - Loss: 192.23991878827346
Epoch: 219 - Loss: 192.22957782852194
Epoch: 220 - Loss: 192.2192753733201
Epoch: 221 - Loss: 192.20900892240473
Epoch: 222 - Loss: 192.19878379822418
Epoch: 223 - Loss: 192.18859247881457
Epoch: 224 - Loss: 192.17843757025844
Epoch: 225 - Loss: 192.16831927913253
Epoch: 226 - Loss: 192.15823728368431
Epoch: 227 - Loss: 192.14819118423333
Epoch: 228 - Loss: 192.13818222175945
Epoch: 229 - Loss: 192.12820865958648
Epoch: 230 - Loss: 192.11827061568343
Epoch: 231 - Loss: 192.10836800767896
Epoch: 232 - Loss: 192.09850047718407
Epoch: 233 - Loss: 192.08866814314152
Epoch: 234 - Loss: 192.0788703406124
Epoch: 235 - Loss: 192.06910710290992
Epoch: 236 - Loss: 192.0593782176312
Epoch: 237 - Loss: 192.0496556870413
Epoch: 238 - Loss: 192.03999512149326
Epoch: 239 - Loss: 192.03036834374547
Epoch: 240 - Loss: 192.02077627969163
Epoch: 241 - Loss: 192.01121654482253
Epoch: 242 - Loss: 192.0016900339146
Epoch: 243 - Loss: 191.9921965800025
Epoch: 244 - Loss: 191.98273454233396
Epoch: 245 - Loss: 191.97330653284135
Epoch: 246 - Loss: 191.96391100488796
Epoch: 247 - Loss: 191.95454778378743
Epoch: 248 - Loss: 191.94521669406626
Epoch: 249 - Loss: 191.93591754768997
Epoch: 250 - Loss: 191.92665036252984
Epoch: 251 - Loss: 191.9173977800152
Epoch: 252 - Loss: 191.9081964300804
Epoch: 253 - Loss: 191.89902632779692
Epoch: 254 - Loss: 191.88988788369974
Epoch: 255 - Loss: 191.88078014006706
Epoch: 256 - Loss: 191.87170327834963
Epoch: 257 - Loss: 191.86265733721913
Epoch: 258 - Loss: 191.85364176381148
Epoch: 259 - Loss: 191.8446566965063
Epoch: 260 - Loss: 191.83570199234208
Epoch: 261 - Loss: 191.8267774039989
Epoch: 262 - Loss: 191.81788271763213
Epoch: 263 - Loss: 191.809017886089
Epoch: 264 - Loss: 191.80018284093805
Epoch: 265 - Loss: 191.7913875933843
Epoch: 266 - Loss: 191.78260944462008
Epoch: 267 - Loss: 191.7738610331291
Epoch: 268 - Loss: 191.765141169806
Epoch: 269 - Loss: 191.7565063380987
Epoch: 270 - Loss: 191.74780576632682
Epoch: 271 - Loss: 191.73917287760187
Epoch: 272 - Loss: 191.73057749706456
Epoch: 273 - Loss: 191.72200276837282
Epoch: 274 - Loss: 191.7134550180374
Epoch: 275 - Loss: 191.70493490875484
Epoch: 276 - Loss: 191.69646973186838
Epoch: 277 - Loss: 191.68800441921593
Epoch: 278 - Loss: 191.67956734940756
Epoch: 279 - Loss: 191.6711566324008
Epoch: 280 - Loss: 191.66277299713988
Epoch: 281 - Loss: 191.65441703407313
Epoch: 282 - Loss: 191.64608745393008
Epoch: 283 - Loss: 191.63778459901795
Epoch: 284 - Loss: 191.62944500421608
Epoch: 285 - Loss: 191.62120119325755
Epoch: 286 - Loss: 191.61303753928271
Epoch: 287 - Loss: 191.60484227338986
Epoch: 288 - Loss: 191.59667309250938
Epoch: 289 - Loss: 191.588529894724
Epoch: 290 - Loss: 191.58041239531983
Epoch: 291 - Loss: 191.57232101347014
Epoch: 292 - Loss: 191.56425487735987
Epoch: 293 - Loss: 191.55621415683666
Epoch: 294 - Loss: 191.54819768484293
Epoch: 295 - Loss: 191.54020666771146
Epoch: 296 - Loss: 191.53223920388396
Epoch: 297 - Loss: 191.5242969451656
Epoch: 298 - Loss: 191.5163811485887
Epoch: 299 - Loss: 191.50848891668628
Epoch: 300 - Loss: 191.50062206137298
Epoch: 1 - Loss: 197.68984841564318
Epoch: 2 - Loss: 197.68564449296832
Epoch: 3 - Loss: 197.6814399990584
Epoch: 4 - Loss: 197.67723505855955
Epoch: 5 - Loss: 197.67302932288686
Epoch: 6 - Loss: 197.66882321440121
Epoch: 7 - Loss: 197.66461661644266
Epoch: 8 - Loss: 197.66040940108064
Epoch: 9 - Loss: 197.65620153386894
Epoch: 10 - Loss: 197.65199317099132
Epoch: 11 - Loss: 197.64778384605384
Epoch: 12 - Loss: 197.6435741536932
Epoch: 13 - Loss: 197.6393638780182
Epoch: 14 - Loss: 197.63515359570502
Epoch: 15 - Loss: 197.63094198484748
Epoch: 16 - Loss: 197.62672971783778
Epoch: 17 - Loss: 197.62251678728572
Epoch: 18 - Loss: 197.6183031868531
Epoch: 19 - Loss: 197.61408890224226
Epoch: 20 - Loss: 197.60987392922814
Epoch: 21 - Loss: 197.60565825586846
Epoch: 22 - Loss: 197.6014418755672
Epoch: 23 - Loss: 197.597224780304
Epoch: 24 - Loss: 197.59300696134648
Epoch: 25 - Loss: 197.58878841066698
Epoch: 26 - Loss: 197.58456912323513
Epoch: 27 - Loss: 197.58034908646744
Epoch: 28 - Loss: 197.5761282962444
Epoch: 29 - Loss: 197.5719067428611
Epoch: 30 - Loss: 197.56768347265833
Epoch: 31 - Loss: 197.56346040989717
Epoch: 32 - Loss: 197.55923658953535
Epoch: 33 - Loss: 197.5550119700579
Epoch: 34 - Loss: 197.55078646894054
Epoch: 35 - Loss: 197.54656040031986
Epoch: 36 - Loss: 197.54233336906032
Epoch: 37 - Loss: 197.53810550700146
Epoch: 38 - Loss: 197.533876757223
Epoch: 39 - Loss: 197.52964727974944
Epoch: 40 - Loss: 197.52541692337607
Epoch: 41 - Loss: 197.5211857328953
Epoch: 42 - Loss: 197.51695360243835
Epoch: 43 - Loss: 197.5127207075495
Epoch: 44 - Loss: 197.50848693415674
Epoch: 45 - Loss: 197.5042523053752
Epoch: 46 - Loss: 197.5000167923314
Epoch: 47 - Loss: 197.49578041112665
Epoch: 48 - Loss: 197.49154312941272
Epoch: 49 - Loss: 197.48730500365727
Epoch: 50 - Loss: 197.48306580346826
Epoch: 51 - Loss: 197.4788258505573
Epoch: 52 - Loss: 197.47458488216478
Epoch: 53 - Loss: 197.47034310575356
Epoch: 54 - Loss: 197.46610051194014
Epoch: 55 - Loss: 197.46185688894775
Epoch: 56 - Loss: 197.45761231406985
Epoch: 57 - Loss: 197.45336682319902
Epoch: 58 - Loss: 197.44912033032224
Epoch: 59 - Loss: 197.44487294885488
Epoch: 60 - Loss: 197.44062721222875
Epoch: 61 - Loss: 197.43637793161844
Epoch: 62 - Loss: 197.4321276761075
Epoch: 63 - Loss: 197.427876465606
Epoch: 64 - Loss: 197.4236242388758
Epoch: 65 - Loss: 197.41937102692665
Epoch: 66 - Loss: 197.41511682418192
Epoch: 67 - Loss: 197.4108618375724
Epoch: 68 - Loss: 197.40660567556708
Epoch: 69 - Loss: 197.40234850622343
Epoch: 70 - Loss: 197.39809033357105
Epoch: 71 - Loss: 197.3938302745415
Epoch: 72 - Loss: 197.38957006687718
Epoch: 73 - Loss: 197.38530883420154
Epoch: 74 - Loss: 197.3810468746333
Epoch: 75 - Loss: 197.37678357258812
Epoch: 76 - Loss: 197.37251923052247
Epoch: 77 - Loss: 197.3682538292793
Epoch: 78 - Loss: 197.3639873435502
Epoch: 79 - Loss: 197.35971983249584
Epoch: 80 - Loss: 197.35545125683288
Epoch: 81 - Loss: 197.351181610148
Epoch: 82 - Loss: 197.34691089108767
Epoch: 83 - Loss: 197.3426390938684
Epoch: 84 - Loss: 197.33836620922335
Epoch: 85 - Loss: 197.33409223317216
Epoch: 86 - Loss: 197.32981709022985
Epoch: 87 - Loss: 197.3255409339275
Epoch: 88 - Loss: 197.32126366694823
Epoch: 89 - Loss: 197.31698529051948
Epoch: 90 - Loss: 197.31270580444954
Epoch: 91 - Loss: 197.3084252000043
Epoch: 92 - Loss: 197.30414346695358
Epoch: 93 - Loss: 197.2998606024703
Epoch: 94 - Loss: 197.29557661494349
Epoch: 95 - Loss: 197.29129148614595
Epoch: 96 - Loss: 197.28700521575504
Epoch: 97 - Loss: 197.28271779912922
Epoch: 98 - Loss: 197.27842923005278
Epoch: 99 - Loss: 197.2741395080129
Epoch: 100 - Loss: 197.2698486125373
Epoch: 101 - Loss: 197.26555636692157
Epoch: 102 - Loss: 197.26126315692883
Epoch: 103 - Loss: 197.25696877667264
Epoch: 104 - Loss: 197.25267321874384
Epoch: 105 - Loss: 197.248376481925
Epoch: 106 - Loss: 197.24407855970202
Epoch: 107 - Loss: 197.23977944936252
Epoch: 108 - Loss: 197.2354791469868
Epoch: 109 - Loss: 197.23117764849752
Epoch: 110 - Loss: 197.2268749964529
Epoch: 111 - Loss: 197.22257106102447
Epoch: 112 - Loss: 197.21826595085696
Epoch: 113 - Loss: 197.21395964750852
Epoch: 114 - Loss: 197.20965207545024
Epoch: 115 - Loss: 197.20534331853537
Epoch: 116 - Loss: 197.2010332475604
Epoch: 117 - Loss: 197.19672201171642
Epoch: 118 - Loss: 197.19240955408074
Epoch: 119 - Loss: 197.18809586233814
Epoch: 120 - Loss: 197.1837809524474
Epoch: 121 - Loss: 197.17946483090606
Epoch: 122 - Loss: 197.17514740714833
Epoch: 123 - Loss: 197.17082855306333
Epoch: 124 - Loss: 197.16650860066036
Epoch: 125 - Loss: 197.16218741412192
Epoch: 126 - Loss: 197.15786496433273
Epoch: 127 - Loss: 197.153541262948
Epoch: 128 - Loss: 197.14921626523926
Epoch: 129 - Loss: 197.14489003288682
Epoch: 130 - Loss: 197.1405624494587
Epoch: 131 - Loss: 197.1362336593775
Epoch: 132 - Loss: 197.13190344723932
Epoch: 133 - Loss: 197.12757202498344
Epoch: 134 - Loss: 197.12323931365367
Epoch: 135 - Loss: 197.11890530085535
Epoch: 136 - Loss: 197.1145699835628
Epoch: 137 - Loss: 197.11023336669822
Epoch: 138 - Loss: 197.10589541582686
Epoch: 139 - Loss: 197.10155615986122
Epoch: 140 - Loss: 197.09721556202996
Epoch: 141 - Loss: 197.09287366108074
Epoch: 142 - Loss: 197.08853038316977
Epoch: 143 - Loss: 197.08418639871624
Epoch: 144 - Loss: 197.07984049735327
Epoch: 145 - Loss: 197.07549325706114
Epoch: 146 - Loss: 197.07114467340128
Epoch: 147 - Loss: 197.06679474435413
Epoch: 148 - Loss: 197.06244346561866
Epoch: 149 - Loss: 197.0580908158836
Epoch: 150 - Loss: 197.05373679657717
Epoch: 151 - Loss: 197.0493814456637
Epoch: 152 - Loss: 197.0450247505665
Epoch: 153 - Loss: 197.0406666168768
Epoch: 154 - Loss: 197.03630581466476
Epoch: 155 - Loss: 197.03194495760496
Epoch: 156 - Loss: 197.02758277846914
Epoch: 157 - Loss: 197.0232192144356
Epoch: 158 - Loss: 197.01885425565197
Epoch: 159 - Loss: 197.0144878943712
Epoch: 160 - Loss: 197.0101201485433
Epoch: 161 - Loss: 197.0057509785278
Epoch: 162 - Loss: 197.0013804233479
Epoch: 163 - Loss: 196.99700843568326
Epoch: 164 - Loss: 196.99263498456006
Epoch: 165 - Loss: 196.9882599474974
Epoch: 166 - Loss: 196.98388375006584
Epoch: 167 - Loss: 196.97950610143394
Epoch: 168 - Loss: 196.97512702332818
Epoch: 169 - Loss: 196.97074651185974
Epoch: 170 - Loss: 196.96636456306152
Epoch: 171 - Loss: 196.96198117557282
Epoch: 172 - Loss: 196.95759634048216
Epoch: 173 - Loss: 196.9532100420729
Epoch: 174 - Loss: 196.94882230470748
Epoch: 175 - Loss: 196.94443311077734
Epoch: 176 - Loss: 196.94004237834008
Epoch: 177 - Loss: 196.93565025759065
Epoch: 178 - Loss: 196.93125666765823
Epoch: 179 - Loss: 196.9268616080563
Epoch: 180 - Loss: 196.92246504366787
Epoch: 181 - Loss: 196.91806702295378
Epoch: 182 - Loss: 196.91366751795562
Epoch: 183 - Loss: 196.90926652617108
Epoch: 184 - Loss: 196.90486405260427
Epoch: 185 - Loss: 196.90046006807958
Epoch: 186 - Loss: 196.8960545847215
Epoch: 187 - Loss: 196.8916475955004
Epoch: 188 - Loss: 196.88723910165206
Epoch: 189 - Loss: 196.8828290826667
Epoch: 190 - Loss: 196.87841754675242
Epoch: 191 - Loss: 196.8740044859155
Epoch: 192 - Loss: 196.86958990015276
Epoch: 193 - Loss: 196.8651737928653
Epoch: 194 - Loss: 196.860756299409
Epoch: 195 - Loss: 196.8563371223938
Epoch: 196 - Loss: 196.8519164021068
Epoch: 197 - Loss: 196.84749413578336
Epoch: 198 - Loss: 196.84307031772698
Epoch: 199 - Loss: 196.83864495043753
Epoch: 200 - Loss: 196.8342180413331
Epoch: 201 - Loss: 196.82978954630374
Epoch: 202 - Loss: 196.8253594890743
Epoch: 203 - Loss: 196.82092785302487
Epoch: 204 - Loss: 196.81649464040112
Epoch: 205 - Loss: 196.81205984686773
Epoch: 206 - Loss: 196.80762346787466
Epoch: 207 - Loss: 196.8031855598574
Epoch: 208 - Loss: 196.79874599597892
Epoch: 209 - Loss: 196.79430483208168
Epoch: 210 - Loss: 196.78986206630708
Epoch: 211 - Loss: 196.7854176171128
Epoch: 212 - Loss: 196.7809716422153
Epoch: 213 - Loss: 196.7765240517455
Epoch: 214 - Loss: 196.77207484128328
Epoch: 215 - Loss: 196.767624006333
Epoch: 216 - Loss: 196.7631715424681
Epoch: 217 - Loss: 196.75871745624517
Epoch: 218 - Loss: 196.75426188870958
Epoch: 219 - Loss: 196.74980451006812
Epoch: 220 - Loss: 196.74534548910182
Epoch: 221 - Loss: 196.7408848373655
Epoch: 222 - Loss: 196.73642250257632
Epoch: 223 - Loss: 196.73195850655307
Epoch: 224 - Loss: 196.727492844748
Epoch: 225 - Loss: 196.72302551253406
Epoch: 226 - Loss: 196.7185565111544
Epoch: 227 - Loss: 196.71408582402083
Epoch: 228 - Loss: 196.70961345444138
Epoch: 229 - Loss: 196.7051393960133
Epoch: 230 - Loss: 196.70066364592236
Epoch: 231 - Loss: 196.69618615231178
Epoch: 232 - Loss: 196.69170699354433
Epoch: 233 - Loss: 196.6872261209959
Epoch: 234 - Loss: 196.68274352829457
Epoch: 235 - Loss: 196.67825921864366
Epoch: 236 - Loss: 196.67377317409634
Epoch: 237 - Loss: 196.66928573109382
Epoch: 238 - Loss: 196.66479621332184
Epoch: 239 - Loss: 196.66030465913482
Epoch: 240 - Loss: 196.65581154475547
Epoch: 241 - Loss: 196.65131678067416
Epoch: 242 - Loss: 196.64682023166833
Epoch: 243 - Loss: 196.6423220526144
Epoch: 244 - Loss: 196.63782199579296
Epoch: 245 - Loss: 196.63332022074167
Epoch: 246 - Loss: 196.62881668962893
Epoch: 247 - Loss: 196.6243113460518
Epoch: 248 - Loss: 196.6198042127314
Epoch: 249 - Loss: 196.61529527238048
Epoch: 250 - Loss: 196.61078456001866
Epoch: 251 - Loss: 196.60627247660392
Epoch: 252 - Loss: 196.6017576187723
Epoch: 253 - Loss: 196.59724148060147
Epoch: 254 - Loss: 196.59272352420976
Epoch: 255 - Loss: 196.5882037378747
Epoch: 256 - Loss: 196.58368213248397
Epoch: 257 - Loss: 196.57915874297646
Epoch: 258 - Loss: 196.57463386258792
Epoch: 259 - Loss: 196.57010674533572
Epoch: 260 - Loss: 196.56557789301826
Epoch: 261 - Loss: 196.56104707663292
Epoch: 262 - Loss: 196.55651393683434
Epoch: 263 - Loss: 196.55197940051863
Epoch: 264 - Loss: 196.54744293592876
Epoch: 265 - Loss: 196.5429046752383
Epoch: 266 - Loss: 196.5383645242408
Epoch: 267 - Loss: 196.5338224868475
Epoch: 268 - Loss: 196.5292785570439
Epoch: 269 - Loss: 196.52473267269232
Epoch: 270 - Loss: 196.52018500427317
Epoch: 271 - Loss: 196.51563537832484
Epoch: 272 - Loss: 196.51108380060415
Epoch: 273 - Loss: 196.50653040102725
Epoch: 274 - Loss: 196.50197502044296
Epoch: 275 - Loss: 196.4974177327425
Epoch: 276 - Loss: 196.49285837687975
Epoch: 277 - Loss: 196.48829719144703
Epoch: 278 - Loss: 196.48373408534647
Epoch: 279 - Loss: 196.47916904047904
Epoch: 280 - Loss: 196.47460203415724
Epoch: 281 - Loss: 196.47003306809097
Epoch: 282 - Loss: 196.46546213926158
Epoch: 283 - Loss: 196.46088924158144
Epoch: 284 - Loss: 196.45631383141242
Epoch: 285 - Loss: 196.45173701106214
Epoch: 286 - Loss: 196.4471583216669
Epoch: 287 - Loss: 196.44257752573012
Epoch: 288 - Loss: 196.43799468215963
Epoch: 289 - Loss: 196.4334099120562
Epoch: 290 - Loss: 196.42882311563557
Epoch: 291 - Loss: 196.4242343072663
Epoch: 292 - Loss: 196.419643484106
Epoch: 293 - Loss: 196.41505062334105
Epoch: 294 - Loss: 196.41045612387612
Epoch: 295 - Loss: 196.40585913573378
Epoch: 296 - Loss: 196.4012601030574
Epoch: 297 - Loss: 196.39665901225283
Epoch: 298 - Loss: 196.39205587232084
Epoch: 299 - Loss: 196.38745066223908
Epoch: 300 - Loss: 196.3828434186365
Epoch: 1 - Loss: 194.1221275693179
Epoch: 2 - Loss: 194.1196959428424
Epoch: 3 - Loss: 194.1172641699308
Epoch: 4 - Loss: 194.11483218195303
Epoch: 5 - Loss: 194.1124000362659
Epoch: 6 - Loss: 194.10996771154677
Epoch: 7 - Loss: 194.10753520490442
Epoch: 8 - Loss: 194.1051025135746
Epoch: 9 - Loss: 194.1026696347963
Epoch: 10 - Loss: 194.10023656585028
Epoch: 11 - Loss: 194.0978033040574
Epoch: 12 - Loss: 194.0953698469353
Epoch: 13 - Loss: 194.09293619173405
Epoch: 14 - Loss: 194.09050238636814
Epoch: 15 - Loss: 194.08806832488509
Epoch: 16 - Loss: 194.08563410237252
Epoch: 17 - Loss: 194.0831996294611
Epoch: 18 - Loss: 194.08076494847228
Epoch: 19 - Loss: 194.07833005339327
Epoch: 20 - Loss: 194.07589494603477
Epoch: 21 - Loss: 194.07345962097727
Epoch: 22 - Loss: 194.07102407924555
Epoch: 23 - Loss: 194.06858821812833
Epoch: 24 - Loss: 194.06615223318855
Epoch: 25 - Loss: 194.06371602456719
Epoch: 26 - Loss: 194.06127959067763
Epoch: 27 - Loss: 194.05884292996737
Epoch: 28 - Loss: 194.05640604084897
Epoch: 29 - Loss: 194.05396896460948
Epoch: 30 - Loss: 194.0515316143953
Epoch: 31 - Loss: 194.04909326187078
Epoch: 32 - Loss: 194.04665544469992
Epoch: 33 - Loss: 194.0442173925287
Epoch: 34 - Loss: 194.0417791040376
Epoch: 35 - Loss: 194.03934063900937
Epoch: 36 - Loss: 194.03690182692193
Epoch: 37 - Loss: 194.03446298712868
Epoch: 38 - Loss: 194.03202378331056
Epoch: 39 - Loss: 194.0295843015157
Epoch: 40 - Loss: 194.027144578031
Epoch: 41 - Loss: 194.02470461215233
Epoch: 42 - Loss: 194.0222643137375
Epoch: 43 - Loss: 194.01982395123403
Epoch: 44 - Loss: 194.01738316403907
Epoch: 45 - Loss: 194.01494221964555
Epoch: 46 - Loss: 194.01250102958033
Epoch: 47 - Loss: 194.01005963459596
Epoch: 48 - Loss: 194.00761795947042
Epoch: 49 - Loss: 194.00517608469687
Epoch: 50 - Loss: 194.00273390941456
Epoch: 51 - Loss: 194.0002914873562
Epoch: 52 - Loss: 193.99784881591862
Epoch: 53 - Loss: 193.99540589571396
Epoch: 54 - Loss: 193.99296272644492
Epoch: 55 - Loss: 193.99051930769525
Epoch: 56 - Loss: 193.9880756392137
Epoch: 57 - Loss: 193.98563171917039
Epoch: 58 - Loss: 193.98318754986494
Epoch: 59 - Loss: 193.98074312981
Epoch: 60 - Loss: 193.9782984587048
Epoch: 61 - Loss: 193.9758535363653
Epoch: 62 - Loss: 193.97340833410797
Epoch: 63 - Loss: 193.9709629080803
Epoch: 64 - Loss: 193.96851734598
Epoch: 65 - Loss: 193.96607128897858
Epoch: 66 - Loss: 193.96362510889665
Epoch: 67 - Loss: 193.96117867625384
Epoch: 68 - Loss: 193.9587319909086
Epoch: 69 - Loss: 193.95628505262712
Epoch: 70 - Loss: 193.953837864829
Epoch: 71 - Loss: 193.95139041907058
Epoch: 72 - Loss: 193.94894274430948
Epoch: 73 - Loss: 193.94649479282953
Epoch: 74 - Loss: 193.94404658747317
Epoch: 75 - Loss: 193.94159814057159
Epoch: 76 - Loss: 193.93914943881853
Epoch: 77 - Loss: 193.9367004807348
Epoch: 78 - Loss: 193.93425126997892
Epoch: 79 - Loss: 193.9318017943878
Epoch: 80 - Loss: 193.9293520621525
Epoch: 81 - Loss: 193.92690207500092
Epoch: 82 - Loss: 193.92445184175895
Epoch: 83 - Loss: 193.922001217797
Epoch: 84 - Loss: 193.91955050178234
Epoch: 85 - Loss: 193.9170996593175
Epoch: 86 - Loss: 193.91464839636996
Epoch: 87 - Loss: 193.91219655951122
Epoch: 88 - Loss: 193.90974478754123
Epoch: 89 - Loss: 193.90729277603566
Epoch: 90 - Loss: 193.90484049179588
Epoch: 91 - Loss: 193.9023879510995
Epoch: 92 - Loss: 193.89993514425814
Epoch: 93 - Loss: 193.89748209037703
Epoch: 94 - Loss: 193.89502877963372
Epoch: 95 - Loss: 193.89257521205005
Epoch: 96 - Loss: 193.8901213891635
Epoch: 97 - Loss: 193.88766731388543
Epoch: 98 - Loss: 193.8852129781242
Epoch: 99 - Loss: 193.88275838155053
Epoch: 100 - Loss: 193.88030350775216
Epoch: 101 - Loss: 193.8778483958891
Epoch: 102 - Loss: 193.87539303337874
Epoch: 103 - Loss: 193.87293739021837
Epoch: 104 - Loss: 193.8704815042484
Epoch: 105 - Loss: 193.86802539247714
Epoch: 106 - Loss: 193.86556898950948
Epoch: 107 - Loss: 193.86311234235075
Epoch: 108 - Loss: 193.8606554224269
Epoch: 109 - Loss: 193.85819824351364
Epoch: 110 - Loss: 193.85574078966607
Epoch: 111 - Loss: 193.85328309238565
Epoch: 112 - Loss: 193.85082570650542
Epoch: 113 - Loss: 193.84836749097383
Epoch: 114 - Loss: 193.84590901579054
Epoch: 115 - Loss: 193.84345028077928
Epoch: 116 - Loss: 193.84099128578097
Epoch: 117 - Loss: 193.83853203066886
Epoch: 118 - Loss: 193.83607251524325
Epoch: 119 - Loss: 193.8336127532465
Epoch: 120 - Loss: 193.83115271788193
Epoch: 121 - Loss: 193.8286924198281
Epoch: 122 - Loss: 193.8262318483157
Epoch: 123 - Loss: 193.8237710288126
Epoch: 124 - Loss: 193.8213099480743
Epoch: 125 - Loss: 193.81884861018648
Epoch: 126 - Loss: 193.81638697360745
Epoch: 127 - Loss: 193.81392510779935
Epoch: 128 - Loss: 193.81146301640754
Epoch: 129 - Loss: 193.80900062724783
Epoch: 130 - Loss: 193.80653798300162
Epoch: 131 - Loss: 193.80407507142712
Epoch: 132 - Loss: 193.80161189568582
Epoch: 133 - Loss: 193.79914845718062
Epoch: 134 - Loss: 193.79668475569596
Epoch: 135 - Loss: 193.794220791059
Epoch: 136 - Loss: 193.79175656311583
Epoch: 137 - Loss: 193.7892920677267
Epoch: 138 - Loss: 193.78682731385388
Epoch: 139 - Loss: 193.78436229612848
Epoch: 140 - Loss: 193.78189697978578
Epoch: 141 - Loss: 193.77943143171325
Epoch: 142 - Loss: 193.7769657549223
Epoch: 143 - Loss: 193.7744996802711
Epoch: 144 - Loss: 193.77203334095964
Epoch: 145 - Loss: 193.76956673770178
Epoch: 146 - Loss: 193.76709986848334
Epoch: 147 - Loss: 193.76463270344678
Epoch: 148 - Loss: 193.76216528859186
Epoch: 149 - Loss: 193.75969762055334
Epoch: 150 - Loss: 193.75722968755707
Epoch: 151 - Loss: 193.754761487481
Epoch: 152 - Loss: 193.75229306123873
Epoch: 153 - Loss: 193.74982432990922
Epoch: 154 - Loss: 193.7473552600415
Epoch: 155 - Loss: 193.7448859832566
Epoch: 156 - Loss: 193.74241649422964
Epoch: 157 - Loss: 193.73994669853406
Epoch: 158 - Loss: 193.73747664770667
Epoch: 159 - Loss: 193.7350063241546
Epoch: 160 - Loss: 193.7325356549265
Epoch: 161 - Loss: 193.73006479106735
Epoch: 162 - Loss: 193.7275936588823
Epoch: 163 - Loss: 193.72512225816754
Epoch: 164 - Loss: 193.7226505887241
Epoch: 165 - Loss: 193.72017865033166
Epoch: 166 - Loss: 193.71770644273636
Epoch: 167 - Loss: 193.71523403562284
Epoch: 168 - Loss: 193.71276129111126
Epoch: 169 - Loss: 193.7102882767888
Epoch: 170 - Loss: 193.70781499426428
Epoch: 171 - Loss: 193.7053414730667
Epoch: 172 - Loss: 193.70286765660023
Epoch: 173 - Loss: 193.7003935605902
Epoch: 174 - Loss: 193.69791919364752
Epoch: 175 - Loss: 193.69544458690368
Epoch: 176 - Loss: 193.69296967778803
Epoch: 177 - Loss: 193.69049449696593
Epoch: 178 - Loss: 193.68801904430458
Epoch: 179 - Loss: 193.6855433086685
Epoch: 180 - Loss: 193.68306708731598
Epoch: 181 - Loss: 193.68059081597852
Epoch: 182 - Loss: 193.67811428196777
Epoch: 183 - Loss: 193.6756374655062
Epoch: 184 - Loss: 193.67316045409248
Epoch: 185 - Loss: 193.67068299933106
Epoch: 186 - Loss: 193.6682053620375
Epoch: 187 - Loss: 193.66572745068532
Epoch: 188 - Loss: 193.66324923697738
Epoch: 189 - Loss: 193.6607707774813
Epoch: 190 - Loss: 193.65829208462063
Epoch: 191 - Loss: 193.65581307546574
Epoch: 192 - Loss: 193.65333375757257
Epoch: 193 - Loss: 193.65085419703965
Epoch: 194 - Loss: 193.64837435781823
Epoch: 195 - Loss: 193.6458942451946
Epoch: 196 - Loss: 193.6434139454335
Epoch: 197 - Loss: 193.64093327976113
Epoch: 198 - Loss: 193.6384523370887
Epoch: 199 - Loss: 193.63597111705053
Epoch: 200 - Loss: 193.63348961939107
Epoch: 201 - Loss: 193.6310078438791
Epoch: 202 - Loss: 193.6285257901248
Epoch: 203 - Loss: 193.62604346055048
Epoch: 204 - Loss: 193.62356084953782
Epoch: 205 - Loss: 193.62107791357232
Epoch: 206 - Loss: 193.61859474415598
Epoch: 207 - Loss: 193.61611129510467
Epoch: 208 - Loss: 193.61362756606815
Epoch: 209 - Loss: 193.6111435568001
Epoch: 210 - Loss: 193.60865926691648
Epoch: 211 - Loss: 193.60617469618845
Epoch: 212 - Loss: 193.60368984195512
Epoch: 213 - Loss: 193.60120470869202
Epoch: 214 - Loss: 193.59871926008398
Epoch: 215 - Loss: 193.59623360981612
Epoch: 216 - Loss: 193.59374763004294
Epoch: 217 - Loss: 193.59126137492126
Epoch: 218 - Loss: 193.5887748297098
Epoch: 219 - Loss: 193.58628801482783
Epoch: 220 - Loss: 193.5838009122539
Epoch: 221 - Loss: 193.58131336371122
Epoch: 222 - Loss: 193.57882567332814
Epoch: 223 - Loss: 193.57633769818102
Epoch: 224 - Loss: 193.57384950489947
Epoch: 225 - Loss: 193.57136102936056
Epoch: 226 - Loss: 193.5688722073302
Epoch: 227 - Loss: 193.56638333647194
Epoch: 228 - Loss: 193.56389394374685
Epoch: 229 - Loss: 193.561404264555
Epoch: 230 - Loss: 193.5589142786614
Epoch: 231 - Loss: 193.55642402488886
Epoch: 232 - Loss: 193.55393345254637
Epoch: 233 - Loss: 193.55144263756998
Epoch: 234 - Loss: 193.5489515333971
Epoch: 235 - Loss: 193.54646013991945
Epoch: 236 - Loss: 193.5439684952377
Epoch: 237 - Loss: 193.54147648171588
Epoch: 238 - Loss: 193.5389842098191
Epoch: 239 - Loss: 193.53649165094555
Epoch: 240 - Loss: 193.53399879441045
Epoch: 241 - Loss: 193.53150565072718
Epoch: 242 - Loss: 193.52901221614707
Epoch: 243 - Loss: 193.52651849885075
Epoch: 244 - Loss: 193.5240244559124
Epoch: 245 - Loss: 193.52153018120532
Epoch: 246 - Loss: 193.51903559591827
Epoch: 247 - Loss: 193.51654071677984
Epoch: 248 - Loss: 193.51404554379445
Epoch: 249 - Loss: 193.51155007651718
Epoch: 250 - Loss: 193.509054314901
Epoch: 251 - Loss: 193.5065582656407
Epoch: 252 - Loss: 193.50406192520876
Epoch: 253 - Loss: 193.50156526270902
Epoch: 254 - Loss: 193.4990683233952
Epoch: 255 - Loss: 193.49657105623035
Epoch: 256 - Loss: 193.49407353681107
Epoch: 257 - Loss: 193.4915757179025
Epoch: 258 - Loss: 193.48907767311297
Epoch: 259 - Loss: 193.4865792098613
Epoch: 260 - Loss: 193.4840805203815
Epoch: 261 - Loss: 193.48158150655098
Epoch: 262 - Loss: 193.47908219996577
Epoch: 263 - Loss: 193.47658264937849
Epoch: 264 - Loss: 193.47408271045563
Epoch: 265 - Loss: 193.47158253399542
Epoch: 266 - Loss: 193.46908201166264
Epoch: 267 - Loss: 193.46658123981126
Epoch: 268 - Loss: 193.46408015341382
Epoch: 269 - Loss: 193.46157870781212
Epoch: 270 - Loss: 193.4590769950573
Epoch: 271 - Loss: 193.4565749881995
Epoch: 272 - Loss: 193.45407267814593
Epoch: 273 - Loss: 193.45157005592486
Epoch: 274 - Loss: 193.44906714074682
Epoch: 275 - Loss: 193.4465639214241
Epoch: 276 - Loss: 193.44406039707098
Epoch: 277 - Loss: 193.44155662795447
Epoch: 278 - Loss: 193.43905251267432
Epoch: 279 - Loss: 193.43654809535226
Epoch: 280 - Loss: 193.43404337606594
Epoch: 281 - Loss: 193.43153833320116
Epoch: 282 - Loss: 193.4290329615505
Epoch: 283 - Loss: 193.42652731800413
Epoch: 284 - Loss: 193.4240213570644
Epoch: 285 - Loss: 193.42151510587223
Epoch: 286 - Loss: 193.41900855956482
Epoch: 287 - Loss: 193.41650168822144
Epoch: 288 - Loss: 193.4139945171035
Epoch: 289 - Loss: 193.41148703840682
Epoch: 290 - Loss: 193.40897925565648
Epoch: 291 - Loss: 193.40647120585763
Epoch: 292 - Loss: 193.40396281463728
Epoch: 293 - Loss: 193.40145410324752
Epoch: 294 - Loss: 193.3989450970487
Epoch: 295 - Loss: 193.39643578373767
Epoch: 296 - Loss: 193.3939261631972
Epoch: 297 - Loss: 193.3914162083126
Epoch: 298 - Loss: 193.388905965192
Epoch: 299 - Loss: 193.38639536807233
Epoch: 300 - Loss: 193.38388450521262
Epoch: 1 - Loss: 198.86527941598206
Epoch: 2 - Loss: 198.8484683110211
Epoch: 3 - Loss: 198.83165568097505
Epoch: 4 - Loss: 198.81484159742143
Epoch: 5 - Loss: 198.79802581839857
Epoch: 6 - Loss: 198.78120841219942
Epoch: 7 - Loss: 198.76438937328848
Epoch: 8 - Loss: 198.74756860569283
Epoch: 9 - Loss: 198.7307461026547
Epoch: 10 - Loss: 198.7139218267688
Epoch: 11 - Loss: 198.69709574059922
Epoch: 12 - Loss: 198.68026780549593
Epoch: 13 - Loss: 198.66343796761728
Epoch: 14 - Loss: 198.6466061882745
Epoch: 15 - Loss: 198.62977247031452
Epoch: 16 - Loss: 198.612936744383
Epoch: 17 - Loss: 198.59609895053978
Epoch: 18 - Loss: 198.5792590872529
Epoch: 19 - Loss: 198.56241709296077
Epoch: 20 - Loss: 198.54557292614888
Epoch: 21 - Loss: 198.52872654524194
Epoch: 22 - Loss: 198.511877891933
Epoch: 23 - Loss: 198.49502695634948
Epoch: 24 - Loss: 198.47817368064528
Epoch: 25 - Loss: 198.46131802197257
Epoch: 26 - Loss: 198.44445993670007
Epoch: 27 - Loss: 198.4275993832541
Epoch: 28 - Loss: 198.41073631601736
Epoch: 29 - Loss: 198.39387069272559
Epoch: 30 - Loss: 198.37700247719403
Epoch: 31 - Loss: 198.36013161827262
Epoch: 32 - Loss: 198.3432580718191
Epoch: 33 - Loss: 198.3263817936575
Epoch: 34 - Loss: 198.3095027390267
Epoch: 35 - Loss: 198.2926208630667
Epoch: 36 - Loss: 198.27573612148245
Epoch: 37 - Loss: 198.2588484687635
Epoch: 38 - Loss: 198.2419578594987
Epoch: 39 - Loss: 198.22506424786266
Epoch: 40 - Loss: 198.20816758801757
Epoch: 41 - Loss: 198.19126783352056
Epoch: 42 - Loss: 198.1743649375127
Epoch: 43 - Loss: 198.15745885285773
Epoch: 44 - Loss: 198.14054953201102
Epoch: 45 - Loss: 198.12363692821376
Epoch: 46 - Loss: 198.10672099232326
Epoch: 47 - Loss: 198.08980167541176
Epoch: 48 - Loss: 198.07287892819724
Epoch: 49 - Loss: 198.05595270469493
Epoch: 50 - Loss: 198.0390229488625
Epoch: 51 - Loss: 198.02208960891852
Epoch: 52 - Loss: 198.0051526348714
Epoch: 53 - Loss: 197.98787961443844
Epoch: 54 - Loss: 197.97043376484592
Epoch: 55 - Loss: 197.95293977594446
Epoch: 56 - Loss: 197.93540478886354
Epoch: 57 - Loss: 197.91783485724005
Epoch: 58 - Loss: 197.90023514143604
Epoch: 59 - Loss: 197.88261004788572
Epoch: 60 - Loss: 197.86496337563463
Epoch: 61 - Loss: 197.84729836988214
Epoch: 62 - Loss: 197.82961782841525
Epoch: 63 - Loss: 197.81192416203785
Epoch: 64 - Loss: 197.79421944513825
Epoch: 65 - Loss: 197.7765054639687
Epoch: 66 - Loss: 197.7587837555698
Epoch: 67 - Loss: 197.74105563851043
Epoch: 68 - Loss: 197.7233222433807
Epoch: 69 - Loss: 197.70558453684592
Epoch: 70 - Loss: 197.6878433412063
Epoch: 71 - Loss: 197.67009935387517
Epoch: 72 - Loss: 197.65235316273228
Epoch: 73 - Loss: 197.6346052597689
Epoch: 74 - Loss: 197.6168560529109
Epoch: 75 - Loss: 197.59910587637123
Epoch: 76 - Loss: 197.58135499845815
Epoch: 77 - Loss: 197.5636036339882
Epoch: 78 - Loss: 197.54585194773279
Epoch: 79 - Loss: 197.52809705534975
Epoch: 80 - Loss: 197.5103449531779
Epoch: 81 - Loss: 197.4925928659472
Epoch: 82 - Loss: 197.47484065022073
Epoch: 83 - Loss: 197.45708862527536
Epoch: 84 - Loss: 197.43933672720854
Epoch: 85 - Loss: 197.42158434067255
Epoch: 86 - Loss: 197.4038317779314
Epoch: 87 - Loss: 197.38607901472523
Epoch: 88 - Loss: 197.36832584168
Epoch: 89 - Loss: 197.35057232303177
Epoch: 90 - Loss: 197.33281822497807
Epoch: 91 - Loss: 197.31506350255088
Epoch: 92 - Loss: 197.29730796298978
Epoch: 93 - Loss: 197.2795514866754
Epoch: 94 - Loss: 197.26179407811009
Epoch: 95 - Loss: 197.24403565374584
Epoch: 96 - Loss: 197.22627582130056
Epoch: 97 - Loss: 197.20851458165208
Epoch: 98 - Loss: 197.1907520879897
Epoch: 99 - Loss: 197.17298761785662
Epoch: 100 - Loss: 197.15522135916154
Epoch: 101 - Loss: 197.13745312913633
Epoch: 102 - Loss: 197.11968279045504
Epoch: 103 - Loss: 197.1019102226582
Epoch: 104 - Loss: 197.08413532791366
Epoch: 105 - Loss: 197.06635793401506
Epoch: 106 - Loss: 197.04857787432766
Epoch: 107 - Loss: 197.03079504015153
Epoch: 108 - Loss: 197.0130092409743
Epoch: 109 - Loss: 196.99522057153456
Epoch: 110 - Loss: 196.97742865496824
Epoch: 111 - Loss: 196.95963347515203
Epoch: 112 - Loss: 196.94183486144155
Epoch: 113 - Loss: 196.92403275049384
Epoch: 114 - Loss: 196.90622705855486
Epoch: 115 - Loss: 196.8884172782259
Epoch: 116 - Loss: 196.87060385583933
Epoch: 117 - Loss: 196.8527865685591
Epoch: 118 - Loss: 196.8349649544044
Epoch: 119 - Loss: 196.8171392525818
Epoch: 120 - Loss: 196.79930923745098
Epoch: 121 - Loss: 196.78147479791363
Epoch: 122 - Loss: 196.7636358440031
Epoch: 123 - Loss: 196.74579226680652
Epoch: 124 - Loss: 196.72794411165663
Epoch: 125 - Loss: 196.71009099254871
Epoch: 126 - Loss: 196.69223295744618
Epoch: 127 - Loss: 196.67436940386168
Epoch: 128 - Loss: 196.65650125047472
Epoch: 129 - Loss: 196.6386279567657
Epoch: 130 - Loss: 196.62074939011177
Epoch: 131 - Loss: 196.60286545078648
Epoch: 132 - Loss: 196.58497592553536
Epoch: 133 - Loss: 196.56708091165902
Epoch: 134 - Loss: 196.54918028075983
Epoch: 135 - Loss: 196.53127400439428
Epoch: 136 - Loss: 196.51336186559317
Epoch: 137 - Loss: 196.49544405183383
Epoch: 138 - Loss: 196.47752016988184
Epoch: 139 - Loss: 196.45959027971062
Epoch: 140 - Loss: 196.44165429506728
Epoch: 141 - Loss: 196.423712120213
Epoch: 142 - Loss: 196.40576375686223
Epoch: 143 - Loss: 196.38780906217082
Epoch: 144 - Loss: 196.36984803316352
Epoch: 145 - Loss: 196.35188048726306
Epoch: 146 - Loss: 196.33390647153036
Epoch: 147 - Loss: 196.3159258032636
Epoch: 148 - Loss: 196.2979385290345
Epoch: 149 - Loss: 196.2799444574227
Epoch: 150 - Loss: 196.2619438200645
Epoch: 151 - Loss: 196.24393635776696
Epoch: 152 - Loss: 196.22592199845533
Epoch: 153 - Loss: 196.20790059957736
Epoch: 154 - Loss: 196.18987232247875
Epoch: 155 - Loss: 196.17183713283973
Epoch: 156 - Loss: 196.1537943764229
Epoch: 157 - Loss: 196.1357449604086
Epoch: 158 - Loss: 196.11768808037368
Epoch: 159 - Loss: 196.0996239243734
Epoch: 160 - Loss: 196.08155236166456
Epoch: 161 - Loss: 196.0634735280287
Epoch: 162 - Loss: 196.0453872570663
Epoch: 163 - Loss: 196.02729350727188
Epoch: 164 - Loss: 196.00919217194482
Epoch: 165 - Loss: 195.99108343400832
Epoch: 166 - Loss: 195.97296696745343
Epoch: 167 - Loss: 195.95484286363111
Epoch: 168 - Loss: 195.93671107145863
Epoch: 169 - Loss: 195.9185714531987
Epoch: 170 - Loss: 195.9004240376735
Epoch: 171 - Loss: 195.8822689489122
Epoch: 172 - Loss: 195.86410580812512
Epoch: 173 - Loss: 195.84593465418124
Epoch: 174 - Loss: 195.82775556318094
Epoch: 175 - Loss: 195.80956851303074
Epoch: 176 - Loss: 195.79137337823312
Epoch: 177 - Loss: 195.77317012394198
Epoch: 178 - Loss: 195.75495768652493
Epoch: 179 - Loss: 195.7367380888202
Epoch: 180 - Loss: 195.7185102040412
Epoch: 181 - Loss: 195.70027420630117
Too slow optimization
Epoch: 1 - Loss: 195.0995328397383
Epoch: 2 - Loss: 184.3489182750104
Epoch: 3 - Loss: 190.24554671236916
Epoch: 4 - Loss: 189.77960442977243
Epoch: 5 - Loss: 188.59344326266893
Epoch: 6 - Loss: 187.66348257358374
Epoch: 7 - Loss: 186.58145908458084
Epoch: 8 - Loss: 185.39300354730406
Epoch: 9 - Loss: 184.10513558747337
Epoch: 10 - Loss: 182.68084404441674
Epoch: 11 - Loss: 181.36384152603134
Epoch: 12 - Loss: 174.2847991981536
Epoch: 13 - Loss: 170.01417143065393
Epoch: 14 - Loss: 167.93085192784758
Epoch: 15 - Loss: 164.48853713474762
Epoch: 16 - Loss: 169.92618748410143
Epoch: 17 - Loss: 169.56269927942014
Epoch: 18 - Loss: 171.30955123294663
Epoch: 19 - Loss: 170.78899347113395
Epoch: 20 - Loss: 170.14844993897879
Epoch: 21 - Loss: 169.65299501463514
Epoch: 22 - Loss: 168.9007954057826
Epoch: 23 - Loss: 167.9199895643976
Epoch: 24 - Loss: 166.79404639192396
Epoch: 25 - Loss: 165.4884244674827
Epoch: 26 - Loss: 163.67086820390745
Epoch: 27 - Loss: 161.38745255355914
Epoch: 28 - Loss: 158.3405156246104
Epoch: 29 - Loss: 151.2007194399656
Epoch: 30 - Loss: 119.67483569596311
Epoch: 31 - Loss: 116.36328528162673
Epoch: 32 - Loss: 116.89882857212281
Epoch: 33 - Loss: 116.69971832740367
Epoch: 34 - Loss: 115.48128145024448
Epoch: 35 - Loss: 92.92751727854757
Epoch: 36 - Loss: 112.836902341607
Epoch: 37 - Loss: 113.98485423364882
Epoch: 38 - Loss: 110.2590808325882
Epoch: 39 - Loss: 105.14028162162228
Epoch: 40 - Loss: 99.12142660451113
Epoch: 41 - Loss: 93.4580163022997
Epoch: 42 - Loss: 85.54459242188565
Epoch: 43 - Loss: 83.68377741214582
Epoch: 44 - Loss: 83.25991753445443
Epoch: 45 - Loss: 82.37432173114094
Epoch: 46 - Loss: 80.56543385881558
Epoch: 47 - Loss: 77.37194585557828
Epoch: 48 - Loss: 74.38609243697077
Epoch: 49 - Loss: 72.98121777312979
Epoch: 50 - Loss: 83.11395336341037
Epoch: 51 - Loss: 71.10961850663723
Epoch: 52 - Loss: 72.51060438714286
Epoch: 53 - Loss: 75.293762324007
Epoch: 54 - Loss: 76.6529506054836
Epoch: 55 - Loss: 76.85773518128224
Epoch: 56 - Loss: 76.58108567146033
Epoch: 57 - Loss: 76.36827109080086
Epoch: 58 - Loss: 77.00289840144995
Epoch: 59 - Loss: 76.51756176311972
Epoch: 60 - Loss: 75.5487434646425
Epoch: 61 - Loss: 75.40305980315678
Epoch: 62 - Loss: 75.11559506015173
Epoch: 63 - Loss: 74.19883472877663
Epoch: 64 - Loss: 72.74156630547304
Epoch: 65 - Loss: 71.97990906489923
Epoch: 66 - Loss: 70.64629387189066
Epoch: 67 - Loss: 68.51721170973117
Epoch: 68 - Loss: 68.31822523476397
Epoch: 69 - Loss: 70.3106246071777
Epoch: 70 - Loss: 69.83988978771075
Epoch: 71 - Loss: 67.90494586360018
Epoch: 72 - Loss: 66.67583008298764
Epoch: 73 - Loss: 67.45760153853176
Epoch: 74 - Loss: 67.58161550333078
Epoch: 75 - Loss: 67.3567035975304
Epoch: 76 - Loss: 66.9360671818975
Epoch: 77 - Loss: 65.81414989732276
Epoch: 78 - Loss: 65.16208648363623
Epoch: 79 - Loss: 65.54709347607195
Epoch: 80 - Loss: 66.84081061318209
Epoch: 81 - Loss: 66.50265441441974
Epoch: 82 - Loss: 65.67098106678088
Epoch: 83 - Loss: 64.65520375099622
Epoch: 84 - Loss: 66.79891259833327
Epoch: 85 - Loss: 68.09684783740406
Epoch: 86 - Loss: 69.94383650969874
Epoch: 87 - Loss: 68.03727227234609
Epoch: 88 - Loss: 64.75700564059494
Epoch: 89 - Loss: 62.89089977664913
Epoch: 90 - Loss: 66.02089276032697
Epoch: 91 - Loss: 66.8104759364219
Epoch: 92 - Loss: 67.10433822444486
Epoch: 93 - Loss: 67.90415270575565
Epoch: 94 - Loss: 68.26611486870723
Epoch: 95 - Loss: 68.06893445808629
Epoch: 96 - Loss: 67.42316072078714
Epoch: 97 - Loss: 66.70580376293678
Epoch: 98 - Loss: 66.40868587541199
Epoch: 99 - Loss: 64.83968902586044
Epoch: 100 - Loss: 62.531693462429914
Epoch: 101 - Loss: 72.79905930028207
Epoch: 102 - Loss: 72.284335912754
Epoch: 103 - Loss: 74.19123294849977
Epoch: 104 - Loss: 74.18546032028613
Epoch: 105 - Loss: 73.9547506360994
Epoch: 106 - Loss: 73.81578506185052
Epoch: 107 - Loss: 73.37710593902497
Epoch: 108 - Loss: 73.22106997634926
Epoch: 109 - Loss: 73.20142897500993
Epoch: 110 - Loss: 73.07235000281842
Epoch: 111 - Loss: 72.83279549802302
Epoch: 112 - Loss: 72.64454602388284
Epoch: 113 - Loss: 72.49438542333739
Epoch: 114 - Loss: 72.03185695439183
Epoch: 115 - Loss: 71.33731217040743
Epoch: 116 - Loss: 70.20728628015041
Epoch: 117 - Loss: 67.44939237507927
Epoch: 118 - Loss: 54.0391802511305
Epoch: 119 - Loss: 65.81588365443929
Epoch: 120 - Loss: 67.57757101524801
Epoch: 121 - Loss: 68.4868832246974
Epoch: 122 - Loss: 69.12087267571127
Epoch: 123 - Loss: 69.63230339523017
Epoch: 124 - Loss: 69.99649787076366
Epoch: 125 - Loss: 70.19580060797948
Epoch: 126 - Loss: 70.28828200633443
Epoch: 127 - Loss: 70.31192093278437
Epoch: 128 - Loss: 70.2232500245073
Epoch: 129 - Loss: 70.045471881787
Epoch: 130 - Loss: 69.81269235844698
Epoch: 131 - Loss: 69.525359501281
Epoch: 132 - Loss: 69.26485293973327
Epoch: 133 - Loss: 69.11362636905923
Epoch: 134 - Loss: 69.03764278013148
Epoch: 135 - Loss: 68.95810505633322
Epoch: 136 - Loss: 68.86615366946384
Epoch: 137 - Loss: 68.77813534384013
Epoch: 138 - Loss: 68.68042610645483
Epoch: 139 - Loss: 68.57355619421338
Epoch: 140 - Loss: 68.47866737996978
Epoch: 141 - Loss: 68.39343199460407
Epoch: 142 - Loss: 68.3077494462818
Epoch: 143 - Loss: 68.23529484315216
Epoch: 144 - Loss: 68.17010366448636
Epoch: 145 - Loss: 68.0971425331983
Epoch: 146 - Loss: 68.01921056786105
Epoch: 147 - Loss: 67.94492069075206
Epoch: 148 - Loss: 67.87039747589529
Epoch: 149 - Loss: 67.79988462148924
Epoch: 150 - Loss: 67.73799899405167
Epoch: 151 - Loss: 67.67799834864154
Epoch: 152 - Loss: 67.61708825245799
Epoch: 153 - Loss: 67.55923034664501
Epoch: 154 - Loss: 67.50206217510302
Epoch: 155 - Loss: 67.44248112040168
Epoch: 156 - Loss: 67.38418139417226
Epoch: 157 - Loss: 67.32724865970937
Epoch: 158 - Loss: 67.26935896183667
Epoch: 159 - Loss: 67.21272890158039
Epoch: 160 - Loss: 67.15876277989207
Epoch: 161 - Loss: 67.10545952987741
Epoch: 162 - Loss: 67.05370105685263
Epoch: 163 - Loss: 67.00485225156635
Epoch: 164 - Loss: 66.95730764064287
Epoch: 165 - Loss: 66.91087549977495
Epoch: 166 - Loss: 66.86657146380993
Epoch: 167 - Loss: 66.82325139833003
Epoch: 168 - Loss: 66.78022910958957
Epoch: 169 - Loss: 66.73824510715941
Epoch: 170 - Loss: 66.69658901614225
Epoch: 171 - Loss: 66.65453087063564
Epoch: 172 - Loss: 66.61259472997257
Too slow optimization
Epoch: 1 - Loss: 191.7861068786011
Epoch: 2 - Loss: 191.1801729756216
Epoch: 3 - Loss: 190.6316491488911
Epoch: 4 - Loss: 190.12644730563267
Epoch: 5 - Loss: 189.6422183781518
Epoch: 6 - Loss: 189.15476900558744
Epoch: 7 - Loss: 188.66420938449298
Epoch: 8 - Loss: 188.19443456616574
Epoch: 9 - Loss: 187.83122311338656
Epoch: 10 - Loss: 187.5664824249651
Epoch: 11 - Loss: 187.1388642861721
Epoch: 12 - Loss: 186.7032418672879
Epoch: 13 - Loss: 186.30056451649676
Epoch: 14 - Loss: 185.92221174712478
Epoch: 15 - Loss: 185.57499452263514
Epoch: 16 - Loss: 185.2353088841225
Epoch: 17 - Loss: 184.89418710376134
Epoch: 18 - Loss: 184.54814339014703
Epoch: 19 - Loss: 184.19537552782677
Epoch: 20 - Loss: 183.83522859521221
Epoch: 21 - Loss: 183.4678249750736
Epoch: 22 - Loss: 183.09391820473684
Epoch: 23 - Loss: 182.7149491013735
Epoch: 24 - Loss: 182.333647319199
Epoch: 25 - Loss: 181.95398436431677
Epoch: 26 - Loss: 181.57796949886975
Epoch: 27 - Loss: 181.1661910799527
Epoch: 28 - Loss: 180.72722174396276
Epoch: 29 - Loss: 180.25485434978498
Epoch: 30 - Loss: 179.7610355762998
Epoch: 31 - Loss: 179.25167746937387
Epoch: 32 - Loss: 178.72231932031266
Epoch: 33 - Loss: 178.16517798772554
Epoch: 34 - Loss: 177.57366520854123
Epoch: 35 - Loss: 176.94254517251255
Epoch: 36 - Loss: 176.26778326188673
Epoch: 37 - Loss: 175.54639372128494
Epoch: 38 - Loss: 174.77682347368125
Epoch: 39 - Loss: 173.96017744255738
Epoch: 40 - Loss: 173.10298008853368
Epoch: 41 - Loss: 172.2268517348648
Epoch: 42 - Loss: 171.4045042299501
Epoch: 43 - Loss: 170.82786551787692
Epoch: 44 - Loss: 170.060289013895
Epoch: 45 - Loss: 169.1367187174644
Epoch: 46 - Loss: 168.29765348494863
Epoch: 47 - Loss: 167.55974601694416
Epoch: 48 - Loss: 166.7588167724746
Epoch: 49 - Loss: 163.52773262967807
Epoch: 50 - Loss: 161.61705426905425
Epoch: 51 - Loss: 160.80817148660128
Epoch: 52 - Loss: 160.0901319863655
Epoch: 53 - Loss: 159.4330446886275
Epoch: 54 - Loss: 158.8385054000224
Epoch: 55 - Loss: 158.26845936729237
Epoch: 56 - Loss: 157.63782580607207
Epoch: 57 - Loss: 156.7416801997913
Epoch: 58 - Loss: 154.7289349093165
Epoch: 59 - Loss: 159.483703580063
Epoch: 60 - Loss: 150.27571192630762
Epoch: 61 - Loss: 153.34891729493555
Epoch: 62 - Loss: 150.99566830972748
Epoch: 63 - Loss: 145.67180647556742
Epoch: 64 - Loss: 138.78773484761666
Epoch: 65 - Loss: 131.8011317168528
Epoch: 66 - Loss: 126.21979697595815
Epoch: 67 - Loss: 125.80140887800763
Epoch: 68 - Loss: 126.14520021705738
Epoch: 69 - Loss: 126.53583375634403
Epoch: 70 - Loss: 126.8477125691431
Epoch: 71 - Loss: 127.06792103113078
Epoch: 72 - Loss: 127.19800349345834
Epoch: 73 - Loss: 127.24091618693856
Epoch: 74 - Loss: 127.20055615639511
Epoch: 75 - Loss: 127.08602642007708
Epoch: 76 - Loss: 126.92403654860138
Epoch: 77 - Loss: 126.79175792428296
Epoch: 78 - Loss: 126.68691935364059
Epoch: 79 - Loss: 126.59171201937605
Epoch: 80 - Loss: 126.47536157694195
Epoch: 81 - Loss: 126.30831522089281
Epoch: 82 - Loss: 126.07843867822609
Epoch: 83 - Loss: 125.79477110897336
Epoch: 84 - Loss: 125.4790681300163
Epoch: 85 - Loss: 125.14909383106276
Epoch: 86 - Loss: 124.79982126855039
Epoch: 87 - Loss: 124.39590881501472
Epoch: 88 - Loss: 123.88481779308856
Epoch: 89 - Loss: 123.2226942193007
Epoch: 90 - Loss: 122.37317484616115
Epoch: 91 - Loss: 121.27153973843716
Epoch: 92 - Loss: 119.77002166082896
Epoch: 93 - Loss: 117.58227220425962
Epoch: 94 - Loss: 114.60608373325681
Epoch: 95 - Loss: 116.57941574463025
Epoch: 96 - Loss: 117.46131055503812
Epoch: 97 - Loss: 114.82656792836576
Epoch: 98 - Loss: 113.88627681210261
Epoch: 99 - Loss: 114.6881736337192
Epoch: 100 - Loss: 115.21009551653194
Epoch: 101 - Loss: 115.24440211548884
Epoch: 102 - Loss: 114.86720482647574
Epoch: 103 - Loss: 114.19072945770004
Epoch: 104 - Loss: 113.59247339473123
Epoch: 105 - Loss: 114.30415269366227
Epoch: 106 - Loss: 114.05153627662209
Epoch: 107 - Loss: 113.49843029402548
Epoch: 108 - Loss: 113.77811762171957
Epoch: 109 - Loss: 113.99195581536767
Epoch: 110 - Loss: 113.90669186832882
Epoch: 111 - Loss: 113.62305844565724
Epoch: 112 - Loss: 113.3839593971997
Epoch: 113 - Loss: 113.4719806687725
Epoch: 114 - Loss: 113.61816299776422
Epoch: 115 - Loss: 113.31750653801294
Epoch: 116 - Loss: 113.30577655309021
Epoch: 117 - Loss: 113.38874059338578
Epoch: 118 - Loss: 113.34379657271606
Epoch: 119 - Loss: 113.25577599264813
Epoch: 120 - Loss: 113.11217306715224
Epoch: 121 - Loss: 113.10588405718892
Epoch: 122 - Loss: 113.1792994529555
Epoch: 123 - Loss: 113.06053523600933
Epoch: 124 - Loss: 112.96831645842776
Epoch: 125 - Loss: 112.96362048655746
Epoch: 126 - Loss: 113.01405642617308
Epoch: 127 - Loss: 112.85901867700991
Epoch: 128 - Loss: 112.82548854222497
Epoch: 129 - Loss: 112.81380693468424
Epoch: 130 - Loss: 112.74787022096613
Epoch: 131 - Loss: 112.71918652888145
Epoch: 132 - Loss: 112.59641469057009
Epoch: 133 - Loss: 112.62110527397134
Epoch: 134 - Loss: 112.50117872345355
Epoch: 135 - Loss: 112.0166658627322
Epoch: 136 - Loss: 87.0041788447286
Epoch: 137 - Loss: 71.77608264145775
Epoch: 138 - Loss: 69.76344303519092
Epoch: 139 - Loss: 69.2467803155893
Epoch: 140 - Loss: 69.27013513378597
Epoch: 141 - Loss: 69.31850412333755
Epoch: 142 - Loss: 69.23005694591954
Epoch: 143 - Loss: 69.05105086848879
Epoch: 144 - Loss: 68.97178374784707
Epoch: 145 - Loss: 69.09935319224951
Epoch: 146 - Loss: 69.05899556436805
Epoch: 147 - Loss: 68.89801821599785
Epoch: 148 - Loss: 68.90102256434716
Epoch: 149 - Loss: 68.94316805646694
Epoch: 150 - Loss: 68.90534335299485
Epoch: 151 - Loss: 68.80279428106493
Epoch: 152 - Loss: 68.74022944579235
Epoch: 153 - Loss: 68.76954189539055
Epoch: 154 - Loss: 68.74619194293163
Epoch: 155 - Loss: 68.65845691862663
Epoch: 156 - Loss: 68.6371780757283
Epoch: 157 - Loss: 68.64983888963066
Epoch: 158 - Loss: 68.62807015813034
Epoch: 159 - Loss: 68.57484075467659
Epoch: 160 - Loss: 68.54521156987605
Epoch: 161 - Loss: 68.55594762829091
Epoch: 162 - Loss: 68.54195108305424
Epoch: 163 - Loss: 68.5037964452768
Epoch: 164 - Loss: 68.49610439176514
Epoch: 165 - Loss: 68.5027674442559
Epoch: 166 - Loss: 68.49062717782847
Epoch: 167 - Loss: 68.46620835794914
Epoch: 168 - Loss: 68.45854253823457
Epoch: 169 - Loss: 68.46303013451258
Epoch: 170 - Loss: 68.45013733009235
Epoch: 171 - Loss: 68.43192618468849
Epoch: 172 - Loss: 68.42653299341892
Epoch: 173 - Loss: 68.42097913473016
Epoch: 174 - Loss: 68.4032783558092
Epoch: 175 - Loss: 68.38394376796064
Epoch: 176 - Loss: 68.37373822669824
Epoch: 177 - Loss: 68.36141408081357
Epoch: 178 - Loss: 68.341315045605
Epoch: 179 - Loss: 68.32532533339636
Epoch: 180 - Loss: 68.31722859152819
Epoch: 181 - Loss: 68.30204306355094
Epoch: 182 - Loss: 68.28582590075837
Epoch: 183 - Loss: 68.27380466602794
Epoch: 184 - Loss: 68.26517170549914
Epoch: 185 - Loss: 68.25351935363227
Epoch: 186 - Loss: 68.24157109470407
Epoch: 187 - Loss: 68.23345432526823
Epoch: 188 - Loss: 68.22497004920139
Epoch: 189 - Loss: 68.21344338261949
Epoch: 190 - Loss: 68.20184774835786
Epoch: 191 - Loss: 68.1926384564945
Epoch: 192 - Loss: 68.18109805255932
Epoch: 193 - Loss: 68.16917842066344
Epoch: 194 - Loss: 68.15884517996646
Epoch: 195 - Loss: 68.14997582276067
Epoch: 196 - Loss: 68.14031458226603
Epoch: 197 - Loss: 68.13052338666846
Epoch: 198 - Loss: 68.12081608728862
Epoch: 199 - Loss: 68.11092789926572
Epoch: 200 - Loss: 68.09927197296527
Epoch: 201 - Loss: 68.08732519754487
Epoch: 202 - Loss: 68.07661125924909
Epoch: 203 - Loss: 68.06624155782997
Epoch: 204 - Loss: 68.05601744308036
Epoch: 205 - Loss: 68.0462219983996
Epoch: 206 - Loss: 68.03728585986076
Epoch: 207 - Loss: 68.02739772312985
Epoch: 208 - Loss: 68.01689411860062
Epoch: 209 - Loss: 68.00627847987127
Epoch: 210 - Loss: 67.99616607127827
Epoch: 211 - Loss: 67.98769059668633
Epoch: 212 - Loss: 67.97584514866973
Epoch: 213 - Loss: 67.9653097940612
Epoch: 214 - Loss: 67.95490403698943
Epoch: 215 - Loss: 67.94500022310358
Epoch: 216 - Loss: 67.93537995654846
Epoch: 217 - Loss: 67.92521643742032
Epoch: 218 - Loss: 67.91478973780572
Epoch: 219 - Loss: 67.9033464457902
Epoch: 220 - Loss: 67.89297187262807
Epoch: 221 - Loss: 67.88278560714821
Epoch: 222 - Loss: 67.87286049647795
Epoch: 223 - Loss: 67.8626468299607
Epoch: 224 - Loss: 67.85182575489914
Epoch: 225 - Loss: 67.84146481064089
Epoch: 226 - Loss: 67.83149836231138
Epoch: 227 - Loss: 67.82114935505616
Epoch: 228 - Loss: 67.81028323408094
Epoch: 229 - Loss: 67.79904234773426
Epoch: 230 - Loss: 67.78841830485581
Epoch: 231 - Loss: 67.77805884788562
Epoch: 232 - Loss: 67.76814850387667
Epoch: 233 - Loss: 67.75854664282102
Epoch: 234 - Loss: 67.74855457797999
Epoch: 235 - Loss: 67.7379673871829
Epoch: 236 - Loss: 67.72695667315696
Epoch: 237 - Loss: 67.71566999703403
Epoch: 238 - Loss: 67.70491100475027
Epoch: 239 - Loss: 67.6943397791475
Epoch: 240 - Loss: 67.68443413443315
Epoch: 241 - Loss: 67.67457444810745
Epoch: 242 - Loss: 67.66435652486511
Epoch: 243 - Loss: 67.65371217437195
Epoch: 244 - Loss: 67.6426092219587
Epoch: 245 - Loss: 67.63134423680141
Epoch: 246 - Loss: 67.62233929452677
Epoch: 247 - Loss: 67.60965003426293
Epoch: 248 - Loss: 67.59949571118511
Epoch: 249 - Loss: 67.5896941377055
Epoch: 250 - Loss: 67.57932645251472
Epoch: 251 - Loss: 67.56844439952881
Epoch: 252 - Loss: 67.55731118263166
Epoch: 253 - Loss: 67.54572906309129
Epoch: 254 - Loss: 67.53383535939598
Epoch: 255 - Loss: 67.52255745064446
Epoch: 256 - Loss: 67.51154158820833
Epoch: 257 - Loss: 67.50093718962434
Epoch: 258 - Loss: 67.49074290904495
Epoch: 259 - Loss: 67.4806597039612
Epoch: 260 - Loss: 67.4701845720096
Epoch: 261 - Loss: 67.45926986356199
Epoch: 262 - Loss: 67.4479178428028
Epoch: 263 - Loss: 67.43627138659315
Epoch: 264 - Loss: 67.42411898064367
Epoch: 265 - Loss: 67.41255268337787
Epoch: 266 - Loss: 67.40135630944516
Epoch: 267 - Loss: 67.39047567190984
Epoch: 268 - Loss: 67.37999293099658
Epoch: 269 - Loss: 67.36888870189497
Epoch: 270 - Loss: 67.35745935309842
Epoch: 271 - Loss: 67.3458073770494
Epoch: 272 - Loss: 67.33338707570311
Too slow optimization
Epoch: 1 - Loss: 199.70823036653488
Epoch: 2 - Loss: 199.6052166365908
Epoch: 3 - Loss: 199.50611295045252
Epoch: 4 - Loss: 199.4105920698997
Epoch: 5 - Loss: 199.31902566996675
Epoch: 6 - Loss: 199.23125561530784
Epoch: 7 - Loss: 199.14693795594636
Epoch: 8 - Loss: 199.06595336403248
Epoch: 9 - Loss: 198.9882828141131
Epoch: 10 - Loss: 198.9138100766408
Epoch: 11 - Loss: 198.84238465011654
Epoch: 12 - Loss: 198.77391393569357
Epoch: 13 - Loss: 198.70821659102847
Epoch: 14 - Loss: 198.64548801933282
Epoch: 15 - Loss: 198.5852899466627
Epoch: 16 - Loss: 198.52756337620275
Epoch: 17 - Loss: 198.4722898427471
Epoch: 18 - Loss: 198.41933464104486
Epoch: 19 - Loss: 198.36856625449892
Epoch: 20 - Loss: 198.31992981485587
Epoch: 21 - Loss: 198.27316124835266
Epoch: 22 - Loss: 198.228347071659
Epoch: 23 - Loss: 198.1853570711117
Epoch: 24 - Loss: 198.14400579715937
Epoch: 25 - Loss: 198.10425568076784
Epoch: 26 - Loss: 198.06593781548256
Epoch: 27 - Loss: 198.02909203824774
Epoch: 28 - Loss: 197.9936231644752
Epoch: 29 - Loss: 197.95938080280445
Epoch: 30 - Loss: 197.92633781506134
Epoch: 31 - Loss: 197.89439971102675
Epoch: 32 - Loss: 197.86353301123503
Epoch: 33 - Loss: 197.83368367210184
Epoch: 34 - Loss: 197.8047472464045
Epoch: 35 - Loss: 197.77674352282648
Epoch: 36 - Loss: 197.7495801369026
Epoch: 37 - Loss: 197.72318145408437
Epoch: 38 - Loss: 197.69756385985798
Epoch: 39 - Loss: 197.67266218503516
Epoch: 40 - Loss: 197.6484371594372
Epoch: 41 - Loss: 197.62483814307376
Epoch: 42 - Loss: 197.60206596854468
Epoch: 43 - Loss: 197.5794200860219
Epoch: 44 - Loss: 197.55755435019975
Epoch: 45 - Loss: 197.5362013068909
Epoch: 46 - Loss: 197.51530666513491
Epoch: 47 - Loss: 197.49489417552803
Epoch: 48 - Loss: 197.47491288763737
Epoch: 49 - Loss: 197.45533698066035
Epoch: 50 - Loss: 197.43614476209405
Epoch: 51 - Loss: 197.41731440565516
Epoch: 52 - Loss: 197.39881925359762
Epoch: 53 - Loss: 197.38062792796535
Epoch: 54 - Loss: 197.36274987568936
Epoch: 55 - Loss: 197.3451520495876
Epoch: 56 - Loss: 197.32781721776936
Epoch: 57 - Loss: 197.31094588957822
Epoch: 58 - Loss: 197.29408307390509
Epoch: 59 - Loss: 197.27744403633244
Epoch: 60 - Loss: 197.26099455875544
Epoch: 61 - Loss: 197.24474092106936
Epoch: 62 - Loss: 197.22866698604457
Epoch: 63 - Loss: 197.21275830712096
Epoch: 64 - Loss: 197.19700437002552
Epoch: 65 - Loss: 197.18139532152745
Epoch: 66 - Loss: 197.16592312777655
Epoch: 67 - Loss: 197.15057131478412
Epoch: 68 - Loss: 197.13534713449687
Epoch: 69 - Loss: 197.12023618106298
Epoch: 70 - Loss: 197.10523159551505
Epoch: 71 - Loss: 197.09032703273138
Epoch: 72 - Loss: 197.0755181223341
Epoch: 73 - Loss: 197.06079639545962
Epoch: 74 - Loss: 197.04612015332174
Epoch: 75 - Loss: 197.03160037772903
Epoch: 76 - Loss: 197.01712150202397
Epoch: 77 - Loss: 197.00270536697104
Epoch: 78 - Loss: 196.98836073666766
Epoch: 79 - Loss: 196.97407502869763
Epoch: 80 - Loss: 196.95984313863232
Epoch: 81 - Loss: 196.94567170997385
Epoch: 82 - Loss: 196.93155106363142
Epoch: 83 - Loss: 196.9174825208003
Epoch: 84 - Loss: 196.90345846638232
Epoch: 85 - Loss: 196.88947828175262
Epoch: 86 - Loss: 196.87553796392922
Epoch: 87 - Loss: 196.86163403704282
Epoch: 88 - Loss: 196.84776842220535
Epoch: 89 - Loss: 196.83393688276706
Epoch: 90 - Loss: 196.8201370271256
Epoch: 91 - Loss: 196.80636711029177
Epoch: 92 - Loss: 196.79262591016254
Epoch: 93 - Loss: 196.77890993827432
Epoch: 94 - Loss: 196.76522005680553
Epoch: 95 - Loss: 196.75155353763225
Epoch: 96 - Loss: 196.73790909689163
Epoch: 97 - Loss: 196.72429512496896
Epoch: 98 - Loss: 196.71072628615133
Epoch: 99 - Loss: 196.6971412020425
Epoch: 100 - Loss: 196.68356979300592
Epoch: 101 - Loss: 196.67001678485428
Epoch: 102 - Loss: 196.6564794569397
Epoch: 103 - Loss: 196.6429563195805
Epoch: 104 - Loss: 196.6294462751257
Epoch: 105 - Loss: 196.61594933701875
Epoch: 106 - Loss: 196.60246310573194
Epoch: 107 - Loss: 196.58898773853855
Epoch: 108 - Loss: 196.57552324694328
Epoch: 109 - Loss: 196.5620311025738
Epoch: 110 - Loss: 196.5485831140738
Epoch: 111 - Loss: 196.53514290750525
Epoch: 112 - Loss: 196.52173928264546
Epoch: 113 - Loss: 196.50831248758232
Epoch: 114 - Loss: 196.4948915888864
Epoch: 115 - Loss: 196.481475938771
Epoch: 116 - Loss: 196.46806516228708
Epoch: 117 - Loss: 196.45465863942374
Epoch: 118 - Loss: 196.4412558651704
Epoch: 119 - Loss: 196.42785633994012
Epoch: 120 - Loss: 196.41445952704535
Epoch: 121 - Loss: 196.40106507211487
Epoch: 122 - Loss: 196.38767248192931
Epoch: 123 - Loss: 196.3742784972217
Epoch: 124 - Loss: 196.36089106096733
Epoch: 125 - Loss: 196.34750081720006
Epoch: 126 - Loss: 196.33411068154282
Epoch: 127 - Loss: 196.32072012882224
Epoch: 128 - Loss: 196.30732464531835
Epoch: 129 - Loss: 196.2939323893338
Epoch: 130 - Loss: 196.28053844689066
Epoch: 131 - Loss: 196.2671422556152
Epoch: 132 - Loss: 196.2537458943115
Epoch: 133 - Loss: 196.240346462223
Epoch: 134 - Loss: 196.2269411187251
Too slow optimization
Epoch: 1 - Loss: 191.230665886359
Epoch: 2 - Loss: 191.09732057997493
Epoch: 3 - Loss: 190.96332350210076
Epoch: 4 - Loss: 190.82866965629063
Epoch: 5 - Loss: 190.69335410009856
Epoch: 6 - Loss: 190.55737122976197
Epoch: 7 - Loss: 190.42071572193024
Epoch: 8 - Loss: 190.2833813970709
Epoch: 9 - Loss: 190.14536216402706
Epoch: 10 - Loss: 190.0066513835572
Epoch: 11 - Loss: 189.86724169967357
Epoch: 12 - Loss: 189.727124823738
Epoch: 13 - Loss: 189.58629143633576
Epoch: 14 - Loss: 189.4447304137937
Epoch: 15 - Loss: 189.30242978159453
Epoch: 16 - Loss: 189.15937515935582
Epoch: 17 - Loss: 189.01555113282186
Epoch: 18 - Loss: 188.8709398164996
Epoch: 19 - Loss: 188.72552085513695
Epoch: 20 - Loss: 188.57927105746194
Epoch: 21 - Loss: 188.43216593063448
Epoch: 22 - Loss: 188.28417847462885
Epoch: 23 - Loss: 188.13527931627814
Epoch: 24 - Loss: 187.98543757325692
Epoch: 25 - Loss: 187.8346210193964
Epoch: 26 - Loss: 187.68279407694843
Epoch: 27 - Loss: 187.52992020183007
Epoch: 28 - Loss: 187.37596024226826
Epoch: 29 - Loss: 187.2208708531112
Epoch: 30 - Loss: 187.06460299445536
Epoch: 31 - Loss: 186.90710150342673
Epoch: 32 - Loss: 186.74830369078484
Epoch: 33 - Loss: 186.58813747652854
Epoch: 34 - Loss: 186.4265168231923
Epoch: 35 - Loss: 186.2633407347022
Epoch: 36 - Loss: 186.09848888346036
Epoch: 37 - Loss: 185.93181823870896
Epoch: 38 - Loss: 185.76315629863555
Epoch: 39 - Loss: 185.59229505766422
Epoch: 40 - Loss: 185.41898457087188
Epoch: 41 - Loss: 185.24292324438844
Epoch: 42 - Loss: 185.06374316691117
Epoch: 43 - Loss: 184.88099707472261
Epoch: 44 - Loss: 184.69413962515634
Epoch: 45 - Loss: 184.50250148910627
Epoch: 46 - Loss: 184.30526614858445
Epoch: 47 - Loss: 184.10141719675298
Epoch: 48 - Loss: 183.88970200212844
Epoch: 49 - Loss: 183.6685578799592
Epoch: 50 - Loss: 183.4360316119791
Epoch: 51 - Loss: 183.18966556485375
Epoch: 52 - Loss: 182.9263483083475
Epoch: 53 - Loss: 182.64212097827783
Epoch: 54 - Loss: 182.31015979143035
Epoch: 55 - Loss: 181.86372549165122
Epoch: 56 - Loss: 181.3650771680907
Epoch: 57 - Loss: 180.80274061657883
Epoch: 58 - Loss: 180.16167198978508
Epoch: 59 - Loss: 179.42266485696052
Epoch: 60 - Loss: 178.56203433815335
Epoch: 61 - Loss: 177.5520078265518
Epoch: 62 - Loss: 176.36221241114714
Epoch: 63 - Loss: 174.71673551932784
Epoch: 64 - Loss: 172.82934923890923
Epoch: 65 - Loss: 170.69995616461284
Epoch: 66 - Loss: 177.97704036821298
Epoch: 67 - Loss: 180.8694291633578
Epoch: 68 - Loss: 177.92178866845722
Epoch: 69 - Loss: 172.99282017277574
Epoch: 70 - Loss: 170.58654576761023
Epoch: 71 - Loss: 171.64095040841352
Epoch: 72 - Loss: 172.50647496514918
Epoch: 73 - Loss: 173.17546678131743
Epoch: 74 - Loss: 173.68887052106513
Epoch: 75 - Loss: 174.07606568291948
Epoch: 76 - Loss: 174.35771403830157
Epoch: 77 - Loss: 174.549068357023
Epoch: 78 - Loss: 174.6618318927409
Epoch: 79 - Loss: 174.70521161898253
Epoch: 80 - Loss: 174.68655805009087
Epoch: 81 - Loss: 174.61177581734503
Epoch: 82 - Loss: 174.48559790484873
Epoch: 83 - Loss: 174.3117701172763
Epoch: 84 - Loss: 174.09317069625914
Epoch: 85 - Loss: 173.83187615874084
Epoch: 86 - Loss: 173.52917985826727
Epoch: 87 - Loss: 173.18556281488665
Epoch: 88 - Loss: 172.80062550712702
Epoch: 89 - Loss: 172.37303423587434
Epoch: 90 - Loss: 171.90070420535503
Epoch: 91 - Loss: 171.382126351121
Epoch: 92 - Loss: 170.82254953967478
Epoch: 93 - Loss: 170.26168738641374
Epoch: 94 - Loss: 169.9041724104973
Epoch: 95 - Loss: 171.25528493329773
Epoch: 96 - Loss: 170.90884773355722
Epoch: 97 - Loss: 169.86196332650638
Epoch: 98 - Loss: 170.0097268478756
Epoch: 99 - Loss: 170.25156181892334
Epoch: 100 - Loss: 170.44078307666365
Epoch: 101 - Loss: 170.5491997047204
Epoch: 102 - Loss: 170.57633103039075
Epoch: 103 - Loss: 170.528387195862
Epoch: 104 - Loss: 170.41379481398437
Epoch: 105 - Loss: 170.2439654497795
Epoch: 106 - Loss: 170.0380982641404
Epoch: 107 - Loss: 169.8348877895471
Epoch: 108 - Loss: 169.71428205498242
Epoch: 109 - Loss: 169.8676412658151
Epoch: 110 - Loss: 170.03193734668807
Epoch: 111 - Loss: 169.70323491040446
Epoch: 112 - Loss: 169.6623535012321
Epoch: 113 - Loss: 169.696552685167
Epoch: 114 - Loss: 169.73983035394414
Epoch: 115 - Loss: 169.75832180312207
Epoch: 116 - Loss: 169.7418689526194
Epoch: 117 - Loss: 169.6946171899207
Epoch: 118 - Loss: 169.63126524704558
Epoch: 119 - Loss: 169.57556994017273
Epoch: 120 - Loss: 169.55392147902836
Epoch: 121 - Loss: 169.57332102019402
Epoch: 122 - Loss: 169.62853176091502
Epoch: 123 - Loss: 169.5293145958082
Epoch: 124 - Loss: 169.49806271378313
Epoch: 125 - Loss: 169.4997071983403
Epoch: 126 - Loss: 169.50959747346926
Epoch: 127 - Loss: 169.5091974976329
Epoch: 128 - Loss: 169.49189477929963
Epoch: 129 - Loss: 169.4611717007175
Epoch: 130 - Loss: 169.42760406678272
Epoch: 131 - Loss: 169.4041512086676
Epoch: 132 - Loss: 169.397501185527
Epoch: 133 - Loss: 169.39903007698592
Epoch: 134 - Loss: 169.39048362576935
Epoch: 135 - Loss: 169.3665890700863
Epoch: 136 - Loss: 169.3404290592282
Epoch: 137 - Loss: 169.32354017825944
Epoch: 138 - Loss: 169.31522010260568
Epoch: 139 - Loss: 169.30837649118965
Epoch: 140 - Loss: 169.29719271324925
Epoch: 141 - Loss: 169.28032619866633
Epoch: 142 - Loss: 169.26062325724442
Epoch: 143 - Loss: 169.24278785261066
Epoch: 144 - Loss: 169.2298419722692
Epoch: 145 - Loss: 169.22029092994623
Epoch: 146 - Loss: 169.2093151875343
Epoch: 147 - Loss: 169.19408291899202
Epoch: 148 - Loss: 169.17672107211217
Epoch: 149 - Loss: 169.16102479673094
Epoch: 150 - Loss: 169.14821706417203
Epoch: 151 - Loss: 169.13666258269203
Epoch: 152 - Loss: 169.12413503404923
Epoch: 153 - Loss: 169.10970936878667
Epoch: 154 - Loss: 169.09416407638489
Epoch: 155 - Loss: 169.07910170465712
Epoch: 156 - Loss: 169.06551962069705
Epoch: 157 - Loss: 169.0529188610335
Epoch: 158 - Loss: 169.0398717114005
Epoch: 159 - Loss: 169.0255870206507
Epoch: 160 - Loss: 169.01065915596368
Epoch: 161 - Loss: 168.9961862447036
Epoch: 162 - Loss: 168.98256018052564
Epoch: 163 - Loss: 168.96927747363216
Epoch: 164 - Loss: 168.95562004858985
Epoch: 165 - Loss: 168.94132987683977
Epoch: 166 - Loss: 168.92673897807728
Epoch: 167 - Loss: 168.9123780606308
Epoch: 168 - Loss: 168.89845718646046
Epoch: 169 - Loss: 168.88469399068003
Epoch: 170 - Loss: 168.87065421430026
Epoch: 171 - Loss: 168.85622199440488
Epoch: 172 - Loss: 168.84166728381965
Epoch: 173 - Loss: 168.82729169781115
Epoch: 174 - Loss: 168.81311688142432
Epoch: 175 - Loss: 168.79892369952685
Epoch: 176 - Loss: 168.78451199931584
Epoch: 177 - Loss: 168.76988426935398
Epoch: 178 - Loss: 168.7552047572824
Epoch: 179 - Loss: 168.7406122597057
Epoch: 180 - Loss: 168.72608272327793
Epoch: 181 - Loss: 168.71147482243077
Epoch: 182 - Loss: 168.69669332337295
Epoch: 183 - Loss: 168.68178017868567
Epoch: 184 - Loss: 168.666843162986
Epoch: 185 - Loss: 168.65192779558328
Epoch: 186 - Loss: 168.63698012999447
Epoch: 187 - Loss: 168.62191878370643
Epoch: 188 - Loss: 168.60671971009697
Epoch: 189 - Loss: 168.59142726924014
Epoch: 190 - Loss: 168.576094185084
Epoch: 191 - Loss: 168.560722021239
Epoch: 192 - Loss: 168.5452645576127
Epoch: 193 - Loss: 168.52968166426658
Epoch: 194 - Loss: 168.5139784209171
Epoch: 195 - Loss: 168.4981878010353
Epoch: 196 - Loss: 168.48232577515003
Epoch: 197 - Loss: 168.46637300503582
Epoch: 198 - Loss: 168.45029802151737
Epoch: 199 - Loss: 168.43408861573732
Epoch: 200 - Loss: 168.41775679752664
Epoch: 201 - Loss: 168.4013170234214
Epoch: 202 - Loss: 168.3847650217783
Epoch: 203 - Loss: 168.3680805047942
Epoch: 204 - Loss: 168.3512470771859
Epoch: 205 - Loss: 168.3342643006914
Epoch: 206 - Loss: 168.31713945291602
Epoch: 207 - Loss: 168.2998715385176
Epoch: 208 - Loss: 168.28244766184847
Epoch: 209 - Loss: 168.26485285246628
Epoch: 210 - Loss: 168.24708044104685
Epoch: 211 - Loss: 168.22913108442378
Epoch: 212 - Loss: 168.21100354824964
Epoch: 213 - Loss: 168.19259755984618
Epoch: 214 - Loss: 168.17380865941473
Epoch: 215 - Loss: 168.15478851108628
Epoch: 216 - Loss: 168.1355368927717
Epoch: 217 - Loss: 168.11605354530417
Epoch: 218 - Loss: 168.0963335234204
Epoch: 219 - Loss: 168.0763696177935
Epoch: 220 - Loss: 168.05615516098987
Epoch: 221 - Loss: 168.0356875536867
Epoch: 222 - Loss: 168.01496575177953
Epoch: 223 - Loss: 167.9939871749155
Epoch: 224 - Loss: 167.97274783196235
Epoch: 225 - Loss: 167.9512453234266
Epoch: 226 - Loss: 167.9294810460495
Epoch: 227 - Loss: 167.90745958148705
Epoch: 228 - Loss: 167.8851871504643
Epoch: 229 - Loss: 167.86267198683015
Epoch: 230 - Loss: 167.839926754558
Epoch: 231 - Loss: 167.8169712281392
Epoch: 232 - Loss: 167.79383272913273
Epoch: 233 - Loss: 167.77054666315885
Epoch: 234 - Loss: 167.7471583804984
Epoch: 235 - Loss: 167.72372510565344
Epoch: 236 - Loss: 167.70032153153448
Epoch: 237 - Loss: 167.67704138117347
Epoch: 238 - Loss: 167.65400036869676
Epoch: 239 - Loss: 167.63133955530418
Epoch: 240 - Loss: 167.6092292209506
Epoch: 241 - Loss: 167.58787158517302
Epoch: 242 - Loss: 167.56750025377687
Epoch: 243 - Loss: 167.54837435589837
Epoch: 244 - Loss: 167.53076444515034
Epoch: 245 - Loss: 167.51492525280105
Epoch: 246 - Loss: 167.50104926582156
Epoch: 247 - Loss: 167.48919814446657
Epoch: 248 - Loss: 167.47922017378417
Epoch: 249 - Loss: 167.47068333512973
Epoch: 250 - Loss: 167.46287736194657
Epoch: 251 - Loss: 167.45493540767066
Epoch: 252 - Loss: 167.44606437219352
Epoch: 253 - Loss: 167.43577974677396
Epoch: 254 - Loss: 167.424014986231
Epoch: 255 - Loss: 167.41106111651044
Epoch: 256 - Loss: 167.39740073691604
Epoch: 257 - Loss: 167.3835348447785
Epoch: 258 - Loss: 167.3698653735849
Epoch: 259 - Loss: 167.3566467251202
Epoch: 260 - Loss: 167.3439896215134
Epoch: 261 - Loss: 167.33189277339542
Epoch: 262 - Loss: 167.32028247409227
Epoch: 263 - Loss: 167.30904836948594
Epoch: 264 - Loss: 167.29807048435458
Epoch: 265 - Loss: 167.28723684786186
Epoch: 266 - Loss: 167.2764531692247
Epoch: 267 - Loss: 167.26564678030942
Epoch: 268 - Loss: 167.2547669189958
Epoch: 269 - Loss: 167.24378296095358
Epoch: 270 - Loss: 167.23268159061988
Epoch: 271 - Loss: 167.2214635280751
Epoch: 272 - Loss: 167.21014021599154
Epoch: 273 - Loss: 167.19873070258708
Epoch: 274 - Loss: 167.1872587878362
Epoch: 275 - Loss: 167.17575041569094
Epoch: 276 - Loss: 167.1642313131429
Epoch: 277 - Loss: 167.15272493210762
Epoch: 278 - Loss: 167.1412507446975
Epoch: 279 - Loss: 167.1298226560773
Epoch: 280 - Loss: 167.11844953056533
Epoch: 281 - Loss: 167.10713292765217
Epoch: 282 - Loss: 167.09586881208241
Epoch: 283 - Loss: 167.0846481851457
Epoch: 284 - Loss: 167.07345854255647
Epoch: 285 - Loss: 167.06228563782196
Epoch: 286 - Loss: 167.05111532454427
Epoch: 287 - Loss: 167.03993522962637
Epoch: 288 - Loss: 167.02873601802816
Epoch: 289 - Loss: 167.0175120810453
Epoch: 290 - Loss: 167.00626160626322
Epoch: 291 - Loss: 166.99498610658245
Epoch: 292 - Loss: 166.98368956447996
Epoch: 293 - Loss: 166.97237738246946
Epoch: 294 - Loss: 166.9610553314541
Epoch: 295 - Loss: 166.94972866275685
Epoch: 296 - Loss: 166.9384014813357
Epoch: 297 - Loss: 166.92707639906632
Epoch: 298 - Loss: 166.91575448718203
Epoch: 299 - Loss: 166.90443540949795
Epoch: 300 - Loss: 166.89311771715552
Epoch: 1 - Loss: 198.79377318417616
Epoch: 2 - Loss: 198.78854556208051
Epoch: 3 - Loss: 198.78331678471434
Epoch: 4 - Loss: 198.77808685138532
Epoch: 5 - Loss: 198.77285569846515
Epoch: 6 - Loss: 198.76762329091662
Epoch: 7 - Loss: 198.76238966947815
Epoch: 8 - Loss: 198.75715478322536
Epoch: 9 - Loss: 198.75191861492723
Epoch: 10 - Loss: 198.74668113846687
Epoch: 11 - Loss: 198.7414423525563
Epoch: 12 - Loss: 198.73620199600174
Epoch: 13 - Loss: 198.73096044993773
Epoch: 14 - Loss: 198.72571754536705
Epoch: 15 - Loss: 198.720473285003
Epoch: 16 - Loss: 198.7152275551076
Epoch: 17 - Loss: 198.7099805305694
Epoch: 18 - Loss: 198.70473188590853
Epoch: 19 - Loss: 198.69948160353286
Epoch: 20 - Loss: 198.69422988112572
Epoch: 21 - Loss: 198.68897718760203
Epoch: 22 - Loss: 198.68372245304488
Epoch: 23 - Loss: 198.67846614964253
Epoch: 24 - Loss: 198.67320825735882
Epoch: 25 - Loss: 198.66794875641907
Epoch: 26 - Loss: 198.66268762682608
Epoch: 27 - Loss: 198.6574248412589
Epoch: 28 - Loss: 198.65216039548963
Epoch: 29 - Loss: 198.64689426164125
Epoch: 30 - Loss: 198.64162641974775
Epoch: 31 - Loss: 198.63635684581743
Epoch: 32 - Loss: 198.63108552872131
Epoch: 33 - Loss: 198.62581241056733
Epoch: 34 - Loss: 198.62053754058394
Epoch: 35 - Loss: 198.61526060707624
Epoch: 36 - Loss: 198.60998142848507
Epoch: 37 - Loss: 198.60470108283812
Epoch: 38 - Loss: 198.59941887739893
Epoch: 39 - Loss: 198.5941347919988
Epoch: 40 - Loss: 198.5888486625257
Epoch: 41 - Loss: 198.58356114881838
Epoch: 42 - Loss: 198.57827134204726
Epoch: 43 - Loss: 198.5729795564743
Epoch: 44 - Loss: 198.56768585848948
Epoch: 45 - Loss: 198.56239019532063
Epoch: 46 - Loss: 198.55709257800677
Epoch: 47 - Loss: 198.55179292950325
Epoch: 48 - Loss: 198.54649129794396
Epoch: 49 - Loss: 198.54118767865845
Epoch: 50 - Loss: 198.5358820140434
Epoch: 51 - Loss: 198.53057432206492
Epoch: 52 - Loss: 198.5252645841315
Epoch: 53 - Loss: 198.51995278009184
Epoch: 54 - Loss: 198.51463893472547
Epoch: 55 - Loss: 198.5093230218172
Epoch: 56 - Loss: 198.50400503291277
Epoch: 57 - Loss: 198.4986849451066
Epoch: 58 - Loss: 198.49336277979975
Epoch: 59 - Loss: 198.48803821766919
Epoch: 60 - Loss: 198.48271183885666
Epoch: 61 - Loss: 198.47738334498968
Epoch: 62 - Loss: 198.4720527228754
Epoch: 63 - Loss: 198.4667199976129
Epoch: 64 - Loss: 198.46138509498414
Epoch: 65 - Loss: 198.4560480756647
Epoch: 66 - Loss: 198.45070891747525
Epoch: 67 - Loss: 198.44536759735664
Epoch: 68 - Loss: 198.4400240891821
Epoch: 69 - Loss: 198.43467841242636
Epoch: 70 - Loss: 198.42933066997998
Epoch: 71 - Loss: 198.42398082668265
Epoch: 72 - Loss: 198.4186286339081
Epoch: 73 - Loss: 198.41327424781514
Epoch: 74 - Loss: 198.4079176619507
Epoch: 75 - Loss: 198.4025588702636
Epoch: 76 - Loss: 198.39719786683554
Epoch: 77 - Loss: 198.39183468346687
Epoch: 78 - Loss: 198.3864692377073
Epoch: 79 - Loss: 198.38110152976137
Epoch: 80 - Loss: 198.37573160213847
Epoch: 81 - Loss: 198.3703593899874
Epoch: 82 - Loss: 198.36498504020997
Epoch: 83 - Loss: 198.35960837787246
Epoch: 84 - Loss: 198.35422945861546
Epoch: 85 - Loss: 198.34884826946322
Epoch: 86 - Loss: 198.34346480686165
Epoch: 87 - Loss: 198.33807906471316
Epoch: 88 - Loss: 198.3326910330792
Epoch: 89 - Loss: 198.32730071764857
Epoch: 90 - Loss: 198.3219081009611
Epoch: 91 - Loss: 198.3165131426225
Epoch: 92 - Loss: 198.31111591219258
Epoch: 93 - Loss: 198.3057163654034
Epoch: 94 - Loss: 198.30031441710068
Epoch: 95 - Loss: 198.29491021933106
Epoch: 96 - Loss: 198.2895037244406
Epoch: 97 - Loss: 198.28409485016175
Epoch: 98 - Loss: 198.27868364502757
Epoch: 99 - Loss: 198.27327007000628
Epoch: 100 - Loss: 198.26785412487752
Epoch: 101 - Loss: 198.2624358245045
Epoch: 102 - Loss: 198.2570151479258
Epoch: 103 - Loss: 198.2515920959188
Epoch: 104 - Loss: 198.24616665859213
Epoch: 105 - Loss: 198.24073882958606
Epoch: 106 - Loss: 198.2353086025483
Epoch: 107 - Loss: 198.22987597096713
Epoch: 108 - Loss: 198.22444092746724
Epoch: 109 - Loss: 198.21900346741901
Epoch: 110 - Loss: 198.21356359127228
Epoch: 111 - Loss: 198.20812127075646
Epoch: 112 - Loss: 198.20267645556098
Epoch: 113 - Loss: 198.19722926850264
Epoch: 114 - Loss: 198.19177984584408
Epoch: 115 - Loss: 198.18632773778964
Epoch: 116 - Loss: 198.1808731576548
Epoch: 117 - Loss: 198.1754161169498
Epoch: 118 - Loss: 198.16995659947634
Epoch: 119 - Loss: 198.16449460370754
Epoch: 120 - Loss: 198.15903011246436
Epoch: 121 - Loss: 198.15356312399632
Epoch: 122 - Loss: 198.1480933902665
Epoch: 123 - Loss: 198.14262140307508
Epoch: 124 - Loss: 198.13714688060406
Epoch: 125 - Loss: 198.1316698346593
Epoch: 126 - Loss: 198.12619022452532
Epoch: 127 - Loss: 198.12070810677903
Epoch: 128 - Loss: 198.11522344382266
Epoch: 129 - Loss: 198.10973622740912
Epoch: 130 - Loss: 198.10424643756994
Epoch: 131 - Loss: 198.0987540968431
Epoch: 132 - Loss: 198.09325917600827
Epoch: 133 - Loss: 198.08776167294366
Epoch: 134 - Loss: 198.0822615804453
Epoch: 135 - Loss: 198.0767588918154
Epoch: 136 - Loss: 198.07125360616135
Epoch: 137 - Loss: 198.06574570404774
Epoch: 138 - Loss: 198.0602351804537
Epoch: 139 - Loss: 198.05472203775912
Epoch: 140 - Loss: 198.04920625035797
Epoch: 141 - Loss: 198.0436878247547
Epoch: 142 - Loss: 198.03816751406785
Epoch: 143 - Loss: 198.03264378922427
Epoch: 144 - Loss: 198.02711744928064
Epoch: 145 - Loss: 198.02158835203107
Epoch: 146 - Loss: 198.01605661099168
Epoch: 147 - Loss: 198.01052200529324
Epoch: 148 - Loss: 198.00498485207177
Epoch: 149 - Loss: 197.99944501727296
Epoch: 150 - Loss: 197.9939024869422
Epoch: 151 - Loss: 197.9883572194255
Epoch: 152 - Loss: 197.98280922376742
Epoch: 153 - Loss: 197.97725849145954
Epoch: 154 - Loss: 197.97170501440564
Epoch: 155 - Loss: 197.96614878439266
Epoch: 156 - Loss: 197.9605897931731
Epoch: 157 - Loss: 197.955028032431
Epoch: 158 - Loss: 197.94946349377346
Epoch: 159 - Loss: 197.9438961687785
Epoch: 160 - Loss: 197.93832594094965
Epoch: 161 - Loss: 197.93275299345217
Epoch: 162 - Loss: 197.92717725123754
Epoch: 163 - Loss: 197.92159868639058
Epoch: 164 - Loss: 197.91601731200026
Epoch: 165 - Loss: 197.91043305642225
Epoch: 166 - Loss: 197.9048457257145
Epoch: 167 - Loss: 197.89925580796637
Epoch: 168 - Loss: 197.89366303515195
Epoch: 169 - Loss: 197.88806739390984
Epoch: 170 - Loss: 197.88246903050486
Epoch: 171 - Loss: 197.87686763958598
Epoch: 172 - Loss: 197.87126330381756
Epoch: 173 - Loss: 197.86565607400217
Epoch: 174 - Loss: 197.8600459291271
Epoch: 175 - Loss: 197.85443302327866
Epoch: 176 - Loss: 197.84881702823736
Epoch: 177 - Loss: 197.84319816504677
Epoch: 178 - Loss: 197.83757631296257
Epoch: 179 - Loss: 197.83195147557004
Epoch: 180 - Loss: 197.82632358692425
Epoch: 181 - Loss: 197.82069291968273
Epoch: 182 - Loss: 197.81505890259518
Epoch: 183 - Loss: 197.80942208318243
Epoch: 184 - Loss: 197.80378221176548
Epoch: 185 - Loss: 197.7981393753487
Epoch: 186 - Loss: 197.79249348251884
Epoch: 187 - Loss: 197.78684471875795
Epoch: 188 - Loss: 197.78119272000103
Epoch: 189 - Loss: 197.77553761343725
Epoch: 190 - Loss: 197.76987942652542
Epoch: 191 - Loss: 197.76421819371197
Epoch: 192 - Loss: 197.75855383044077
Epoch: 193 - Loss: 197.75288636870556
Epoch: 194 - Loss: 197.74721582472677
Epoch: 195 - Loss: 197.74154214741603
Epoch: 196 - Loss: 197.7358652126052
Epoch: 197 - Loss: 197.73018502677303
Epoch: 198 - Loss: 197.72450183742592
Epoch: 199 - Loss: 197.71881547832518
Epoch: 200 - Loss: 197.71312593256226
Epoch: 201 - Loss: 197.70743319673852
Epoch: 202 - Loss: 197.70173724420118
Epoch: 203 - Loss: 197.69603729443298
Epoch: 204 - Loss: 197.69033492683093
Epoch: 205 - Loss: 197.68462928786107
Epoch: 206 - Loss: 197.6789204197649
Epoch: 207 - Loss: 197.6732082712813
Epoch: 208 - Loss: 197.66749283764497
Epoch: 209 - Loss: 197.66177408629216
Epoch: 210 - Loss: 197.6560523538991
Epoch: 211 - Loss: 197.650327011178
Epoch: 212 - Loss: 197.6445983688964
Epoch: 213 - Loss: 197.63886635518588
Epoch: 214 - Loss: 197.63313099037876
Epoch: 215 - Loss: 197.62739227095634
Epoch: 216 - Loss: 197.62164993361054
Epoch: 217 - Loss: 197.61590481014463
Epoch: 218 - Loss: 197.61015592003326
Epoch: 219 - Loss: 197.60440361032158
Epoch: 220 - Loss: 197.59864786536485
Epoch: 221 - Loss: 197.59288865822228
Epoch: 222 - Loss: 197.58712602993955
Epoch: 223 - Loss: 197.5813599697492
Epoch: 224 - Loss: 197.57559039298087
Epoch: 225 - Loss: 197.56981737130675
Epoch: 226 - Loss: 197.56404074070437
Epoch: 227 - Loss: 197.55826065152837
Epoch: 228 - Loss: 197.55247703517497
Epoch: 229 - Loss: 197.54668911549055
Epoch: 230 - Loss: 197.54089838635994
Epoch: 231 - Loss: 197.53510475687114
Epoch: 232 - Loss: 197.52930675306928
Epoch: 233 - Loss: 197.52350529707257
Epoch: 234 - Loss: 197.51769990205622
Epoch: 235 - Loss: 197.51189111885057
Epoch: 236 - Loss: 197.50607867750924
Epoch: 237 - Loss: 197.5002625802905
Epoch: 238 - Loss: 197.49444249245525
Epoch: 239 - Loss: 197.4886190248702
Epoch: 240 - Loss: 197.48279190318812
Epoch: 241 - Loss: 197.47696100058292
Epoch: 242 - Loss: 197.4711263594815
Epoch: 243 - Loss: 197.46528821771957
Epoch: 244 - Loss: 197.45944600985382
Epoch: 245 - Loss: 197.45360006360437
Epoch: 246 - Loss: 197.44775031411874
Epoch: 247 - Loss: 197.44189673830883
Epoch: 248 - Loss: 197.43603934007749
Epoch: 249 - Loss: 197.4301781268092
Epoch: 250 - Loss: 197.42431301390724
Epoch: 251 - Loss: 197.41844402226968
Epoch: 252 - Loss: 197.41257107666993
Epoch: 253 - Loss: 197.40669430974924
Epoch: 254 - Loss: 197.40081358168914
Epoch: 255 - Loss: 197.39492890318218
Epoch: 256 - Loss: 197.38904026413445
Epoch: 257 - Loss: 197.38314764580556
Epoch: 258 - Loss: 197.37725103226725
Epoch: 259 - Loss: 197.3713503612425
Epoch: 260 - Loss: 197.36544570435265
Epoch: 261 - Loss: 197.35953683651977
Epoch: 262 - Loss: 197.35362407333855
Epoch: 263 - Loss: 197.34770725089456
Epoch: 264 - Loss: 197.34178628158583
Epoch: 265 - Loss: 197.3358611735309
Epoch: 266 - Loss: 197.3299320128552
Epoch: 267 - Loss: 197.32399881439935
Epoch: 268 - Loss: 197.31806115762575
Epoch: 269 - Loss: 197.31211947894562
Epoch: 270 - Loss: 197.30617358080585
Epoch: 271 - Loss: 197.30022347375194
Epoch: 272 - Loss: 197.29426908217013
Epoch: 273 - Loss: 197.28831049769425
Epoch: 274 - Loss: 197.2823475887874
Epoch: 275 - Loss: 197.27638039612359
Epoch: 276 - Loss: 197.2704088317885
Epoch: 277 - Loss: 197.26443298165728
Epoch: 278 - Loss: 197.25845281797248
Epoch: 279 - Loss: 197.2524683081709
Epoch: 280 - Loss: 197.2464793671946
Epoch: 281 - Loss: 197.2404859837202
Epoch: 282 - Loss: 197.23448821279635
Epoch: 283 - Loss: 197.22848600408594
Epoch: 284 - Loss: 197.22247939927703
Epoch: 285 - Loss: 197.21646817873156
Epoch: 286 - Loss: 197.21045253925314
Epoch: 287 - Loss: 197.20443240167933
Epoch: 288 - Loss: 197.198407698278
Epoch: 289 - Loss: 197.19237844300412
Epoch: 290 - Loss: 197.18634462965952
Epoch: 291 - Loss: 197.1803062235451
Epoch: 292 - Loss: 197.17426316501766
Epoch: 293 - Loss: 197.16821549418907
Epoch: 294 - Loss: 197.1621631718256
Epoch: 295 - Loss: 197.15610620717385
Epoch: 296 - Loss: 197.15004445956214
Epoch: 297 - Loss: 197.1439780579257
Epoch: 298 - Loss: 197.13790692754375
Epoch: 299 - Loss: 197.13183104788232
Epoch: 300 - Loss: 197.12575039977287
Epoch: 1 - Loss: 190.02528953798497
Epoch: 2 - Loss: 188.13407936267646
Epoch: 3 - Loss: 187.056005282361
Epoch: 4 - Loss: 186.21026465132962
Epoch: 5 - Loss: 185.43068424417828
Epoch: 6 - Loss: 179.75362131383469
Epoch: 7 - Loss: 178.86600785025982
Epoch: 8 - Loss: 177.09458324770142
Epoch: 9 - Loss: 175.01088784233033
Epoch: 10 - Loss: 173.30677452452312
Epoch: 11 - Loss: 171.98985971229027
Epoch: 12 - Loss: 171.14561868238255
Epoch: 13 - Loss: 170.53095262845002
Epoch: 14 - Loss: 169.9440594253146
Epoch: 15 - Loss: 169.10274746175145
Epoch: 16 - Loss: 171.15866170298625
Epoch: 17 - Loss: 169.2131659476546
Epoch: 18 - Loss: 168.03339307202737
Epoch: 19 - Loss: 167.86949660535024
Epoch: 20 - Loss: 167.58005489086963
Epoch: 21 - Loss: 167.2024163305167
Epoch: 22 - Loss: 166.7833377135238
Epoch: 23 - Loss: 166.34097787030652
Epoch: 24 - Loss: 165.89280346074548
Epoch: 25 - Loss: 165.46746912903723
Epoch: 26 - Loss: 165.07285597827615
Epoch: 27 - Loss: 164.67816266563287
Epoch: 28 - Loss: 164.26761548679448
Epoch: 29 - Loss: 163.7922569663786
Epoch: 30 - Loss: 163.24890168737224
Epoch: 31 - Loss: 162.58648078346414
Epoch: 32 - Loss: 161.7631327118988
Epoch: 33 - Loss: 160.7412336586467
Epoch: 34 - Loss: 151.74963338852154
Epoch: 35 - Loss: 124.10486207543785
Epoch: 36 - Loss: 117.74477866127587
Epoch: 37 - Loss: 115.08339747003559
Epoch: 38 - Loss: 111.53066321585892
Epoch: 39 - Loss: 112.43499022643984
Epoch: 40 - Loss: 109.37901127238831
Epoch: 41 - Loss: 109.80579403287189
Epoch: 42 - Loss: 110.47453392033637
Epoch: 43 - Loss: 105.2863144763149
Epoch: 44 - Loss: 99.12657188233031
Epoch: 45 - Loss: 93.06452561081966
Epoch: 46 - Loss: 88.59681177760912
Epoch: 47 - Loss: 81.99530517102083
Epoch: 48 - Loss: 80.17203190782182
Epoch: 49 - Loss: 78.66889425949053
Epoch: 50 - Loss: 78.15826832184261
Epoch: 51 - Loss: 77.68939988863283
Epoch: 52 - Loss: 76.40109943550078
Epoch: 53 - Loss: 73.42400292285292
Epoch: 54 - Loss: 71.91848506607381
Epoch: 55 - Loss: 77.45193873801018
Epoch: 56 - Loss: 70.49350474005603
Epoch: 57 - Loss: 72.89869049215763
Epoch: 58 - Loss: 74.95122843681409
Epoch: 59 - Loss: 75.91396323735631
Epoch: 60 - Loss: 76.25174596467393
Epoch: 61 - Loss: 76.3708840678876
Epoch: 62 - Loss: 76.32716300467271
Epoch: 63 - Loss: 76.0458218929642
Epoch: 64 - Loss: 75.53791474665371
Epoch: 65 - Loss: 74.88898841607516
Epoch: 66 - Loss: 73.55670521479752
Epoch: 67 - Loss: 71.95825775635768
Epoch: 68 - Loss: 71.728836891593
Epoch: 69 - Loss: 74.127561681453
Epoch: 70 - Loss: 73.26129309025953
Epoch: 71 - Loss: 71.24140920406575
Epoch: 72 - Loss: 71.4398376168674
Epoch: 73 - Loss: 72.14653518728142
Epoch: 74 - Loss: 72.43141533119832
Epoch: 75 - Loss: 72.13327129244955
Epoch: 76 - Loss: 71.35578752412513
Epoch: 77 - Loss: 70.42088498206614
Epoch: 78 - Loss: 70.30306523868768
Epoch: 79 - Loss: 71.1134503731238
Epoch: 80 - Loss: 70.63772146161905
Epoch: 81 - Loss: 69.7828155474403
Epoch: 82 - Loss: 69.57855605657987
Epoch: 83 - Loss: 69.7822698124804
Epoch: 84 - Loss: 69.6779729229247
Epoch: 85 - Loss: 69.28414003757308
Epoch: 86 - Loss: 69.10370091007212
Epoch: 87 - Loss: 69.45160009820111
Epoch: 88 - Loss: 68.98611735447284
Epoch: 89 - Loss: 69.05408421206964
Epoch: 90 - Loss: 69.20812354288033
Epoch: 91 - Loss: 69.10573848535579
Epoch: 92 - Loss: 68.93789931762639
Epoch: 93 - Loss: 69.10355684304356
Epoch: 94 - Loss: 69.0844777860988
Epoch: 95 - Loss: 68.96633751607821
Epoch: 96 - Loss: 69.04687757834068
Epoch: 97 - Loss: 69.0459405698541
Epoch: 98 - Loss: 68.9350530213362
Epoch: 99 - Loss: 68.90322164324304
Epoch: 100 - Loss: 68.94728729536246
Epoch: 101 - Loss: 68.82375887517053
Epoch: 102 - Loss: 68.79968892156218
Epoch: 103 - Loss: 68.81051138225848
Epoch: 104 - Loss: 68.74010063374386
Epoch: 105 - Loss: 68.68201632318166
Epoch: 106 - Loss: 68.70888641593453
Epoch: 107 - Loss: 68.65175701023942
Epoch: 108 - Loss: 68.61367616349428
Epoch: 109 - Loss: 68.63157088429129
Epoch: 110 - Loss: 68.60351989741376
Epoch: 111 - Loss: 68.5639031747821
Epoch: 112 - Loss: 68.57578034411533
Epoch: 113 - Loss: 68.55263684550633
Epoch: 114 - Loss: 68.5248168727145
Epoch: 115 - Loss: 68.52778869772831
Epoch: 116 - Loss: 68.50647674256501
Epoch: 117 - Loss: 68.47772597336242
Epoch: 118 - Loss: 68.47419544523068
Epoch: 119 - Loss: 68.45071314616128
Epoch: 120 - Loss: 68.42677403248601
Epoch: 121 - Loss: 68.41784349504685
Epoch: 122 - Loss: 68.39398792695981
Epoch: 123 - Loss: 68.37070443902965
Epoch: 124 - Loss: 68.36109543444167
Epoch: 125 - Loss: 68.33806053384318
Epoch: 126 - Loss: 68.31815775576128
Epoch: 127 - Loss: 68.30685227972079
Epoch: 128 - Loss: 68.28641281107066
Epoch: 129 - Loss: 68.26870987779186
Epoch: 130 - Loss: 68.25723818601075
Epoch: 131 - Loss: 68.23787971574241
Epoch: 132 - Loss: 68.22222841518474
Epoch: 133 - Loss: 68.20939191349574
Epoch: 134 - Loss: 68.19139872867771
Epoch: 135 - Loss: 68.17615721628701
Epoch: 136 - Loss: 68.16199978792537
Epoch: 137 - Loss: 68.14422975350197
Epoch: 138 - Loss: 68.12943623228828
Epoch: 139 - Loss: 68.11406653343796
Epoch: 140 - Loss: 68.0966208500068
Epoch: 141 - Loss: 68.08169982112055
Epoch: 142 - Loss: 68.06571065142245
Epoch: 143 - Loss: 68.04886242220313
Epoch: 144 - Loss: 68.03397937745665
Epoch: 145 - Loss: 68.01770863438612
Epoch: 146 - Loss: 68.00144041158438
Epoch: 147 - Loss: 67.98655394756051
Epoch: 148 - Loss: 67.97029971404346
Epoch: 149 - Loss: 67.95454852150212
Epoch: 150 - Loss: 67.93941051083684
Epoch: 151 - Loss: 67.92327592039761
Epoch: 152 - Loss: 67.90778713986691
Epoch: 153 - Loss: 67.89234423816582
Epoch: 154 - Loss: 67.87627360500788
Epoch: 155 - Loss: 67.86083497330665
Epoch: 156 - Loss: 67.84508483619852
Epoch: 157 - Loss: 67.82911554587962
Epoch: 158 - Loss: 67.81354876167303
Epoch: 159 - Loss: 67.79759401749843
Epoch: 160 - Loss: 67.78174047664454
Epoch: 161 - Loss: 67.7660337246899
Epoch: 162 - Loss: 67.75000684722622
Epoch: 163 - Loss: 67.734211630929
Epoch: 164 - Loss: 67.71836756353544
Epoch: 165 - Loss: 67.70236654005822
Epoch: 166 - Loss: 67.68657123085922
Epoch: 167 - Loss: 67.6706051999536
Epoch: 168 - Loss: 67.65463352256926
Epoch: 169 - Loss: 67.63876152967433
Epoch: 170 - Loss: 67.62270666835711
Epoch: 171 - Loss: 67.60671835020705
Epoch: 172 - Loss: 67.5907142266449
Epoch: 173 - Loss: 67.57462535568472
Epoch: 174 - Loss: 67.55851358361937
Epoch: 175 - Loss: 67.5423487737848
Epoch: 176 - Loss: 67.52614126444361
Epoch: 177 - Loss: 67.50994323630745
Epoch: 178 - Loss: 67.49363757842848
Epoch: 179 - Loss: 67.47732693076156
Epoch: 180 - Loss: 67.46096640975568
Epoch: 181 - Loss: 67.44452641263041
Epoch: 182 - Loss: 67.42807214213092
Epoch: 183 - Loss: 67.41153214672698
Epoch: 184 - Loss: 67.39493934794163
Epoch: 185 - Loss: 67.37829571414925
Epoch: 186 - Loss: 67.36156521122889
Epoch: 187 - Loss: 67.34478494471293
Epoch: 188 - Loss: 67.3279202681891
Epoch: 189 - Loss: 67.3109642882725
Epoch: 190 - Loss: 67.29393519497701
Epoch: 191 - Loss: 67.27678874651059
Epoch: 192 - Loss: 67.25955969224242
Epoch: 193 - Loss: 67.24221417722737
Epoch: 194 - Loss: 67.2247499992271
Epoch: 195 - Loss: 67.20715499392688
Epoch: 196 - Loss: 67.18941853645016
Epoch: 197 - Loss: 67.17153515796542
Epoch: 198 - Loss: 67.15348319796905
Epoch: 199 - Loss: 67.1352448031103
Epoch: 200 - Loss: 67.1168076671481
Epoch: 201 - Loss: 67.09814562655411
Epoch: 202 - Loss: 67.07924677739558
Epoch: 203 - Loss: 67.06008602152329
Epoch: 204 - Loss: 67.04062819998899
Epoch: 205 - Loss: 67.02084884906061
Epoch: 206 - Loss: 67.000692458668
Epoch: 207 - Loss: 66.9801436813549
Epoch: 208 - Loss: 66.95909253627919
Epoch: 209 - Loss: 66.93753204912343
Epoch: 210 - Loss: 66.91535417396483
Epoch: 211 - Loss: 66.89250227630767
Epoch: 212 - Loss: 66.86888209863095
Epoch: 213 - Loss: 66.84440061301528
Epoch: 214 - Loss: 66.81894015079668
Epoch: 215 - Loss: 66.79234500557072
Epoch: 216 - Loss: 66.76441836405891
Epoch: 217 - Loss: 66.73491448864063
Epoch: 218 - Loss: 66.70354855972695
Epoch: 219 - Loss: 66.67001198377933
Epoch: 220 - Loss: 66.63401497418452
Epoch: 221 - Loss: 66.59523060396393
Epoch: 222 - Loss: 66.55333400681627
Epoch: 223 - Loss: 66.51085946850685
Epoch: 224 - Loss: 66.46649864911502
Epoch: 225 - Loss: 66.42042996632351
Epoch: 226 - Loss: 66.37302180360558
Epoch: 227 - Loss: 66.32459782571524
Epoch: 228 - Loss: 66.27484762078653
Epoch: 229 - Loss: 66.22447936782343
Epoch: 230 - Loss: 66.17461314680588
Epoch: 231 - Loss: 66.12554894098872
Epoch: 232 - Loss: 66.07725314985433
Epoch: 233 - Loss: 66.01927212695838
Epoch: 234 - Loss: 65.91012168886171
Epoch: 235 - Loss: 65.78923477443435
Epoch: 236 - Loss: 65.63110638161895
Epoch: 237 - Loss: 65.47570796121042
Epoch: 238 - Loss: 65.28544124081539
Epoch: 239 - Loss: 65.09625818248334
Epoch: 240 - Loss: 64.86193170408016
Epoch: 241 - Loss: 64.63820826631371
Epoch: 242 - Loss: 64.38413439114264
Epoch: 243 - Loss: 64.11223286804473
Epoch: 244 - Loss: 63.77010927542307
Epoch: 245 - Loss: 63.47338417240585
Epoch: 246 - Loss: 63.20309952629061
Epoch: 247 - Loss: 63.065367415548266
Epoch: 248 - Loss: 62.40099194612881
Epoch: 249 - Loss: 62.07113316840304
Epoch: 250 - Loss: 61.705985753690925
Epoch: 251 - Loss: 62.00821478867682
Epoch: 252 - Loss: 60.65643775348866
Epoch: 253 - Loss: 72.3250171475747
Epoch: 254 - Loss: 72.22347694289938
Epoch: 255 - Loss: 70.31795595967496
Epoch: 256 - Loss: 74.44060098323266
Epoch: 257 - Loss: 72.16048415054392
Epoch: 258 - Loss: 73.69240588170078
Epoch: 259 - Loss: 74.256279491145
Epoch: 260 - Loss: 74.33654516193573
Epoch: 261 - Loss: 74.36696618722648
Epoch: 262 - Loss: 74.37034331307507
Epoch: 263 - Loss: 74.35141690819871
Epoch: 264 - Loss: 74.31362967947521
Epoch: 265 - Loss: 74.25880400591643
Epoch: 266 - Loss: 74.18962357195768
Epoch: 267 - Loss: 74.10974189612524
Epoch: 268 - Loss: 74.02241092167833
Epoch: 269 - Loss: 73.92954905117942
Epoch: 270 - Loss: 73.83167500391473
Epoch: 271 - Loss: 73.72931678489554
Epoch: 272 - Loss: 73.62332349651386
Epoch: 273 - Loss: 73.51504521892265
Epoch: 274 - Loss: 73.40593557487777
Epoch: 275 - Loss: 73.2970043067726
Epoch: 276 - Loss: 73.18833016597272
Epoch: 277 - Loss: 73.07957372744386
Too slow optimization
Epoch: 1 - Loss: 193.57861730193667
Epoch: 2 - Loss: 193.5639880573834
Epoch: 3 - Loss: 193.54958739361012
Epoch: 4 - Loss: 193.53541112519395
Epoch: 5 - Loss: 193.52145271746687
Epoch: 6 - Loss: 193.50770790570476
Epoch: 7 - Loss: 193.49415598811865
Epoch: 8 - Loss: 193.48081695487937
Epoch: 9 - Loss: 193.46765798393844
Epoch: 10 - Loss: 193.45465420699645
Epoch: 11 - Loss: 193.4417970369635
Epoch: 12 - Loss: 193.42905971261695
Epoch: 13 - Loss: 193.41641750232483
Epoch: 14 - Loss: 193.40385603573824
Epoch: 15 - Loss: 193.39134381765066
Epoch: 16 - Loss: 193.37887285920772
Epoch: 17 - Loss: 193.3664244546604
Epoch: 18 - Loss: 193.3539963186726
Epoch: 19 - Loss: 193.34158524186185
Epoch: 20 - Loss: 193.32918650409064
Epoch: 21 - Loss: 193.3168098085443
Epoch: 22 - Loss: 193.30445865696248
Epoch: 23 - Loss: 193.2921339904817
Epoch: 24 - Loss: 193.27985155500076
Epoch: 25 - Loss: 193.2676146997057
Epoch: 26 - Loss: 193.25543820923363
Epoch: 27 - Loss: 193.24329613235386
Epoch: 28 - Loss: 193.2312249572283
Epoch: 29 - Loss: 193.21921048169992
Epoch: 30 - Loss: 193.20725505929963
Epoch: 31 - Loss: 193.19535854571973
Epoch: 32 - Loss: 193.18351769479293
Epoch: 33 - Loss: 193.1717292366701
Epoch: 34 - Loss: 193.1599888020166
Epoch: 35 - Loss: 193.14829277346763
Epoch: 36 - Loss: 193.1366391750491
Epoch: 37 - Loss: 193.12502551165426
Epoch: 38 - Loss: 193.1134490981268
Epoch: 39 - Loss: 193.10190903044094
Epoch: 40 - Loss: 193.09040782027358
Epoch: 41 - Loss: 193.07894525870591
Epoch: 42 - Loss: 193.0675224669841
Epoch: 43 - Loss: 193.05614088435325
Epoch: 44 - Loss: 193.04480181422278
Epoch: 45 - Loss: 193.03350625339212
Epoch: 46 - Loss: 193.02225489753715
Epoch: 47 - Loss: 193.01104741574645
Epoch: 48 - Loss: 192.99988418173018
Epoch: 49 - Loss: 192.9887642867213
Epoch: 50 - Loss: 192.97768675518165
Epoch: 51 - Loss: 192.96665060019535
Epoch: 52 - Loss: 192.9556547031848
Epoch: 53 - Loss: 192.9446977671421
Epoch: 54 - Loss: 192.93377944297518
Epoch: 55 - Loss: 192.92289774838764
Epoch: 56 - Loss: 192.91205447593302
Epoch: 57 - Loss: 192.90124839413863
Epoch: 58 - Loss: 192.8904793820338
Epoch: 59 - Loss: 192.87974760630237
Epoch: 60 - Loss: 192.8690532730073
Epoch: 61 - Loss: 192.8583962256681
Epoch: 62 - Loss: 192.84777644903426
Epoch: 63 - Loss: 192.8372111306571
Epoch: 64 - Loss: 192.82666660701514
Epoch: 65 - Loss: 192.81615868140906
Epoch: 66 - Loss: 192.80569122466707
Epoch: 67 - Loss: 192.79525715086058
Epoch: 68 - Loss: 192.78485548953265
Epoch: 69 - Loss: 192.7744883731114
Epoch: 70 - Loss: 192.76415543472797
Epoch: 71 - Loss: 192.75385703703998
Epoch: 72 - Loss: 192.7435919229522
Epoch: 73 - Loss: 192.73336020421837
Epoch: 74 - Loss: 192.72316087545997
Epoch: 75 - Loss: 192.71299484097707
Epoch: 76 - Loss: 192.70286185151028
Epoch: 77 - Loss: 192.69276134726414
Epoch: 78 - Loss: 192.6826935543021
Epoch: 79 - Loss: 192.67265789842403
Epoch: 80 - Loss: 192.66265425086078
Epoch: 81 - Loss: 192.6526825110101
Epoch: 82 - Loss: 192.64274149756613
Epoch: 83 - Loss: 192.6328316072124
Epoch: 84 - Loss: 192.62295203092987
Epoch: 85 - Loss: 192.6131021974615
Epoch: 86 - Loss: 192.60328321552433
Epoch: 87 - Loss: 192.59349415050045
Epoch: 88 - Loss: 192.58373413217453
Epoch: 89 - Loss: 192.57400428168913
Epoch: 90 - Loss: 192.5643039483615
Epoch: 91 - Loss: 192.55463211184656
Epoch: 92 - Loss: 192.54498894972343
Epoch: 93 - Loss: 192.53537428591034
Epoch: 94 - Loss: 192.52578790247205
Epoch: 95 - Loss: 192.51622799557032
Epoch: 96 - Loss: 192.50669821254127
Epoch: 97 - Loss: 192.49719534621804
Epoch: 98 - Loss: 192.48771980251453
Epoch: 99 - Loss: 192.47827130670467
Epoch: 100 - Loss: 192.46884978410662
Epoch: 101 - Loss: 192.45945479325994
Epoch: 102 - Loss: 192.45008621871042
Epoch: 103 - Loss: 192.44074392508136
Epoch: 104 - Loss: 192.43142766895525
Epoch: 105 - Loss: 192.42213723574696
Epoch: 106 - Loss: 192.41287242823404
Epoch: 107 - Loss: 192.40363291204667
Epoch: 108 - Loss: 192.39441875182246
Epoch: 109 - Loss: 192.38522960574798
Epoch: 110 - Loss: 192.37606533164464
Epoch: 111 - Loss: 192.36692559941338
Epoch: 112 - Loss: 192.35781086526086
Epoch: 113 - Loss: 192.3487208499464
Epoch: 114 - Loss: 192.33965377739744
Epoch: 115 - Loss: 192.33061033935195
Epoch: 116 - Loss: 192.3215907132808
Epoch: 117 - Loss: 192.3125956339438
Epoch: 118 - Loss: 192.30361708077663
Epoch: 119 - Loss: 192.29466831095652
Epoch: 120 - Loss: 192.28574054478764
Epoch: 121 - Loss: 192.2768364600327
Epoch: 122 - Loss: 192.2679548493131
Epoch: 123 - Loss: 192.25909561844202
Epoch: 124 - Loss: 192.25025857922887
Epoch: 125 - Loss: 192.24144986116542
Epoch: 126 - Loss: 192.2326567365717
Epoch: 127 - Loss: 192.22387886273512
Epoch: 128 - Loss: 192.21512909516645
Epoch: 129 - Loss: 192.20640062556828
Epoch: 130 - Loss: 192.19769343316912
Epoch: 131 - Loss: 192.18900861708858
Epoch: 132 - Loss: 192.18034321361168
Epoch: 133 - Loss: 192.17170334690044
Epoch: 134 - Loss: 192.16307912800954
Epoch: 135 - Loss: 192.1544753285642
Too slow optimization
Epoch: 1 - Loss: 196.10830747070432
Epoch: 2 - Loss: 196.86169125187106
Epoch: 3 - Loss: 194.3975500158015
Epoch: 4 - Loss: 194.0694449087244
Epoch: 5 - Loss: 193.99225392652045
Epoch: 6 - Loss: 194.10158688151932
Epoch: 7 - Loss: 193.97943607780138
Epoch: 8 - Loss: 193.4803875898126
Epoch: 9 - Loss: 193.02739370013975
Epoch: 10 - Loss: 192.68882884256854
Epoch: 11 - Loss: 192.4700989696469
Epoch: 12 - Loss: 192.2969926189597
Epoch: 13 - Loss: 192.11593886610726
Epoch: 14 - Loss: 191.89851693540336
Epoch: 15 - Loss: 191.64977220046518
Epoch: 16 - Loss: 191.37604311276542
Epoch: 17 - Loss: 191.09031764021992
Epoch: 18 - Loss: 190.81000537921963
Epoch: 19 - Loss: 190.5544385975326
Epoch: 20 - Loss: 190.3385551238405
Epoch: 21 - Loss: 190.158940299302
Epoch: 22 - Loss: 189.98253241150255
Epoch: 23 - Loss: 189.77678951192823
Epoch: 24 - Loss: 189.5443646333893
Epoch: 25 - Loss: 189.3033234744412
Epoch: 26 - Loss: 189.06661287251674
Epoch: 27 - Loss: 188.8374442831028
Epoch: 28 - Loss: 188.6100764516528
Epoch: 29 - Loss: 188.37328634568007
Epoch: 30 - Loss: 188.11436468037476
Epoch: 31 - Loss: 187.82086735261413
Epoch: 32 - Loss: 187.46001053762095
Epoch: 33 - Loss: 187.01463680300068
Epoch: 34 - Loss: 186.4854588186754
Epoch: 35 - Loss: 185.93784377220737
Epoch: 36 - Loss: 185.67959726187505
Epoch: 37 - Loss: 185.61621563839654
Epoch: 38 - Loss: 185.00544494117278
Epoch: 39 - Loss: 184.49154618365884
Epoch: 40 - Loss: 184.22716057006636
Epoch: 41 - Loss: 183.91862647109116
Epoch: 42 - Loss: 183.49055065989407
Epoch: 43 - Loss: 182.99235542580502
Epoch: 44 - Loss: 182.482889577876
Epoch: 45 - Loss: 182.02436989002018
Epoch: 46 - Loss: 181.61807099948814
Epoch: 47 - Loss: 180.99825159665434
Epoch: 48 - Loss: 180.06669609617597
Epoch: 49 - Loss: 168.47846637151846
Epoch: 50 - Loss: 141.336318110377
Epoch: 51 - Loss: 137.97335040903502
Epoch: 52 - Loss: 136.32894656663802
Epoch: 53 - Loss: 135.28561960643754
Epoch: 54 - Loss: 135.3512019654027
Epoch: 55 - Loss: 135.21251225405075
Epoch: 56 - Loss: 134.9787671888296
Epoch: 57 - Loss: 134.66797181446165
Epoch: 58 - Loss: 134.3973431444149
Epoch: 59 - Loss: 134.16237077337755
Epoch: 60 - Loss: 133.89523390035012
Epoch: 61 - Loss: 133.5609748768811
Epoch: 62 - Loss: 133.16647827244242
Epoch: 63 - Loss: 132.7330553897468
Epoch: 64 - Loss: 132.2405127287649
Epoch: 65 - Loss: 131.67071944767545
Epoch: 66 - Loss: 131.0580700313613
Epoch: 67 - Loss: 130.35655586983887
Epoch: 68 - Loss: 129.55043222388048
Epoch: 69 - Loss: 128.77494014886474
Epoch: 70 - Loss: 127.9306656749054
Epoch: 71 - Loss: 126.5918956421007
Epoch: 72 - Loss: 124.65744172326451
Epoch: 73 - Loss: 123.12618859682269
Epoch: 74 - Loss: 121.51753384783346
Epoch: 75 - Loss: 118.07088405498567
Epoch: 76 - Loss: 103.72018590654352
Epoch: 77 - Loss: 94.24385671908597
Epoch: 78 - Loss: 96.42073986048793
Epoch: 79 - Loss: 98.20733701853288
Epoch: 80 - Loss: 99.21986217798373
Epoch: 81 - Loss: 99.73221026111247
Epoch: 82 - Loss: 99.90949063281572
Epoch: 83 - Loss: 99.85126317283063
Epoch: 84 - Loss: 99.58093844521115
Epoch: 85 - Loss: 99.08873109839486
Epoch: 86 - Loss: 98.36968430006155
Epoch: 87 - Loss: 97.31452606960418
Epoch: 88 - Loss: 95.72059954450195
Epoch: 89 - Loss: 93.44512349783545
Epoch: 90 - Loss: 93.23443776809354
Epoch: 91 - Loss: 96.54653198809439
Epoch: 92 - Loss: 93.86505754076121
Epoch: 93 - Loss: 92.12538941940467
Epoch: 94 - Loss: 92.92340702081333
Epoch: 95 - Loss: 93.66368934292163
Epoch: 96 - Loss: 93.77102440030856
Epoch: 97 - Loss: 93.40490925549946
Epoch: 98 - Loss: 92.56816196469612
Epoch: 99 - Loss: 91.29714643026583
Epoch: 100 - Loss: 90.2769945378235
Epoch: 101 - Loss: 90.84596215463284
Epoch: 102 - Loss: 91.8182342506162
Epoch: 103 - Loss: 91.32245648683121
Epoch: 104 - Loss: 89.91431442157456
Epoch: 105 - Loss: 89.81081408209408
Epoch: 106 - Loss: 90.28502205325567
Epoch: 107 - Loss: 90.23561678570269
Epoch: 108 - Loss: 90.13790409943871
Epoch: 109 - Loss: 89.25512091961329
Epoch: 110 - Loss: 88.63653744492983
Epoch: 111 - Loss: 88.22320310947661
Epoch: 112 - Loss: 89.01246547826068
Epoch: 113 - Loss: 87.85297467398333
Epoch: 114 - Loss: 87.52286611598014
Epoch: 115 - Loss: 87.60353427112538
Epoch: 116 - Loss: 87.50746090701091
Epoch: 117 - Loss: 87.18896220464917
Epoch: 118 - Loss: 87.47273641403505
Epoch: 119 - Loss: 85.7436350115921
Epoch: 120 - Loss: 89.44264167158072
Epoch: 121 - Loss: 88.75032422953954
Epoch: 122 - Loss: 91.31554215732065
Epoch: 123 - Loss: 90.54965105572762
Epoch: 124 - Loss: 89.45081248175107
Epoch: 125 - Loss: 88.97029543814222
Epoch: 126 - Loss: 88.2578007392173
Epoch: 127 - Loss: 87.99560751189162
Epoch: 128 - Loss: 87.92058808952947
Epoch: 129 - Loss: 87.74592189819157
Epoch: 130 - Loss: 87.58327392464916
Epoch: 131 - Loss: 87.44004742952936
Epoch: 132 - Loss: 87.48265992776375
Epoch: 133 - Loss: 87.01434202880493
Epoch: 134 - Loss: 74.65663986537983
Epoch: 135 - Loss: 68.64073512306368
NON-FINITE LOSS: retcode=Unstable npoints=6 expected=6
NON-FINITE LOSS: retcode=Unstable npoints=5 expected=6
Epoch: 136 - Loss: 1.0e6
NON-FINITE LOSS: retcode=Unstable npoints=6 expected=6
NON-FINITE LOSS: retcode=Unstable npoints=5 expected=6
Epoch: 137 - Loss: 1.0e6
NON-FINITE LOSS: retcode=Unstable npoints=6 expected=6
NON-FINITE LOSS: retcode=Unstable npoints=5 expected=6
Epoch: 138 - Loss: 1.0e6
NON-FINITE LOSS: retcode=Unstable npoints=6 expected=6
NON-FINITE LOSS: retcode=Unstable npoints=4 expected=6
Epoch: 139 - Loss: 1.0e6
NON-FINITE LOSS: retcode=Unstable npoints=6 expected=6
NON-FINITE LOSS: retcode=Unstable npoints=4 expected=6
Epoch: 140 - Loss: 1.0e6
NON-FINITE LOSS: retcode=Unstable npoints=6 expected=6
NON-FINITE LOSS: retcode=Unstable npoints=4 expected=6
Epoch: 141 - Loss: 1.0e6
Epoch: 1 - Loss: 198.81785170774182
Epoch: 2 - Loss: 197.26079499090514
Epoch: 3 - Loss: 195.56310935880543
Epoch: 4 - Loss: 193.7100399044884
Epoch: 5 - Loss: 191.68061738270293
Epoch: 6 - Loss: 189.44725838437535
Epoch: 7 - Loss: 186.80171044418324
Epoch: 8 - Loss: 181.28343232379942
Epoch: 9 - Loss: 193.17012558853907
Epoch: 10 - Loss: 183.239093430092
Epoch: 11 - Loss: 177.55983623820688
Epoch: 12 - Loss: 181.10926110436472
Epoch: 13 - Loss: 182.80846465036282
Epoch: 14 - Loss: 183.60920377985306
Epoch: 15 - Loss: 184.0310480063934
Epoch: 16 - Loss: 184.24830161917313
Epoch: 17 - Loss: 184.34099836042492
Epoch: 18 - Loss: 184.34952706789576
Epoch: 19 - Loss: 184.29641118006464
Epoch: 20 - Loss: 184.19543762666248
Epoch: 21 - Loss: 184.05571549472253
Epoch: 22 - Loss: 183.88365919580443
Epoch: 23 - Loss: 183.68397916020277
Epoch: 24 - Loss: 183.46025090675957
Epoch: 25 - Loss: 183.21523062378654
Epoch: 26 - Loss: 182.9510527574169
Epoch: 27 - Loss: 182.66936352643182
Epoch: 28 - Loss: 182.371397963203
Epoch: 29 - Loss: 182.05803575288337
Epoch: 30 - Loss: 181.72552039039056
Epoch: 31 - Loss: 181.3495915078155
Epoch: 32 - Loss: 180.95416591226697
Epoch: 33 - Loss: 180.53884890736578
Epoch: 34 - Loss: 180.10293227286482
Epoch: 35 - Loss: 179.64540946108528
Epoch: 36 - Loss: 179.16499601904528
Epoch: 37 - Loss: 178.66015969749225
Epoch: 38 - Loss: 178.1291538520211
Epoch: 39 - Loss: 177.57007341698142
Epoch: 40 - Loss: 176.98091804597905
Epoch: 41 - Loss: 176.3596649536855
Epoch: 42 - Loss: 175.704334045159
Epoch: 43 - Loss: 175.01299832015238
Epoch: 44 - Loss: 174.28369594907034
Epoch: 45 - Loss: 173.51412859093634
Epoch: 46 - Loss: 172.7010056303386
Epoch: 47 - Loss: 171.80394579777922
Epoch: 48 - Loss: 170.77986852012455
Epoch: 49 - Loss: 169.67008478039457
Epoch: 50 - Loss: 168.4432438043288
Epoch: 51 - Loss: 167.04210928030528
Epoch: 52 - Loss: 165.37470434616617
Epoch: 53 - Loss: 163.78884574697113
Epoch: 54 - Loss: 161.6101904356124
Epoch: 55 - Loss: 150.88610381002604
Epoch: 56 - Loss: 120.85846348605509
Epoch: 57 - Loss: 115.35296012164208
Epoch: 58 - Loss: 113.97992614493833
Epoch: 59 - Loss: 111.4595521900076
Epoch: 60 - Loss: 110.94211918358329
Epoch: 61 - Loss: 110.45772973696185
Epoch: 62 - Loss: 109.5102558185286
Epoch: 63 - Loss: 104.72818134596834
Epoch: 64 - Loss: 110.40770184369518
Epoch: 65 - Loss: 110.27466162800626
Epoch: 66 - Loss: 109.15632705934041
Epoch: 67 - Loss: 108.55725635854795
Epoch: 68 - Loss: 108.53085716894914
Epoch: 69 - Loss: 107.5372756648945
Epoch: 70 - Loss: 103.95406955117352
Epoch: 71 - Loss: 98.01244214659577
Epoch: 72 - Loss: 92.64335938903498
Epoch: 73 - Loss: 86.58138542376061
Epoch: 74 - Loss: 80.58368209354418
Epoch: 75 - Loss: 81.73804018866046
Epoch: 76 - Loss: 81.49134434589352
Epoch: 77 - Loss: 81.90307519837921
Epoch: 78 - Loss: 82.39480838148921
Epoch: 79 - Loss: 82.36993882504476
Epoch: 80 - Loss: 82.82965832950123
Epoch: 81 - Loss: 82.73485245537435
Epoch: 82 - Loss: 82.8899868285305
Epoch: 83 - Loss: 83.07121740380815
Epoch: 84 - Loss: 83.0035997757847
Epoch: 85 - Loss: 83.06589638969744
Epoch: 86 - Loss: 83.11680643317001
Epoch: 87 - Loss: 82.96525608262901
Epoch: 88 - Loss: 83.05201763665256
Epoch: 89 - Loss: 82.94170175513555
Epoch: 90 - Loss: 82.85289904284612
Epoch: 91 - Loss: 82.84028915911571
Epoch: 92 - Loss: 82.67315531285057
Epoch: 93 - Loss: 82.63788837776929
Epoch: 94 - Loss: 82.51000433768218
Epoch: 95 - Loss: 82.34666386348542
Epoch: 96 - Loss: 82.25514652005945
Epoch: 97 - Loss: 82.04992151182445
Epoch: 98 - Loss: 81.90825895622919
Epoch: 99 - Loss: 81.70038334676639
Epoch: 100 - Loss: 81.48775632476452
Epoch: 101 - Loss: 81.2826051604384
Epoch: 102 - Loss: 81.01922887949698
Epoch: 103 - Loss: 80.791806066583
Epoch: 104 - Loss: 80.5127643270394
Epoch: 105 - Loss: 80.17318137762025
Epoch: 106 - Loss: 79.78655322187917
Epoch: 107 - Loss: 79.3088463117219
Epoch: 108 - Loss: 78.77742877896472
Epoch: 109 - Loss: 78.11121718849506
Epoch: 110 - Loss: 77.29928263977199
Epoch: 111 - Loss: 76.25339860842217
Epoch: 112 - Loss: 74.84582303736644
Epoch: 113 - Loss: 72.94238598499562
Epoch: 114 - Loss: 70.70868553208426
Epoch: 115 - Loss: 74.0163960298999
Epoch: 116 - Loss: 78.97631835901599
Epoch: 117 - Loss: 74.23544252419423
Epoch: 118 - Loss: 70.35841799825259
Epoch: 119 - Loss: 70.79351015052632
Epoch: 120 - Loss: 71.88242042238679
Epoch: 121 - Loss: 72.60806162524067
Epoch: 122 - Loss: 72.99029367577357
Epoch: 123 - Loss: 73.09397265378283
Epoch: 124 - Loss: 72.95556278740453
Epoch: 125 - Loss: 72.60137404001527
Epoch: 126 - Loss: 72.01760766207735
Epoch: 127 - Loss: 71.1933672193357
Epoch: 128 - Loss: 70.13807212233483
Epoch: 129 - Loss: 69.18508480144175
Epoch: 130 - Loss: 70.16079514641721
Epoch: 131 - Loss: 70.55711578162449
Epoch: 132 - Loss: 68.90927113889647
Epoch: 133 - Loss: 69.19887672279117
Epoch: 134 - Loss: 69.67833968109689
Epoch: 135 - Loss: 69.8984503631721
Epoch: 136 - Loss: 69.8111307218023
Epoch: 137 - Loss: 69.44030868367192
Epoch: 138 - Loss: 68.87335186090033
Epoch: 139 - Loss: 68.43689970672291
Epoch: 140 - Loss: 68.86699027922624
Epoch: 141 - Loss: 69.10028279830922
Epoch: 142 - Loss: 68.35544434678367
Epoch: 143 - Loss: 68.39353033511013
Epoch: 144 - Loss: 68.64664074344442
Epoch: 145 - Loss: 68.73482527690636
Epoch: 146 - Loss: 68.59323655669714
Epoch: 147 - Loss: 68.30555576019825
Epoch: 148 - Loss: 68.11698397200665
Epoch: 149 - Loss: 68.30435251774087
Epoch: 150 - Loss: 68.36609162290016
Epoch: 151 - Loss: 68.05669470042858
Epoch: 152 - Loss: 68.0115484680818
Epoch: 153 - Loss: 68.10473371127351
Epoch: 154 - Loss: 68.11609584183303
Epoch: 155 - Loss: 67.99871790278475
Epoch: 156 - Loss: 67.83808592902106
Epoch: 157 - Loss: 67.79004941093748
Epoch: 158 - Loss: 67.85115436793663
Epoch: 159 - Loss: 67.7613347917014
Epoch: 160 - Loss: 67.61392778872467
Epoch: 161 - Loss: 67.57664330170813
Epoch: 162 - Loss: 67.56600985610572
Epoch: 163 - Loss: 67.49539352073482
Epoch: 164 - Loss: 67.36912026448594
Epoch: 165 - Loss: 67.25739553721311
Epoch: 166 - Loss: 67.2030014221569
Epoch: 167 - Loss: 67.12589755658595
Epoch: 168 - Loss: 66.9779519895058
Epoch: 169 - Loss: 66.8437474387879
Epoch: 170 - Loss: 66.7495100457875
Epoch: 171 - Loss: 66.60524554591002
Epoch: 172 - Loss: 66.42657144899125
Epoch: 173 - Loss: 66.24921979858289
Epoch: 174 - Loss: 66.05378700290134
Too slow optimization
Epoch: 1 - Loss: 201.80845522310892
Epoch: 2 - Loss: 201.7979683507702
Epoch: 3 - Loss: 201.7874785296311
Epoch: 4 - Loss: 201.77698604988055
Epoch: 5 - Loss: 201.76649098612367
Epoch: 6 - Loss: 201.75599341328592
Epoch: 7 - Loss: 201.74549315886134
Epoch: 8 - Loss: 201.7349901100937
Epoch: 9 - Loss: 201.72448421172373
Epoch: 10 - Loss: 201.71397538691693
Epoch: 11 - Loss: 201.7034634971353
Epoch: 12 - Loss: 201.6929484380075
Epoch: 13 - Loss: 201.682430113442
Epoch: 14 - Loss: 201.67190840780358
Epoch: 15 - Loss: 201.66138324809882
Epoch: 16 - Loss: 201.6508545400073
Epoch: 17 - Loss: 201.64032221449395
Epoch: 18 - Loss: 201.62978618378722
Epoch: 19 - Loss: 201.61924710998989
Epoch: 20 - Loss: 201.60870339963745
Epoch: 21 - Loss: 201.5981558031684
Epoch: 22 - Loss: 201.5876042163062
Epoch: 23 - Loss: 201.57704852335175
Epoch: 24 - Loss: 201.566488711619
Epoch: 25 - Loss: 201.5559246197556
Epoch: 26 - Loss: 201.54535632336194
Epoch: 27 - Loss: 201.53478359102368
Epoch: 28 - Loss: 201.52420633596225
Epoch: 29 - Loss: 201.51362455539254
Epoch: 30 - Loss: 201.50303818884473
Epoch: 31 - Loss: 201.49244867515327
Epoch: 32 - Loss: 201.48185148453777
Epoch: 33 - Loss: 201.47125082224056
Epoch: 34 - Loss: 201.46064538411272
Epoch: 35 - Loss: 201.45003450668136
Epoch: 36 - Loss: 201.43941834104362
Epoch: 37 - Loss: 201.42879700947083
Epoch: 38 - Loss: 201.4181703331566
Epoch: 39 - Loss: 201.40753827361155
Epoch: 40 - Loss: 201.39690057335184
Epoch: 41 - Loss: 201.38625720864587
Epoch: 42 - Loss: 201.37560808281256
Epoch: 43 - Loss: 201.3649533412984
Epoch: 44 - Loss: 201.3542923720341
Epoch: 45 - Loss: 201.34362533504407
Epoch: 46 - Loss: 201.33295213648526
Epoch: 47 - Loss: 201.32227278342228
Epoch: 48 - Loss: 201.3115866590209
Epoch: 49 - Loss: 201.30089442058045
Epoch: 50 - Loss: 201.2901956241934
Epoch: 51 - Loss: 201.27949016287684
Epoch: 52 - Loss: 201.26877769188442
Epoch: 53 - Loss: 201.25805882842738
Epoch: 54 - Loss: 201.24733287915058
Epoch: 55 - Loss: 201.23660010929004
Epoch: 56 - Loss: 201.22586011351564
Epoch: 57 - Loss: 201.21511290976682
Epoch: 58 - Loss: 201.20435840950933
Epoch: 59 - Loss: 201.19359656081136
Epoch: 60 - Loss: 201.18282731408266
Epoch: 61 - Loss: 201.17205044958584
Epoch: 62 - Loss: 201.16126613396136
Epoch: 63 - Loss: 201.15047418823565
Epoch: 64 - Loss: 201.13967339249345
Epoch: 65 - Loss: 201.12886650814784
Epoch: 66 - Loss: 201.1180510297298
Epoch: 67 - Loss: 201.10722684442774
Epoch: 68 - Loss: 201.09639537403476
Epoch: 69 - Loss: 201.08555636913042
Epoch: 70 - Loss: 201.07470789916223
Epoch: 71 - Loss: 201.06385180155308
Epoch: 72 - Loss: 201.05298719423325
Epoch: 73 - Loss: 201.04211460515234
Epoch: 74 - Loss: 201.0312329257686
Epoch: 75 - Loss: 201.0203426130675
Epoch: 76 - Loss: 201.00944358878255
Epoch: 77 - Loss: 200.99853583844205
Epoch: 78 - Loss: 200.98761820999962
Epoch: 79 - Loss: 200.97669276392057
Epoch: 80 - Loss: 200.9657581176111
Epoch: 81 - Loss: 200.95481445783005
Epoch: 82 - Loss: 200.9438616076151
Epoch: 83 - Loss: 200.93289951154222
Epoch: 84 - Loss: 200.92192811099903
Epoch: 85 - Loss: 200.91094689321454
Epoch: 86 - Loss: 200.89995700608029
Epoch: 87 - Loss: 200.8889572167931
Epoch: 88 - Loss: 200.8779485922675
Epoch: 89 - Loss: 200.86692819048864
Epoch: 90 - Loss: 200.85589929522504
Epoch: 91 - Loss: 200.84486053821573
Epoch: 92 - Loss: 200.83381186804795
Epoch: 93 - Loss: 200.82275319748473
Epoch: 94 - Loss: 200.8116844661078
Epoch: 95 - Loss: 200.8006056102157
Epoch: 96 - Loss: 200.7895179321437
Epoch: 97 - Loss: 200.77841854144694
Epoch: 98 - Loss: 200.76730869793408
Epoch: 99 - Loss: 200.75618847210887
Epoch: 100 - Loss: 200.74505782840603
Epoch: 101 - Loss: 200.73391660939092
Epoch: 102 - Loss: 200.7227647097485
Epoch: 103 - Loss: 200.7116019757013
Epoch: 104 - Loss: 200.70042840722738
Epoch: 105 - Loss: 200.68924421134588
Epoch: 106 - Loss: 200.6780490643062
Epoch: 107 - Loss: 200.66684357003325
Epoch: 108 - Loss: 200.65562625003025
Epoch: 109 - Loss: 200.64439794729722
Epoch: 110 - Loss: 200.6331582511525
Epoch: 111 - Loss: 200.62190738071502
Epoch: 112 - Loss: 200.61064498118182
Epoch: 113 - Loss: 200.59937111966354
Epoch: 114 - Loss: 200.58808511207593
Epoch: 115 - Loss: 200.57678810024558
Epoch: 116 - Loss: 200.56547933651174
Epoch: 117 - Loss: 200.5541587934027
Epoch: 118 - Loss: 200.54282638855062
Epoch: 119 - Loss: 200.53148206955512
Epoch: 120 - Loss: 200.52012575294532
Epoch: 121 - Loss: 200.50875727189884
Epoch: 122 - Loss: 200.49737672043705
Epoch: 123 - Loss: 200.48598386021305
Epoch: 124 - Loss: 200.47457949400143
Epoch: 125 - Loss: 200.4631618098485
Epoch: 126 - Loss: 200.45173200285552
Epoch: 127 - Loss: 200.44028864654268
Epoch: 128 - Loss: 200.4288331791216
Epoch: 129 - Loss: 200.41736491766238
Epoch: 130 - Loss: 200.40588386224917
Epoch: 131 - Loss: 200.39438975223115
Epoch: 132 - Loss: 200.38288276495283
Epoch: 133 - Loss: 200.37136267590134
Epoch: 134 - Loss: 200.3598293853398
Epoch: 135 - Loss: 200.3482828267911
Epoch: 136 - Loss: 200.33672289570688
Epoch: 137 - Loss: 200.32514960529267
Epoch: 138 - Loss: 200.31356269820907
Epoch: 139 - Loss: 200.30196216572742
Epoch: 140 - Loss: 200.29034797653176
Epoch: 141 - Loss: 200.278719990972
Epoch: 142 - Loss: 200.2670780882373
Epoch: 143 - Loss: 200.25542343637508
Epoch: 144 - Loss: 200.24375359404877
Epoch: 145 - Loss: 200.23206927334104
Epoch: 146 - Loss: 200.22037103027247
Epoch: 147 - Loss: 200.20865829368725
Epoch: 148 - Loss: 200.1969311250438
Epoch: 149 - Loss: 200.18518970122605
Epoch: 150 - Loss: 200.17343344276668
Epoch: 151 - Loss: 200.16166246616547
Epoch: 152 - Loss: 200.1498766549506
Epoch: 153 - Loss: 200.13807606651017
Epoch: 154 - Loss: 200.12626028267036
Epoch: 155 - Loss: 200.11442846099368
Epoch: 156 - Loss: 200.1025825867738
Epoch: 157 - Loss: 200.09072149215768
Epoch: 158 - Loss: 200.07884501163812
Epoch: 159 - Loss: 200.06695308701134
Epoch: 160 - Loss: 200.0550456526444
Epoch: 161 - Loss: 200.04312256022425
Epoch: 162 - Loss: 200.03118371485925
Epoch: 163 - Loss: 200.01922941210955
Epoch: 164 - Loss: 200.00725888811505
Epoch: 165 - Loss: 199.99527248195344
Epoch: 166 - Loss: 199.98326978981643
Epoch: 167 - Loss: 199.9712510020274
Epoch: 168 - Loss: 199.95921581467817
Epoch: 169 - Loss: 199.9471642607058
Epoch: 170 - Loss: 199.93509621373116
Epoch: 171 - Loss: 199.92301178772655
Epoch: 172 - Loss: 199.9109103737898
Epoch: 173 - Loss: 199.89879227043394
Epoch: 174 - Loss: 199.88665722609838
Epoch: 175 - Loss: 199.87450516020098
Epoch: 176 - Loss: 199.86233595695654
Epoch: 177 - Loss: 199.85014961447558
Epoch: 178 - Loss: 199.83794599338228
Epoch: 179 - Loss: 199.82572505236908
Epoch: 180 - Loss: 199.81348648825656
Epoch: 181 - Loss: 199.8012303466946
Epoch: 182 - Loss: 199.78895650664052
Epoch: 183 - Loss: 199.7766647691789
Epoch: 184 - Loss: 199.76435518343496
Epoch: 185 - Loss: 199.75202663882004
Epoch: 186 - Loss: 199.73968097081485
Epoch: 187 - Loss: 199.7273168895928
Epoch: 188 - Loss: 199.71493460991695
Epoch: 189 - Loss: 199.70253389771588
Epoch: 190 - Loss: 199.6901146437262
Epoch: 191 - Loss: 199.67767673553558
Epoch: 192 - Loss: 199.6652200599714
Epoch: 193 - Loss: 199.6527445267455
Epoch: 194 - Loss: 199.64025002424995
Epoch: 195 - Loss: 199.6277364280487
Epoch: 196 - Loss: 199.61520409089437
Epoch: 197 - Loss: 199.60265233856344
Epoch: 198 - Loss: 199.59008085110386
Epoch: 199 - Loss: 199.5774898406552
Epoch: 200 - Loss: 199.56487918714876
Epoch: 201 - Loss: 199.5522487749474
Epoch: 202 - Loss: 199.53959848563343
Epoch: 203 - Loss: 199.5269282089039
Epoch: 204 - Loss: 199.5142378286958
Epoch: 205 - Loss: 199.50152708597986
Epoch: 206 - Loss: 199.48879616102604
Epoch: 207 - Loss: 199.47604476960097
Epoch: 208 - Loss: 199.46327287511124
Epoch: 209 - Loss: 199.45048026819964
Epoch: 210 - Loss: 199.4376668035801
Epoch: 211 - Loss: 199.42483259710903
Epoch: 212 - Loss: 199.41197716350703
Epoch: 213 - Loss: 199.39910056104085
Epoch: 214 - Loss: 199.38620264478715
Epoch: 215 - Loss: 199.37328301963439
Epoch: 216 - Loss: 199.3603422420517
Epoch: 217 - Loss: 199.34737882764253
Epoch: 218 - Loss: 199.33439437603283
Epoch: 219 - Loss: 199.32138801263142
Epoch: 220 - Loss: 199.30835970503867
Epoch: 221 - Loss: 199.29530895833724
Epoch: 222 - Loss: 199.2822362571444
Epoch: 223 - Loss: 199.26914096224368
Epoch: 224 - Loss: 199.2560231247554
Epoch: 225 - Loss: 199.24288251925447
Epoch: 226 - Loss: 199.22971934682403
Epoch: 227 - Loss: 199.21653325551634
Epoch: 228 - Loss: 199.20332392110438
Epoch: 229 - Loss: 199.19009147055587
Epoch: 230 - Loss: 199.17683561436942
Epoch: 231 - Loss: 199.16355641889683
Epoch: 232 - Loss: 199.150253540236
Epoch: 233 - Loss: 199.13692698958187
Epoch: 234 - Loss: 199.12357651189086
Epoch: 235 - Loss: 199.11020206861275
Epoch: 236 - Loss: 199.09680350053262
Epoch: 237 - Loss: 199.08338069306765
Epoch: 238 - Loss: 199.06993332439566
Epoch: 239 - Loss: 199.05646179879412
Epoch: 240 - Loss: 199.04296569954946
Epoch: 241 - Loss: 199.02944448577557
Epoch: 242 - Loss: 199.01589829300266
Epoch: 243 - Loss: 199.002326836184
Epoch: 244 - Loss: 198.9887302966394
Epoch: 245 - Loss: 198.97510851445202
Epoch: 246 - Loss: 198.96146139612947
Epoch: 247 - Loss: 198.94778836179836
Epoch: 248 - Loss: 198.93408961765272
Epoch: 249 - Loss: 198.92036489420266
Epoch: 250 - Loss: 198.90661401742102
Epoch: 251 - Loss: 198.8928369540261
Epoch: 252 - Loss: 198.8790329640914
Epoch: 253 - Loss: 198.86520303840473
Epoch: 254 - Loss: 198.85134651723718
Epoch: 255 - Loss: 198.8374631809665
Epoch: 256 - Loss: 198.82355287205897
Epoch: 257 - Loss: 198.80961546637664
Epoch: 258 - Loss: 198.79565131476855
Epoch: 259 - Loss: 198.78165927990182
Epoch: 260 - Loss: 198.76763970658735
Epoch: 261 - Loss: 198.75359245617466
Epoch: 262 - Loss: 198.7395173788223
Epoch: 263 - Loss: 198.72541424539028
Epoch: 264 - Loss: 198.71128314036312
Epoch: 265 - Loss: 198.6971235651638
Epoch: 266 - Loss: 198.68293570124737
Epoch: 267 - Loss: 198.66871906771453
Epoch: 268 - Loss: 198.65447385792876
Epoch: 269 - Loss: 198.64019975408914
Epoch: 270 - Loss: 198.62589661053045
Epoch: 271 - Loss: 198.61156422877048
Epoch: 272 - Loss: 198.59720262647207
Epoch: 273 - Loss: 198.58281136395624
Epoch: 274 - Loss: 198.56839037956786
Epoch: 275 - Loss: 198.55393952779238
Epoch: 276 - Loss: 198.53945865689454
Epoch: 277 - Loss: 198.52494774618066
Epoch: 278 - Loss: 198.51040637741494
Epoch: 279 - Loss: 198.49583449177996
Epoch: 280 - Loss: 198.48123193588756
Epoch: 281 - Loss: 198.4665988121717
Epoch: 282 - Loss: 198.4519343656341
Epoch: 283 - Loss: 198.43723899847245
Epoch: 284 - Loss: 198.4225122499508
Epoch: 285 - Loss: 198.4077539345686
Epoch: 286 - Loss: 198.39296402718426
Epoch: 287 - Loss: 198.3781422062131
Epoch: 288 - Loss: 198.363288383067
Epoch: 289 - Loss: 198.3484023711782
Epoch: 290 - Loss: 198.3334840262664
Epoch: 291 - Loss: 198.31853314729895
Epoch: 292 - Loss: 198.3035495521272
Epoch: 293 - Loss: 198.28853311359453
Epoch: 294 - Loss: 198.2734836709564
Epoch: 295 - Loss: 198.25840069547047
Epoch: 296 - Loss: 198.2432845056332
Epoch: 297 - Loss: 198.22813470702462
Epoch: 298 - Loss: 198.21295123769423
Epoch: 299 - Loss: 198.19773372836295
Epoch: 300 - Loss: 198.18248220994838
Epoch: 1 - Loss: 184.40457094363686
Epoch: 2 - Loss: 188.89164458251653
Epoch: 3 - Loss: 190.81223389515213
Epoch: 4 - Loss: 184.99228040662152
Epoch: 5 - Loss: 191.89307267881077
Epoch: 6 - Loss: 164.5349200114288
Epoch: 7 - Loss: 180.75280507566677
Epoch: 8 - Loss: 181.90855400323588
Epoch: 9 - Loss: 179.16090824186074
Epoch: 10 - Loss: 178.25910826096754
Epoch: 11 - Loss: 176.62588630228484
Epoch: 12 - Loss: 175.04627226679
Epoch: 13 - Loss: 173.2238024505015
Epoch: 14 - Loss: 172.22587284069456
Epoch: 15 - Loss: 171.20416459877717
Epoch: 16 - Loss: 171.3549843957605
Epoch: 17 - Loss: 157.91827514042984
Epoch: 18 - Loss: 141.76447642061657
Epoch: 19 - Loss: 142.4331161669629
Epoch: 20 - Loss: 143.92640495238288
Epoch: 21 - Loss: 144.14861516184152
Epoch: 22 - Loss: 142.5695620433582
Epoch: 23 - Loss: 139.70599997012
Epoch: 24 - Loss: 137.25213735474313
Epoch: 25 - Loss: 133.89915884352115
Epoch: 26 - Loss: 132.91473432318162
Epoch: 27 - Loss: 134.61659065984674
Epoch: 28 - Loss: 135.48597727780552
Epoch: 29 - Loss: 135.63516594210512
Epoch: 30 - Loss: 134.52143479740386
NON-FINITE LOSS: retcode=Unstable npoints=6 expected=6
NON-FINITE LOSS: retcode=Unstable npoints=5 expected=6
Epoch: 31 - Loss: 1.0e6
NON-FINITE LOSS: retcode=Unstable npoints=6 expected=6
NON-FINITE LOSS: retcode=Unstable npoints=4 expected=6
Epoch: 32 - Loss: 1.0e6
NON-FINITE LOSS: retcode=Unstable npoints=6 expected=6
NON-FINITE LOSS: retcode=Unstable npoints=4 expected=6
Epoch: 33 - Loss: 1.0e6
NON-FINITE LOSS: retcode=Unstable npoints=6 expected=6
NON-FINITE LOSS: retcode=Unstable npoints=4 expected=6
Epoch: 34 - Loss: 1.0e6
NON-FINITE LOSS: retcode=Unstable npoints=6 expected=6
NON-FINITE LOSS: retcode=Unstable npoints=4 expected=6
Epoch: 35 - Loss: 1.0e6
NON-FINITE LOSS: retcode=Unstable npoints=6 expected=6
NON-FINITE LOSS: retcode=Unstable npoints=3 expected=6
Epoch: 36 - Loss: 1.0e6
Epoch: 1 - Loss: 194.75572084947157
Epoch: 2 - Loss: 192.81971389680982
Epoch: 3 - Loss: 191.97034041896254
Epoch: 4 - Loss: 191.903443815862
Epoch: 5 - Loss: 190.97432971829392
Epoch: 6 - Loss: 190.37989907106524
Epoch: 7 - Loss: 190.11456517494057
Epoch: 8 - Loss: 189.87156775621366
Epoch: 9 - Loss: 189.5698183949655
Epoch: 10 - Loss: 189.21893949757458
Epoch: 11 - Loss: 188.8440907241224
Epoch: 12 - Loss: 188.48219278054472
Epoch: 13 - Loss: 188.18844611029874
Epoch: 14 - Loss: 188.00185131183989
Epoch: 15 - Loss: 187.86097981360453
Epoch: 16 - Loss: 187.652762626652
Epoch: 17 - Loss: 187.39058426809297
Epoch: 18 - Loss: 187.16370362726198
Epoch: 19 - Loss: 186.9986640933938
Epoch: 20 - Loss: 186.86422196124946
Epoch: 21 - Loss: 186.72841012351256
Epoch: 22 - Loss: 186.57754904976844
Epoch: 23 - Loss: 186.41220645817918
Epoch: 24 - Loss: 186.24265809515845
Epoch: 25 - Loss: 186.08562748096287
Epoch: 26 - Loss: 185.95494180232103
Epoch: 27 - Loss: 185.84464215356616
Epoch: 28 - Loss: 185.72837797852145
Epoch: 29 - Loss: 185.59199552345248
Epoch: 30 - Loss: 185.45138579767612
Epoch: 31 - Loss: 185.3259559420876
Epoch: 32 - Loss: 185.21662713849935
Epoch: 33 - Loss: 185.11305570815748
Epoch: 34 - Loss: 185.00716396032027
Epoch: 35 - Loss: 184.89858647240388
Epoch: 36 - Loss: 184.79425685826376
Epoch: 37 - Loss: 184.7046969574846
Epoch: 38 - Loss: 184.63611159188113
Epoch: 39 - Loss: 184.58047522255438
Epoch: 40 - Loss: 184.5103019676132
Epoch: 41 - Loss: 184.43139625185944
Epoch: 42 - Loss: 184.35336217061038
Epoch: 43 - Loss: 184.28024011981947
Epoch: 44 - Loss: 184.21022536855838
Epoch: 45 - Loss: 184.13930576358877
Epoch: 46 - Loss: 184.06580154357434
Epoch: 47 - Loss: 183.9915504837209
Epoch: 48 - Loss: 183.91186443683958
Epoch: 49 - Loss: 183.82757285780474
Epoch: 50 - Loss: 183.746743982288
Epoch: 51 - Loss: 183.66798685769663
Epoch: 52 - Loss: 183.59039068970011
Epoch: 53 - Loss: 183.51517706851016
Epoch: 54 - Loss: 183.4428048554314
Epoch: 55 - Loss: 183.37145685117716
Epoch: 56 - Loss: 183.29869415573265
Epoch: 57 - Loss: 183.22355260658222
Epoch: 58 - Loss: 183.14690576761538
Epoch: 59 - Loss: 183.0701199154273
Epoch: 60 - Loss: 182.9934090623522
Epoch: 61 - Loss: 182.91583105716933
Epoch: 62 - Loss: 182.83693738716602
Epoch: 63 - Loss: 182.7576981671067
Epoch: 64 - Loss: 182.67934847736396
Epoch: 65 - Loss: 182.60205118561433
Epoch: 66 - Loss: 182.52510512651273
Epoch: 67 - Loss: 182.4479368027971
Epoch: 68 - Loss: 182.3705170586787
Epoch: 69 - Loss: 182.29290917509022
Epoch: 70 - Loss: 182.2147100738186
Epoch: 71 - Loss: 182.1352233527688
Epoch: 72 - Loss: 182.05427253236056
Epoch: 73 - Loss: 181.9723837939528
Epoch: 74 - Loss: 181.89012314108683
Epoch: 75 - Loss: 181.80750729315184
Epoch: 76 - Loss: 181.72419353790912
Epoch: 77 - Loss: 181.63994686474757
Epoch: 78 - Loss: 181.55477917597221
Epoch: 79 - Loss: 181.4686396431244
Epoch: 80 - Loss: 181.38121703246443
Epoch: 81 - Loss: 181.29215707083958
Epoch: 82 - Loss: 181.20135005452622
Epoch: 83 - Loss: 181.1088820613315
Epoch: 84 - Loss: 181.01474002762293
Epoch: 85 - Loss: 180.91874407630183
Epoch: 86 - Loss: 180.82073404100112
Epoch: 87 - Loss: 180.72066898132587
Epoch: 88 - Loss: 180.6185005598307
Epoch: 89 - Loss: 180.5140278422508
Epoch: 90 - Loss: 180.40696858191956
Epoch: 91 - Loss: 180.297084213055
Epoch: 92 - Loss: 180.18422126587527
Epoch: 93 - Loss: 180.06822782077836
Epoch: 94 - Loss: 179.9488766406962
Epoch: 95 - Loss: 179.82596596929613
Epoch: 96 - Loss: 179.69932264281323
Epoch: 97 - Loss: 179.56880453410847
Epoch: 98 - Loss: 179.4341874599562
Epoch: 99 - Loss: 179.29517735143205
Epoch: 100 - Loss: 179.1515263234279
Epoch: 101 - Loss: 179.0029919758915
Epoch: 102 - Loss: 178.84931408706768
Epoch: 103 - Loss: 178.6901963453208
Epoch: 104 - Loss: 178.52533288458955
Epoch: 105 - Loss: 178.35445006632463
Epoch: 106 - Loss: 178.17722670770073
Epoch: 107 - Loss: 177.99329081285316
Epoch: 108 - Loss: 177.802209458456
Epoch: 109 - Loss: 177.60348090849592
Epoch: 110 - Loss: 177.3965136778232
Epoch: 111 - Loss: 177.18057589671625
Epoch: 112 - Loss: 176.95474216115912
Epoch: 113 - Loss: 176.71790482588818
Epoch: 114 - Loss: 176.4687550036863
Epoch: 115 - Loss: 176.20582954278024
Epoch: 116 - Loss: 175.927802614495
Epoch: 117 - Loss: 175.63444080511582
Epoch: 118 - Loss: 175.32947945176974
Epoch: 119 - Loss: 175.02973114378614
Epoch: 120 - Loss: 174.79700007728138
Epoch: 121 - Loss: 174.81976436732495
Epoch: 122 - Loss: 174.77412346748267
Epoch: 123 - Loss: 174.50939473348578
Epoch: 124 - Loss: 174.27089671390485
Epoch: 125 - Loss: 174.1134378231402
Epoch: 126 - Loss: 174.00520330375255
Epoch: 127 - Loss: 173.91487079086335
Epoch: 128 - Loss: 173.8260489109729
Epoch: 129 - Loss: 173.73188725008313
Epoch: 130 - Loss: 173.63009283043206
Epoch: 131 - Loss: 173.5203857883735
Epoch: 132 - Loss: 173.40352731845053
Epoch: 133 - Loss: 173.28103916861014
Epoch: 134 - Loss: 173.15541041575182
Epoch: 135 - Loss: 173.0304637209921
Epoch: 136 - Loss: 172.9116462621225
Epoch: 137 - Loss: 172.80531696268307
Epoch: 138 - Loss: 172.7151926670062
Epoch: 139 - Loss: 172.6352737663473
Epoch: 140 - Loss: 172.5475460076723
Epoch: 141 - Loss: 172.43826662465383
Epoch: 142 - Loss: 172.3137581042516
Epoch: 143 - Loss: 172.18846417593338
Epoch: 144 - Loss: 172.06859831405384
Epoch: 145 - Loss: 171.9511746130856
Epoch: 146 - Loss: 171.82994733430166
Epoch: 147 - Loss: 171.6994140327099
Epoch: 148 - Loss: 171.5560814931994
Epoch: 149 - Loss: 171.39849423691777
Epoch: 150 - Loss: 171.22713818625465
Epoch: 151 - Loss: 171.04433217267967
Epoch: 152 - Loss: 170.85423990308416
Epoch: 153 - Loss: 170.66268187013532
Epoch: 154 - Loss: 170.47690135480187
Epoch: 155 - Loss: 170.30639201366816
Epoch: 156 - Loss: 170.1656097186697
Epoch: 157 - Loss: 170.07197268563678
Epoch: 158 - Loss: 170.02284644577566
Epoch: 159 - Loss: 169.97015610612507
Epoch: 160 - Loss: 169.8630236836364
Epoch: 161 - Loss: 169.7008892872493
Epoch: 162 - Loss: 169.51680875031846
Epoch: 163 - Loss: 169.3411205666965
Epoch: 164 - Loss: 169.18635652390995
Epoch: 165 - Loss: 169.05090211461564
Epoch: 166 - Loss: 168.9272592932441
Epoch: 167 - Loss: 168.807200680832
Epoch: 168 - Loss: 168.68336086160915
Epoch: 169 - Loss: 168.54989379724088
Epoch: 170 - Loss: 168.40380277706126
Epoch: 171 - Loss: 168.24605670611248
Epoch: 172 - Loss: 168.08049422556036
Epoch: 173 - Loss: 167.91187844501187
Epoch: 174 - Loss: 167.7451200912063
Epoch: 175 - Loss: 167.58529083427808
Epoch: 176 - Loss: 167.4367111814186
Epoch: 177 - Loss: 167.3006998775155
Epoch: 178 - Loss: 167.17361666086992
Epoch: 179 - Loss: 167.0486190153706
Epoch: 180 - Loss: 166.9211785316624
Epoch: 181 - Loss: 166.79312165823248
Epoch: 182 - Loss: 166.67114113790913
Epoch: 183 - Loss: 166.56154549042088
Epoch: 184 - Loss: 166.46607639022943
Epoch: 185 - Loss: 166.38147065245596
Epoch: 186 - Loss: 166.30153381934514
Epoch: 187 - Loss: 166.21937620403065
Epoch: 188 - Loss: 166.12866093310407
Epoch: 189 - Loss: 166.0241117374095
Epoch: 190 - Loss: 165.902206038995
Epoch: 191 - Loss: 165.76233598293936
Epoch: 192 - Loss: 165.60641778868
Epoch: 193 - Loss: 165.43649295502934
Epoch: 194 - Loss: 165.2534252506832
Epoch: 195 - Loss: 165.05743041398438
Epoch: 196 - Loss: 164.84825942947143
Epoch: 197 - Loss: 164.6242565638361
Epoch: 198 - Loss: 164.3829047983859
Epoch: 199 - Loss: 164.12325313870966
Epoch: 200 - Loss: 163.84571660245237
Epoch: 201 - Loss: 163.54993295583387
Epoch: 202 - Loss: 163.23364677497958
Epoch: 203 - Loss: 162.89272938077562
Epoch: 204 - Loss: 162.52561214679417
Epoch: 205 - Loss: 162.13418670356194
Epoch: 206 - Loss: 161.71229678773744
Epoch: 207 - Loss: 161.2537802946331
Epoch: 208 - Loss: 160.76515500111134
Epoch: 209 - Loss: 160.2328531976403
Epoch: 210 - Loss: 159.6637832356078
Epoch: 211 - Loss: 159.04126079930788
Epoch: 212 - Loss: 158.3734862101387
Epoch: 213 - Loss: 157.65468656186118
Epoch: 214 - Loss: 156.88401779743987
Epoch: 215 - Loss: 156.07635661556625
Epoch: 216 - Loss: 155.0152304044286
Epoch: 217 - Loss: 153.88778179846244
Epoch: 218 - Loss: 152.57810217451348
Epoch: 219 - Loss: 150.7488624525239
Epoch: 220 - Loss: 147.42398840280146
Epoch: 221 - Loss: 150.03692648355656
Epoch: 222 - Loss: 144.4764544616867
Epoch: 223 - Loss: 121.22784934632017
Epoch: 224 - Loss: 92.26503738882256
Epoch: 225 - Loss: 92.32516077869528
Epoch: 226 - Loss: 92.37537132857183
Epoch: 227 - Loss: 92.6302152351596
Epoch: 228 - Loss: 92.77585510339011
Epoch: 229 - Loss: 92.18992988329867
Epoch: 230 - Loss: 90.40341465851641
Epoch: 231 - Loss: 88.41129527105511
Epoch: 232 - Loss: 90.46997840844149
Epoch: 233 - Loss: 89.2572318955982
Epoch: 234 - Loss: 88.30518209405868
Epoch: 235 - Loss: 88.97011594773727
Epoch: 236 - Loss: 89.35869589718732
Epoch: 237 - Loss: 89.24619007828255
Epoch: 238 - Loss: 88.63907898962698
Epoch: 239 - Loss: 87.65313811188736
Epoch: 240 - Loss: 86.9881560730078
Epoch: 241 - Loss: 87.36860890653885
Epoch: 242 - Loss: 86.91963105465494
Epoch: 243 - Loss: 86.03521030593389
Epoch: 244 - Loss: 85.70784633147836
Epoch: 245 - Loss: 85.4741148208094
Epoch: 246 - Loss: 85.04038591847916
Epoch: 247 - Loss: 84.31231300474118
Epoch: 248 - Loss: 83.28007297059773
Epoch: 249 - Loss: 82.05861058519255
Epoch: 250 - Loss: 80.96497044106484
Epoch: 251 - Loss: 79.96228956327
Epoch: 252 - Loss: 78.79225537958723
Epoch: 253 - Loss: 80.17428960995564
Epoch: 254 - Loss: 80.40956526261512
Epoch: 255 - Loss: 78.3951073902395
Epoch: 256 - Loss: 78.49075328775211
Epoch: 257 - Loss: 78.85871218710486
Epoch: 258 - Loss: 79.03049831599691
Epoch: 259 - Loss: 79.03490205673316
Epoch: 260 - Loss: 78.90916989775182
Epoch: 261 - Loss: 78.54653590838076
Epoch: 262 - Loss: 77.86731633154285
Epoch: 263 - Loss: 77.10935413412798
Epoch: 264 - Loss: 76.54209419858624
Epoch: 265 - Loss: 76.53686133706329
Epoch: 266 - Loss: 76.94059475101382
Epoch: 267 - Loss: 76.23178766356364
Epoch: 268 - Loss: 75.51257499411936
Epoch: 269 - Loss: 75.37426243494365
Epoch: 270 - Loss: 75.36306213854846
Epoch: 271 - Loss: 75.23289077297393
Epoch: 272 - Loss: 74.93837793686842
Epoch: 273 - Loss: 74.54060866170859
Epoch: 274 - Loss: 74.13627125903778
Epoch: 275 - Loss: 73.88132860402868
Epoch: 276 - Loss: 73.9610739608617
Epoch: 277 - Loss: 74.09897855610298
Epoch: 278 - Loss: 73.99103687205137
Epoch: 279 - Loss: 73.94785141209685
Epoch: 280 - Loss: 74.04647212439019
Epoch: 281 - Loss: 74.13215090481971
Epoch: 282 - Loss: 74.12193032318255
Epoch: 283 - Loss: 74.00411403706049
Epoch: 284 - Loss: 73.82257863856591
Epoch: 285 - Loss: 73.67194292812515
Epoch: 286 - Loss: 73.61833843016237
Epoch: 287 - Loss: 73.57795436987848
Epoch: 288 - Loss: 73.46768863939195
Epoch: 289 - Loss: 73.3794458840926
Epoch: 290 - Loss: 73.37237333520733
Epoch: 291 - Loss: 73.39888395115422
Epoch: 292 - Loss: 73.41624611178752
Epoch: 293 - Loss: 73.3952719502895
Epoch: 294 - Loss: 73.34946898639538
Epoch: 295 - Loss: 73.32036821942432
Epoch: 296 - Loss: 73.31310998297708
Epoch: 297 - Loss: 73.28338575918004
Epoch: 298 - Loss: 73.22125701220219
Epoch: 299 - Loss: 73.16337662324386
Epoch: 300 - Loss: 73.142103695331
Epoch: 1 - Loss: 171.9513207044974
Epoch: 2 - Loss: 180.7430184783696
Epoch: 3 - Loss: 182.63393481102176
Epoch: 4 - Loss: 183.3789822818736
Epoch: 5 - Loss: 183.89000654782058
Epoch: 6 - Loss: 184.28192893719398
Epoch: 7 - Loss: 184.5473459415788
Epoch: 8 - Loss: 184.69209563656088
Epoch: 9 - Loss: 184.7413762637469
Epoch: 10 - Loss: 184.72299129265537
Epoch: 11 - Loss: 184.57600717122637
Epoch: 12 - Loss: 184.31521448688846
Epoch: 13 - Loss: 183.9427985261529
Epoch: 14 - Loss: 183.50099685686692
Epoch: 15 - Loss: 183.02733676883778
Epoch: 16 - Loss: 182.52463289533324
Epoch: 17 - Loss: 181.98296186833525
Epoch: 18 - Loss: 181.39742565201144
Epoch: 19 - Loss: 180.76910202596807
Epoch: 20 - Loss: 180.1043613772139
Epoch: 21 - Loss: 179.41353325770538
Epoch: 22 - Loss: 178.7036366829996
Epoch: 23 - Loss: 177.9695408008516
Epoch: 24 - Loss: 177.20378045293592
Epoch: 25 - Loss: 176.3899023133431
Epoch: 26 - Loss: 175.47366957812446
Epoch: 27 - Loss: 174.37713448115073
Epoch: 28 - Loss: 173.07516558067437
Epoch: 29 - Loss: 166.89779094269431
Epoch: 30 - Loss: 157.43470963338163
Epoch: 31 - Loss: 130.90118787623692
Epoch: 32 - Loss: 128.48804212071718
Epoch: 33 - Loss: 124.4901972469544
Epoch: 34 - Loss: 119.58606506585608
Epoch: 35 - Loss: 120.75846167270221
Epoch: 36 - Loss: 122.16663948819141
Epoch: 37 - Loss: 120.21915301236403
Epoch: 38 - Loss: 117.88416866892673
Epoch: 39 - Loss: 118.56491959903441
Epoch: 40 - Loss: 112.06793353511893
Epoch: 41 - Loss: 109.32057700454148
Epoch: 42 - Loss: 104.98007825288573
Epoch: 43 - Loss: 99.33421135790984
Epoch: 44 - Loss: 91.40619052112203
Epoch: 45 - Loss: 88.64243876473306
Epoch: 46 - Loss: 88.743404022977
Epoch: 47 - Loss: 88.70641751119432
Epoch: 48 - Loss: 87.8605065537165
Epoch: 49 - Loss: 86.29225292112997
Epoch: 50 - Loss: 83.91018428082936
Epoch: 51 - Loss: 79.99176148891684
Epoch: 52 - Loss: 92.52119104046785
Epoch: 53 - Loss: 83.56032231034216
Epoch: 54 - Loss: 80.49388198499949
Epoch: 55 - Loss: 73.06738664827414
Epoch: 56 - Loss: 71.09539479404208
Epoch: 57 - Loss: 81.25153686599182
Epoch: 58 - Loss: 73.81131487432896
Epoch: 59 - Loss: 75.00837338276297
Epoch: 60 - Loss: 77.18951175629972
Epoch: 61 - Loss: 78.38789962869573
Epoch: 62 - Loss: 78.91758471839152
Epoch: 63 - Loss: 78.96249911877877
Epoch: 64 - Loss: 78.58496895473111
Epoch: 65 - Loss: 77.80433784075171
Epoch: 66 - Loss: 76.57569302186418
Epoch: 67 - Loss: 74.80514918032175
Epoch: 68 - Loss: 72.43863918866835
Epoch: 69 - Loss: 71.31960126082176
Epoch: 70 - Loss: 72.77005790889409
Epoch: 71 - Loss: 72.74594229243515
Epoch: 72 - Loss: 71.59799854579646
Epoch: 73 - Loss: 70.14745639829916
Epoch: 74 - Loss: 70.27145731043348
Epoch: 75 - Loss: 70.93490916547547
Epoch: 76 - Loss: 70.97235982694924
Epoch: 77 - Loss: 70.32906617204394
Epoch: 78 - Loss: 69.09084387188071
Epoch: 79 - Loss: 67.54720046427202
Epoch: 80 - Loss: 67.39548402439817
Epoch: 81 - Loss: 67.80015581072684
Epoch: 82 - Loss: 66.95569777766543
Epoch: 83 - Loss: 66.18271836645157
Epoch: 84 - Loss: 65.79152972419845
Epoch: 85 - Loss: 65.51926535290951
Epoch: 86 - Loss: 64.90334099062599
Epoch: 87 - Loss: 64.02506400657526
Epoch: 88 - Loss: 63.46171204986178
Epoch: 89 - Loss: 62.692488154661966
Epoch: 90 - Loss: 62.17163918857827
Epoch: 91 - Loss: 61.953165535817526
Epoch: 92 - Loss: 61.65963680351883
Epoch: 93 - Loss: 61.834032725450236
Epoch: 94 - Loss: 62.22940812075367
Epoch: 95 - Loss: 62.557843382121916
Epoch: 96 - Loss: 62.80514202996814
Epoch: 97 - Loss: 62.44540747095524
Epoch: 98 - Loss: 61.86325979227183
Epoch: 99 - Loss: 61.16535204207549
Epoch: 100 - Loss: 60.90787309812357
Epoch: 101 - Loss: 60.76989357042828
Epoch: 102 - Loss: 60.653795033338675
Epoch: 103 - Loss: 60.66722517644294
Epoch: 104 - Loss: 60.75396165019064
Epoch: 105 - Loss: 60.742753498043726
Epoch: 106 - Loss: 60.631179988933866
Epoch: 107 - Loss: 60.347856712688525
Epoch: 108 - Loss: 59.97606296636247
Epoch: 109 - Loss: 59.6412027784737
Epoch: 110 - Loss: 59.29151590392645
Epoch: 111 - Loss: 58.882728977420896
Epoch: 112 - Loss: 58.62047434442774
Epoch: 113 - Loss: 58.50987636552071
Epoch: 114 - Loss: 58.23154078417907
Epoch: 115 - Loss: 57.70601314263539
Epoch: 116 - Loss: 56.60015097848294
Epoch: 117 - Loss: 54.35827886239053
Epoch: 118 - Loss: 52.288517510416916
Epoch: 119 - Loss: 50.77760636176925
Epoch: 120 - Loss: 50.52673119282052
Epoch: 121 - Loss: 51.21760409536628
Epoch: 122 - Loss: 51.44961225359835
Epoch: 123 - Loss: 51.52962210173968
Epoch: 124 - Loss: 51.528099988416216
Epoch: 125 - Loss: 51.60730316912839
Epoch: 126 - Loss: 51.822248861014415
Epoch: 127 - Loss: 51.79627929121284
Epoch: 128 - Loss: 51.33680197071806
Epoch: 129 - Loss: 50.778814938301934
Epoch: 130 - Loss: 50.27555192474587
Epoch: 131 - Loss: 49.948721043841054
Epoch: 132 - Loss: 50.23943530335319
Epoch: 133 - Loss: 50.286690129830525
Epoch: 134 - Loss: 49.6301623804028
Epoch: 135 - Loss: 49.73882770727985
Epoch: 136 - Loss: 49.999913693862176
Epoch: 137 - Loss: 50.040027091075686
Epoch: 138 - Loss: 49.87037435915933
Epoch: 139 - Loss: 49.602075389419646
Epoch: 140 - Loss: 49.42893151018153
Epoch: 141 - Loss: 49.38028863928051
Epoch: 142 - Loss: 49.317335884499414
Epoch: 143 - Loss: 49.23826895045369
Epoch: 144 - Loss: 49.09880445408993
Epoch: 145 - Loss: 49.016523885209054
Epoch: 146 - Loss: 49.099401686995826
Epoch: 147 - Loss: 49.079804347006096
Epoch: 148 - Loss: 48.89301311762628
Epoch: 149 - Loss: 48.79596879909895
Epoch: 150 - Loss: 48.74823913686881
Epoch: 151 - Loss: 48.658688814075376
Epoch: 152 - Loss: 48.57357815556857
Epoch: 153 - Loss: 48.48874286376726
Epoch: 154 - Loss: 48.42482430590798
Epoch: 155 - Loss: 48.41207749315254
Epoch: 156 - Loss: 48.36671074677995
Epoch: 157 - Loss: 48.25645251057043
Epoch: 158 - Loss: 48.168596631702314
Epoch: 159 - Loss: 48.127125838223556
Epoch: 160 - Loss: 48.03097093855895
Epoch: 161 - Loss: 47.95988304007987
Epoch: 162 - Loss: 47.901205659755604
Epoch: 163 - Loss: 47.839865303818335
Epoch: 164 - Loss: 47.79554001753477
Epoch: 165 - Loss: 47.72080152725966
Epoch: 166 - Loss: 47.63884700768955
Epoch: 167 - Loss: 47.583186648009054
Epoch: 168 - Loss: 47.50904684811502
Epoch: 169 - Loss: 47.43518625558927
Epoch: 170 - Loss: 47.37046185637977
Epoch: 171 - Loss: 47.31212564336087
Epoch: 172 - Loss: 47.257035622565354
Epoch: 173 - Loss: 47.182223103432406
Epoch: 174 - Loss: 47.12065112233706
Epoch: 175 - Loss: 47.05137639756285
Epoch: 176 - Loss: 46.98870302881907
Epoch: 177 - Loss: 46.91646488439604
Epoch: 178 - Loss: 46.85893226832793
Epoch: 179 - Loss: 46.79651731509079
Epoch: 180 - Loss: 46.73756454337202
Epoch: 181 - Loss: 46.66916714776567
Epoch: 182 - Loss: 46.610770065904426
Epoch: 183 - Loss: 46.54757689220546
Epoch: 184 - Loss: 46.48329764310706
Epoch: 185 - Loss: 46.42918544144045
Epoch: 186 - Loss: 46.37424208961214
Epoch: 187 - Loss: 46.31036779551254
Epoch: 188 - Loss: 46.249027258429365
Epoch: 189 - Loss: 46.19546476696184
Epoch: 190 - Loss: 46.148801816591465
Epoch: 191 - Loss: 46.12909007597363
Epoch: 192 - Loss: 46.13317416921728
Epoch: 193 - Loss: 46.555661949512846
Epoch: 194 - Loss: 45.942230648423404
Epoch: 195 - Loss: 47.22339010850481
Epoch: 196 - Loss: 51.649382258991274
Epoch: 197 - Loss: 54.771346614874105
Epoch: 198 - Loss: 55.69999625729503
Epoch: 199 - Loss: 55.55249752514014
Epoch: 200 - Loss: 54.79234187206712
Epoch: 201 - Loss: 54.41745500461189
Epoch: 202 - Loss: 55.19793293604267
Epoch: 203 - Loss: 54.27620602187447
Epoch: 204 - Loss: 53.037650800267194
Epoch: 205 - Loss: 49.98702143976289
Epoch: 206 - Loss: 49.0367194399272
Epoch: 207 - Loss: 49.45699004974392
Epoch: 208 - Loss: 50.41437094191859
Epoch: 209 - Loss: 51.118926250498944
Epoch: 210 - Loss: 50.564032721461444
Epoch: 211 - Loss: 48.529976085886325
Epoch: 212 - Loss: 47.223800176641596
Epoch: 213 - Loss: 46.84514654254596
Epoch: 214 - Loss: 46.74351309302999
Epoch: 215 - Loss: 46.5272324920814
Epoch: 216 - Loss: 46.011804376669375
Epoch: 217 - Loss: 44.805341479629725
Epoch: 218 - Loss: 41.949407009549624
Epoch: 219 - Loss: 40.225294583127834
Epoch: 220 - Loss: 50.06415119715222
Epoch: 221 - Loss: 50.72712003241734
Epoch: 222 - Loss: 43.53176715616019
Epoch: 223 - Loss: 45.33923231498233
Epoch: 224 - Loss: 49.03184330082778
Epoch: 225 - Loss: 49.97515662561682
Epoch: 226 - Loss: 49.244143456228805
Epoch: 227 - Loss: 48.629194992200304
Epoch: 228 - Loss: 49.32921320772882
Epoch: 229 - Loss: 48.36662369427451
Epoch: 230 - Loss: 48.50243406421373
Epoch: 231 - Loss: 49.34432195658966
Epoch: 232 - Loss: 49.90527749670999
Epoch: 233 - Loss: 50.039763930861426
Epoch: 234 - Loss: 49.74576201945874
Epoch: 235 - Loss: 49.37633659984936
Epoch: 236 - Loss: 49.517231998909644
Epoch: 237 - Loss: 49.04810184211196
Epoch: 238 - Loss: 48.37143951332597
Epoch: 239 - Loss: 48.2335831195598
Epoch: 240 - Loss: 48.11782101405109
Epoch: 241 - Loss: 47.85012086196836
Epoch: 242 - Loss: 47.51626781654489
Epoch: 243 - Loss: 47.43618738333713
Epoch: 244 - Loss: 47.419380767154834
Epoch: 245 - Loss: 47.02596847680576
Epoch: 246 - Loss: 46.64667119138384
Epoch: 247 - Loss: 46.38551976404102
Epoch: 248 - Loss: 46.00864081363357
Epoch: 249 - Loss: 45.50871911207475
Epoch: 250 - Loss: 45.095578908407134
Epoch: 251 - Loss: 44.70193656810838
Epoch: 252 - Loss: 43.72819813318266
Epoch: 253 - Loss: 42.346894342249264
Epoch: 254 - Loss: 46.9895349114107
Epoch: 255 - Loss: 60.75407020063249
Epoch: 256 - Loss: 84.65401702639792
Epoch: 257 - Loss: 90.23758310850586
Epoch: 258 - Loss: 97.55101507597716
Epoch: 259 - Loss: 102.81202691190673
Epoch: 260 - Loss: 97.90797824607301
Epoch: 261 - Loss: 87.27759766991281
Epoch: 262 - Loss: 54.19087141543066
Epoch: 263 - Loss: 51.42802693495746
Epoch: 264 - Loss: 49.19036863297821
Epoch: 265 - Loss: 48.85641653276452
Epoch: 266 - Loss: 47.41219601350634
Epoch: 267 - Loss: 47.29590131365721
Epoch: 268 - Loss: 46.58647801071468
Epoch: 269 - Loss: 46.528204917474135
Epoch: 270 - Loss: 45.84032047017017
Epoch: 271 - Loss: 45.82413437614655
Epoch: 272 - Loss: 45.49152117011518
Epoch: 273 - Loss: 45.71458597784423
Epoch: 274 - Loss: 45.52611653181084
Epoch: 275 - Loss: 45.799206539437414
Epoch: 276 - Loss: 45.89613220257591
Epoch: 277 - Loss: 45.95097657007659
Epoch: 278 - Loss: 46.05305281822954
Epoch: 279 - Loss: 45.808735488770836
Epoch: 280 - Loss: 45.73722188361346
Epoch: 281 - Loss: 45.513946840059916
Epoch: 282 - Loss: 45.50400048218373
Epoch: 283 - Loss: 45.39983301998886
Epoch: 284 - Loss: 45.40582365551556
Epoch: 285 - Loss: 45.40577444808644
Epoch: 286 - Loss: 45.40656865976701
Epoch: 287 - Loss: 45.448663599661984
Epoch: 288 - Loss: 45.4278293559591
Epoch: 289 - Loss: 45.46194949124721
Epoch: 290 - Loss: 45.40685223357596
Epoch: 291 - Loss: 45.41658310530759
Epoch: 292 - Loss: 45.35431782422729
Epoch: 293 - Loss: 45.34428533715965
Epoch: 294 - Loss: 45.28336543334592
Epoch: 295 - Loss: 45.25343177850925
Epoch: 296 - Loss: 45.20945804407037
Epoch: 297 - Loss: 45.17760550995415
Epoch: 298 - Loss: 45.156616393235524
Epoch: 299 - Loss: 45.129304042328314
Epoch: 300 - Loss: 45.12307448809299
Epoch: 1 - Loss: 193.7789925083514
Epoch: 2 - Loss: 193.67966848324664
Epoch: 3 - Loss: 193.57966627491314
Epoch: 4 - Loss: 193.47896721468507
Epoch: 5 - Loss: 193.37754710834116
Epoch: 6 - Loss: 193.2753836058385
Epoch: 7 - Loss: 193.17245606776848
Epoch: 8 - Loss: 193.06874325271093
Epoch: 9 - Loss: 192.9620414044883
Epoch: 10 - Loss: 192.85220454670346
Epoch: 11 - Loss: 192.7413652241842
Epoch: 12 - Loss: 192.62953281326742
Epoch: 13 - Loss: 192.51670915168268
Epoch: 14 - Loss: 192.40288977311917
Epoch: 15 - Loss: 192.288065086496
Epoch: 16 - Loss: 192.17222100781598
Epoch: 17 - Loss: 192.05534363753554
Epoch: 18 - Loss: 191.93741463005418
Epoch: 19 - Loss: 191.8184114212436
Epoch: 20 - Loss: 191.69831434674356
Epoch: 21 - Loss: 191.57709918722188
Epoch: 22 - Loss: 191.45474071025944
Epoch: 23 - Loss: 191.33121409242898
Epoch: 24 - Loss: 191.2064891290629
Epoch: 25 - Loss: 191.08053843740728
Epoch: 26 - Loss: 190.95333217390518
Epoch: 27 - Loss: 190.8248394043263
Epoch: 28 - Loss: 190.6950275028739
Epoch: 29 - Loss: 190.56386270666135
Epoch: 30 - Loss: 190.43130991634732
Epoch: 31 - Loss: 190.2973331257842
Epoch: 32 - Loss: 190.16189337469046
Epoch: 33 - Loss: 190.02495129232614
Epoch: 34 - Loss: 189.88646480375522
Epoch: 35 - Loss: 189.7463904420441
Epoch: 36 - Loss: 189.60468296885006
Epoch: 37 - Loss: 189.46129518324636
Epoch: 38 - Loss: 189.31617757293867
Epoch: 39 - Loss: 189.16927828961897
Epoch: 40 - Loss: 189.02054278235818
Epoch: 41 - Loss: 188.8699151051241
Epoch: 42 - Loss: 188.71733377656795
Epoch: 43 - Loss: 188.56273560894874
Epoch: 44 - Loss: 188.40605428610374
Epoch: 45 - Loss: 188.24721653357503
Epoch: 46 - Loss: 188.0861457232291
Epoch: 47 - Loss: 187.92275752056716
Epoch: 48 - Loss: 187.75695980502064
Epoch: 49 - Loss: 187.5886525974872
Epoch: 50 - Loss: 187.41772114331349
Epoch: 51 - Loss: 187.24403998471644
Epoch: 52 - Loss: 187.06746479971218
Epoch: 53 - Loss: 186.88782793593214
Epoch: 54 - Loss: 186.7049353915868
Epoch: 55 - Loss: 186.5185572159911
Epoch: 56 - Loss: 186.3284192006305
Epoch: 57 - Loss: 186.13419467875406
Epoch: 58 - Loss: 185.93548033613655
Epoch: 59 - Loss: 185.73178105582986
Epoch: 60 - Loss: 185.52248758812297
Epoch: 61 - Loss: 185.30682489457587
Epoch: 62 - Loss: 185.08382287686317
Epoch: 63 - Loss: 184.85222973303993
Epoch: 64 - Loss: 184.610438473015
Epoch: 65 - Loss: 184.35634536155936
Epoch: 66 - Loss: 184.08718499231438
Epoch: 67 - Loss: 183.79926911223183
Epoch: 68 - Loss: 183.48763833098653
Epoch: 69 - Loss: 183.14553963019122
Epoch: 70 - Loss: 182.7636912573624
Epoch: 71 - Loss: 182.29279118482503
Epoch: 72 - Loss: 181.64819341696918
Epoch: 73 - Loss: 180.89000707067854
Epoch: 74 - Loss: 179.9809280593514
Epoch: 75 - Loss: 178.87053389703522
Epoch: 76 - Loss: 177.49504897900067
Epoch: 77 - Loss: 175.65077992048185
Epoch: 78 - Loss: 173.1646880290967
Epoch: 79 - Loss: 170.45238135332963
Epoch: 80 - Loss: 185.10212619745417
Epoch: 81 - Loss: 179.35624234818414
Epoch: 82 - Loss: 172.00698164240282
Epoch: 83 - Loss: 171.453459548672
Epoch: 84 - Loss: 172.94478441838677
Epoch: 85 - Loss: 174.05796666833257
Epoch: 86 - Loss: 174.90555930346028
Epoch: 87 - Loss: 175.55407440488713
Epoch: 88 - Loss: 176.04382385735406
Epoch: 89 - Loss: 176.36473770977017
Epoch: 90 - Loss: 176.5699521704238
Epoch: 91 - Loss: 176.70719079183306
Epoch: 92 - Loss: 176.78659758488854
Epoch: 93 - Loss: 176.81578709867725
Epoch: 94 - Loss: 176.80046331243267
Epoch: 95 - Loss: 176.7448555883989
Epoch: 96 - Loss: 176.65202752753322
Epoch: 97 - Loss: 176.5240977504007
Epoch: 98 - Loss: 176.3623948201455
Epoch: 99 - Loss: 176.16755891495666
Epoch: 100 - Loss: 175.90791939835992
Epoch: 101 - Loss: 175.57680646403338
Epoch: 102 - Loss: 175.19457709218213
Epoch: 103 - Loss: 174.7610268702787
Epoch: 104 - Loss: 174.2746010359484
Epoch: 105 - Loss: 173.7319785602616
Epoch: 106 - Loss: 173.12733923127465
Epoch: 107 - Loss: 172.45143101128411
Epoch: 108 - Loss: 171.69220800684943
Epoch: 109 - Loss: 170.8514137224655
Epoch: 110 - Loss: 170.10573419955617
Epoch: 111 - Loss: 172.55917007390943
Epoch: 112 - Loss: 170.34879302008827
Epoch: 113 - Loss: 170.1579278198834
Epoch: 114 - Loss: 170.565656415469
Epoch: 115 - Loss: 170.89434684858952
Epoch: 116 - Loss: 171.09207195628537
Epoch: 117 - Loss: 171.1652380599016
Epoch: 118 - Loss: 171.12611200910305
Epoch: 119 - Loss: 170.98552890873256
Epoch: 120 - Loss: 170.75397378774133
Epoch: 121 - Loss: 170.44825073475874
Epoch: 122 - Loss: 170.11350644777656
Epoch: 123 - Loss: 169.89385113399342
Epoch: 124 - Loss: 170.45680860885915
Epoch: 125 - Loss: 170.26742735108186
Epoch: 126 - Loss: 169.86095014407223
Epoch: 127 - Loss: 169.99402644903654
Epoch: 128 - Loss: 170.1429475553383
Epoch: 129 - Loss: 170.21868215149362
Epoch: 130 - Loss: 170.20565387794215
Epoch: 131 - Loss: 170.11235213810778
Epoch: 132 - Loss: 169.9639525828435
Epoch: 133 - Loss: 169.8141175192775
Epoch: 134 - Loss: 169.7636343796554
Epoch: 135 - Loss: 170.0682910544041
Epoch: 136 - Loss: 169.82681140381476
Epoch: 137 - Loss: 169.73306642733604
Epoch: 138 - Loss: 169.8152076743558
Epoch: 139 - Loss: 169.8892561410652
Epoch: 140 - Loss: 169.90555268753613
Epoch: 141 - Loss: 169.85847045385722
Epoch: 142 - Loss: 169.7664856923058
Epoch: 143 - Loss: 169.67192428210174
Epoch: 144 - Loss: 169.64014194112522
Epoch: 145 - Loss: 169.79009271839155
Epoch: 146 - Loss: 169.6486789411334
Epoch: 147 - Loss: 169.60690370000898
Epoch: 148 - Loss: 169.65399919636684
Epoch: 149 - Loss: 169.69436662345848
Epoch: 150 - Loss: 169.69206984942886
Epoch: 151 - Loss: 169.64576730347898
Epoch: 152 - Loss: 169.5774447380454
Epoch: 153 - Loss: 169.52782735694842
Epoch: 154 - Loss: 169.5350813144269
Epoch: 155 - Loss: 169.64509003444402
Epoch: 156 - Loss: 169.49675673257116
Epoch: 157 - Loss: 169.4865298814081
Epoch: 158 - Loss: 169.50814566529237
Epoch: 159 - Loss: 169.51872595895173
Epoch: 160 - Loss: 169.5012795779075
Epoch: 161 - Loss: 169.46186693904232
Epoch: 162 - Loss: 169.42268946246853
Epoch: 163 - Loss: 169.40907798551407
Epoch: 164 - Loss: 169.42826278912926
Epoch: 165 - Loss: 169.38766680914867
Epoch: 166 - Loss: 169.36973350847
Epoch: 167 - Loss: 169.3670545380589
Epoch: 168 - Loss: 169.36431904591794
Epoch: 169 - Loss: 169.35165166233654
Epoch: 170 - Loss: 169.33036291454812
Epoch: 171 - Loss: 169.30970865442072
Epoch: 172 - Loss: 169.29822390921225
Epoch: 173 - Loss: 169.29351899289784
Epoch: 174 - Loss: 169.28393642145028
Epoch: 175 - Loss: 169.2659227768012
Epoch: 176 - Loss: 169.2483460350668
Epoch: 177 - Loss: 169.23707168050512
Epoch: 178 - Loss: 169.2289039606745
Epoch: 179 - Loss: 169.21837133518653
Epoch: 180 - Loss: 169.2038202375461
Epoch: 181 - Loss: 169.18807980682837
Epoch: 182 - Loss: 169.17501429049838
Epoch: 183 - Loss: 169.16503333833677
Epoch: 184 - Loss: 169.15452610819122
Epoch: 185 - Loss: 169.14101186908772
Epoch: 186 - Loss: 169.12649886751026
Epoch: 187 - Loss: 169.1138313887905
Epoch: 188 - Loss: 169.10287141845583
Epoch: 189 - Loss: 169.0915527694602
Epoch: 190 - Loss: 169.07869979411723
Epoch: 191 - Loss: 169.0650872739512
Epoch: 192 - Loss: 169.05225733505117
Epoch: 193 - Loss: 169.04060716304008
Epoch: 194 - Loss: 169.02896599729533
Epoch: 195 - Loss: 169.01630201513854
Epoch: 196 - Loss: 169.003105207136
Epoch: 197 - Loss: 168.99044255496372
Epoch: 198 - Loss: 168.97845378160338
Epoch: 199 - Loss: 168.9664142311381
Epoch: 200 - Loss: 168.95380199486473
Epoch: 201 - Loss: 168.9408619082995
Epoch: 202 - Loss: 168.92817977807564
Epoch: 203 - Loss: 168.91591151892354
Epoch: 204 - Loss: 168.9036327703774
Epoch: 205 - Loss: 168.89097515075895
Epoch: 206 - Loss: 168.87811084232962
Epoch: 207 - Loss: 168.86542154423876
Epoch: 208 - Loss: 168.85295725084976
Epoch: 209 - Loss: 168.8404468207659
Epoch: 210 - Loss: 168.82770314430752
Epoch: 211 - Loss: 168.81483549768149
Epoch: 212 - Loss: 168.80205991829092
Epoch: 213 - Loss: 168.7894055444291
Epoch: 214 - Loss: 168.77670239294682
Epoch: 215 - Loss: 168.763837181776
Epoch: 216 - Loss: 168.75089466762927
Epoch: 217 - Loss: 168.7380061187977
Epoch: 218 - Loss: 168.7251659715568
Epoch: 219 - Loss: 168.71226631877576
Epoch: 220 - Loss: 168.6992548277959
Epoch: 221 - Loss: 168.6861898993647
Epoch: 222 - Loss: 168.67314422471287
Epoch: 223 - Loss: 168.660105406101
Epoch: 224 - Loss: 168.6470047828159
Epoch: 225 - Loss: 168.63381804658013
Epoch: 226 - Loss: 168.62058881205337
Epoch: 227 - Loss: 168.60735551733475
Epoch: 228 - Loss: 168.59409955624565
Epoch: 229 - Loss: 168.58077968674675
Epoch: 230 - Loss: 168.56738928701265
Epoch: 231 - Loss: 168.55395711004175
Epoch: 232 - Loss: 168.54050101801917
Epoch: 233 - Loss: 168.52700403798246
Epoch: 234 - Loss: 168.51344167889758
Epoch: 235 - Loss: 168.49981501262633
Epoch: 236 - Loss: 168.48614272677753
Epoch: 237 - Loss: 168.47243042224449
Epoch: 238 - Loss: 168.45866363852218
Epoch: 239 - Loss: 168.44482937859902
Epoch: 240 - Loss: 168.43093152794512
Epoch: 241 - Loss: 168.4169805289369
Epoch: 242 - Loss: 168.4029759925388
Epoch: 243 - Loss: 168.38890692128908
Epoch: 244 - Loss: 168.37476696255513
Epoch: 245 - Loss: 168.36056014017447
Epoch: 246 - Loss: 168.34629132334032
Epoch: 247 - Loss: 168.33195709315197
Epoch: 248 - Loss: 168.31755003094906
Epoch: 249 - Loss: 168.3030674476894
Epoch: 250 - Loss: 168.2885122332895
Epoch: 251 - Loss: 168.27388559753132
Epoch: 252 - Loss: 168.25918356388047
Epoch: 253 - Loss: 168.2444014198892
Epoch: 254 - Loss: 168.22953834474967
Epoch: 255 - Loss: 168.2145958673597
Epoch: 256 - Loss: 168.19957326289273
Epoch: 257 - Loss: 168.18446709965303
Epoch: 258 - Loss: 168.16927476990233
Epoch: 259 - Loss: 168.15399636325563
Epoch: 260 - Loss: 168.13863247747634
Epoch: 261 - Loss: 168.12318192719323
Epoch: 262 - Loss: 168.10764254230116
Epoch: 263 - Loss: 168.09201351917142
Epoch: 264 - Loss: 168.07629564179013
Epoch: 265 - Loss: 168.06048950673758
Epoch: 266 - Loss: 168.04459468641565
Epoch: 267 - Loss: 168.02861100975431
Epoch: 268 - Loss: 168.01253965877004
Epoch: 269 - Loss: 167.99638273123404
Epoch: 270 - Loss: 167.98014219197088
Epoch: 271 - Loss: 167.96381994970045
Epoch: 272 - Loss: 167.94741884769508
Epoch: 273 - Loss: 167.93094307569396
Epoch: 274 - Loss: 167.914397634814
Epoch: 275 - Loss: 167.8977879530073
Epoch: 276 - Loss: 167.88112034530133
Epoch: 277 - Loss: 167.86440266808063
Epoch: 278 - Loss: 167.84764436805062
Epoch: 279 - Loss: 167.83085617605838
Epoch: 280 - Loss: 167.81405018863492
Epoch: 281 - Loss: 167.7972403963355
Epoch: 282 - Loss: 167.78044306156627
Epoch: 283 - Loss: 167.76367669049262
Epoch: 284 - Loss: 167.74696200051292
Epoch: 285 - Loss: 167.73032221589347
Epoch: 286 - Loss: 167.71378346450422
Epoch: 287 - Loss: 167.69737490943382
Epoch: 288 - Loss: 167.68112865684685
Epoch: 289 - Loss: 167.66507972583588
Epoch: 290 - Loss: 167.6492660960591
Epoch: 291 - Loss: 167.63372855719228
Epoch: 292 - Loss: 167.61851019074822
Epoch: 293 - Loss: 167.60365558049105
Epoch: 294 - Loss: 167.58920983392704
Epoch: 295 - Loss: 167.57521726176532
Epoch: 296 - Loss: 167.56171950710663
Epoch: 297 - Loss: 167.54875311068727
Epoch: 298 - Loss: 167.53634666416858
Epoch: 299 - Loss: 167.52451755523856
Epoch: 300 - Loss: 167.51326868300492
Epoch: 1 - Loss: 198.1777892706561
Epoch: 2 - Loss: 198.05991831506148
Epoch: 3 - Loss: 197.94125295796707
Epoch: 4 - Loss: 197.82176693321387
Epoch: 5 - Loss: 197.70142601123536
Epoch: 6 - Loss: 197.58019689382803
Epoch: 7 - Loss: 197.45804204305716
Epoch: 8 - Loss: 197.33492277379088
Epoch: 9 - Loss: 197.2107985951532
Epoch: 10 - Loss: 197.08562492849813
Epoch: 11 - Loss: 196.95936044683617
Epoch: 12 - Loss: 196.83195305284437
Epoch: 13 - Loss: 196.70335556734338
Epoch: 14 - Loss: 196.57351473477166
Epoch: 15 - Loss: 196.4423764807544
Epoch: 16 - Loss: 196.30988231973748
Epoch: 17 - Loss: 196.17597273440285
Epoch: 18 - Loss: 196.040583732897
Epoch: 19 - Loss: 195.9036490119805
Epoch: 20 - Loss: 195.76509894982837
Epoch: 21 - Loss: 195.62485945866518
Epoch: 22 - Loss: 195.48285485711668
Epoch: 23 - Loss: 195.3390043464396
Epoch: 24 - Loss: 195.19322492371768
Epoch: 25 - Loss: 195.04542745590925
Epoch: 26 - Loss: 194.89552149333616
Epoch: 27 - Loss: 194.74341258649787
Epoch: 28 - Loss: 194.58900358782867
Epoch: 29 - Loss: 194.43219198601992
Epoch: 30 - Loss: 194.2728751355066
Epoch: 31 - Loss: 194.11094850511986
Epoch: 32 - Loss: 193.94630288232764
Epoch: 33 - Loss: 193.7728125517182
Epoch: 34 - Loss: 193.5933268320935
Epoch: 35 - Loss: 193.40817700640306
Epoch: 36 - Loss: 193.2192143443095
Epoch: 37 - Loss: 193.02642496381728
Epoch: 38 - Loss: 192.82977454865335
Epoch: 39 - Loss: 192.629217360564
Epoch: 40 - Loss: 192.42469992209038
Epoch: 41 - Loss: 192.21613449192083
Epoch: 42 - Loss: 192.00346012288756
Epoch: 43 - Loss: 191.78658678048927
Epoch: 44 - Loss: 191.56542275038103
Epoch: 45 - Loss: 191.33987164095814
Epoch: 46 - Loss: 191.10983326096076
Epoch: 47 - Loss: 190.87520848084614
Epoch: 48 - Loss: 190.63587388039505
Epoch: 49 - Loss: 190.39174055647808
Epoch: 50 - Loss: 190.14268966483476
Epoch: 51 - Loss: 189.88861097917064
Epoch: 52 - Loss: 189.6293924095209
Epoch: 53 - Loss: 189.36492788281205
Epoch: 54 - Loss: 189.0950907932401
Epoch: 55 - Loss: 188.81976953304374
Epoch: 56 - Loss: 188.53884173570995
Epoch: 57 - Loss: 188.2521767507022
Epoch: 58 - Loss: 187.95962982662718
Epoch: 59 - Loss: 187.6610329477952
Epoch: 60 - Loss: 187.35618093405728
Epoch: 61 - Loss: 187.04481107281637
Epoch: 62 - Loss: 186.72657007206791
Epoch: 63 - Loss: 186.40096475659377
Epoch: 64 - Loss: 186.06729149108776
Epoch: 65 - Loss: 185.7245246414901
Epoch: 66 - Loss: 185.3711477167508
Epoch: 67 - Loss: 185.00490498863772
Epoch: 68 - Loss: 184.62240063787522
Epoch: 69 - Loss: 184.21848539741669
Epoch: 70 - Loss: 183.78528042188458
Epoch: 71 - Loss: 183.3106061233372
Epoch: 72 - Loss: 182.7754141913789
Epoch: 73 - Loss: 182.01698345067788
Epoch: 74 - Loss: 181.04605219731943
Epoch: 75 - Loss: 179.8385916311118
Epoch: 76 - Loss: 178.28118880744208
Epoch: 77 - Loss: 176.21397413222186
Epoch: 78 - Loss: 173.1366760810237
Epoch: 79 - Loss: 171.89402445589215
Epoch: 80 - Loss: 170.53667064443735
Epoch: 81 - Loss: 171.19210314318792
Epoch: 82 - Loss: 171.58316978213293
Epoch: 83 - Loss: 171.69741626158174
Epoch: 84 - Loss: 171.5697953026228
Epoch: 85 - Loss: 171.2247857685346
Epoch: 86 - Loss: 170.69112128010175
Epoch: 87 - Loss: 170.12123345592443
Epoch: 88 - Loss: 171.26155044181795
Epoch: 89 - Loss: 170.01194286452497
Epoch: 90 - Loss: 170.30056547853462
Epoch: 91 - Loss: 170.53542009446213
Epoch: 92 - Loss: 170.58991995430665
Epoch: 93 - Loss: 170.4673335326403
Epoch: 94 - Loss: 170.19972004327585
Epoch: 95 - Loss: 169.880034637597
Epoch: 96 - Loss: 169.83253069854558
Epoch: 97 - Loss: 170.0206677951069
Epoch: 98 - Loss: 169.72266588904728
Epoch: 99 - Loss: 169.86598645265386
Epoch: 100 - Loss: 169.95676959904426
Epoch: 101 - Loss: 169.9182018386494
Epoch: 102 - Loss: 169.76520824875814
Epoch: 103 - Loss: 169.5779674138869
Epoch: 104 - Loss: 169.54659147388878
Epoch: 105 - Loss: 169.90381863612836
Epoch: 106 - Loss: 169.45948641890547
Epoch: 107 - Loss: 169.60529694792467
Epoch: 108 - Loss: 169.71834820222458
Epoch: 109 - Loss: 169.7033840269595
Epoch: 110 - Loss: 169.5657245204132
Epoch: 111 - Loss: 169.36643924507482
Epoch: 112 - Loss: 169.26666118562912
Epoch: 113 - Loss: 169.60049919939996
Epoch: 114 - Loss: 169.1979696690267
Epoch: 115 - Loss: 169.26162084836662
Epoch: 116 - Loss: 169.3374338769814
Epoch: 117 - Loss: 169.3215227678214
Epoch: 118 - Loss: 169.21279830082528
Epoch: 119 - Loss: 169.07186498720844
Epoch: 120 - Loss: 169.02842419222108
Epoch: 121 - Loss: 169.21508495506012
Epoch: 122 - Loss: 168.95078450986435
Epoch: 123 - Loss: 169.0031098556917
Epoch: 124 - Loss: 169.05609502751804
Epoch: 125 - Loss: 169.0267768773388
Epoch: 126 - Loss: 168.92117946047594
Epoch: 127 - Loss: 168.80613149608453
Epoch: 128 - Loss: 168.79625580778134
Epoch: 129 - Loss: 168.92476228218334
Epoch: 130 - Loss: 168.70714956890052
Epoch: 131 - Loss: 168.7722266257218
Epoch: 132 - Loss: 168.82313199404572
Epoch: 133 - Loss: 168.78605623985106
Epoch: 134 - Loss: 168.67279422046386
Epoch: 135 - Loss: 168.55703095360025
Epoch: 136 - Loss: 168.559315786147
Epoch: 137 - Loss: 168.69448445658497
Epoch: 138 - Loss: 168.46362105207723
Epoch: 139 - Loss: 168.54543034275898
Epoch: 140 - Loss: 168.60501164180823
Epoch: 141 - Loss: 168.56749677704585
Epoch: 142 - Loss: 168.44542436722045
Epoch: 143 - Loss: 168.31460353386083
Epoch: 144 - Loss: 168.3117059322887
Epoch: 145 - Loss: 168.4890696791085
Epoch: 146 - Loss: 168.21321955640582
Epoch: 147 - Loss: 168.30332238463055
Epoch: 148 - Loss: 168.37036764014584
Epoch: 149 - Loss: 168.33390387247763
Epoch: 150 - Loss: 168.204280276544
Epoch: 151 - Loss: 168.0546391918111
Epoch: 152 - Loss: 168.03142291693175
Epoch: 153 - Loss: 168.24588542046374
Epoch: 154 - Loss: 167.9329830251497
Epoch: 155 - Loss: 168.01918092556556
Epoch: 156 - Loss: 168.08843217850804
Epoch: 157 - Loss: 168.0549316218926
Epoch: 158 - Loss: 167.92633373843063
Epoch: 159 - Loss: 167.7720090160626
Epoch: 160 - Loss: 167.73616746083943
Epoch: 161 - Loss: 167.95205310256713
Epoch: 162 - Loss: 167.63934984310652
Epoch: 163 - Loss: 167.71294097670636
Epoch: 164 - Loss: 167.77634993176466
Epoch: 165 - Loss: 167.74266370058635
Epoch: 166 - Loss: 167.61832703864778
Epoch: 167 - Loss: 167.47119687668626
Epoch: 168 - Loss: 167.4374060099216
Epoch: 169 - Loss: 167.62640330296878
Epoch: 170 - Loss: 167.33825965769793
Epoch: 171 - Loss: 167.4031368941054
Epoch: 172 - Loss: 167.45904732646378
Epoch: 173 - Loss: 167.42220573721877
Epoch: 174 - Loss: 167.2997996305134
Epoch: 175 - Loss: 167.16025194663416
Epoch: 176 - Loss: 167.13329155086282
Epoch: 177 - Loss: 167.2981702809948
Epoch: 178 - Loss: 167.0294743615917
Epoch: 179 - Loss: 167.09231743743553
Epoch: 180 - Loss: 167.14384712302635
Epoch: 181 - Loss: 167.10350380817755
Epoch: 182 - Loss: 166.97979265379843
Epoch: 183 - Loss: 166.8424011326994
Epoch: 184 - Loss: 166.81927381535456
Epoch: 185 - Loss: 166.97486951722294
Epoch: 186 - Loss: 166.7106794793497
Epoch: 187 - Loss: 166.77457114479523
Epoch: 188 - Loss: 166.82478527798725
Epoch: 189 - Loss: 166.78196960559075
Epoch: 190 - Loss: 166.65532052121236
Epoch: 191 - Loss: 166.5152941885837
Epoch: 192 - Loss: 166.49136723914933
Epoch: 193 - Loss: 166.6489300345016
Epoch: 194 - Loss: 166.37869069591844
Epoch: 195 - Loss: 166.4431608423235
Epoch: 196 - Loss: 166.49304810922433
Epoch: 197 - Loss: 166.44858406522445
Epoch: 198 - Loss: 166.3188911530221
Epoch: 199 - Loss: 166.17434517953922
Epoch: 200 - Loss: 166.1463794572073
Epoch: 201 - Loss: 166.3084720703484
Epoch: 202 - Loss: 166.02976808208902
Epoch: 203 - Loss: 166.09244319990177
Epoch: 204 - Loss: 166.14096222414105
Epoch: 205 - Loss: 166.0946990859647
Epoch: 206 - Loss: 165.9623704724329
Epoch: 207 - Loss: 165.81381859221793
Epoch: 208 - Loss: 165.78101604171215
Epoch: 209 - Loss: 165.9433845030281
Epoch: 210 - Loss: 165.65936711841837
Epoch: 211 - Loss: 165.71795132620406
Epoch: 212 - Loss: 165.76318198790568
Epoch: 213 - Loss: 165.7140445595004
Epoch: 214 - Loss: 165.57896279834364
Epoch: 215 - Loss: 165.42733405903493
Epoch: 216 - Loss: 165.39031671797713
Epoch: 217 - Loss: 165.54749895891422
Epoch: 218 - Loss: 165.26141466779728
Epoch: 219 - Loss: 165.3147522155301
Epoch: 220 - Loss: 165.35503684113618
Epoch: 221 - Loss: 165.30151128698535
Epoch: 222 - Loss: 165.16258710032267
Epoch: 223 - Loss: 165.0075357733767
Epoch: 224 - Loss: 164.9664008798868
Epoch: 225 - Loss: 165.11567920625745
Epoch: 226 - Loss: 164.82731565282413
Epoch: 227 - Loss: 164.87486615867485
Epoch: 228 - Loss: 164.90896716706774
Epoch: 229 - Loss: 164.8493750597854
Epoch: 230 - Loss: 164.70466150537544
Epoch: 231 - Loss: 164.54419686298314
Epoch: 232 - Loss: 164.49746041668334
Epoch: 233 - Loss: 164.6385743490954
Epoch: 234 - Loss: 164.3443868039879
Epoch: 235 - Loss: 164.38500282121086
Epoch: 236 - Loss: 164.41135384016988
Epoch: 237 - Loss: 164.34353804443734
Epoch: 238 - Loss: 164.1902685392718
Epoch: 239 - Loss: 164.0210371814235
Epoch: 240 - Loss: 163.9654780443521
Epoch: 241 - Loss: 164.0979887610164
Epoch: 242 - Loss: 163.79259986334097
Epoch: 243 - Loss: 163.82339687775615
Epoch: 244 - Loss: 163.83893101319015
Epoch: 245 - Loss: 163.75932226895853
Epoch: 246 - Loss: 163.59330270072823
Epoch: 247 - Loss: 163.41037873974233
Epoch: 248 - Loss: 163.34074839680466
Epoch: 249 - Loss: 163.46138508965183
Epoch: 250 - Loss: 163.13803770800635
Epoch: 251 - Loss: 163.15340198477114
Epoch: 252 - Loss: 163.15235179721552
Epoch: 253 - Loss: 163.054859347172
Epoch: 254 - Loss: 162.86965313044772
Epoch: 255 - Loss: 162.66627609145456
Epoch: 256 - Loss: 162.57575482816543
Epoch: 257 - Loss: 162.67892254684187
Epoch: 258 - Loss: 162.3318487179968
Epoch: 259 - Loss: 162.32786851199594
Epoch: 260 - Loss: 162.3090496254934
Epoch: 261 - Loss: 162.1968756787062
Epoch: 262 - Loss: 162.00265899561364
Epoch: 263 - Loss: 161.7999059282168
Epoch: 264 - Loss: 161.72614984112062
Epoch: 265 - Loss: 161.87353171327257
Epoch: 266 - Loss: 161.5945924227161
Epoch: 267 - Loss: 161.68685258361924
Epoch: 268 - Loss: 161.76054773061065
Epoch: 269 - Loss: 161.7099430930851
Epoch: 270 - Loss: 161.5461839280703
Epoch: 271 - Loss: 161.355506712721
Epoch: 272 - Loss: 161.28392184820746
Epoch: 273 - Loss: 161.42596611635392
Epoch: 274 - Loss: 161.11751685432478
Epoch: 275 - Loss: 161.16845043006438
Epoch: 276 - Loss: 161.20933383355856
Epoch: 277 - Loss: 161.15722353229427
Epoch: 278 - Loss: 161.01902044881547
Epoch: 279 - Loss: 160.8631220621175
Epoch: 280 - Loss: 160.82178764545225
Epoch: 281 - Loss: 160.98622624163332
Epoch: 282 - Loss: 160.6817198991859
Epoch: 283 - Loss: 160.73239720567318
Epoch: 284 - Loss: 160.7667841620118
Epoch: 285 - Loss: 160.70492056562392
Epoch: 286 - Loss: 160.55612956698224
Epoch: 287 - Loss: 160.39062904657652
Epoch: 288 - Loss: 160.3430007795279
Epoch: 289 - Loss: 160.51020016230925
Epoch: 290 - Loss: 160.20109437916614
Epoch: 291 - Loss: 160.2573564921878
Epoch: 292 - Loss: 160.2990906037541
Epoch: 293 - Loss: 160.24512407199356
Epoch: 294 - Loss: 160.1036693751736
Epoch: 295 - Loss: 159.94394908058445
Epoch: 296 - Loss: 159.90136760779407
Epoch: 297 - Loss: 160.07991680146898
Epoch: 298 - Loss: 159.76622031598737
Epoch: 299 - Loss: 159.82527214007712
Epoch: 300 - Loss: 159.8682696904645
Epoch: 1 - Loss: 191.67347492654847
Epoch: 2 - Loss: 190.83490393547234
Epoch: 3 - Loss: 190.15030075873088
Epoch: 4 - Loss: 189.58398972922845
Epoch: 5 - Loss: 189.10663221607138
Epoch: 6 - Loss: 188.69530610638196
Epoch: 7 - Loss: 188.334936086481
Epoch: 8 - Loss: 188.02085450215674
Epoch: 9 - Loss: 187.76471539750025
Epoch: 10 - Loss: 187.566171951358
Epoch: 11 - Loss: 187.37967454659318
Epoch: 12 - Loss: 187.18328362034052
Epoch: 13 - Loss: 186.96842139160688
Epoch: 14 - Loss: 186.7593989031707
Epoch: 15 - Loss: 186.5584022246984
Epoch: 16 - Loss: 186.35740517558997
Epoch: 17 - Loss: 186.17954090327552
Epoch: 18 - Loss: 186.01352830236152
Epoch: 19 - Loss: 185.8509153211762
Epoch: 20 - Loss: 185.68741111179295
Epoch: 21 - Loss: 185.52121934607732
Epoch: 22 - Loss: 185.35184818418344
Epoch: 23 - Loss: 185.17951022918987
Epoch: 24 - Loss: 185.00492900786801
Epoch: 25 - Loss: 184.82934256373244
Epoch: 26 - Loss: 184.65455866055783
Epoch: 27 - Loss: 184.48282630186242
Epoch: 28 - Loss: 184.31605476114575
Epoch: 29 - Loss: 184.15396934160952
Epoch: 30 - Loss: 183.99244124918
Epoch: 31 - Loss: 183.82633872344576
Epoch: 32 - Loss: 183.65546943438173
Epoch: 33 - Loss: 183.48380190875747
Epoch: 34 - Loss: 183.3147436939911
Epoch: 35 - Loss: 183.14879100981122
Epoch: 36 - Loss: 182.98463050572258
Epoch: 37 - Loss: 182.82062370519296
Epoch: 38 - Loss: 182.65551684895513
Epoch: 39 - Loss: 182.48867394536575
Epoch: 40 - Loss: 182.31998691925583
Epoch: 41 - Loss: 182.14968189264158
Epoch: 42 - Loss: 181.97822421877675
Epoch: 43 - Loss: 181.80597412500953
Epoch: 44 - Loss: 181.63283637792097
Epoch: 45 - Loss: 181.45794139648214
Epoch: 46 - Loss: 181.2797419817581
Epoch: 47 - Loss: 181.08888528001626
Epoch: 48 - Loss: 180.88639741719902
Epoch: 49 - Loss: 180.67625897646056
Epoch: 50 - Loss: 180.45876037914394
Epoch: 51 - Loss: 180.23354143128262
Epoch: 52 - Loss: 179.999735227655
Epoch: 53 - Loss: 179.7563308860044
Epoch: 54 - Loss: 179.50232367065595
Epoch: 55 - Loss: 179.23690987242287
Epoch: 56 - Loss: 178.95945492326783
Epoch: 57 - Loss: 178.6692811415788
Epoch: 58 - Loss: 178.36561645383642
Epoch: 59 - Loss: 178.04744006388407
Epoch: 60 - Loss: 177.71342335202277
Epoch: 61 - Loss: 177.3620696634598
Epoch: 62 - Loss: 176.9919860809558
Epoch: 63 - Loss: 176.6018773115169
Epoch: 64 - Loss: 176.19060240674773
Epoch: 65 - Loss: 175.75718472197795
Epoch: 66 - Loss: 175.3014703234685
Epoch: 67 - Loss: 174.82668894754414
Epoch: 68 - Loss: 174.34746753881385
Epoch: 69 - Loss: 173.91973916401423
Epoch: 70 - Loss: 173.73991396489316
Epoch: 71 - Loss: 173.52475310405458
Epoch: 72 - Loss: 173.06654496837263
Epoch: 73 - Loss: 172.6005506352365
Epoch: 74 - Loss: 172.03982221552374
Epoch: 75 - Loss: 170.97439804290738
Epoch: 76 - Loss: 168.8832404722161
Epoch: 77 - Loss: 167.2065130094467
Epoch: 78 - Loss: 166.59084302080564
Epoch: 79 - Loss: 166.27605283285237
Epoch: 80 - Loss: 166.14733184435298
Epoch: 81 - Loss: 166.10017679632642
Epoch: 82 - Loss: 166.00682806107326
Epoch: 83 - Loss: 165.80290286377644
Epoch: 84 - Loss: 165.49054876426382
Epoch: 85 - Loss: 165.11260448928024
Epoch: 86 - Loss: 164.7236138955475
Epoch: 87 - Loss: 164.35930701654732
Epoch: 88 - Loss: 164.02007468577176
Epoch: 89 - Loss: 163.69528544921468
Epoch: 90 - Loss: 163.38297137942965
Epoch: 91 - Loss: 163.075739194212
Epoch: 92 - Loss: 162.74405643870548
Epoch: 93 - Loss: 162.33864718591838
Epoch: 94 - Loss: 161.76635780937858
Epoch: 95 - Loss: 160.74149904724916
Epoch: 96 - Loss: 163.29319685076706
Epoch: 97 - Loss: 159.87661906253703
Epoch: 98 - Loss: 160.5854156194626
Epoch: 99 - Loss: 161.07293203206785
Epoch: 100 - Loss: 161.45829914950423
Epoch: 101 - Loss: 161.80480896432917
Epoch: 102 - Loss: 162.08665696175984
Epoch: 103 - Loss: 162.23485668433685
Epoch: 104 - Loss: 162.2076883399985
Epoch: 105 - Loss: 162.01908914869878
Epoch: 106 - Loss: 161.71708160850852
Epoch: 107 - Loss: 161.35727284118877
Epoch: 108 - Loss: 160.97927092598886
Epoch: 109 - Loss: 160.60260494673494
Epoch: 110 - Loss: 160.2316577901506
Epoch: 111 - Loss: 159.86349381237608
Epoch: 112 - Loss: 159.49445664472654
Epoch: 113 - Loss: 159.1289874769976
Epoch: 114 - Loss: 158.78160113819297
Epoch: 115 - Loss: 158.4671973491386
Epoch: 116 - Loss: 158.16396640952948
Epoch: 117 - Loss: 157.79247378173775
Epoch: 118 - Loss: 157.24460561778366
Epoch: 119 - Loss: 156.43927960898068
Epoch: 120 - Loss: 155.35466224774913
Epoch: 121 - Loss: 154.19361027177504
Epoch: 122 - Loss: 153.79595971640646
Epoch: 123 - Loss: 151.95677104032765
Epoch: 124 - Loss: 150.30333531947525
Epoch: 125 - Loss: 149.3644193689994
Epoch: 126 - Loss: 147.4060745536456
Epoch: 127 - Loss: 141.97855062854245
Epoch: 128 - Loss: 129.4135912558805
Epoch: 129 - Loss: 124.7945186163167
Epoch: 130 - Loss: 126.02306426961073
Epoch: 131 - Loss: 127.39834576228482
Epoch: 132 - Loss: 128.37841252970583
Epoch: 133 - Loss: 129.07023871393474
Epoch: 134 - Loss: 129.55743832425267
Epoch: 135 - Loss: 129.8578178398699
Epoch: 136 - Loss: 130.03786807939431
Epoch: 137 - Loss: 130.13913415081728
Epoch: 138 - Loss: 130.15787697305564
Epoch: 139 - Loss: 130.09662402147387
Epoch: 140 - Loss: 129.9719717362562
Epoch: 141 - Loss: 129.80270598155371
Epoch: 142 - Loss: 129.57702526156217
Epoch: 143 - Loss: 129.28020330702142
Epoch: 144 - Loss: 128.92846584779534
Epoch: 145 - Loss: 128.50877107904154
Epoch: 146 - Loss: 127.99257026129445
Epoch: 147 - Loss: 127.35749073748168
Epoch: 148 - Loss: 126.57807937968687
Epoch: 149 - Loss: 125.59722900953933
Epoch: 150 - Loss: 124.35012222880269
Epoch: 151 - Loss: 122.88248774873408
Epoch: 152 - Loss: 121.97180112157646
Epoch: 153 - Loss: 123.28675452967957
Epoch: 154 - Loss: 125.04975491265712
Epoch: 155 - Loss: 124.60993125634023
Epoch: 156 - Loss: 123.03315442947411
Epoch: 157 - Loss: 121.88888794110677
Epoch: 158 - Loss: 122.01181701252268
Epoch: 159 - Loss: 122.62770220222129
Epoch: 160 - Loss: 123.02901036803054
Epoch: 161 - Loss: 123.13594123370403
Epoch: 162 - Loss: 122.97431496681394
Epoch: 163 - Loss: 122.57404201774695
Epoch: 164 - Loss: 122.00200574280268
Epoch: 165 - Loss: 121.44472065069716
Epoch: 166 - Loss: 121.39892902152407
Epoch: 167 - Loss: 122.07687130349859
Epoch: 168 - Loss: 121.65762252637836
Epoch: 169 - Loss: 121.07228416359486
Epoch: 170 - Loss: 121.08796968241951
Epoch: 171 - Loss: 121.247859760529
Epoch: 172 - Loss: 121.32971710941372
Epoch: 173 - Loss: 121.47486194250286
Epoch: 174 - Loss: 121.15468990422374
Epoch: 175 - Loss: 119.55571907243228
Epoch: 176 - Loss: 84.9710255170338
Epoch: 177 - Loss: 78.52590388154461
Epoch: 178 - Loss: 77.81501808139475
Epoch: 179 - Loss: 77.27839476801748
Epoch: 180 - Loss: 77.05185115392516
Epoch: 181 - Loss: 77.08137977826432
Epoch: 182 - Loss: 77.14136290725708
Epoch: 183 - Loss: 77.12134469010093
Epoch: 184 - Loss: 77.01019500534002
Epoch: 185 - Loss: 76.86209864778111
Epoch: 186 - Loss: 76.77506081938586
Epoch: 187 - Loss: 76.81282364124199
Epoch: 188 - Loss: 76.86114354977408
Epoch: 189 - Loss: 76.77575262050503
Epoch: 190 - Loss: 76.66721080233474
Epoch: 191 - Loss: 76.64296918543087
Epoch: 192 - Loss: 76.66243541037085
Epoch: 193 - Loss: 76.6607319726282
Epoch: 194 - Loss: 76.61498263373517
Epoch: 195 - Loss: 76.54573155150833
Epoch: 196 - Loss: 76.49802432529341
Epoch: 197 - Loss: 76.48924202917236
Epoch: 198 - Loss: 76.49118197174266
Epoch: 199 - Loss: 76.45326181583194
Epoch: 200 - Loss: 76.39657162733019
Epoch: 201 - Loss: 76.36471371803475
Epoch: 202 - Loss: 76.35472130446078
Epoch: 203 - Loss: 76.34119046438815
Epoch: 204 - Loss: 76.31162492009668
Epoch: 205 - Loss: 76.26779004663112
Epoch: 206 - Loss: 76.23747288769448
Epoch: 207 - Loss: 76.21801173626754
Epoch: 208 - Loss: 76.20305852784456
Epoch: 209 - Loss: 76.17376151598975
Epoch: 210 - Loss: 76.14118721570262
Epoch: 211 - Loss: 76.1133614193612
Epoch: 212 - Loss: 76.1040225445526
Epoch: 213 - Loss: 76.10264012555511
Epoch: 214 - Loss: 76.0893608201028
Epoch: 215 - Loss: 76.0752132165356
Epoch: 216 - Loss: 76.06527746665941
Epoch: 217 - Loss: 76.05978390253523
Epoch: 218 - Loss: 76.05382933178726
Epoch: 219 - Loss: 76.04555270533638
Epoch: 220 - Loss: 76.03171120453752
Epoch: 221 - Loss: 76.02428641826245
Epoch: 222 - Loss: 76.01962707990556
Epoch: 223 - Loss: 76.01368263273676
Epoch: 224 - Loss: 76.00494136130098
Epoch: 225 - Loss: 75.99614502026975
Epoch: 226 - Loss: 75.98949421231247
Epoch: 227 - Loss: 75.98449258751243
Epoch: 228 - Loss: 75.97773898861861
Epoch: 229 - Loss: 75.96843546146341
Epoch: 230 - Loss: 75.96002579658662
Epoch: 231 - Loss: 75.95290427263642
Epoch: 232 - Loss: 75.9461704016792
Epoch: 233 - Loss: 75.9384369276218
Epoch: 234 - Loss: 75.9298235817651
Epoch: 235 - Loss: 75.92197843193435
Epoch: 236 - Loss: 75.91450619725704
Epoch: 237 - Loss: 75.90703344492015
Epoch: 238 - Loss: 75.89911340010426
Epoch: 239 - Loss: 75.8909335043372
Epoch: 240 - Loss: 75.88269636289398
Epoch: 241 - Loss: 75.87532985893307
Epoch: 242 - Loss: 75.86687245382464
Epoch: 243 - Loss: 75.85891797744232
Epoch: 244 - Loss: 75.85194892704484
Epoch: 245 - Loss: 75.8408079230997
Epoch: 246 - Loss: 75.83220521029092
Epoch: 247 - Loss: 75.82302875944448
Epoch: 248 - Loss: 75.81356910044819
Epoch: 249 - Loss: 75.80342449490577
Epoch: 250 - Loss: 75.79332165010334
Epoch: 251 - Loss: 75.7827354856513
Epoch: 252 - Loss: 75.7712351599138
Epoch: 253 - Loss: 75.7595527909605
Epoch: 254 - Loss: 75.74499728112673
Epoch: 255 - Loss: 75.73093924453514
Epoch: 256 - Loss: 75.71280320636411
Epoch: 257 - Loss: 75.69186376295707
Epoch: 258 - Loss: 75.66462432163767
Epoch: 259 - Loss: 75.62784475200748
Epoch: 260 - Loss: 75.56885261841772
Epoch: 261 - Loss: 75.43948327414418
Epoch: 262 - Loss: 74.99966194240204
Epoch: 263 - Loss: 75.5359932758392
Epoch: 264 - Loss: 75.65368022121709
Epoch: 265 - Loss: 75.70237730133958
Epoch: 266 - Loss: 75.73020035563559
Epoch: 267 - Loss: 75.75045154994315
Epoch: 268 - Loss: 75.76770202789194
Epoch: 269 - Loss: 75.78298829363492
Epoch: 270 - Loss: 75.79528910860049
Epoch: 271 - Loss: 75.80301741755761
Epoch: 272 - Loss: 75.80517837930265
Epoch: 273 - Loss: 75.8012029144078
Epoch: 274 - Loss: 75.79158326851832
Epoch: 275 - Loss: 75.78158112559116
Epoch: 276 - Loss: 75.77590081575259
Epoch: 277 - Loss: 75.76870021331445
Epoch: 278 - Loss: 75.75949598057986
Epoch: 279 - Loss: 75.75103665876534
Epoch: 280 - Loss: 75.73851262757665
Epoch: 281 - Loss: 75.72259404584652
Epoch: 282 - Loss: 75.70796811490678
Epoch: 283 - Loss: 75.6924237152243
Epoch: 284 - Loss: 75.67536916886426
Epoch: 285 - Loss: 75.65800179073614
Epoch: 286 - Loss: 75.64107230989583
Epoch: 287 - Loss: 75.62133992546224
Epoch: 288 - Loss: 75.60274294939502
Epoch: 289 - Loss: 75.58422642469759
Epoch: 290 - Loss: 75.57149824738381
Epoch: 291 - Loss: 75.56264580874344
Epoch: 292 - Loss: 75.55363778549336
Epoch: 293 - Loss: 75.54670412083301
Epoch: 294 - Loss: 75.53457559786217
Epoch: 295 - Loss: 75.52494808956673
Epoch: 296 - Loss: 75.5160456996094
Epoch: 297 - Loss: 75.50681924282945
Epoch: 298 - Loss: 75.4988531822093
Epoch: 299 - Loss: 75.4911871434231
Epoch: 300 - Loss: 75.48415937015996
Epoch: 1 - Loss: 195.76029951715174
Epoch: 2 - Loss: 194.09955826585545
Epoch: 3 - Loss: 190.24795165003584
Epoch: 4 - Loss: 175.22625351641523
Epoch: 5 - Loss: 174.55884206383402
Epoch: 6 - Loss: 188.91322811669642
Epoch: 7 - Loss: 175.48031625815884
Epoch: 8 - Loss: 178.69717993064313
Epoch: 9 - Loss: 180.28683629964684
Epoch: 10 - Loss: 181.15479215266936
Epoch: 11 - Loss: 181.5671790122155
Epoch: 12 - Loss: 181.7144689893895
Epoch: 13 - Loss: 181.74305954228535
Epoch: 14 - Loss: 181.68847031356702
Epoch: 15 - Loss: 181.57143630999718
Epoch: 16 - Loss: 181.40483736625345
Epoch: 17 - Loss: 181.19701977449233
Epoch: 18 - Loss: 180.95347719371387
Epoch: 19 - Loss: 180.67774589430616
Epoch: 20 - Loss: 180.37187994678365
Epoch: 21 - Loss: 180.03669941254958
Epoch: 22 - Loss: 179.6719437059513
Epoch: 23 - Loss: 179.27651397341984
Epoch: 24 - Loss: 178.8493614416683
Epoch: 25 - Loss: 178.39334051247414
Epoch: 26 - Loss: 177.9345434585429
Epoch: 27 - Loss: 177.56980752908498
Epoch: 28 - Loss: 177.20126940769467
Epoch: 29 - Loss: 176.58315090136887
Epoch: 30 - Loss: 175.90842781139875
Epoch: 31 - Loss: 175.20781666876263
Epoch: 32 - Loss: 174.4670295937079
Epoch: 33 - Loss: 173.67417839971316
Epoch: 34 - Loss: 172.79064708091147
Epoch: 35 - Loss: 171.79005770951906
Epoch: 36 - Loss: 170.64900320489696
Epoch: 37 - Loss: 169.34427683017867
Epoch: 38 - Loss: 167.6306119867055
Epoch: 39 - Loss: 165.68056489955362
Epoch: 40 - Loss: 163.4873614024384
Epoch: 41 - Loss: 166.90268537402434
Epoch: 42 - Loss: 163.31908506884685
Epoch: 43 - Loss: 164.88085670879607
Epoch: 44 - Loss: 165.92539962355636
Epoch: 45 - Loss: 166.57553881112034
Epoch: 46 - Loss: 166.80516432438526
Epoch: 47 - Loss: 166.7709228634383
Epoch: 48 - Loss: 166.5716325109288
Epoch: 49 - Loss: 166.2343124819033
Epoch: 50 - Loss: 165.76272439029833
Epoch: 51 - Loss: 165.1450698910189
Epoch: 52 - Loss: 164.3582203632217
Epoch: 53 - Loss: 163.41839799926382
Epoch: 54 - Loss: 160.09381154035987
Epoch: 55 - Loss: 152.4082442899565
Epoch: 56 - Loss: 128.75105657865956
Epoch: 57 - Loss: 119.4149908158909
Epoch: 58 - Loss: 117.4952316748676
Epoch: 59 - Loss: 115.39746842746513
Epoch: 60 - Loss: 113.86628029315216
Epoch: 61 - Loss: 112.60706709388644
Epoch: 62 - Loss: 112.39761750630167
Epoch: 63 - Loss: 114.5217665389503
Epoch: 64 - Loss: 111.47045316045863
Epoch: 65 - Loss: 111.65998468010362
Epoch: 66 - Loss: 111.85490750703636
Epoch: 67 - Loss: 111.86166596252562
Epoch: 68 - Loss: 111.6641799038942
Epoch: 69 - Loss: 111.26697658783685
Epoch: 70 - Loss: 110.67672154932916
Epoch: 71 - Loss: 109.90418063239157
Epoch: 72 - Loss: 108.98542282547271
Epoch: 73 - Loss: 108.02844541933153
Epoch: 74 - Loss: 107.14006984749591
Epoch: 75 - Loss: 105.34965474057223
Epoch: 76 - Loss: 98.98526128559196
Epoch: 77 - Loss: 91.33248732425724
Epoch: 78 - Loss: 83.76941877459058
Epoch: 79 - Loss: 79.14677527433555
Epoch: 80 - Loss: 79.24476959966155
Epoch: 81 - Loss: 79.78015856857559
Epoch: 82 - Loss: 80.05926772819508
Epoch: 83 - Loss: 78.36650842702937
Epoch: 84 - Loss: 77.64577959739776
Epoch: 85 - Loss: 77.12847051990072
Epoch: 86 - Loss: 77.52853590558738
Epoch: 87 - Loss: 77.88532119249365
Epoch: 88 - Loss: 77.361399649286
Epoch: 89 - Loss: 77.94672186989321
Epoch: 90 - Loss: 77.44564672273003
Epoch: 91 - Loss: 77.6901609231806
Epoch: 92 - Loss: 77.82463476838696
Epoch: 93 - Loss: 77.54448331068676
Epoch: 94 - Loss: 77.88340639821381
Epoch: 95 - Loss: 77.45630325928539
Epoch: 96 - Loss: 77.60037320202731
Epoch: 97 - Loss: 77.52693667599858
Epoch: 98 - Loss: 77.40654094494188
Epoch: 99 - Loss: 77.52718557098075
Epoch: 100 - Loss: 77.31084511561014
Epoch: 101 - Loss: 77.27960653608335
Epoch: 102 - Loss: 77.20259839964976
Epoch: 103 - Loss: 76.9846551812644
Epoch: 104 - Loss: 76.94543934871355
Epoch: 105 - Loss: 76.78462860689261
Epoch: 106 - Loss: 76.65185506196116
Epoch: 107 - Loss: 76.58152358930487
Epoch: 108 - Loss: 76.37843309404013
Epoch: 109 - Loss: 76.2336594080797
Epoch: 110 - Loss: 76.02706234087262
Epoch: 111 - Loss: 75.77962498446388
Epoch: 112 - Loss: 75.57549736669822
Epoch: 113 - Loss: 75.28802461502707
Epoch: 114 - Loss: 75.00398030884537
Epoch: 115 - Loss: 74.67580800183562
Epoch: 116 - Loss: 74.25334601880634
Epoch: 117 - Loss: 73.79752761207705
Epoch: 118 - Loss: 73.21213468597207
Epoch: 119 - Loss: 72.50175436384262
Epoch: 120 - Loss: 71.62661192807438
Epoch: 121 - Loss: 70.44637949781934
Epoch: 122 - Loss: 68.87168538328129
Epoch: 123 - Loss: 66.6881107455242
Epoch: 124 - Loss: 64.7535579706881
Epoch: 125 - Loss: 69.49036984011649
Epoch: 126 - Loss: 71.36160457307255
Epoch: 127 - Loss: 68.69330198997221
Epoch: 128 - Loss: 64.98942546431164
Epoch: 129 - Loss: 65.09767554142854
Epoch: 130 - Loss: 65.97545504567734
Epoch: 131 - Loss: 66.4966593294379
Epoch: 132 - Loss: 66.63692303188797
Epoch: 133 - Loss: 66.43225718574064
Epoch: 134 - Loss: 65.91353619419829
Epoch: 135 - Loss: 65.15214789253594
Epoch: 136 - Loss: 64.41811784586673
Epoch: 137 - Loss: 64.75595347948148
Epoch: 138 - Loss: 65.54412283346171
Epoch: 139 - Loss: 64.22998444055561
Epoch: 140 - Loss: 64.24951248820994
Epoch: 141 - Loss: 64.61334084116336
Epoch: 142 - Loss: 64.78169395597034
Epoch: 143 - Loss: 64.65786620951938
Epoch: 144 - Loss: 64.29171035591568
Epoch: 145 - Loss: 63.89875235057561
Epoch: 146 - Loss: 63.97884413502848
Epoch: 147 - Loss: 64.41538325841259
Epoch: 148 - Loss: 63.93428689796701
Epoch: 149 - Loss: 63.8027872781433
Epoch: 150 - Loss: 64.00067946797978
Epoch: 151 - Loss: 64.11690564814974
Epoch: 152 - Loss: 64.04067889843432
Epoch: 153 - Loss: 63.840641693119714
Epoch: 154 - Loss: 63.73184810613345
Epoch: 155 - Loss: 63.88861061391982
Epoch: 156 - Loss: 63.91146851473878
Epoch: 157 - Loss: 63.71570497675525
Epoch: 158 - Loss: 63.703693890746585
Epoch: 159 - Loss: 63.78128052528823
Epoch: 160 - Loss: 63.78990180273186
Epoch: 161 - Loss: 63.70601834780879
Epoch: 162 - Loss: 63.61653352708331
Epoch: 163 - Loss: 63.62814206583621
Epoch: 164 - Loss: 63.67600081015152
Epoch: 165 - Loss: 63.610641142797675
Epoch: 166 - Loss: 63.54631455986665
Epoch: 167 - Loss: 63.55739826560058
Epoch: 168 - Loss: 63.57404560176205
Epoch: 169 - Loss: 63.54733511147109
Epoch: 170 - Loss: 63.495718674633224
Epoch: 171 - Loss: 63.47265148025551
Epoch: 172 - Loss: 63.486521306083496
Epoch: 173 - Loss: 63.4749117315561
Epoch: 174 - Loss: 63.43234969793269
Epoch: 175 - Loss: 63.411928437708
Epoch: 176 - Loss: 63.41286907937958
Epoch: 177 - Loss: 63.40293413137867
Epoch: 178 - Loss: 63.373951681147766
Epoch: 179 - Loss: 63.34635835488232
Epoch: 180 - Loss: 63.33665330191251
Epoch: 181 - Loss: 63.328658603355954
Epoch: 182 - Loss: 63.30378126713021
Epoch: 183 - Loss: 63.27780424885437
Epoch: 184 - Loss: 63.26405278477486
Epoch: 185 - Loss: 63.25202280631352
Epoch: 186 - Loss: 63.231118162363884
Epoch: 187 - Loss: 63.20622845585609
Epoch: 188 - Loss: 63.18787725385921
Epoch: 189 - Loss: 63.1739839521936
Epoch: 190 - Loss: 63.15424112910557
Epoch: 191 - Loss: 63.13035850073471
Epoch: 192 - Loss: 63.1107873022202
Epoch: 193 - Loss: 63.09415643086166
Epoch: 194 - Loss: 63.07424632395102
Epoch: 195 - Loss: 63.05108239674315
Epoch: 196 - Loss: 63.02963307956046
Epoch: 197 - Loss: 63.01076808932676
Epoch: 198 - Loss: 62.98997862528094
Epoch: 199 - Loss: 62.96643692855339
Epoch: 200 - Loss: 62.9438505431206
Epoch: 201 - Loss: 62.922807915179675
Epoch: 202 - Loss: 62.900506184323326
Epoch: 203 - Loss: 62.87621965652479
Epoch: 204 - Loss: 62.85208469643846
Epoch: 205 - Loss: 62.828921376102365
Epoch: 206 - Loss: 62.804908419426035
Epoch: 207 - Loss: 62.779256922480435
Epoch: 208 - Loss: 62.75347153988702
Epoch: 209 - Loss: 62.72809028220977
Epoch: 210 - Loss: 62.70191330635671
Epoch: 211 - Loss: 62.674386379378376
Epoch: 212 - Loss: 62.646364910856086
Epoch: 213 - Loss: 62.61828926944663
Epoch: 214 - Loss: 62.589355676084395
Epoch: 215 - Loss: 62.55907672316312
Epoch: 216 - Loss: 62.52799640432026
Epoch: 217 - Loss: 62.496360197099946
Epoch: 218 - Loss: 62.4635758749246
Epoch: 219 - Loss: 62.42926696710953
Epoch: 220 - Loss: 62.39368744134567
Epoch: 221 - Loss: 62.35693140995641
Epoch: 222 - Loss: 62.31851384153645
Epoch: 223 - Loss: 62.27805321472729
Epoch: 224 - Loss: 62.2355960203575
Epoch: 225 - Loss: 62.19103930764813
Epoch: 226 - Loss: 62.14387745494649
Epoch: 227 - Loss: 62.093661152635484
Epoch: 228 - Loss: 62.04017984737084
Epoch: 229 - Loss: 61.98308711409809
Epoch: 230 - Loss: 61.92172423991007
Epoch: 231 - Loss: 61.855426498489685
Epoch: 232 - Loss: 61.78363545318991
Epoch: 233 - Loss: 61.705622217698206
Epoch: 234 - Loss: 61.62038765672183
Epoch: 235 - Loss: 61.526859895058884
Epoch: 236 - Loss: 61.42394697178363
Epoch: 237 - Loss: 61.31034313782553
Epoch: 238 - Loss: 61.18447738804772
Epoch: 239 - Loss: 61.04464762834184
Epoch: 240 - Loss: 60.88906629516002
Epoch: 241 - Loss: 60.71578934897187
Epoch: 242 - Loss: 60.52280349591082
Epoch: 243 - Loss: 60.30835404405851
Epoch: 244 - Loss: 60.07143964484123
Epoch: 245 - Loss: 59.812725439127156
Epoch: 246 - Loss: 59.53654761291542
Epoch: 247 - Loss: 59.255223550397346
Epoch: 248 - Loss: 58.99815303076601
Epoch: 249 - Loss: 58.82970341692918
Epoch: 250 - Loss: 57.68547543265628
Epoch: 251 - Loss: 56.355178442070674
Epoch: 252 - Loss: 54.93957213404576
Epoch: 253 - Loss: 53.58326304939684
Epoch: 254 - Loss: 52.55983062208302
Epoch: 255 - Loss: 52.09305653515321
Epoch: 256 - Loss: 52.157476967788384
Epoch: 257 - Loss: 52.70729066716185
Epoch: 258 - Loss: 53.27210703648342
Epoch: 259 - Loss: 53.46457649362217
Epoch: 260 - Loss: 53.39535619417315
Epoch: 261 - Loss: 53.023630480789805
Epoch: 262 - Loss: 52.532018888382446
Epoch: 263 - Loss: 51.99225388630333
Epoch: 264 - Loss: 51.78798574235179
Epoch: 265 - Loss: 51.864718494471504
Epoch: 266 - Loss: 51.39940497080481
Epoch: 267 - Loss: 52.10317176918641
Epoch: 268 - Loss: 54.97823670165207
Epoch: 269 - Loss: 55.82715606632896
Epoch: 270 - Loss: 52.57784965849757
Epoch: 271 - Loss: 56.106220747113845
Epoch: 272 - Loss: 59.93688701469193
Epoch: 273 - Loss: 59.39392608517509
Epoch: 274 - Loss: 62.4174573798183
Epoch: 275 - Loss: 64.11709206715287
Epoch: 276 - Loss: 65.13057102888197
Epoch: 277 - Loss: 65.02889720596414
Epoch: 278 - Loss: 63.840147252166574
Epoch: 279 - Loss: 61.75097809007721
Epoch: 280 - Loss: 59.014943282433954
Epoch: 281 - Loss: 56.39802546065397
Epoch: 282 - Loss: 52.40637826899061
Epoch: 283 - Loss: 70.68009044269373
Epoch: 284 - Loss: 74.52493495237934
Epoch: 285 - Loss: 91.82181411351199
Epoch: 286 - Loss: 67.92033440192722
Epoch: 287 - Loss: 65.78778213806885
Epoch: 288 - Loss: 65.59574058485602
Epoch: 289 - Loss: 61.428813779599324
Epoch: 290 - Loss: 52.65519792312546
Epoch: 291 - Loss: 58.964915788767605
Epoch: 292 - Loss: 60.733553919120084
Epoch: 293 - Loss: 63.06886619449883
Epoch: 294 - Loss: 63.833112258687976
Epoch: 295 - Loss: 64.04726315875295
Epoch: 296 - Loss: 63.89313610180222
Epoch: 297 - Loss: 63.32839065554999
Epoch: 298 - Loss: 62.28112348433789
Epoch: 299 - Loss: 60.699106475088925
Epoch: 300 - Loss: 58.50783003437128
Epoch: 1 - Loss: 199.1664593216775
Epoch: 2 - Loss: 199.15162148605464
Epoch: 3 - Loss: 199.13677399575386
Epoch: 4 - Loss: 199.12191430394836
Epoch: 5 - Loss: 199.1070431829575
Epoch: 6 - Loss: 199.0921608666897
Epoch: 7 - Loss: 199.07726690211004
Epoch: 8 - Loss: 199.06236111086386
Epoch: 9 - Loss: 199.04744325509188
Epoch: 10 - Loss: 199.03251309110956
Epoch: 11 - Loss: 199.01757042244338
Epoch: 12 - Loss: 199.00261498688303
Epoch: 13 - Loss: 198.98764650827945
Epoch: 14 - Loss: 198.97266511449163
Epoch: 15 - Loss: 198.95766979870675
Epoch: 16 - Loss: 198.94266060768675
Epoch: 17 - Loss: 198.92763725472798
Epoch: 18 - Loss: 198.91259940694817
Epoch: 19 - Loss: 198.89754672637915
Epoch: 20 - Loss: 198.8824788991981
Epoch: 21 - Loss: 198.86739566391455
Epoch: 22 - Loss: 198.85229610358823
Epoch: 23 - Loss: 198.837180877745
Epoch: 24 - Loss: 198.82204923213536
Epoch: 25 - Loss: 198.80690088619406
Epoch: 26 - Loss: 198.79173556223387
Epoch: 27 - Loss: 198.77655299242204
Epoch: 28 - Loss: 198.7613528655395
Epoch: 29 - Loss: 198.74613503821502
Epoch: 30 - Loss: 198.73089936882332
Epoch: 31 - Loss: 198.7156452686773
Epoch: 32 - Loss: 198.70037266409403
Epoch: 33 - Loss: 198.68508142423212
Epoch: 34 - Loss: 198.66977141712277
Epoch: 35 - Loss: 198.6544417579609
Epoch: 36 - Loss: 198.6390927952598
Epoch: 37 - Loss: 198.6237240811768
Epoch: 38 - Loss: 198.6083343156188
Epoch: 39 - Loss: 198.59292530674443
Epoch: 40 - Loss: 198.57749580874193
Epoch: 41 - Loss: 198.5620460591644
Epoch: 42 - Loss: 198.5465747249568
Epoch: 43 - Loss: 198.53108227922266
Epoch: 44 - Loss: 198.5155677985993
Epoch: 45 - Loss: 198.50003171114034
Epoch: 46 - Loss: 198.4844735047783
Epoch: 47 - Loss: 198.46889291086268
Epoch: 48 - Loss: 198.4532896514264
Epoch: 49 - Loss: 198.43766353266705
Epoch: 50 - Loss: 198.42201420160913
Epoch: 51 - Loss: 198.40634142602033
Epoch: 52 - Loss: 198.39064489971216
Epoch: 53 - Loss: 198.374924381037
Epoch: 54 - Loss: 198.35918015569155
Epoch: 55 - Loss: 198.34341053117237
Epoch: 56 - Loss: 198.32761639365546
Epoch: 57 - Loss: 198.31179723884685
Epoch: 58 - Loss: 198.29595263352738
Epoch: 59 - Loss: 198.28008222768014
Epoch: 60 - Loss: 198.26418611621642
Epoch: 61 - Loss: 198.24826382238913
Epoch: 62 - Loss: 198.2323151487638
Epoch: 63 - Loss: 198.2163398106904
Epoch: 64 - Loss: 198.2003374537861
Epoch: 65 - Loss: 198.18430793990208
Epoch: 66 - Loss: 198.16825094495883
Epoch: 67 - Loss: 198.152165993806
Epoch: 68 - Loss: 198.1360533265017
Epoch: 69 - Loss: 198.11991235299837
Epoch: 70 - Loss: 198.10374279024103
Epoch: 71 - Loss: 198.08754448606518
Epoch: 72 - Loss: 198.0713170698656
Epoch: 73 - Loss: 198.05506040061604
Epoch: 74 - Loss: 198.03877388886391
Epoch: 75 - Loss: 198.02245760152587
Epoch: 76 - Loss: 198.00611120066725
Epoch: 77 - Loss: 197.98973427923667
Epoch: 78 - Loss: 197.9733265948067
Epoch: 79 - Loss: 197.95688856041767
Epoch: 80 - Loss: 197.9404183110458
Epoch: 81 - Loss: 197.9239166348184
Epoch: 82 - Loss: 197.90738296961646
Epoch: 83 - Loss: 197.8908170783781
Epoch: 84 - Loss: 197.87421865986855
Epoch: 85 - Loss: 197.85758749975057
Epoch: 86 - Loss: 197.84092292299903
Epoch: 87 - Loss: 197.82422502459949
Epoch: 88 - Loss: 197.80749337038418
Epoch: 89 - Loss: 197.79072776310093
Epoch: 90 - Loss: 197.77392750774098
Epoch: 91 - Loss: 197.75709268811966
Epoch: 92 - Loss: 197.74022300194827
Epoch: 93 - Loss: 197.72331784040836
Epoch: 94 - Loss: 197.7063770085426
Epoch: 95 - Loss: 197.6894000020386
Epoch: 96 - Loss: 197.67238729712935
Epoch: 97 - Loss: 197.65533756981563
Epoch: 98 - Loss: 197.63825089079455
Epoch: 99 - Loss: 197.62112624301136
Epoch: 100 - Loss: 197.60396397751254
Epoch: 101 - Loss: 197.58676456434404
Epoch: 102 - Loss: 197.56952665373836
Epoch: 103 - Loss: 197.55225041934324
Epoch: 104 - Loss: 197.5349350520718
Epoch: 105 - Loss: 197.51758046304792
Epoch: 106 - Loss: 197.500186287558
Epoch: 107 - Loss: 197.48275217741931
Epoch: 108 - Loss: 197.46527878720417
Epoch: 109 - Loss: 197.44776412171524
Epoch: 110 - Loss: 197.43020828530493
Epoch: 111 - Loss: 197.41261121211588
Epoch: 112 - Loss: 197.39497256189023
Epoch: 113 - Loss: 197.37729189937056
Epoch: 114 - Loss: 197.3595691578394
Epoch: 115 - Loss: 197.34180410359005
Epoch: 116 - Loss: 197.32399576590916
Epoch: 117 - Loss: 197.30614403994014
Epoch: 118 - Loss: 197.28824892271743
Epoch: 119 - Loss: 197.27030994869605
Epoch: 120 - Loss: 197.2523267554127
Epoch: 121 - Loss: 197.23429884968482
Epoch: 122 - Loss: 197.21622600935612
Epoch: 123 - Loss: 197.19810787898308
Epoch: 124 - Loss: 197.17994412965936
Epoch: 125 - Loss: 197.1617344065133
Epoch: 126 - Loss: 197.1434782442138
Epoch: 127 - Loss: 197.12517566758453
Epoch: 128 - Loss: 197.10682612840566
Epoch: 129 - Loss: 197.08842909982693
Epoch: 130 - Loss: 197.06998437298805
Epoch: 131 - Loss: 197.05149165060735
Epoch: 132 - Loss: 197.0329504700993
Epoch: 133 - Loss: 197.01436052691292
Epoch: 134 - Loss: 196.99572148037188
Epoch: 135 - Loss: 196.97703301071016
Epoch: 136 - Loss: 196.95829425419123
Epoch: 137 - Loss: 196.9395059384468
Epoch: 138 - Loss: 196.92066687756272
Epoch: 139 - Loss: 196.9017768946995
Epoch: 140 - Loss: 196.88283569552803
Epoch: 141 - Loss: 196.86384275485094
Epoch: 142 - Loss: 196.84479796065648
Epoch: 143 - Loss: 196.82570067853288
Epoch: 144 - Loss: 196.8065508786473
Epoch: 145 - Loss: 196.7873478520322
Epoch: 146 - Loss: 196.7680914884315
Epoch: 147 - Loss: 196.7487813106441
Epoch: 148 - Loss: 196.72941687511252
Epoch: 149 - Loss: 196.70999792979404
Epoch: 150 - Loss: 196.6905242651161
Epoch: 151 - Loss: 196.6709945343581
Epoch: 152 - Loss: 196.65140929444624
Epoch: 153 - Loss: 196.63176834611676
Epoch: 154 - Loss: 196.61207074410393
Epoch: 155 - Loss: 196.59231619674694
Epoch: 156 - Loss: 196.572504450515
Epoch: 157 - Loss: 196.55263508647414
Epoch: 158 - Loss: 196.5327077799524
Epoch: 159 - Loss: 196.5127218980848
Epoch: 160 - Loss: 196.4926771694691
Epoch: 161 - Loss: 196.47257308011618
Epoch: 162 - Loss: 196.45240945284084
Epoch: 163 - Loss: 196.43218569518308
Epoch: 164 - Loss: 196.41190161072552
Epoch: 165 - Loss: 196.39155670981174
Epoch: 166 - Loss: 196.37115053780948
Epoch: 167 - Loss: 196.35068264828902
Epoch: 168 - Loss: 196.33015263934058
Epoch: 169 - Loss: 196.30956014728372
Epoch: 170 - Loss: 196.28890437123766
Epoch: 171 - Loss: 196.26818516501498
Epoch: 172 - Loss: 196.24740269424873
Epoch: 173 - Loss: 196.2265557637457
Epoch: 174 - Loss: 196.2056444112198
Epoch: 175 - Loss: 196.1846679325514
Epoch: 176 - Loss: 196.16362590387172
Epoch: 177 - Loss: 196.14251809168732
Epoch: 178 - Loss: 196.1213437965862
Epoch: 179 - Loss: 196.10010242566682
Epoch: 180 - Loss: 196.078794036525
Epoch: 181 - Loss: 196.05741779239455
Epoch: 182 - Loss: 196.0359735431326
Epoch: 183 - Loss: 196.01446026603176
Epoch: 184 - Loss: 195.9928780719769
Epoch: 185 - Loss: 195.97122633156042
Epoch: 186 - Loss: 195.9495046291974
Epoch: 187 - Loss: 195.92771220956448
Epoch: 188 - Loss: 195.9058487932356
Epoch: 189 - Loss: 195.88391413400578
Epoch: 190 - Loss: 195.8619073333336
Epoch: 191 - Loss: 195.83982787649512
Epoch: 192 - Loss: 195.8176756214771
Epoch: 193 - Loss: 195.7954499536965
Epoch: 194 - Loss: 195.77315027868778
Epoch: 195 - Loss: 195.75077628448008
Epoch: 196 - Loss: 195.72832707577962
Epoch: 197 - Loss: 195.7058026241973
Epoch: 198 - Loss: 195.68320222003908
Epoch: 199 - Loss: 195.6605253775152
Epoch: 200 - Loss: 195.63777145749387
Epoch: 201 - Loss: 195.61494008982856
Epoch: 202 - Loss: 195.59203070134032
Epoch: 203 - Loss: 195.56904336179252
Epoch: 204 - Loss: 195.54597623767745
Epoch: 205 - Loss: 195.5228295989671
Epoch: 206 - Loss: 195.49960664102773
Epoch: 207 - Loss: 195.4762990699913
Epoch: 208 - Loss: 195.4529102183184
Epoch: 209 - Loss: 195.42943953434713
Epoch: 210 - Loss: 195.4058864574516
Epoch: 211 - Loss: 195.382250422474
Epoch: 212 - Loss: 195.35853086704168
Epoch: 213 - Loss: 195.33472734690625
Epoch: 214 - Loss: 195.31083903019587
Epoch: 215 - Loss: 195.28686542186637
Epoch: 216 - Loss: 195.2628059340401
Epoch: 217 - Loss: 195.2386600420174
Epoch: 218 - Loss: 195.21442711619315
Epoch: 219 - Loss: 195.19010655720288
Epoch: 220 - Loss: 195.16569776039975
Epoch: 221 - Loss: 195.1412001122744
Epoch: 222 - Loss: 195.1166130030473
Epoch: 223 - Loss: 195.09193581218935
Epoch: 224 - Loss: 195.06716791562457
Epoch: 225 - Loss: 195.04230868327903
Epoch: 226 - Loss: 195.01735747872985
Epoch: 227 - Loss: 194.99231362143382
Epoch: 228 - Loss: 194.96717652826553
Epoch: 229 - Loss: 194.94194552504268
Epoch: 230 - Loss: 194.91661991024284
Epoch: 231 - Loss: 194.89119910470458
Epoch: 232 - Loss: 194.865682399234
Epoch: 233 - Loss: 194.84006912921535
Epoch: 234 - Loss: 194.81435861310194
Epoch: 235 - Loss: 194.78855016907318
Epoch: 236 - Loss: 194.76264310957723
Epoch: 237 - Loss: 194.73663673826303
Epoch: 238 - Loss: 194.71053035838747
Epoch: 239 - Loss: 194.6843232695608
Epoch: 240 - Loss: 194.6580147642539
Epoch: 241 - Loss: 194.63160422208696
Epoch: 242 - Loss: 194.60509069904546
Epoch: 243 - Loss: 194.57847356318507
Epoch: 244 - Loss: 194.55175209053098
Epoch: 245 - Loss: 194.5249255416386
Epoch: 246 - Loss: 194.4979928487567
Epoch: 247 - Loss: 194.47095396361178
Epoch: 248 - Loss: 194.44380771251102
Epoch: 249 - Loss: 194.41655335751167
Epoch: 250 - Loss: 194.38919011091883
Epoch: 251 - Loss: 194.36171723470596
Epoch: 252 - Loss: 194.33413395176203
Epoch: 253 - Loss: 194.3064394415492
Epoch: 254 - Loss: 194.2786330005581
Epoch: 255 - Loss: 194.2507136040248
Epoch: 256 - Loss: 194.22268055857805
Epoch: 257 - Loss: 194.19453306966045
Epoch: 258 - Loss: 194.166270334641
Epoch: 259 - Loss: 194.13789146739913
Epoch: 260 - Loss: 194.1093957045338
Epoch: 261 - Loss: 194.08078212202585
Epoch: 262 - Loss: 194.05204996824128
Epoch: 263 - Loss: 194.02319827321122
Epoch: 264 - Loss: 193.99422627281484
Epoch: 265 - Loss: 193.96513313048305
Epoch: 266 - Loss: 193.93591788736478
Epoch: 267 - Loss: 193.906579798173
Epoch: 268 - Loss: 193.8771178257893
Epoch: 269 - Loss: 193.84753108972419
Epoch: 270 - Loss: 193.81781873917117
Epoch: 271 - Loss: 193.78797989721807
Epoch: 272 - Loss: 193.75801332263276
Epoch: 273 - Loss: 193.72791868629395
Epoch: 274 - Loss: 193.69769482207823
Epoch: 275 - Loss: 193.6672320921938
Epoch: 276 - Loss: 193.63549685728302
Epoch: 277 - Loss: 193.60352738490948
Epoch: 278 - Loss: 193.5713331141426
Epoch: 279 - Loss: 193.53892237863715
Epoch: 280 - Loss: 193.5063025565627
Epoch: 281 - Loss: 193.47348008573653
Epoch: 282 - Loss: 193.4404608232087
Epoch: 283 - Loss: 193.40724967456237
Epoch: 284 - Loss: 193.37385114026912
Epoch: 285 - Loss: 193.34026898159874
Epoch: 286 - Loss: 193.30650652408957
Epoch: 287 - Loss: 193.27256663231418
Epoch: 288 - Loss: 193.2384517276813
Epoch: 289 - Loss: 193.20416389927618
Epoch: 290 - Loss: 193.1697049938908
Epoch: 291 - Loss: 193.13507632417742
Epoch: 292 - Loss: 193.10027907878523
Epoch: 293 - Loss: 193.0653143025818
Epoch: 294 - Loss: 193.03018264779396
Epoch: 295 - Loss: 192.9948846140925
Epoch: 296 - Loss: 192.95942057665945
Epoch: 297 - Loss: 192.92379073802473
Epoch: 298 - Loss: 192.88799518971402
Epoch: 299 - Loss: 192.85203379273472
Epoch: 300 - Loss: 192.81590629099028
Epoch: 1 - Loss: 195.27442195507464
Epoch: 2 - Loss: 195.08530643060337
Epoch: 3 - Loss: 194.89347880139894
Epoch: 4 - Loss: 194.6988242401224
Epoch: 5 - Loss: 194.50123138545297
Epoch: 6 - Loss: 194.30058340902175
Epoch: 7 - Loss: 194.09676054097073
Epoch: 8 - Loss: 193.8896400359604
Epoch: 9 - Loss: 193.67909622793104
Epoch: 10 - Loss: 193.46500145562555
Epoch: 11 - Loss: 193.24722261556477
Epoch: 12 - Loss: 193.02563036234264
Epoch: 13 - Loss: 192.8000884502231
Epoch: 14 - Loss: 192.570463639738
Epoch: 15 - Loss: 192.33662424375248
Epoch: 16 - Loss: 192.09843620743433
Epoch: 17 - Loss: 191.85577027179437
Epoch: 18 - Loss: 191.6085013213491
Epoch: 19 - Loss: 191.3565073135916
Epoch: 20 - Loss: 191.09967298650508
Epoch: 21 - Loss: 190.83789277019187
Epoch: 22 - Loss: 190.5638620418763
Epoch: 23 - Loss: 190.28275188170338
Epoch: 24 - Loss: 189.9958970609705
Epoch: 25 - Loss: 189.70326689481684
Epoch: 26 - Loss: 189.40482597260453
Epoch: 27 - Loss: 189.10053086102042
Epoch: 28 - Loss: 188.79032621599987
Epoch: 29 - Loss: 188.47413094556728
Epoch: 30 - Loss: 188.15182230047017
Epoch: 31 - Loss: 187.82320557093644
Epoch: 32 - Loss: 187.48796866895668
Epoch: 33 - Loss: 187.14561215740017
Epoch: 34 - Loss: 186.79534347223392
Epoch: 35 - Loss: 186.43590599172316
Epoch: 36 - Loss: 186.0653296891872
Epoch: 37 - Loss: 185.6805287828254
Epoch: 38 - Loss: 185.2766774859245
Epoch: 39 - Loss: 184.84621032849338
Epoch: 40 - Loss: 184.37721917863706
Epoch: 41 - Loss: 183.85084261136484
Epoch: 42 - Loss: 183.23704887548777
Epoch: 43 - Loss: 182.48823940338525
Epoch: 44 - Loss: 181.53125669688484
Epoch: 45 - Loss: 180.05682968113456
Epoch: 46 - Loss: 178.15015717242665
Epoch: 47 - Loss: 175.70857082521113
Epoch: 48 - Loss: 171.84093142696116
Epoch: 49 - Loss: 186.20841364596797
Epoch: 50 - Loss: 180.5183755421854
Epoch: 51 - Loss: 171.3189144423449
Epoch: 52 - Loss: 173.2755532684411
Epoch: 53 - Loss: 174.53783770283448
Epoch: 54 - Loss: 175.48521778824536
Epoch: 55 - Loss: 176.0964306194257
Epoch: 56 - Loss: 176.5420662140171
Epoch: 57 - Loss: 176.88153197585686
Epoch: 58 - Loss: 177.13296298387561
Epoch: 59 - Loss: 177.310679339341
Epoch: 60 - Loss: 177.42597991982788
Epoch: 61 - Loss: 177.4877423952629
Epoch: 62 - Loss: 177.50291715917967
Epoch: 63 - Loss: 177.47692960449214
Epoch: 64 - Loss: 177.41399168952884
Epoch: 65 - Loss: 177.31734653362906
Epoch: 66 - Loss: 177.18945734397417
Epoch: 67 - Loss: 177.03215443435033
Epoch: 68 - Loss: 176.84675243414893
Epoch: 69 - Loss: 176.63413905134888
Epoch: 70 - Loss: 176.39485178365237
Epoch: 71 - Loss: 176.12912772116482
Epoch: 72 - Loss: 175.83696471532343
Epoch: 73 - Loss: 175.5181219304044
Epoch: 74 - Loss: 175.17212702398305
Epoch: 75 - Loss: 174.76638965734534
Epoch: 76 - Loss: 174.25636599766585
Epoch: 77 - Loss: 173.69457000697926
Epoch: 78 - Loss: 173.0739138541298
Epoch: 79 - Loss: 172.37837969910757
Epoch: 80 - Loss: 171.57368516858895
Epoch: 81 - Loss: 170.59307125149928
Epoch: 82 - Loss: 169.4706535735133
Epoch: 83 - Loss: 177.86952560806287
Epoch: 84 - Loss: 186.5927240158021
Epoch: 85 - Loss: 188.8253199296122
Epoch: 86 - Loss: 187.610274397686
Epoch: 87 - Loss: 179.1919366176287
Epoch: 88 - Loss: 169.17857451191625
Epoch: 89 - Loss: 170.67651389627116
Epoch: 90 - Loss: 171.8382333403956
Epoch: 91 - Loss: 172.65906109185653
Epoch: 92 - Loss: 173.27144792963472
Epoch: 93 - Loss: 173.7300183370155
Epoch: 94 - Loss: 174.0638521589673
Epoch: 95 - Loss: 174.28710442743082
Epoch: 96 - Loss: 174.3996516389159
Epoch: 97 - Loss: 174.45696917639873
Epoch: 98 - Loss: 174.46590130763147
Epoch: 99 - Loss: 174.4318926773286
Epoch: 100 - Loss: 174.35927986657435
Epoch: 101 - Loss: 174.25150522867563
Epoch: 102 - Loss: 174.11128318841054
Epoch: 103 - Loss: 173.92301982545678
Epoch: 104 - Loss: 173.67008567938046
Epoch: 105 - Loss: 173.37242128095102
Epoch: 106 - Loss: 173.0319466750555
Epoch: 107 - Loss: 172.64938819869175
Epoch: 108 - Loss: 172.22386775223816
Epoch: 109 - Loss: 171.75206182492067
Epoch: 110 - Loss: 171.2266800493777
Epoch: 111 - Loss: 170.63377046294377
Epoch: 112 - Loss: 169.94894336757315
Epoch: 113 - Loss: 169.1422482429397
Epoch: 114 - Loss: 168.33272740196037
Epoch: 115 - Loss: 172.03049673977023
Epoch: 116 - Loss: 168.3881272455919
Epoch: 117 - Loss: 169.15600918392022
Epoch: 118 - Loss: 169.72947199454703
Epoch: 119 - Loss: 170.1074902375009
Epoch: 120 - Loss: 170.33961283366278
Epoch: 121 - Loss: 170.4569249493015
Epoch: 122 - Loss: 170.4784151530228
Epoch: 123 - Loss: 170.41600353309283
Epoch: 124 - Loss: 170.27691801504758
Epoch: 125 - Loss: 170.06459783146195
Epoch: 126 - Loss: 169.77874033140588
Epoch: 127 - Loss: 169.41488956756103
Epoch: 128 - Loss: 168.9648444036232
Epoch: 129 - Loss: 168.42564400440583
Epoch: 130 - Loss: 167.87071209403015
Epoch: 131 - Loss: 168.44344905300395
Epoch: 132 - Loss: 168.50122162501285
Epoch: 133 - Loss: 167.7126623983272
Epoch: 134 - Loss: 168.00970401098172
Epoch: 135 - Loss: 168.2330863224906
Epoch: 136 - Loss: 168.32220028699297
Epoch: 137 - Loss: 168.28467495281902
Epoch: 138 - Loss: 168.1330487015781
Epoch: 139 - Loss: 167.8828997282219
Epoch: 140 - Loss: 167.57725917384457
Epoch: 141 - Loss: 167.4224285858993
Epoch: 142 - Loss: 167.9112728547651
Epoch: 143 - Loss: 167.38821631178118
Epoch: 144 - Loss: 167.37895734544654
Epoch: 145 - Loss: 167.50582746123004
Epoch: 146 - Loss: 167.55051818937397
Epoch: 147 - Loss: 167.4926898939264
Epoch: 148 - Loss: 167.34835105145433
Epoch: 149 - Loss: 167.16877080337963
Epoch: 150 - Loss: 167.15210095589828
Epoch: 151 - Loss: 167.27672173307514
Epoch: 152 - Loss: 167.0273840229642
Epoch: 153 - Loss: 167.04234532421833
Epoch: 154 - Loss: 167.0832007288462
Epoch: 155 - Loss: 167.06026104209153
Epoch: 156 - Loss: 166.97186574652392
Epoch: 157 - Loss: 166.85700562970553
Epoch: 158 - Loss: 166.85984910110432
Epoch: 159 - Loss: 166.87229590694315
Epoch: 160 - Loss: 166.73275649511805
Epoch: 161 - Loss: 166.73731597660884
Epoch: 162 - Loss: 166.73713916271714
Epoch: 163 - Loss: 166.68934683058745
Epoch: 164 - Loss: 166.60634330365326
Epoch: 165 - Loss: 166.55598849238035
Epoch: 166 - Loss: 166.5669475334973
Epoch: 167 - Loss: 166.47901679450916
Epoch: 168 - Loss: 166.4462819389964
Epoch: 169 - Loss: 166.4313066105255
Epoch: 170 - Loss: 166.3853865376104
Epoch: 171 - Loss: 166.3175841978113
Epoch: 172 - Loss: 166.29344773304697
Epoch: 173 - Loss: 166.2652166549077
Epoch: 174 - Loss: 166.1918333363031
Epoch: 175 - Loss: 166.16991283805098
Epoch: 176 - Loss: 166.13779089972445
Epoch: 177 - Loss: 166.08035585904017
Epoch: 178 - Loss: 166.02710086240668
Epoch: 179 - Loss: 166.0034902771462
Epoch: 180 - Loss: 165.94426177755506
Epoch: 181 - Loss: 165.90045783073336
Epoch: 182 - Loss: 165.86434264274743
Epoch: 183 - Loss: 165.8107529685737
Epoch: 184 - Loss: 165.76499613550993
Epoch: 185 - Loss: 165.72747779600317
Epoch: 186 - Loss: 165.66975948135672
Epoch: 187 - Loss: 165.6281232362813
Epoch: 188 - Loss: 165.58246505140266
Epoch: 189 - Loss: 165.52626423104508
Epoch: 190 - Loss: 165.4823388242093
Epoch: 191 - Loss: 165.43214851467783
Epoch: 192 - Loss: 165.3781711404026
Epoch: 193 - Loss: 165.33274897837344
Epoch: 194 - Loss: 165.27701094055908
Epoch: 195 - Loss: 165.22455731410503
Epoch: 196 - Loss: 165.17382262508582
Epoch: 197 - Loss: 165.11732970666804
Epoch: 198 - Loss: 165.06357223470934
Epoch: 199 - Loss: 165.0096349036504
Epoch: 200 - Loss: 164.95109457407324
Epoch: 201 - Loss: 164.89689366067185
Epoch: 202 - Loss: 164.8363428009117
Epoch: 203 - Loss: 164.77716020207149
Epoch: 204 - Loss: 164.71949536340782
Epoch: 205 - Loss: 164.65531158789298
Epoch: 206 - Loss: 164.59575786606175
Epoch: 207 - Loss: 164.53093924585025
Epoch: 208 - Loss: 164.46571407424167
Epoch: 209 - Loss: 164.40241213376703
Epoch: 210 - Loss: 164.33284141152825
Epoch: 211 - Loss: 164.26683614328886
Epoch: 212 - Loss: 164.1960120691014
Epoch: 213 - Loss: 164.12434632841692
Epoch: 214 - Loss: 164.0537694083667
Epoch: 215 - Loss: 163.97764929512564
Epoch: 216 - Loss: 163.90413212735774
Epoch: 217 - Loss: 163.82514121136776
Epoch: 218 - Loss: 163.7457054462752
Epoch: 219 - Loss: 163.66621768237263
Epoch: 220 - Loss: 163.5812372010108
Epoch: 221 - Loss: 163.4982983137401
Epoch: 222 - Loss: 163.4085739183416
Epoch: 223 - Loss: 163.3188145574059
Epoch: 224 - Loss: 163.22783763837757
Epoch: 225 - Loss: 163.13049096510213
Epoch: 226 - Loss: 163.03484522746876
Epoch: 227 - Loss: 162.93072942714073
Epoch: 228 - Loss: 162.8264113561635
Epoch: 229 - Loss: 162.7196484625157
Epoch: 230 - Loss: 162.6049159257857
Epoch: 231 - Loss: 162.49136864770188
Epoch: 232 - Loss: 162.36761218719818
Epoch: 233 - Loss: 162.24309005989394
Epoch: 234 - Loss: 162.11198202957777
Epoch: 235 - Loss: 161.97812536342747
Epoch: 236 - Loss: 161.84026528070234
Epoch: 237 - Loss: 161.69885390504456
Epoch: 238 - Loss: 161.55872612104488
Epoch: 239 - Loss: 161.42221871681224
Epoch: 240 - Loss: 161.2986290729338
Epoch: 241 - Loss: 161.20304983979082
Epoch: 242 - Loss: 161.1538756216403
Epoch: 243 - Loss: 161.15717068152682
Epoch: 244 - Loss: 161.15215209398372
Epoch: 245 - Loss: 161.0830965502839
Epoch: 246 - Loss: 160.97342801706642
Epoch: 247 - Loss: 160.8598829152653
Epoch: 248 - Loss: 160.76220937025522
Epoch: 249 - Loss: 160.68353703244617
Epoch: 250 - Loss: 160.61824935401654
Epoch: 251 - Loss: 160.56079665982128
Epoch: 252 - Loss: 160.50608214187716
Epoch: 253 - Loss: 160.45067623693487
Epoch: 254 - Loss: 160.39328727744422
Epoch: 255 - Loss: 160.33266918809295
Epoch: 256 - Loss: 160.26877799429698
Epoch: 257 - Loss: 160.2019694817453
Epoch: 258 - Loss: 160.13240360442404
Epoch: 259 - Loss: 160.06104912228628
Epoch: 260 - Loss: 159.98861129375476
Epoch: 261 - Loss: 159.91595493918624
Epoch: 262 - Loss: 159.844268675119
Epoch: 263 - Loss: 159.77427980333226
Epoch: 264 - Loss: 159.7067828968926
Epoch: 265 - Loss: 159.64204163399256
Epoch: 266 - Loss: 159.57951633443665
Epoch: 267 - Loss: 159.5182270514442
Epoch: 268 - Loss: 159.4565749436527
Epoch: 269 - Loss: 159.39321523657946
Epoch: 270 - Loss: 159.32761759990643
Epoch: 271 - Loss: 159.26002303559346
Epoch: 272 - Loss: 159.191435157443
Epoch: 273 - Loss: 159.12285614206857
Epoch: 274 - Loss: 159.05492670498492
Epoch: 275 - Loss: 158.9878961962165
Epoch: 276 - Loss: 158.92151123635867
Epoch: 277 - Loss: 158.85536199405888
Epoch: 278 - Loss: 158.788978291094
Epoch: 279 - Loss: 158.72190710379112
Epoch: 280 - Loss: 158.65136663882944
Epoch: 281 - Loss: 158.5777010535569
Epoch: 282 - Loss: 158.50207670186396
Epoch: 283 - Loss: 158.42464877619312
Epoch: 284 - Loss: 158.34557768123716
Epoch: 285 - Loss: 158.2650655879149
Epoch: 286 - Loss: 158.18324289393007
Epoch: 287 - Loss: 158.10015370230315
Epoch: 288 - Loss: 158.01575303564084
Epoch: 289 - Loss: 157.9298679769989
Epoch: 290 - Loss: 157.8422886820112
Epoch: 291 - Loss: 157.75279944214867
Epoch: 292 - Loss: 157.6612425576489
Epoch: 293 - Loss: 157.56757046187454
Epoch: 294 - Loss: 157.47180141368992
Epoch: 295 - Loss: 157.37400967592095
Epoch: 296 - Loss: 157.27426392131235
Epoch: 297 - Loss: 157.172595559538
Epoch: 298 - Loss: 157.06901646376826
Epoch: 299 - Loss: 156.96352457881738
Epoch: 300 - Loss: 156.85615987163268
Epoch: 1 - Loss: 189.49629683288663
Epoch: 2 - Loss: 188.30158298375213
Epoch: 3 - Loss: 187.29150635380077
Epoch: 4 - Loss: 185.4907538311392
Epoch: 5 - Loss: 185.08620680110545
Epoch: 6 - Loss: 182.71333699446728
Epoch: 7 - Loss: 181.83071462477776
Epoch: 8 - Loss: 180.8919470864462
Epoch: 9 - Loss: 179.71302662842737
Epoch: 10 - Loss: 178.4839345382017
Epoch: 11 - Loss: 177.15472992825164
Epoch: 12 - Loss: 175.7727099180258
Epoch: 13 - Loss: 174.49098278258106
Epoch: 14 - Loss: 173.42959428704685
Epoch: 15 - Loss: 172.34136117141986
Epoch: 16 - Loss: 170.76880670065464
Epoch: 17 - Loss: 168.49413572901025
Epoch: 18 - Loss: 171.12134417413324
Epoch: 19 - Loss: 124.72248932623961
Epoch: 20 - Loss: 118.76285536856611
Epoch: 21 - Loss: 116.43276208935347
Epoch: 22 - Loss: 113.60058230418667
Epoch: 23 - Loss: 112.39291194771297
Epoch: 24 - Loss: 113.93223404548766
Epoch: 25 - Loss: 112.45607007846691
Epoch: 26 - Loss: 119.48428808046226
Epoch: 27 - Loss: 118.88889422732373
Epoch: 28 - Loss: 113.90576344998875
Epoch: 29 - Loss: 105.26383662566023
Epoch: 30 - Loss: 95.12043297987807
Epoch: 31 - Loss: 94.97890060683223
Epoch: 32 - Loss: 96.34277905627256
Epoch: 33 - Loss: 97.19396150738768
Epoch: 34 - Loss: 97.62364295539362
Epoch: 35 - Loss: 97.77399883444293
Epoch: 36 - Loss: 97.73406171992781
Epoch: 37 - Loss: 97.46761125047554
Epoch: 38 - Loss: 97.02944259718463
Epoch: 39 - Loss: 96.41143835710862
Epoch: 40 - Loss: 95.5763785739126
Epoch: 41 - Loss: 94.41959764857135
Epoch: 42 - Loss: 92.54805911842513
Epoch: 43 - Loss: 88.7252593328002
Epoch: 44 - Loss: 91.30113605418988
Epoch: 45 - Loss: 86.01482821545265
Epoch: 46 - Loss: 87.0343095116416
Epoch: 47 - Loss: 113.03997618486741
NON-FINITE LOSS: retcode=Unstable npoints=6 expected=6
NON-FINITE LOSS: retcode=Unstable npoints=5 expected=6
Epoch: 48 - Loss: 1.0e6
NON-FINITE LOSS: retcode=Unstable npoints=6 expected=6
NON-FINITE LOSS: retcode=Unstable npoints=4 expected=6
Epoch: 49 - Loss: 1.0e6
NON-FINITE LOSS: retcode=Unstable npoints=6 expected=6
NON-FINITE LOSS: retcode=Unstable npoints=4 expected=6
Epoch: 50 - Loss: 1.0e6
NON-FINITE LOSS: retcode=Unstable npoints=6 expected=6
NON-FINITE LOSS: retcode=Unstable npoints=4 expected=6
Epoch: 51 - Loss: 1.0e6
NON-FINITE LOSS: retcode=Unstable npoints=6 expected=6
NON-FINITE LOSS: retcode=Unstable npoints=3 expected=6
Epoch: 52 - Loss: 1.0e6
NON-FINITE LOSS: retcode=Unstable npoints=6 expected=6
NON-FINITE LOSS: retcode=Unstable npoints=3 expected=6
Epoch: 53 - Loss: 1.0e6
Epoch: 1 - Loss: 196.73614317456895
Epoch: 2 - Loss: 196.72009454150103
Epoch: 3 - Loss: 196.70403050235848
Epoch: 4 - Loss: 196.68795053765524
Epoch: 5 - Loss: 196.67185593841222
Epoch: 6 - Loss: 196.65574188521134
Epoch: 7 - Loss: 196.63961276859908
Epoch: 8 - Loss: 196.623466787726
Epoch: 9 - Loss: 196.60730354596612
Epoch: 10 - Loss: 196.5911227920575
Epoch: 11 - Loss: 196.5749241340265
Epoch: 12 - Loss: 196.5587074475852
Epoch: 13 - Loss: 196.54247255617068
Epoch: 14 - Loss: 196.5262191210841
Epoch: 15 - Loss: 196.50994676189373
Epoch: 16 - Loss: 196.4936550622827
Epoch: 17 - Loss: 196.4773439308818
Epoch: 18 - Loss: 196.46101274731504
Epoch: 19 - Loss: 196.44466181548324
Epoch: 20 - Loss: 196.42829048934985
Epoch: 21 - Loss: 196.41189886697532
Epoch: 22 - Loss: 196.3954861278121
Epoch: 23 - Loss: 196.37905233701088
Epoch: 24 - Loss: 196.3625969103182
Epoch: 25 - Loss: 196.34612024549406
Epoch: 26 - Loss: 196.32962153325872
Epoch: 27 - Loss: 196.31310083281878
Epoch: 28 - Loss: 196.29655787521844
Epoch: 29 - Loss: 196.2799924365002
Epoch: 30 - Loss: 196.26340415513238
Epoch: 31 - Loss: 196.2467928618823
Epoch: 32 - Loss: 196.2301583416576
Epoch: 33 - Loss: 196.21350020260627
Epoch: 34 - Loss: 196.196818364859
Epoch: 35 - Loss: 196.18011258128828
Epoch: 36 - Loss: 196.16338249051051
Epoch: 37 - Loss: 196.14662822167585
Epoch: 38 - Loss: 196.12984939143996
Epoch: 39 - Loss: 196.11304595168238
Epoch: 40 - Loss: 196.09621734874946
Epoch: 41 - Loss: 196.07936345176722
Epoch: 42 - Loss: 196.06248414020422
Epoch: 43 - Loss: 196.0455790443751
Epoch: 44 - Loss: 196.02864809844846
Epoch: 45 - Loss: 196.01169123868303
Epoch: 46 - Loss: 195.99470823331617
Epoch: 47 - Loss: 195.97769870291467
Epoch: 48 - Loss: 195.96066253102939
Epoch: 49 - Loss: 195.94359950011795
Epoch: 50 - Loss: 195.9265093931493
Epoch: 51 - Loss: 195.9093920339979
Epoch: 52 - Loss: 195.89224712118641
Epoch: 53 - Loss: 195.8750746595642
Epoch: 54 - Loss: 195.8578746311132
Epoch: 55 - Loss: 195.8406459725548
Epoch: 56 - Loss: 195.82338919996346
Epoch: 57 - Loss: 195.80610396049525
Epoch: 58 - Loss: 195.78878999839347
Epoch: 59 - Loss: 195.7714470746698
Epoch: 60 - Loss: 195.7540750099959
Epoch: 61 - Loss: 195.7366736072428
Epoch: 62 - Loss: 195.71924237459987
Epoch: 63 - Loss: 195.70178162541305
Epoch: 64 - Loss: 195.68429083758193
Epoch: 65 - Loss: 195.66676990647613
Epoch: 66 - Loss: 195.64921853062293
Epoch: 67 - Loss: 195.63163641857562
Epoch: 68 - Loss: 195.61402351913802
Epoch: 69 - Loss: 195.59637937259524
Epoch: 70 - Loss: 195.57870400273697
Epoch: 71 - Loss: 195.56099705020824
Epoch: 72 - Loss: 195.5432585352224
Epoch: 73 - Loss: 195.5254877597127
Epoch: 74 - Loss: 195.50768453308982
Epoch: 75 - Loss: 195.4898490336457
Epoch: 76 - Loss: 195.47198071061592
Epoch: 77 - Loss: 195.45407915690626
Epoch: 78 - Loss: 195.436144257212
Epoch: 79 - Loss: 195.41817596597073
Epoch: 80 - Loss: 195.40017444762734
Epoch: 81 - Loss: 195.38213823269095
Epoch: 82 - Loss: 195.36406778528118
Epoch: 83 - Loss: 195.34596279965086
Epoch: 84 - Loss: 195.32782293019744
Epoch: 85 - Loss: 195.30964807951057
Epoch: 86 - Loss: 195.29143755109538
Epoch: 87 - Loss: 195.27319128959962
Epoch: 88 - Loss: 195.25490890156442
Epoch: 89 - Loss: 195.2365904367579
Epoch: 90 - Loss: 195.2182351674721
Epoch: 91 - Loss: 195.19984284768253
Epoch: 92 - Loss: 195.18141343956185
Epoch: 93 - Loss: 195.16294659172
Epoch: 94 - Loss: 195.14444172454662
Epoch: 95 - Loss: 195.12589853073038
Epoch: 96 - Loss: 195.10731693723628
Epoch: 97 - Loss: 195.08869657012016
Epoch: 98 - Loss: 195.07003701406202
Epoch: 99 - Loss: 195.05133789790662
Epoch: 100 - Loss: 195.03259871233027
Epoch: 101 - Loss: 195.0138196255933
Epoch: 102 - Loss: 194.99499966165192
Epoch: 103 - Loss: 194.9761388938702
Epoch: 104 - Loss: 194.9572368327893
Epoch: 105 - Loss: 194.93829303047366
Epoch: 106 - Loss: 194.91930742618158
Epoch: 107 - Loss: 194.90027911196552
Epoch: 108 - Loss: 194.88120806987115
Epoch: 109 - Loss: 194.86209368427495
Epoch: 110 - Loss: 194.84293574252843
Epoch: 111 - Loss: 194.82373347575572
Epoch: 112 - Loss: 194.80448688504447
Epoch: 113 - Loss: 194.78519555791118
Epoch: 114 - Loss: 194.76585883188875
Epoch: 115 - Loss: 194.74647640160012
Epoch: 116 - Loss: 194.72704771840432
Epoch: 117 - Loss: 194.7075725551125
Epoch: 118 - Loss: 194.6880502334214
Epoch: 119 - Loss: 194.6684809854761
Epoch: 120 - Loss: 194.64886327457558
Epoch: 121 - Loss: 194.62919705327383
Epoch: 122 - Loss: 194.60948191023851
Epoch: 123 - Loss: 194.58971733461993
Epoch: 124 - Loss: 194.56990294145967
Epoch: 125 - Loss: 194.55003826557035
Epoch: 126 - Loss: 194.53012275496303
Epoch: 127 - Loss: 194.51015592914055
Epoch: 128 - Loss: 194.49013721660128
Epoch: 129 - Loss: 194.47006607877708
Epoch: 130 - Loss: 194.44994219593812
Epoch: 131 - Loss: 194.42911219699616
Epoch: 132 - Loss: 194.40797603060545
Epoch: 133 - Loss: 194.38671399407636
Epoch: 134 - Loss: 194.36533357957506
Epoch: 135 - Loss: 194.34384086121153
Epoch: 136 - Loss: 194.32224089783506
Epoch: 137 - Loss: 194.30053972310733
Epoch: 138 - Loss: 194.2787406711956
Epoch: 139 - Loss: 194.25684844128358
Epoch: 140 - Loss: 194.23486616986455
Epoch: 141 - Loss: 194.21279687485756
Epoch: 142 - Loss: 194.19064281190697
Epoch: 143 - Loss: 194.16840678825582
Epoch: 144 - Loss: 194.14608989410397
Epoch: 145 - Loss: 194.12369407905928
Epoch: 146 - Loss: 194.10122120566695
Epoch: 147 - Loss: 194.07867226801335
Epoch: 148 - Loss: 194.05604741472837
Epoch: 149 - Loss: 194.03334923648364
Epoch: 150 - Loss: 194.01057753698834
Epoch: 151 - Loss: 193.9877329221535
Epoch: 152 - Loss: 193.9648160673291
Epoch: 153 - Loss: 193.9418264422067
Epoch: 154 - Loss: 193.91876514680885
Epoch: 155 - Loss: 193.8956313540096
Epoch: 156 - Loss: 193.87242628280566
Epoch: 157 - Loss: 193.84914914894733
Epoch: 158 - Loss: 193.82579985267657
Epoch: 159 - Loss: 193.80237786158574
Epoch: 160 - Loss: 193.7788845817623
Epoch: 161 - Loss: 193.75531797245537
Epoch: 162 - Loss: 193.73167809829206
Epoch: 163 - Loss: 193.707964781669
Epoch: 164 - Loss: 193.68417752367833
Epoch: 165 - Loss: 193.66031600236946
Epoch: 166 - Loss: 193.63637963773408
Epoch: 167 - Loss: 193.61236813260916
Epoch: 168 - Loss: 193.58828080531617
Epoch: 169 - Loss: 193.56411669115636
Epoch: 170 - Loss: 193.53987595034076
Epoch: 171 - Loss: 193.51555771749602
Epoch: 172 - Loss: 193.49116158312424
Epoch: 173 - Loss: 193.46668676122653
Epoch: 174 - Loss: 193.44213279804308
Epoch: 175 - Loss: 193.41749885945788
Epoch: 176 - Loss: 193.3927842395832
Epoch: 177 - Loss: 193.36798849449238
Epoch: 178 - Loss: 193.3431107920423
Epoch: 179 - Loss: 193.31815064924865
Epoch: 180 - Loss: 193.29310733896142
Epoch: 181 - Loss: 193.26797994678054
Epoch: 182 - Loss: 193.2427681175073
Epoch: 183 - Loss: 193.2174710872423
Epoch: 184 - Loss: 193.19208790931344
Epoch: 185 - Loss: 193.16661778971059
Epoch: 186 - Loss: 193.14106064894338
Epoch: 187 - Loss: 193.1154151133243
Epoch: 188 - Loss: 193.0896807684693
Epoch: 189 - Loss: 193.06385728545683
Epoch: 190 - Loss: 193.03794316851955
Epoch: 191 - Loss: 193.01193782251303
Epoch: 192 - Loss: 192.9858408404602
Epoch: 193 - Loss: 192.95965133399554
Epoch: 194 - Loss: 192.93336852489207
Epoch: 195 - Loss: 192.90699146295532
Epoch: 196 - Loss: 192.88051988621262
Epoch: 197 - Loss: 192.8539529619143
Epoch: 198 - Loss: 192.8272894385555
Epoch: 199 - Loss: 192.8005289592578
Epoch: 200 - Loss: 192.77367060615356
Epoch: 201 - Loss: 192.7467137777748
Epoch: 202 - Loss: 192.7196577495157
Epoch: 203 - Loss: 192.69250188842062
Epoch: 204 - Loss: 192.66524448688727
Epoch: 205 - Loss: 192.63788531233624
Epoch: 206 - Loss: 192.61042412086334
Epoch: 207 - Loss: 192.5828597800598
Epoch: 208 - Loss: 192.55519150616004
Epoch: 209 - Loss: 192.52741843400906
Epoch: 210 - Loss: 192.49953973136934
Epoch: 211 - Loss: 192.471554944206
Epoch: 212 - Loss: 192.44346338761602
Epoch: 213 - Loss: 192.4152635361628
Epoch: 214 - Loss: 192.3869551840546
Epoch: 215 - Loss: 192.35853732460947
Epoch: 216 - Loss: 192.33000924873411
Epoch: 217 - Loss: 192.30137001065722
Epoch: 218 - Loss: 192.272619088813
Epoch: 219 - Loss: 192.24375542664856
Epoch: 220 - Loss: 192.21477818585376
Epoch: 221 - Loss: 192.18568706738284
Epoch: 222 - Loss: 192.1564809932403
Epoch: 223 - Loss: 192.1271590597144
Epoch: 224 - Loss: 192.09772072467416
Epoch: 225 - Loss: 192.06816488213406
Epoch: 226 - Loss: 192.03849084204083
Epoch: 227 - Loss: 192.0086983052399
Epoch: 228 - Loss: 191.97878577466497
Epoch: 229 - Loss: 191.94875240573515
Epoch: 230 - Loss: 191.9185980443639
Epoch: 231 - Loss: 191.8883214619456
Epoch: 232 - Loss: 191.85792180046784
Epoch: 233 - Loss: 191.827398607591
Epoch: 234 - Loss: 191.7967506991285
Epoch: 235 - Loss: 191.7659773307935
Epoch: 236 - Loss: 191.7350778977193
Epoch: 237 - Loss: 191.7040514310595
Epoch: 238 - Loss: 191.6728969957318
Epoch: 239 - Loss: 191.641614408188
Epoch: 240 - Loss: 191.6102016153453
Epoch: 241 - Loss: 191.57865936972541
Epoch: 242 - Loss: 191.54698600440585
Epoch: 243 - Loss: 191.51518100981596
Epoch: 244 - Loss: 191.48324432029324
Epoch: 245 - Loss: 191.4511730784441
Epoch: 246 - Loss: 191.4189679684754
Epoch: 247 - Loss: 191.38662770779976
Epoch: 248 - Loss: 191.3541517363577
Epoch: 249 - Loss: 191.32153910544997
Epoch: 250 - Loss: 191.2887890546867
Epoch: 251 - Loss: 191.25589908192296
Epoch: 252 - Loss: 191.2228715946793
Epoch: 253 - Loss: 191.18970400858498
Epoch: 254 - Loss: 191.15639580709106
Epoch: 255 - Loss: 191.12294611453214
Epoch: 256 - Loss: 191.08935403569978
Epoch: 257 - Loss: 191.0556186533227
Epoch: 258 - Loss: 191.02173922387803
Epoch: 259 - Loss: 190.987714913703
Epoch: 260 - Loss: 190.95354487728014
Epoch: 261 - Loss: 190.919228132595
Epoch: 262 - Loss: 190.88476499038555
Epoch: 263 - Loss: 190.8501526633519
Epoch: 264 - Loss: 190.8153912404714
Epoch: 265 - Loss: 190.78047983702828
Epoch: 266 - Loss: 190.74541761703887
Epoch: 267 - Loss: 190.7102037055277
Epoch: 268 - Loss: 190.67483706598938
Epoch: 269 - Loss: 190.63931716515583
Epoch: 270 - Loss: 190.60364292028504
Epoch: 271 - Loss: 190.56781338743292
Epoch: 272 - Loss: 190.5318286410939
Epoch: 273 - Loss: 190.49568593189287
Epoch: 274 - Loss: 190.45938521871156
Epoch: 275 - Loss: 190.4229256299363
Epoch: 276 - Loss: 190.38630616384702
Epoch: 277 - Loss: 190.34952582828876
Epoch: 278 - Loss: 190.3125837614748
Epoch: 279 - Loss: 190.27547898123117
Epoch: 280 - Loss: 190.23821042022868
Epoch: 281 - Loss: 190.20077707001226
Epoch: 282 - Loss: 190.16317793137677
Epoch: 283 - Loss: 190.12541205110992
Epoch: 284 - Loss: 190.0874783204011
Epoch: 285 - Loss: 190.04937565528317
Epoch: 286 - Loss: 190.01110301923936
Epoch: 287 - Loss: 189.9726592777647
Epoch: 288 - Loss: 189.93404322988283
Epoch: 289 - Loss: 189.89525379477516
Epoch: 290 - Loss: 189.85628978605948
Epoch: 291 - Loss: 189.81714983436834
Epoch: 292 - Loss: 189.77783297788454
Epoch: 293 - Loss: 189.73833794983287
Epoch: 294 - Loss: 189.69866336219502
Epoch: 295 - Loss: 189.65880787116512
Epoch: 296 - Loss: 189.61877017374664
Epoch: 297 - Loss: 189.5785488324301
Epoch: 298 - Loss: 189.5381422605721
Epoch: 299 - Loss: 189.4975489213384
Epoch: 300 - Loss: 189.45676757368668
Epoch: 1 - Loss: 195.2130613646781
Epoch: 2 - Loss: 195.1774655005957
Epoch: 3 - Loss: 195.14179106521655
Epoch: 4 - Loss: 195.10603649280392
Epoch: 5 - Loss: 195.07020015265152
Epoch: 6 - Loss: 195.03428035840315
Epoch: 7 - Loss: 194.99827544160593
Epoch: 8 - Loss: 194.96218361452657
Epoch: 9 - Loss: 194.9260030984025
Epoch: 10 - Loss: 194.8897320964473
Epoch: 11 - Loss: 194.85336878227716
Epoch: 12 - Loss: 194.81691126646828
Epoch: 13 - Loss: 194.78035780526426
Epoch: 14 - Loss: 194.74370650159102
Epoch: 15 - Loss: 194.70695550232256
Epoch: 16 - Loss: 194.67010293300564
Epoch: 17 - Loss: 194.63314698024155
Epoch: 18 - Loss: 194.59608578602914
Epoch: 19 - Loss: 194.55891746123837
Epoch: 20 - Loss: 194.52164006125957
Epoch: 21 - Loss: 194.48425207883324
Epoch: 22 - Loss: 194.44675151050043
Epoch: 23 - Loss: 194.40913653437292
Epoch: 24 - Loss: 194.37140537259825
Epoch: 25 - Loss: 194.33355621006953
Epoch: 26 - Loss: 194.2955873633003
Epoch: 27 - Loss: 194.25749707001003
Epoch: 28 - Loss: 194.21928355773588
Epoch: 29 - Loss: 194.18094516358184
Epoch: 30 - Loss: 194.1424802525987
Epoch: 31 - Loss: 194.10388701908204
Epoch: 32 - Loss: 194.06516386519013
Epoch: 33 - Loss: 194.02630917016333
Epoch: 34 - Loss: 193.9873212886058
Epoch: 35 - Loss: 193.94819864066466
Epoch: 36 - Loss: 193.90893960823402
Epoch: 37 - Loss: 193.8695426394171
Epoch: 38 - Loss: 193.8300061704764
Epoch: 39 - Loss: 193.79032860953095
Epoch: 40 - Loss: 193.75050855393286
Epoch: 41 - Loss: 193.71054443126837
Epoch: 42 - Loss: 193.67043475510548
Epoch: 43 - Loss: 193.63017808870416
Epoch: 44 - Loss: 193.58977289697688
Epoch: 45 - Loss: 193.5492177322396
Epoch: 46 - Loss: 193.50851115151048
Epoch: 47 - Loss: 193.4676517500987
Epoch: 48 - Loss: 193.42663804750296
Epoch: 49 - Loss: 193.38546867306698
Epoch: 50 - Loss: 193.34414226846718
Epoch: 51 - Loss: 193.30265738602387
Epoch: 52 - Loss: 193.26101263838612
Epoch: 53 - Loss: 193.21920667805145
Epoch: 54 - Loss: 193.17723813867278
Epoch: 55 - Loss: 193.1351056564791
Epoch: 56 - Loss: 193.09280795857507
Epoch: 57 - Loss: 193.0486882499857
Epoch: 58 - Loss: 193.0042258512647
Epoch: 59 - Loss: 192.95946558017982
Epoch: 60 - Loss: 192.91442111762495
Epoch: 61 - Loss: 192.86910457906046
Epoch: 62 - Loss: 192.82352648097185
Epoch: 63 - Loss: 192.7776962600317
Epoch: 64 - Loss: 192.7316220473151
Epoch: 65 - Loss: 192.68531103353158
Epoch: 66 - Loss: 192.63876948430857
Epoch: 67 - Loss: 192.59200284861737
Epoch: 68 - Loss: 192.5450158511042
Epoch: 69 - Loss: 192.4978125462988
Epoch: 70 - Loss: 192.45039648532975
Epoch: 71 - Loss: 192.4027706491723
Epoch: 72 - Loss: 192.35493758164225
Epoch: 73 - Loss: 192.3068992741935
Epoch: 74 - Loss: 192.25865768051642
Epoch: 75 - Loss: 192.21021414475206
Epoch: 76 - Loss: 192.16156983644447
Epoch: 77 - Loss: 192.11272563203576
Epoch: 78 - Loss: 192.06368227837746
Epoch: 79 - Loss: 192.01444011800498
Epoch: 80 - Loss: 191.96499956545318
Epoch: 81 - Loss: 191.91536070725476
Epoch: 82 - Loss: 191.86552340531432
Epoch: 83 - Loss: 191.815487826761
Epoch: 84 - Loss: 191.76525353025937
Epoch: 85 - Loss: 191.7148202899932
Epoch: 86 - Loss: 191.66418767435766
Epoch: 87 - Loss: 191.61335517208678
Epoch: 88 - Loss: 191.56232234517068
Epoch: 89 - Loss: 191.51108856647184
Epoch: 90 - Loss: 191.45965323951833
Epoch: 91 - Loss: 191.40801572322724
Epoch: 92 - Loss: 191.35617523864644
Epoch: 93 - Loss: 191.30413110699575
Epoch: 94 - Loss: 191.25188254677258
Epoch: 95 - Loss: 191.1994287673432
Epoch: 96 - Loss: 191.14676898562197
Epoch: 97 - Loss: 191.09390233398875
Epoch: 98 - Loss: 191.04082823256556
Epoch: 99 - Loss: 190.98754574281747
Epoch: 100 - Loss: 190.9340540562478
Epoch: 101 - Loss: 190.8803523924527
Epoch: 102 - Loss: 190.82643995489357
Epoch: 103 - Loss: 190.7723159666427
Epoch: 104 - Loss: 190.7179795822164
Epoch: 105 - Loss: 190.66343037813277
Epoch: 106 - Loss: 190.60866687226545
Epoch: 107 - Loss: 190.55368909008357
Epoch: 108 - Loss: 190.49849594779286
Epoch: 109 - Loss: 190.44308672682703
Epoch: 110 - Loss: 190.38746075539146
Epoch: 111 - Loss: 190.3316172046634
Epoch: 112 - Loss: 190.27555584187533
Epoch: 113 - Loss: 190.21927573553822
Epoch: 114 - Loss: 190.16277630726685
Epoch: 115 - Loss: 190.10605693351252
Epoch: 116 - Loss: 190.0491170589453
Epoch: 117 - Loss: 189.9919559613338
Epoch: 118 - Loss: 189.93457341870916
Epoch: 119 - Loss: 189.87696870171013
Epoch: 120 - Loss: 189.8191413981229
Epoch: 121 - Loss: 189.76109096862783
Epoch: 122 - Loss: 189.70281704466922
Epoch: 123 - Loss: 189.64431899491618
Epoch: 124 - Loss: 189.58559652585816
Epoch: 125 - Loss: 189.52664936350473
Epoch: 126 - Loss: 189.46747701460674
Epoch: 127 - Loss: 189.40807909883068
Epoch: 128 - Loss: 189.3484552400053
Epoch: 129 - Loss: 189.288604910603
Epoch: 130 - Loss: 189.22852824992026
Epoch: 131 - Loss: 189.16822471200882
Epoch: 132 - Loss: 189.1076941083687
Epoch: 133 - Loss: 189.04693608999258
Epoch: 134 - Loss: 188.985950435094
Epoch: 135 - Loss: 188.92473669456965
Epoch: 136 - Loss: 188.86329463254708
Epoch: 137 - Loss: 188.8016240824022
Epoch: 138 - Loss: 188.73972469364017
Epoch: 139 - Loss: 188.67759621894362
Epoch: 140 - Loss: 188.61523834949801
Epoch: 141 - Loss: 188.55265102678905
Epoch: 142 - Loss: 188.48983345632848
Epoch: 143 - Loss: 188.42678571376132
Epoch: 144 - Loss: 188.36350727156662
Epoch: 145 - Loss: 188.29999775783085
Epoch: 146 - Loss: 188.23625671132555
Epoch: 147 - Loss: 188.17228326637743
Epoch: 148 - Loss: 188.10807779241492
Epoch: 149 - Loss: 188.0436391282135
Epoch: 150 - Loss: 187.97896665708112
Epoch: 151 - Loss: 187.91405963414832
Epoch: 152 - Loss: 187.84891720709632
Epoch: 153 - Loss: 187.78353872838156
Epoch: 154 - Loss: 187.71792263560386
Epoch: 155 - Loss: 187.65206803490344
Epoch: 156 - Loss: 187.58597365690147
Epoch: 157 - Loss: 187.5196380256555
Epoch: 158 - Loss: 187.45305985646644
Epoch: 159 - Loss: 187.38623716524356
Epoch: 160 - Loss: 187.31916800101
Epoch: 161 - Loss: 187.25185014445634
Epoch: 162 - Loss: 187.18428077460914
Epoch: 163 - Loss: 187.1164582553652
Epoch: 164 - Loss: 187.04837864589504
Epoch: 165 - Loss: 186.98003886007703
Epoch: 166 - Loss: 186.91143534555226
Epoch: 167 - Loss: 186.84256411625378
Epoch: 168 - Loss: 186.77342065235888
Epoch: 169 - Loss: 186.70399980832133
Epoch: 170 - Loss: 186.63429643114068
Epoch: 171 - Loss: 186.5643047113951
Epoch: 172 - Loss: 186.49401804333368
Epoch: 173 - Loss: 186.4234292549245
Epoch: 174 - Loss: 186.35253023003528
Epoch: 175 - Loss: 186.28131240948534
Epoch: 176 - Loss: 186.20976626370424
Epoch: 177 - Loss: 186.1378815695578
Epoch: 178 - Loss: 186.06564705671738
Epoch: 179 - Loss: 185.99304969257662
Epoch: 180 - Loss: 185.92007588414498
Epoch: 181 - Loss: 185.8467106071322
Epoch: 182 - Loss: 185.7729372980512
Epoch: 183 - Loss: 185.69873844562576
Epoch: 184 - Loss: 185.62409400917835
Epoch: 185 - Loss: 185.54898237194232
Epoch: 186 - Loss: 185.47337994860976
Epoch: 187 - Loss: 185.39726082698095
Epoch: 188 - Loss: 185.32059629628642
Epoch: 189 - Loss: 185.24335525244504
Epoch: 190 - Loss: 185.16550348486797
Epoch: 191 - Loss: 185.0870033619775
Epoch: 192 - Loss: 185.00781372137084
Epoch: 193 - Loss: 184.92788959714437
Epoch: 194 - Loss: 184.84718147509153
Epoch: 195 - Loss: 184.76563353172773
Epoch: 196 - Loss: 184.68318676641562
Epoch: 197 - Loss: 184.59977429350226
Epoch: 198 - Loss: 184.51532292039192
Epoch: 199 - Loss: 184.42975215628
Epoch: 200 - Loss: 184.34297247544646
Epoch: 201 - Loss: 184.25488393412652
Epoch: 202 - Loss: 184.16537814556236
Epoch: 203 - Loss: 184.07433265524332
Epoch: 204 - Loss: 183.98161240774675
Epoch: 205 - Loss: 183.88706620521836
Epoch: 206 - Loss: 183.79052650749105
Epoch: 207 - Loss: 183.6918039008008
Epoch: 208 - Loss: 183.59068716668176
Epoch: 209 - Loss: 183.48693941789966
Epoch: 210 - Loss: 183.38029424910286
Epoch: 211 - Loss: 183.2704507265884
Epoch: 212 - Loss: 183.1570677800093
Epoch: 213 - Loss: 183.0397584616247
Epoch: 214 - Loss: 182.9180818440346
Epoch: 215 - Loss: 182.79153933863117
Epoch: 216 - Loss: 182.659556431021
Epoch: 217 - Loss: 182.52147732289419
Epoch: 218 - Loss: 182.3765427289394
Epoch: 219 - Loss: 182.22388113618814
Epoch: 220 - Loss: 182.01757518202115
Epoch: 221 - Loss: 181.7940085404282
Epoch: 222 - Loss: 181.55251673177636
Epoch: 223 - Loss: 181.29157486285274
Epoch: 224 - Loss: 181.00923700297
Epoch: 225 - Loss: 180.70309013195347
Epoch: 226 - Loss: 180.3701973678517
Epoch: 227 - Loss: 180.00704412170867
Epoch: 228 - Loss: 179.60947532605277
Epoch: 229 - Loss: 179.17265144152148
Epoch: 230 - Loss: 178.69101838541022
Epoch: 231 - Loss: 178.15833339717798
Epoch: 232 - Loss: 177.56774541232036
Epoch: 233 - Loss: 176.91196372303986
Epoch: 234 - Loss: 176.18344672472256
Epoch: 235 - Loss: 175.22740283311745
Epoch: 236 - Loss: 174.15892452186748
Epoch: 237 - Loss: 172.99057149863128
Epoch: 238 - Loss: 171.688539791801
Epoch: 239 - Loss: 170.3368670545563
Epoch: 240 - Loss: 178.04705562687332
Epoch: 241 - Loss: 181.67720601832963
Epoch: 242 - Loss: 181.84655558325014
Epoch: 243 - Loss: 179.18737644296004
Epoch: 244 - Loss: 177.55183553848678
Epoch: 245 - Loss: 173.76628255077503
Epoch: 246 - Loss: 170.12092560599865
Epoch: 247 - Loss: 170.67174698306098
Epoch: 248 - Loss: 171.29376244496885
Epoch: 249 - Loss: 171.81043573884904
Epoch: 250 - Loss: 172.22395862887868
Epoch: 251 - Loss: 172.55089403856226
Epoch: 252 - Loss: 172.80559201920315
Epoch: 253 - Loss: 172.99920533958226
Epoch: 254 - Loss: 173.14041293278646
Epoch: 255 - Loss: 173.23609559926373
Epoch: 256 - Loss: 173.29181009970662
Epoch: 257 - Loss: 173.31210893384034
Epoch: 258 - Loss: 173.3007599342469
Epoch: 259 - Loss: 173.26090104457407
Epoch: 260 - Loss: 173.19515238324277
Epoch: 261 - Loss: 173.10569895020768
Epoch: 262 - Loss: 172.9943521131167
Epoch: 263 - Loss: 172.86259551310803
Epoch: 264 - Loss: 172.7116192801611
Epoch: 265 - Loss: 172.54234604579858
Epoch: 266 - Loss: 172.35545395778982
Epoch: 267 - Loss: 172.151401741876
Epoch: 268 - Loss: 171.93047096543287
Epoch: 269 - Loss: 171.69284608062983
Epoch: 270 - Loss: 171.43878668703334
Epoch: 271 - Loss: 171.16899900023037
Epoch: 272 - Loss: 170.8854506192045
Epoch: 273 - Loss: 170.59317161652365
Epoch: 274 - Loss: 170.3042707686033
Epoch: 275 - Loss: 170.0467568601228
Epoch: 276 - Loss: 169.88196568768095
Epoch: 277 - Loss: 169.99579240739584
Epoch: 278 - Loss: 170.51840809370424
Epoch: 279 - Loss: 170.51385253122248
Epoch: 280 - Loss: 170.02686063627647
Epoch: 281 - Loss: 169.8300941697871
Epoch: 282 - Loss: 169.87431862786758
Epoch: 283 - Loss: 169.95875817076674
Epoch: 284 - Loss: 170.03753284007078
Epoch: 285 - Loss: 170.09226688390578
Epoch: 286 - Loss: 170.11713068941827
Epoch: 287 - Loss: 170.11199544789656
Epoch: 288 - Loss: 170.07961142050203
Epoch: 289 - Loss: 170.02465461672472
Epoch: 290 - Loss: 169.95371580411438
Epoch: 291 - Loss: 169.87580630294994
Epoch: 292 - Loss: 169.80297925184195
Epoch: 293 - Loss: 169.75013169345726
Epoch: 294 - Loss: 169.73184044467433
Epoch: 295 - Loss: 169.77306764822262
Epoch: 296 - Loss: 169.8333657087775
Epoch: 297 - Loss: 169.78181585226622
Epoch: 298 - Loss: 169.70788883693507
Epoch: 299 - Loss: 169.6929291913827
Epoch: 300 - Loss: 169.6950518201743
Epoch: 1 - Loss: 202.74414560911347
Epoch: 2 - Loss: 202.72314269938616
Epoch: 3 - Loss: 202.70214068897667
Epoch: 4 - Loss: 202.6811398082253
Epoch: 5 - Loss: 202.66013969083477
Epoch: 6 - Loss: 202.63914076918027
Epoch: 7 - Loss: 202.6181429758874
Epoch: 8 - Loss: 202.59714679641675
Epoch: 9 - Loss: 202.5761513281007
Epoch: 10 - Loss: 202.55515682054303
Epoch: 11 - Loss: 202.53416333241572
Epoch: 12 - Loss: 202.51317108969562
Epoch: 13 - Loss: 202.49217979913877
Epoch: 14 - Loss: 202.4711896926543
Epoch: 15 - Loss: 202.45019935586112
Epoch: 16 - Loss: 202.42921160597714
Epoch: 17 - Loss: 202.40822595965633
Epoch: 18 - Loss: 202.38724004759646
Epoch: 19 - Loss: 202.3662550956729
Epoch: 20 - Loss: 202.34527071734496
Epoch: 21 - Loss: 202.32428825638146
Epoch: 22 - Loss: 202.30330568965636
Epoch: 23 - Loss: 202.28232200056857
Epoch: 24 - Loss: 202.26134263086607
Epoch: 25 - Loss: 202.24035967947486
Epoch: 26 - Loss: 202.2193790784507
Epoch: 27 - Loss: 202.1983991852616
Epoch: 28 - Loss: 202.17741875816154
Epoch: 29 - Loss: 202.15643989600014
Epoch: 30 - Loss: 202.13545907849073
Epoch: 31 - Loss: 202.11447776685637
Epoch: 32 - Loss: 202.09349646692783
Epoch: 33 - Loss: 202.07251345731362
Epoch: 34 - Loss: 202.05152892793532
Epoch: 35 - Loss: 202.03054320724686
Epoch: 36 - Loss: 202.0095561027918
Epoch: 37 - Loss: 201.9885668999792
Epoch: 38 - Loss: 201.96757528095324
Epoch: 39 - Loss: 201.94658067660265
Epoch: 40 - Loss: 201.9255835954699
Epoch: 41 - Loss: 201.90458327002915
Epoch: 42 - Loss: 201.88357890697614
Epoch: 43 - Loss: 201.86257138557872
Epoch: 44 - Loss: 201.84155966163107
Epoch: 45 - Loss: 201.8205438730903
Epoch: 46 - Loss: 201.79952149830845
Epoch: 47 - Loss: 201.77849422947557
Epoch: 48 - Loss: 201.75746235188024
Epoch: 49 - Loss: 201.73642482084438
Epoch: 50 - Loss: 201.71538064110942
Epoch: 51 - Loss: 201.6943298929511
Epoch: 52 - Loss: 201.67327220688463
Epoch: 53 - Loss: 201.65220850936163
Epoch: 54 - Loss: 201.63113608492822
Epoch: 55 - Loss: 201.61005534749864
Epoch: 56 - Loss: 201.58896617339576
Epoch: 57 - Loss: 201.56786817163453
Epoch: 58 - Loss: 201.54676116850393
Epoch: 59 - Loss: 201.5256441666878
Epoch: 60 - Loss: 201.50451720433205
Epoch: 61 - Loss: 201.4833794889448
Epoch: 62 - Loss: 201.46223100892126
Epoch: 63 - Loss: 201.44107118915514
Epoch: 64 - Loss: 201.41989947624367
Epoch: 65 - Loss: 201.39871492293153
Epoch: 66 - Loss: 201.3775178599863
Epoch: 67 - Loss: 201.35630726591216
Epoch: 68 - Loss: 201.33508363483512
Epoch: 69 - Loss: 201.3138446343839
Epoch: 70 - Loss: 201.29259042514298
Epoch: 71 - Loss: 201.27132068974112
Epoch: 72 - Loss: 201.2500346248019
Epoch: 73 - Loss: 201.2287316095171
Epoch: 74 - Loss: 201.2074110642689
Epoch: 75 - Loss: 201.18607191936647
Epoch: 76 - Loss: 201.16471419974891
Epoch: 77 - Loss: 201.14333647657338
Epoch: 78 - Loss: 201.1219382859859
Epoch: 79 - Loss: 201.1005193233172
Epoch: 80 - Loss: 201.07907772910835
Epoch: 81 - Loss: 201.05761403406356
Epoch: 82 - Loss: 201.03612612626196
Epoch: 83 - Loss: 201.0146137730853
Epoch: 84 - Loss: 200.99307606423622
Epoch: 85 - Loss: 200.9715120608035
Epoch: 86 - Loss: 200.94992095555423
Epoch: 87 - Loss: 200.9283016484487
Epoch: 88 - Loss: 200.90665334688782
Epoch: 89 - Loss: 200.88497493878572
Epoch: 90 - Loss: 200.86326554114402
Epoch: 91 - Loss: 200.84152408982567
Epoch: 92 - Loss: 200.81974947538416
Epoch: 93 - Loss: 200.7979406220493
Epoch: 94 - Loss: 200.77609639068208
Epoch: 95 - Loss: 200.75421600099907
Epoch: 96 - Loss: 200.73229867862588
Epoch: 97 - Loss: 200.71034244646864
Epoch: 98 - Loss: 200.6883466431979
Epoch: 99 - Loss: 200.66630945862784
Epoch: 100 - Loss: 200.64422910769244
Epoch: 101 - Loss: 200.62210752818964
Epoch: 102 - Loss: 200.599941460262
Epoch: 103 - Loss: 200.57772944774143
Epoch: 104 - Loss: 200.5554707435839
Epoch: 105 - Loss: 200.5331641850086
Epoch: 106 - Loss: 200.5108084040993
Epoch: 107 - Loss: 200.48840225639887
Epoch: 108 - Loss: 200.46594461112505
Epoch: 109 - Loss: 200.44343418237176
Epoch: 110 - Loss: 200.4208697029379
Epoch: 111 - Loss: 200.39824981866465
Epoch: 112 - Loss: 200.37557388916056
Epoch: 113 - Loss: 200.3528411860256
Epoch: 114 - Loss: 200.33004899751802
Epoch: 115 - Loss: 200.30719675428466
Epoch: 116 - Loss: 200.2842833797995
Epoch: 117 - Loss: 200.26130772200585
Epoch: 118 - Loss: 200.23826859324666
Epoch: 119 - Loss: 200.2151647396778
Epoch: 120 - Loss: 200.19199543922898
Epoch: 121 - Loss: 200.16875857778274
Epoch: 122 - Loss: 200.1454536498768
Epoch: 123 - Loss: 200.12207968766887
Epoch: 124 - Loss: 200.0986351911443
Epoch: 125 - Loss: 200.0751186235198
Epoch: 126 - Loss: 200.05152965274397
Epoch: 127 - Loss: 200.02786664600194
Epoch: 128 - Loss: 200.00412848090207
Epoch: 129 - Loss: 199.98031407162364
Epoch: 130 - Loss: 199.9564223107842
Epoch: 131 - Loss: 199.9324517499702
Epoch: 132 - Loss: 199.90840186636035
Epoch: 133 - Loss: 199.8842714247463
Epoch: 134 - Loss: 199.8600592006826
Epoch: 135 - Loss: 199.83576411352684
Epoch: 136 - Loss: 199.81138488267183
Epoch: 137 - Loss: 199.78692104128152
Epoch: 138 - Loss: 199.76237046060115
Epoch: 139 - Loss: 199.73773265470382
Epoch: 140 - Loss: 199.71300658935036
Epoch: 141 - Loss: 199.6881909073732
Epoch: 142 - Loss: 199.66328468174683
Epoch: 143 - Loss: 199.6382865609286
Epoch: 144 - Loss: 199.61319642983213
Epoch: 145 - Loss: 199.58801160402496
Epoch: 146 - Loss: 199.56273186259656
Epoch: 147 - Loss: 199.5373554888715
Epoch: 148 - Loss: 199.51188201055191
Epoch: 149 - Loss: 199.48630996524292
Epoch: 150 - Loss: 199.46063801695976
Epoch: 151 - Loss: 199.43486348977672
Epoch: 152 - Loss: 199.4089888421284
Epoch: 153 - Loss: 199.38301027263526
Epoch: 154 - Loss: 199.3569279478855
Epoch: 155 - Loss: 199.33073918230076
Epoch: 156 - Loss: 199.3044444463746
Epoch: 157 - Loss: 199.2780416872006
Epoch: 158 - Loss: 199.2515296821291
Epoch: 159 - Loss: 199.22490786327907
Epoch: 160 - Loss: 199.19817363365746
Epoch: 161 - Loss: 199.17132652328908
Epoch: 162 - Loss: 199.14436518490464
Epoch: 163 - Loss: 199.11728951683037
Epoch: 164 - Loss: 199.09009540112422
Epoch: 165 - Loss: 199.0627834213999
Epoch: 166 - Loss: 199.03535160205078
Epoch: 167 - Loss: 199.007798892662
Epoch: 168 - Loss: 198.98012431662235
Epoch: 169 - Loss: 198.95232595811365
Epoch: 170 - Loss: 198.92440238784528
Epoch: 171 - Loss: 198.89635222922243
Epoch: 172 - Loss: 198.86817451514682
Epoch: 173 - Loss: 198.83986753842203
Epoch: 174 - Loss: 198.81142963036135
Epoch: 175 - Loss: 198.78285964453
Epoch: 176 - Loss: 198.75415599241066
Epoch: 177 - Loss: 198.72531690939792
Epoch: 178 - Loss: 198.69634137984704
Epoch: 179 - Loss: 198.66722757252657
Epoch: 180 - Loss: 198.63797527695823
Epoch: 181 - Loss: 198.60857978431645
Epoch: 182 - Loss: 198.57904074001726
Epoch: 183 - Loss: 198.54935725055276
Epoch: 184 - Loss: 198.51952744375802
Epoch: 185 - Loss: 198.48954954765557
Epoch: 186 - Loss: 198.45942128541046
Epoch: 187 - Loss: 198.4291416499969
Epoch: 188 - Loss: 198.3987086920759
Epoch: 189 - Loss: 198.36812057212808
Epoch: 190 - Loss: 198.33737561816906
Epoch: 191 - Loss: 198.30647205082803
Epoch: 192 - Loss: 198.27540794833317
Epoch: 193 - Loss: 198.2441813684736
Epoch: 194 - Loss: 198.21279022583064
Epoch: 195 - Loss: 198.18123303873094
Epoch: 196 - Loss: 198.14950734515628
Epoch: 197 - Loss: 198.11761137816865
Epoch: 198 - Loss: 198.08554313118128
Epoch: 199 - Loss: 198.0533002915091
Epoch: 200 - Loss: 198.0208811934522
Epoch: 201 - Loss: 197.98828200909742
Epoch: 202 - Loss: 197.9555039013226
Epoch: 203 - Loss: 197.92254295527897
Epoch: 204 - Loss: 197.8893971971351
Epoch: 205 - Loss: 197.85606530006675
Epoch: 206 - Loss: 197.82254222630516
Epoch: 207 - Loss: 197.78882800246623
Epoch: 208 - Loss: 197.75491951710399
Epoch: 209 - Loss: 197.72081469564984
Epoch: 210 - Loss: 197.68651094117774
Epoch: 211 - Loss: 197.6520059726225
Epoch: 212 - Loss: 197.61729734186113
Epoch: 213 - Loss: 197.58238235090926
Epoch: 214 - Loss: 197.54725843708997
Epoch: 215 - Loss: 197.5119236119274
Epoch: 216 - Loss: 197.4763748611663
Epoch: 217 - Loss: 197.44060962026995
Epoch: 218 - Loss: 197.40462600419363
Epoch: 219 - Loss: 197.36841973915764
Epoch: 220 - Loss: 197.33198905189926
Epoch: 221 - Loss: 197.29533146086666
Epoch: 222 - Loss: 197.2584433265945
Epoch: 223 - Loss: 197.2213215971872
Epoch: 224 - Loss: 197.18396447321962
Epoch: 225 - Loss: 197.14636903927365
Epoch: 226 - Loss: 197.10853104621634
Epoch: 227 - Loss: 197.07044825434502
Epoch: 228 - Loss: 197.03211612021272
Epoch: 229 - Loss: 196.99353358563783
Epoch: 230 - Loss: 196.95469701820542
Epoch: 231 - Loss: 196.9156028935879
Epoch: 232 - Loss: 196.87624741823765
Epoch: 233 - Loss: 196.83662759169692
Epoch: 234 - Loss: 196.79674084615226
Epoch: 235 - Loss: 196.7565831581233
Epoch: 236 - Loss: 196.71615102301624
Epoch: 237 - Loss: 196.6754406436243
Epoch: 238 - Loss: 196.6344488648339
Epoch: 239 - Loss: 196.59317174574284
Epoch: 240 - Loss: 196.551606000699
Epoch: 241 - Loss: 196.5097480125675
Epoch: 242 - Loss: 196.4675936060122
Epoch: 243 - Loss: 196.4251391673236
Epoch: 244 - Loss: 196.38238076803756
Epoch: 245 - Loss: 196.33931451198077
Epoch: 246 - Loss: 196.2959368154986
Epoch: 247 - Loss: 196.2522434024119
Epoch: 248 - Loss: 196.20823007964748
Epoch: 249 - Loss: 196.1638926108345
Epoch: 250 - Loss: 196.11922658351284
Epoch: 251 - Loss: 196.07422801810554
Epoch: 252 - Loss: 196.02889242931462
Epoch: 253 - Loss: 195.9832154188987
Epoch: 254 - Loss: 195.9371931921474
Epoch: 255 - Loss: 195.89082069525722
Epoch: 256 - Loss: 195.84409313297493
Epoch: 257 - Loss: 195.7970059662084
Epoch: 258 - Loss: 195.74955483659645
Epoch: 259 - Loss: 195.70173469661407
Epoch: 260 - Loss: 195.6535408891275
Epoch: 261 - Loss: 195.60496841982743
Epoch: 262 - Loss: 195.55601194439276
Epoch: 263 - Loss: 195.5066674060802
Epoch: 264 - Loss: 195.45692969862148
Epoch: 265 - Loss: 195.4067927740137
Epoch: 266 - Loss: 195.3562518121152
Epoch: 267 - Loss: 195.30530169010547
Epoch: 268 - Loss: 195.25393726465737
Epoch: 269 - Loss: 195.2021527978266
Epoch: 270 - Loss: 195.1499431631095
Epoch: 271 - Loss: 195.09730270621236
Epoch: 272 - Loss: 195.04422542718055
Epoch: 273 - Loss: 194.99070596712636
Epoch: 274 - Loss: 194.93673851314924
Epoch: 275 - Loss: 194.8823177203764
Epoch: 276 - Loss: 194.82743751185046
Epoch: 277 - Loss: 194.77209198866942
Epoch: 278 - Loss: 194.7162751870685
Epoch: 279 - Loss: 194.6599811024217
Epoch: 280 - Loss: 194.60320345937606
Epoch: 281 - Loss: 194.54593679658336
Epoch: 282 - Loss: 194.48817421460973
Epoch: 283 - Loss: 194.42990966428107
Epoch: 284 - Loss: 194.37113710943495
Epoch: 285 - Loss: 194.3118498875693
Epoch: 286 - Loss: 194.25204202484753
Epoch: 287 - Loss: 194.19170640988833
Epoch: 288 - Loss: 194.1308368795253
Epoch: 289 - Loss: 194.06942695956005
Epoch: 290 - Loss: 194.00747030087282
Epoch: 291 - Loss: 193.9449601488788
Epoch: 292 - Loss: 193.88188977576306
Epoch: 293 - Loss: 193.81825248881796
Epoch: 294 - Loss: 193.75404218175407
Epoch: 295 - Loss: 193.68925103985327
Epoch: 296 - Loss: 193.6238730108789
Epoch: 297 - Loss: 193.55790144602926
Epoch: 298 - Loss: 193.49132983109018
Epoch: 299 - Loss: 193.42259297152927
Epoch: 300 - Loss: 193.35182809715968
Epoch: 1 - Loss: 195.07096012233202
Epoch: 2 - Loss: 195.04337174359952
Epoch: 3 - Loss: 195.01592282646826
Epoch: 4 - Loss: 194.9886040327731
Epoch: 5 - Loss: 194.96145068921234
Epoch: 6 - Loss: 194.93444903756807
Epoch: 7 - Loss: 194.90759823696695
Epoch: 8 - Loss: 194.8808975279083
Epoch: 9 - Loss: 194.85435036023964
Epoch: 10 - Loss: 194.82795858484013
Epoch: 11 - Loss: 194.8017218471363
Epoch: 12 - Loss: 194.77564236915646
Epoch: 13 - Loss: 194.74971150001156
Epoch: 14 - Loss: 194.72395381073704
Epoch: 15 - Loss: 194.6983621004276
Epoch: 16 - Loss: 194.67291593609082
Epoch: 17 - Loss: 194.6476290116272
Epoch: 18 - Loss: 194.62250109085255
Epoch: 19 - Loss: 194.59753274794306
Epoch: 20 - Loss: 194.5727231799033
Epoch: 21 - Loss: 194.54808067446012
Epoch: 22 - Loss: 194.5235926311628
Epoch: 23 - Loss: 194.49924967827715
Epoch: 24 - Loss: 194.47508652863132
Epoch: 25 - Loss: 194.4510745004521
Epoch: 26 - Loss: 194.4272205098958
Epoch: 27 - Loss: 194.4035067165428
Epoch: 28 - Loss: 194.37996386543094
Epoch: 29 - Loss: 194.35657629477234
Epoch: 30 - Loss: 194.33334178010375
Epoch: 31 - Loss: 194.31027587387294
Epoch: 32 - Loss: 194.28734957124132
Epoch: 33 - Loss: 194.26459635820325
Epoch: 34 - Loss: 194.24197875334482
Epoch: 35 - Loss: 194.21951406664277
Epoch: 36 - Loss: 194.19719996794134
Epoch: 37 - Loss: 194.17503423394507
Epoch: 38 - Loss: 194.15302527543372
Epoch: 39 - Loss: 194.13115206678268
Epoch: 40 - Loss: 194.1094259007947
Epoch: 41 - Loss: 194.08784680966744
Epoch: 42 - Loss: 194.06643537856908
Epoch: 43 - Loss: 194.04513631472545
Epoch: 44 - Loss: 194.02398336445995
Epoch: 45 - Loss: 194.00297025874983
Epoch: 46 - Loss: 193.9820951502148
Epoch: 47 - Loss: 193.9613523852394
Epoch: 48 - Loss: 193.9407414092046
Epoch: 49 - Loss: 193.92025447728219
Epoch: 50 - Loss: 193.89991779807252
Epoch: 51 - Loss: 193.8797145219512
Epoch: 52 - Loss: 193.85963387222915
Epoch: 53 - Loss: 193.83969584458353
Epoch: 54 - Loss: 193.81987951776821
Epoch: 55 - Loss: 193.80019375430606
Epoch: 56 - Loss: 193.7806284670623
Epoch: 57 - Loss: 193.76118924822305
Epoch: 58 - Loss: 193.7418724037786
Epoch: 59 - Loss: 193.72267110903599
Epoch: 60 - Loss: 193.7035951898275
Epoch: 61 - Loss: 193.6846381762211
Epoch: 62 - Loss: 193.66579961929386
Epoch: 63 - Loss: 193.6470766220116
Epoch: 64 - Loss: 193.6284685327197
Epoch: 65 - Loss: 193.6099742010343
Epoch: 66 - Loss: 193.5915968806682
Epoch: 67 - Loss: 193.5733431900265
Epoch: 68 - Loss: 193.55518424218783
Epoch: 69 - Loss: 193.5371346653353
Epoch: 70 - Loss: 193.51919379684063
Epoch: 71 - Loss: 193.50135591535545
Epoch: 72 - Loss: 193.48362841376735
Epoch: 73 - Loss: 193.46600514330663
Epoch: 74 - Loss: 193.44846477480158
Epoch: 75 - Loss: 193.43104834644686
Epoch: 76 - Loss: 193.4137338359453
Epoch: 77 - Loss: 193.39651968212468
Epoch: 78 - Loss: 193.37940507210843
Epoch: 79 - Loss: 193.36239553227028
Epoch: 80 - Loss: 193.34548106069207
Epoch: 81 - Loss: 193.32865295556235
Epoch: 82 - Loss: 193.31192953907166
Epoch: 83 - Loss: 193.2952951156089
Epoch: 84 - Loss: 193.27878001121078
Epoch: 85 - Loss: 193.26232933214197
Epoch: 86 - Loss: 193.24595957098646
Epoch: 87 - Loss: 193.2296938520643
Epoch: 88 - Loss: 193.21350898664596
Epoch: 89 - Loss: 193.19742393018225
Epoch: 90 - Loss: 193.181425699148
Epoch: 91 - Loss: 193.1655162951462
Epoch: 92 - Loss: 193.14968874410025
Epoch: 93 - Loss: 193.1339489544585
Epoch: 94 - Loss: 193.1182932847923
Epoch: 95 - Loss: 193.10272812898563
Epoch: 96 - Loss: 193.08725249868132
Epoch: 97 - Loss: 193.07183899775873
Epoch: 98 - Loss: 193.05650652774125
Epoch: 99 - Loss: 193.04125365691277
Epoch: 100 - Loss: 193.02608855363286
Epoch: 101 - Loss: 193.01100216722386
Epoch: 102 - Loss: 192.99599309064618
Epoch: 103 - Loss: 192.98106218309124
Epoch: 104 - Loss: 192.96620769083893
Epoch: 105 - Loss: 192.95142891652395
Epoch: 106 - Loss: 192.93672565685137
Epoch: 107 - Loss: 192.92209594157262
Epoch: 108 - Loss: 192.90754004968053
Epoch: 109 - Loss: 192.89306291470336
Epoch: 110 - Loss: 192.87864711622646
Epoch: 111 - Loss: 192.8643139597119
Epoch: 112 - Loss: 192.85004534663722
Epoch: 113 - Loss: 192.83584758056168
Epoch: 114 - Loss: 192.8217143959196
Epoch: 115 - Loss: 192.80765519275312
Epoch: 116 - Loss: 192.7936641607901
Epoch: 117 - Loss: 192.77974095792052
Epoch: 118 - Loss: 192.76588378594641
Epoch: 119 - Loss: 192.7520939412234
Epoch: 120 - Loss: 192.73836915259213
Epoch: 121 - Loss: 192.7247105307937
Epoch: 122 - Loss: 192.7111155754755
Epoch: 123 - Loss: 192.6975847347279
Epoch: 124 - Loss: 192.68411841453533
Epoch: 125 - Loss: 192.6707147795822
Epoch: 126 - Loss: 192.65738417067666
Epoch: 127 - Loss: 192.64410358106196
Epoch: 128 - Loss: 192.630870120837
Epoch: 129 - Loss: 192.61772679596774
Epoch: 130 - Loss: 192.60461556901265
Epoch: 131 - Loss: 192.59158901301808
Epoch: 132 - Loss: 192.57859638167315
Epoch: 133 - Loss: 192.56567531551312
Epoch: 134 - Loss: 192.55282856481531
Epoch: 135 - Loss: 192.54000887601765
Epoch: 136 - Loss: 192.52725933960167
Epoch: 137 - Loss: 192.51456867289485
Epoch: 138 - Loss: 192.5019492608133
Epoch: 139 - Loss: 192.4893523903673
Epoch: 140 - Loss: 192.4768293731969
Epoch: 141 - Loss: 192.46435802806405
Epoch: 142 - Loss: 192.45194130781786
Epoch: 143 - Loss: 192.439578204672
Epoch: 144 - Loss: 192.42726857176362
Epoch: 145 - Loss: 192.41501246495582
Epoch: 146 - Loss: 192.4028044585305
Epoch: 147 - Loss: 192.39065386853352
Epoch: 148 - Loss: 192.378552252018
Epoch: 149 - Loss: 192.3664991531147
Epoch: 150 - Loss: 192.35449813989794
Epoch: 151 - Loss: 192.34254743593016
Epoch: 152 - Loss: 192.3306474905803
Epoch: 153 - Loss: 192.31879848684605
Epoch: 154 - Loss: 192.30699562377652
Epoch: 155 - Loss: 192.29524094749175
Epoch: 156 - Loss: 192.2835353614432
Epoch: 157 - Loss: 192.2718782690711
Epoch: 158 - Loss: 192.26026825656348
Epoch: 159 - Loss: 192.24870513860205
Epoch: 160 - Loss: 192.2371898345249
Epoch: 161 - Loss: 192.22571971625788
Epoch: 162 - Loss: 192.2142949875763
Epoch: 163 - Loss: 192.2029160083896
Epoch: 164 - Loss: 192.19157555683825
Epoch: 165 - Loss: 192.18028678381702
Epoch: 166 - Loss: 192.1690406173438
Epoch: 167 - Loss: 192.15783803353034
Epoch: 168 - Loss: 192.14667855681836
Epoch: 169 - Loss: 192.13556171109303
Epoch: 170 - Loss: 192.12449086085735
Epoch: 171 - Loss: 192.11346484634873
Epoch: 172 - Loss: 192.1024786298835
Epoch: 173 - Loss: 192.0915294679445
Epoch: 174 - Loss: 192.08062776046506
Epoch: 175 - Loss: 192.06977404518733
Epoch: 176 - Loss: 192.05894362865882
Epoch: 177 - Loss: 192.04817517240176
Epoch: 178 - Loss: 192.03742919026772
Epoch: 179 - Loss: 192.02673043358908
Epoch: 180 - Loss: 192.01607197592534
Epoch: 181 - Loss: 192.00545267987076
Epoch: 182 - Loss: 191.99487228840408
Epoch: 183 - Loss: 191.98433039516942
Epoch: 184 - Loss: 191.9738270067683
Epoch: 185 - Loss: 191.96337074700276
Epoch: 186 - Loss: 191.95294680535162
Epoch: 187 - Loss: 191.9425576312748
Epoch: 188 - Loss: 191.93220553741298
Epoch: 189 - Loss: 191.92189116491932
Epoch: 190 - Loss: 191.9116134280119
Epoch: 191 - Loss: 191.90137205104446
Epoch: 192 - Loss: 191.89116702689276
Epoch: 193 - Loss: 191.88100107143765
Epoch: 194 - Loss: 191.87085418274467
Epoch: 195 - Loss: 191.86075740435095
Epoch: 196 - Loss: 191.8506982334256
Epoch: 197 - Loss: 191.84067080467202
Epoch: 198 - Loss: 191.83067884898114
Epoch: 199 - Loss: 191.82071904682056
Epoch: 200 - Loss: 191.8107950048717
Epoch: 201 - Loss: 191.80090527251892
Epoch: 202 - Loss: 191.79104883388698
Epoch: 203 - Loss: 191.7812268501716
Epoch: 204 - Loss: 191.77143758588673
Epoch: 205 - Loss: 191.76168255119987
Epoch: 206 - Loss: 191.7519582445941
Epoch: 207 - Loss: 191.74226661890657
Epoch: 208 - Loss: 191.73260815192504
Epoch: 209 - Loss: 191.72297403862467
Epoch: 210 - Loss: 191.71337889602447
Epoch: 211 - Loss: 191.703813844521
Epoch: 212 - Loss: 191.69428177077793
Epoch: 213 - Loss: 191.68478145147824
Epoch: 214 - Loss: 191.67531129094854
Epoch: 215 - Loss: 191.66588275278332
Epoch: 216 - Loss: 191.65647387938284
Epoch: 217 - Loss: 191.6470933071528
Epoch: 218 - Loss: 191.63774507382337
Epoch: 219 - Loss: 191.6284293372302
Epoch: 220 - Loss: 191.61914083117858
Epoch: 221 - Loss: 191.60987368273905
Epoch: 222 - Loss: 191.600645508191
Epoch: 223 - Loss: 191.5914476671583
Epoch: 224 - Loss: 191.58227487137037
Epoch: 225 - Loss: 191.57313096394466
Epoch: 226 - Loss: 191.56401579785216
Epoch: 227 - Loss: 191.55492978259696
Epoch: 228 - Loss: 191.5458718528216
Epoch: 229 - Loss: 191.53684207132144
Epoch: 230 - Loss: 191.52783928453294
Epoch: 231 - Loss: 191.51886411468493
Epoch: 232 - Loss: 191.50991639039842
Epoch: 233 - Loss: 191.50099659045628
Epoch: 234 - Loss: 191.4921025804085
Epoch: 235 - Loss: 191.48323416964217
Epoch: 236 - Loss: 191.47439094710415
Epoch: 237 - Loss: 191.4655779075957
Epoch: 238 - Loss: 191.45679624735544
Epoch: 239 - Loss: 191.44803223690067
Epoch: 240 - Loss: 191.43929679520164
Epoch: 241 - Loss: 191.43058948160922
Epoch: 242 - Loss: 191.42190515846698
Epoch: 243 - Loss: 191.41324604538607
Epoch: 244 - Loss: 191.40460833289706
Epoch: 245 - Loss: 191.39599974125423
Epoch: 246 - Loss: 191.38741606883292
Epoch: 247 - Loss: 191.3788559356261
Epoch: 248 - Loss: 191.37032144586075
Epoch: 249 - Loss: 191.36181221199186
Epoch: 250 - Loss: 191.35333067818547
Epoch: 251 - Loss: 191.34486890023476
Epoch: 252 - Loss: 191.33643085771442
Epoch: 253 - Loss: 191.3280165360647
Epoch: 254 - Loss: 191.3196292435498
Epoch: 255 - Loss: 191.31126228457205
Epoch: 256 - Loss: 191.30291871528507
Epoch: 257 - Loss: 191.29459823445606
Epoch: 258 - Loss: 191.28630096260514
Epoch: 259 - Loss: 191.27802643567293
Epoch: 260 - Loss: 191.26977505966806
Epoch: 261 - Loss: 191.2615463303045
Epoch: 262 - Loss: 191.25334031741428
Epoch: 263 - Loss: 191.2451566809503
Epoch: 264 - Loss: 191.2369950255386
Epoch: 265 - Loss: 191.22885527152462
Epoch: 266 - Loss: 191.2207374906805
Epoch: 267 - Loss: 191.21264149824347
Epoch: 268 - Loss: 191.20456713049856
Epoch: 269 - Loss: 191.19651314696932
Epoch: 270 - Loss: 191.18848438526595
Epoch: 271 - Loss: 191.18047342147412
Epoch: 272 - Loss: 191.1724828584464
Epoch: 273 - Loss: 191.1645133574637
Epoch: 274 - Loss: 191.15656471989575
Epoch: 275 - Loss: 191.14863805136832
Epoch: 276 - Loss: 191.1407322950029
Epoch: 277 - Loss: 191.1328466042723
Epoch: 278 - Loss: 191.12498043782946
Epoch: 279 - Loss: 191.11713597714737
Epoch: 280 - Loss: 191.1093108783117
Epoch: 281 - Loss: 191.10150555770673
Epoch: 282 - Loss: 191.0937218046791
Epoch: 283 - Loss: 191.08595616302446
Epoch: 284 - Loss: 191.07821000628329
Epoch: 285 - Loss: 191.07048330420866
Epoch: 286 - Loss: 191.06277593235492
Epoch: 287 - Loss: 191.0550810479616
Epoch: 288 - Loss: 191.04741203890126
Epoch: 289 - Loss: 191.0397621899846
Epoch: 290 - Loss: 191.03213120384268
Epoch: 291 - Loss: 191.02451916015423
Epoch: 292 - Loss: 191.01692565542132
Epoch: 293 - Loss: 191.0093545151716
Epoch: 294 - Loss: 191.0017977097477
Epoch: 295 - Loss: 190.99425575983324
Epoch: 296 - Loss: 190.98673822786796
Epoch: 297 - Loss: 190.97925105179428
Epoch: 298 - Loss: 190.9717479137752
Epoch: 299 - Loss: 190.96428199338771
Epoch: 300 - Loss: 190.9568267688839
Epoch: 1 - Loss: 190.44455883636968
Epoch: 2 - Loss: 188.39513097026725
Epoch: 3 - Loss: 187.79171915938576
Epoch: 4 - Loss: 187.51245917909432
Epoch: 5 - Loss: 187.32035657029627
Epoch: 6 - Loss: 187.15616702297123
Epoch: 7 - Loss: 187.00245102596068
Epoch: 8 - Loss: 186.8530785866024
Epoch: 9 - Loss: 186.70576737129815
Epoch: 10 - Loss: 186.559600390551
Epoch: 11 - Loss: 186.41431446304497
Epoch: 12 - Loss: 186.2698275598124
Epoch: 13 - Loss: 186.12614378596095
Epoch: 14 - Loss: 185.98324287705316
Epoch: 15 - Loss: 185.8412564228156
Epoch: 16 - Loss: 185.70014594460162
Epoch: 17 - Loss: 185.56001875928584
Epoch: 18 - Loss: 185.4208788036887
Epoch: 19 - Loss: 185.28279356364058
Epoch: 20 - Loss: 185.14571899044427
Epoch: 21 - Loss: 185.00975667495734
Epoch: 22 - Loss: 184.8748972310118
Epoch: 23 - Loss: 184.74114934698724
Epoch: 24 - Loss: 184.60852794412793
Epoch: 25 - Loss: 184.47707262148126
Epoch: 26 - Loss: 184.34676590954484
Epoch: 27 - Loss: 184.2176255798919
Epoch: 28 - Loss: 184.08969331922933
Epoch: 29 - Loss: 183.96296622365986
Epoch: 30 - Loss: 183.83745865775342
Epoch: 31 - Loss: 183.71317451967576
Epoch: 32 - Loss: 183.59013648028917
Epoch: 33 - Loss: 183.4683758758497
Epoch: 34 - Loss: 183.34785795981642
Epoch: 35 - Loss: 183.22863615142418
Epoch: 36 - Loss: 183.11070987898765
Epoch: 37 - Loss: 182.9940660944681
Epoch: 38 - Loss: 182.87871652650534
Epoch: 39 - Loss: 182.76465236361702
Epoch: 40 - Loss: 182.6518932605485
Epoch: 41 - Loss: 182.54036198003186
Epoch: 42 - Loss: 182.43009245954983
Epoch: 43 - Loss: 182.3210517930965
Epoch: 44 - Loss: 182.21321911552954
Epoch: 45 - Loss: 182.1065651579124
Epoch: 46 - Loss: 182.0010285830738
Epoch: 47 - Loss: 181.8965729851344
Epoch: 48 - Loss: 181.79316547182083
Epoch: 49 - Loss: 181.69069909295337
Epoch: 50 - Loss: 181.58913734773253
Epoch: 51 - Loss: 181.48837333277964
Epoch: 52 - Loss: 181.38835465142344
Epoch: 53 - Loss: 181.2889719803285
Epoch: 54 - Loss: 181.1901099724826
Epoch: 55 - Loss: 181.091662657921
Epoch: 56 - Loss: 180.99353021418483
Epoch: 57 - Loss: 180.89553564310876
Epoch: 58 - Loss: 180.79754773774528
Epoch: 59 - Loss: 180.69944288070653
Epoch: 60 - Loss: 180.59958124386404
Epoch: 61 - Loss: 180.49314697138888
Epoch: 62 - Loss: 180.3838793417577
Epoch: 63 - Loss: 180.27192440989796
Epoch: 64 - Loss: 180.15737191830593
Epoch: 65 - Loss: 180.04030134993963
Epoch: 66 - Loss: 179.92073055940622
Epoch: 67 - Loss: 179.79861474047064
Epoch: 68 - Loss: 179.67393833849619
Epoch: 69 - Loss: 179.54658593487213
Epoch: 70 - Loss: 179.41645221955568
Epoch: 71 - Loss: 179.2834273732119
Epoch: 72 - Loss: 179.14727995333325
Epoch: 73 - Loss: 179.0078966721132
Epoch: 74 - Loss: 178.86499764953382
Epoch: 75 - Loss: 178.71832504043113
Epoch: 76 - Loss: 178.56757771146192
Epoch: 77 - Loss: 178.4124404896375
Epoch: 78 - Loss: 178.25252965162792
Epoch: 79 - Loss: 178.08739020133785
Epoch: 80 - Loss: 177.91658056765743
Epoch: 81 - Loss: 177.7395707437748
Epoch: 82 - Loss: 177.55571087965578
Epoch: 83 - Loss: 177.36434822721066
Epoch: 84 - Loss: 177.1647296727875
Epoch: 85 - Loss: 176.9559866545081
Epoch: 86 - Loss: 176.7371994762329
Epoch: 87 - Loss: 176.5072028248326
Epoch: 88 - Loss: 176.26449480540487
Epoch: 89 - Loss: 176.0037706004756
Epoch: 90 - Loss: 175.62526323919028
Epoch: 91 - Loss: 172.30341917772625
Epoch: 92 - Loss: 170.58631681223508
Epoch: 93 - Loss: 169.73066957549796
Epoch: 94 - Loss: 168.8875869956515
Epoch: 95 - Loss: 168.07773374429178
Epoch: 96 - Loss: 167.41492735500668
Epoch: 97 - Loss: 167.00952334810546
Epoch: 98 - Loss: 166.7861879264523
Epoch: 99 - Loss: 166.63068597776953
Epoch: 100 - Loss: 166.47438063529864
Epoch: 101 - Loss: 166.28695993160227
Epoch: 102 - Loss: 166.05554115382063
Epoch: 103 - Loss: 165.79085903536495
Epoch: 104 - Loss: 165.53662709101022
Epoch: 105 - Loss: 165.30258208312839
Epoch: 106 - Loss: 164.95485169743452
Epoch: 107 - Loss: 164.42406516476774
Epoch: 108 - Loss: 163.3913374712829
Epoch: 109 - Loss: 161.9072495968375
Epoch: 110 - Loss: 162.00112021583578
Epoch: 111 - Loss: 161.68651300924725
Epoch: 112 - Loss: 161.25866627620576
Epoch: 113 - Loss: 160.8039531699429
Epoch: 114 - Loss: 160.35127993972296
Epoch: 115 - Loss: 160.00068298969373
Epoch: 116 - Loss: 160.39994073862027
Epoch: 117 - Loss: 159.69848483993144
Epoch: 118 - Loss: 159.5772284837149
Epoch: 119 - Loss: 159.4709224092265
Epoch: 120 - Loss: 159.33948904342736
Epoch: 121 - Loss: 159.19509152785264
Epoch: 122 - Loss: 159.0472333035701
Epoch: 123 - Loss: 158.90119178415117
Epoch: 124 - Loss: 158.7566816732082
Epoch: 125 - Loss: 158.6155584321751
Epoch: 126 - Loss: 158.4742568420364
Epoch: 127 - Loss: 158.32805439987553
Epoch: 128 - Loss: 158.1738475966653
Epoch: 129 - Loss: 158.0119461193968
Epoch: 130 - Loss: 157.84551383311512
Epoch: 131 - Loss: 157.6782336338424
Epoch: 132 - Loss: 157.5121321826226
Epoch: 133 - Loss: 157.3476594324144
Epoch: 134 - Loss: 157.18404197642778
Epoch: 135 - Loss: 157.01978390246433
Epoch: 136 - Loss: 156.85383861578626
Epoch: 137 - Loss: 156.68456453457765
Epoch: 138 - Loss: 156.51174106331638
Epoch: 139 - Loss: 156.3343710597384
Epoch: 140 - Loss: 156.15219821663393
Epoch: 141 - Loss: 155.9645690061957
Epoch: 142 - Loss: 155.77117522039592
Epoch: 143 - Loss: 155.5712391354026
Epoch: 144 - Loss: 155.36451191083106
Epoch: 145 - Loss: 155.15211192374116
Epoch: 146 - Loss: 154.931229767665
Epoch: 147 - Loss: 154.70480381805444
Epoch: 148 - Loss: 154.47614329967865
Epoch: 149 - Loss: 154.255350805944
Epoch: 150 - Loss: 154.0536682827227
Epoch: 151 - Loss: 153.89592844852314
Epoch: 152 - Loss: 153.78880446052128
Epoch: 153 - Loss: 153.72219352958365
Epoch: 154 - Loss: 153.63770026452494
Epoch: 155 - Loss: 153.49154004698045
Epoch: 156 - Loss: 153.29110593272938
Epoch: 157 - Loss: 153.0722237339588
Epoch: 158 - Loss: 152.86249754842066
Epoch: 159 - Loss: 152.67076736260583
Epoch: 160 - Loss: 152.49238653146642
Epoch: 161 - Loss: 152.31786802347753
Epoch: 162 - Loss: 152.13819221071975
Epoch: 163 - Loss: 151.9470396396523
Epoch: 164 - Loss: 151.74099134064264
Epoch: 165 - Loss: 151.5189656677344
Epoch: 166 - Loss: 151.2825103338679
Epoch: 167 - Loss: 151.03468780624516
Epoch: 168 - Loss: 150.77983760289447
Epoch: 169 - Loss: 150.52342797228846
Epoch: 170 - Loss: 150.27052667921382
Epoch: 171 - Loss: 150.0241232338973
Epoch: 172 - Loss: 149.78408378407298
Epoch: 173 - Loss: 149.54505301548593
Epoch: 174 - Loss: 149.29658589047975
Epoch: 175 - Loss: 149.0285907666699
TRIAL 36 CRASHED (caught, continuing to next trial):
DomainError with 2559.973246804052:
integrand produced NaN in the interval (2559.973246804011, 2559.973246804093)
Epoch: 1 - Loss: 199.5668599749727
Epoch: 2 - Loss: 199.41486342831675
Epoch: 3 - Loss: 199.2605832183423
Epoch: 4 - Loss: 199.10390336479193
Epoch: 5 - Loss: 198.9446864799995
Epoch: 6 - Loss: 198.7828027295338
Epoch: 7 - Loss: 198.61812868037418
Epoch: 8 - Loss: 198.45053931873105
Epoch: 9 - Loss: 198.27990368778097
Epoch: 10 - Loss: 198.1060829266784
Epoch: 11 - Loss: 197.92893147698496
Epoch: 12 - Loss: 197.74829470424925
Epoch: 13 - Loss: 197.56400846810936
Epoch: 14 - Loss: 197.37589985346386
Epoch: 15 - Loss: 197.18378756064033
Epoch: 16 - Loss: 196.9874837974813
Epoch: 17 - Loss: 196.7867951494652
Epoch: 18 - Loss: 196.58152382639804
Epoch: 19 - Loss: 196.3667979386074
Epoch: 20 - Loss: 196.14294757519158
Epoch: 21 - Loss: 195.91346146104428
Epoch: 22 - Loss: 195.67817653548477
Epoch: 23 - Loss: 195.43691484494306
Epoch: 24 - Loss: 195.1894866896018
Epoch: 25 - Loss: 194.93569134132167
Epoch: 26 - Loss: 194.67531950065344
Epoch: 27 - Loss: 194.40815468372705
Epoch: 28 - Loss: 194.1339758775448
Epoch: 29 - Loss: 193.85255645571442
Epoch: 30 - Loss: 193.56366570550327
Epoch: 31 - Loss: 193.26706807306613
Epoch: 32 - Loss: 192.96251825370595
Epoch: 33 - Loss: 192.64975545227395
Epoch: 34 - Loss: 192.3284874282953
Epoch: 35 - Loss: 191.99837025666372
Epoch: 36 - Loss: 191.65897190463195
Epoch: 37 - Loss: 191.30971021978112
Epoch: 38 - Loss: 190.94976088649696
Epoch: 39 - Loss: 190.57790194511585
Epoch: 40 - Loss: 190.19227175720047
Epoch: 41 - Loss: 189.78997088810237
Epoch: 42 - Loss: 189.3664154299299
Epoch: 43 - Loss: 188.9142539822922
Epoch: 44 - Loss: 188.4215565039391
Epoch: 45 - Loss: 187.8687114787774
Epoch: 46 - Loss: 187.22311613024743
Epoch: 47 - Loss: 186.43033225658723
Epoch: 48 - Loss: 185.17127731886268
Epoch: 49 - Loss: 183.52108500232382
Epoch: 50 - Loss: 181.30138691790972
Epoch: 51 - Loss: 177.90443088519254
Epoch: 52 - Loss: 182.61591195917325
Epoch: 53 - Loss: 190.05734375175416
Epoch: 54 - Loss: 183.02767845165693
Epoch: 55 - Loss: 193.99695355148708
Epoch: 56 - Loss: 190.87899916574978
Epoch: 57 - Loss: 181.94216195450102
Epoch: 58 - Loss: 176.22733812416058
Epoch: 59 - Loss: 178.4331590138691
Epoch: 60 - Loss: 180.11268716396478
Epoch: 61 - Loss: 181.1995534398555
Epoch: 62 - Loss: 182.0368190004204
Epoch: 63 - Loss: 182.6994017304249
Epoch: 64 - Loss: 183.22834830091017
Epoch: 65 - Loss: 183.6538428403466
Epoch: 66 - Loss: 183.99812852763733
Epoch: 67 - Loss: 184.27771804313122
Epoch: 68 - Loss: 184.50500771404916
Epoch: 69 - Loss: 184.6894310507495
Epoch: 70 - Loss: 184.83826594297207
Epoch: 71 - Loss: 184.95720196599
Epoch: 72 - Loss: 185.05075097993645
Epoch: 73 - Loss: 185.12253313237426
Epoch: 74 - Loss: 185.17548633266918
Epoch: 75 - Loss: 185.21201871596907
Epoch: 76 - Loss: 185.23412238678148
Epoch: 77 - Loss: 185.2434578584337
Epoch: 78 - Loss: 185.2414171155682
Epoch: 79 - Loss: 185.2291754049703
Epoch: 80 - Loss: 185.20772764943416
Epoch: 81 - Loss: 185.17791895044263
Epoch: 82 - Loss: 185.14046835982543
Epoch: 83 - Loss: 185.0959875750864
Epoch: 84 - Loss: 185.04499750186594
Epoch: 85 - Loss: 184.98793850425596
Epoch: 86 - Loss: 184.92518203208883
Epoch: 87 - Loss: 184.85703880791147
Epoch: 88 - Loss: 184.7837653350038
Epoch: 89 - Loss: 184.70556929250037
Epoch: 90 - Loss: 184.62261464048154
Epoch: 91 - Loss: 184.53502496433615
Epoch: 92 - Loss: 184.4428872983041
Epoch: 93 - Loss: 184.34625338765878
Epoch: 94 - Loss: 184.24514232131628
Epoch: 95 - Loss: 184.13954219484168
Epoch: 96 - Loss: 184.0294101057341
Epoch: 97 - Loss: 183.91467387687652
Epoch: 98 - Loss: 183.79523174246808
Epoch: 99 - Loss: 183.6709522842801
Epoch: 100 - Loss: 183.54167437022946
Epoch: 101 - Loss: 183.40720529849358
Epoch: 102 - Loss: 183.2673208128899
Epoch: 103 - Loss: 183.12176322249573
Epoch: 104 - Loss: 182.97023873033385
Epoch: 105 - Loss: 182.81241715583525
Epoch: 106 - Loss: 182.64792731798514
Epoch: 107 - Loss: 182.47635483963037
Epoch: 108 - Loss: 182.29723856024194
Epoch: 109 - Loss: 182.1100681796719
Epoch: 110 - Loss: 181.91427754239152
Epoch: 111 - Loss: 181.70924171571076
Epoch: 112 - Loss: 181.49427127093549
Epoch: 113 - Loss: 181.2686055457463
Epoch: 114 - Loss: 181.03140771683374
Epoch: 115 - Loss: 180.78175613983603
Epoch: 116 - Loss: 180.51863826428448
Epoch: 117 - Loss: 180.2409402724311
Epoch: 118 - Loss: 179.9474355632307
Epoch: 119 - Loss: 179.63677080259401
Epoch: 120 - Loss: 179.30744370549834
Epoch: 121 - Loss: 178.95777103293725
Epoch: 122 - Loss: 178.50548831844804
Epoch: 123 - Loss: 178.01694588745508
Epoch: 124 - Loss: 177.48979818830074
Epoch: 125 - Loss: 176.92005050548892
Epoch: 126 - Loss: 176.30110406287523
Epoch: 127 - Loss: 175.62220317868102
Epoch: 128 - Loss: 174.86690400434742
Epoch: 129 - Loss: 174.0195202802244
Epoch: 130 - Loss: 173.15921162516503
Epoch: 131 - Loss: 174.42605495365447
Epoch: 132 - Loss: 174.10939960566
Epoch: 133 - Loss: 173.02059179146477
Epoch: 134 - Loss: 173.514766368402
Epoch: 135 - Loss: 173.9084113497732
Epoch: 136 - Loss: 174.13876562374128
Epoch: 137 - Loss: 174.22190243181623
Epoch: 138 - Loss: 174.1750996640211
Epoch: 139 - Loss: 174.0101318840869
Epoch: 140 - Loss: 173.73509783657775
Epoch: 141 - Loss: 173.36196903625324
Epoch: 142 - Loss: 172.9379629844471
Epoch: 143 - Loss: 172.6890380429198
Epoch: 144 - Loss: 173.65000399605339
Epoch: 145 - Loss: 172.70585452701613
Epoch: 146 - Loss: 172.74510237903783
Epoch: 147 - Loss: 172.96518150530218
Epoch: 148 - Loss: 173.0920418513017
Epoch: 149 - Loss: 173.0943045927248
Epoch: 150 - Loss: 172.97997906044125
Epoch: 151 - Loss: 172.7750864666007
Epoch: 152 - Loss: 172.54702909695553
Epoch: 153 - Loss: 172.51961869976276
Epoch: 154 - Loss: 172.77580435053247
Epoch: 155 - Loss: 172.40823807279122
Epoch: 156 - Loss: 172.43220821098294
Epoch: 157 - Loss: 172.48139601241888
Epoch: 158 - Loss: 172.4795633638734
Epoch: 159 - Loss: 172.4164772205414
Epoch: 160 - Loss: 172.32245161675573
Epoch: 161 - Loss: 172.26252805389478
Epoch: 162 - Loss: 172.39962131370018
Epoch: 163 - Loss: 172.23493201989888
Epoch: 164 - Loss: 172.21689890058013
Epoch: 165 - Loss: 172.258088372161
Epoch: 166 - Loss: 172.25948910700188
Epoch: 167 - Loss: 172.2045416306945
Epoch: 168 - Loss: 172.11909713972315
Epoch: 169 - Loss: 172.06188720408284
Epoch: 170 - Loss: 172.17375012405824
Epoch: 171 - Loss: 172.02649757712072
Epoch: 172 - Loss: 172.01349824954798
Epoch: 173 - Loss: 172.047229814044
Epoch: 174 - Loss: 172.04267808813762
Epoch: 175 - Loss: 171.9869726714758
Epoch: 176 - Loss: 171.90879049482888
Epoch: 177 - Loss: 171.86696749389498
Epoch: 178 - Loss: 171.89401448649767
Epoch: 179 - Loss: 171.818931038007
Epoch: 180 - Loss: 171.81035866261973
Epoch: 181 - Loss: 171.8028234764851
Epoch: 182 - Loss: 171.77964533135614
Epoch: 183 - Loss: 171.746487559907
Epoch: 184 - Loss: 171.7221962258836
Epoch: 185 - Loss: 171.74158680808102
Epoch: 186 - Loss: 171.69089755143062
Epoch: 187 - Loss: 171.68301401626871
Epoch: 188 - Loss: 171.67677908615042
Epoch: 189 - Loss: 171.66050036848597
Epoch: 190 - Loss: 171.63728080745435
Epoch: 191 - Loss: 171.618686315071
Epoch: 192 - Loss: 171.6240479774702
Epoch: 193 - Loss: 171.58669344704882
Epoch: 194 - Loss: 171.57741159585044
Epoch: 195 - Loss: 171.5660135730586
Epoch: 196 - Loss: 171.54477213158975
Epoch: 197 - Loss: 171.51979246974375
Epoch: 198 - Loss: 171.50200759788407
Epoch: 199 - Loss: 171.50936936413257
Epoch: 200 - Loss: 171.46888062784294
Epoch: 201 - Loss: 171.4644060303263
Epoch: 202 - Loss: 171.45557259470723
Epoch: 203 - Loss: 171.4330625257992
Epoch: 204 - Loss: 171.40637776588605
Epoch: 205 - Loss: 171.39131403408825
Epoch: 206 - Loss: 171.37348286427417
Epoch: 207 - Loss: 171.35836664876697
Epoch: 208 - Loss: 171.34409168125592
Epoch: 209 - Loss: 171.32846879570042
Epoch: 210 - Loss: 171.3117033577462
Epoch: 211 - Loss: 171.29563784285392
Epoch: 212 - Loss: 171.28074151468388
Epoch: 213 - Loss: 171.26546363370895
Epoch: 214 - Loss: 171.2490841225874
Epoch: 215 - Loss: 171.23282265442717
Epoch: 216 - Loss: 171.21743378072048
Epoch: 217 - Loss: 171.20214979376536
Epoch: 218 - Loss: 171.18623774683246
Epoch: 219 - Loss: 171.17010202182814
Epoch: 220 - Loss: 171.15448020119155
Epoch: 221 - Loss: 171.13923098977017
Epoch: 222 - Loss: 171.12367982625642
Epoch: 223 - Loss: 171.10783410375126
Epoch: 224 - Loss: 171.09224618500065
Epoch: 225 - Loss: 171.07698712562694
Epoch: 226 - Loss: 171.06163537149666
Epoch: 227 - Loss: 171.046036503516
Epoch: 228 - Loss: 171.03048407639403
Epoch: 229 - Loss: 171.01516913735878
Epoch: 230 - Loss: 170.99987485821177
Epoch: 231 - Loss: 170.9843959074444
Epoch: 232 - Loss: 170.96888046591195
Epoch: 233 - Loss: 170.95351415219744
Epoch: 234 - Loss: 170.93820766649873
Epoch: 235 - Loss: 170.92280133027305
Epoch: 236 - Loss: 170.9073387208501
Epoch: 237 - Loss: 170.89196175839942
Epoch: 238 - Loss: 170.8766629037466
Epoch: 239 - Loss: 170.861323897686
Epoch: 240 - Loss: 170.84593616927017
Epoch: 241 - Loss: 170.83059639786933
Epoch: 242 - Loss: 170.81532361218655
Epoch: 243 - Loss: 170.80004272167602
Epoch: 244 - Loss: 170.78472604971788
Epoch: 245 - Loss: 170.76942887193377
Epoch: 246 - Loss: 170.75418100904008
Epoch: 247 - Loss: 170.73893920420232
Epoch: 248 - Loss: 170.72367194907093
Epoch: 249 - Loss: 170.7084101326817
Epoch: 250 - Loss: 170.6931816958796
Epoch: 251 - Loss: 170.6779641658688
Epoch: 252 - Loss: 170.6627319634879
Epoch: 253 - Loss: 170.64749991331024
Epoch: 254 - Loss: 170.63229076687574
Epoch: 255 - Loss: 170.61709503823016
Epoch: 256 - Loss: 170.6018930941798
Epoch: 257 - Loss: 170.58669103447895
Epoch: 258 - Loss: 170.57150547656374
Epoch: 259 - Loss: 170.55633291125173
Epoch: 260 - Loss: 170.5411594562234
Epoch: 261 - Loss: 170.52598641067297
Epoch: 262 - Loss: 170.510824915715
Epoch: 263 - Loss: 170.4956745308638
Epoch: 264 - Loss: 170.48052561682027
Epoch: 265 - Loss: 170.46537734621077
Epoch: 266 - Loss: 170.4502370354199
Epoch: 267 - Loss: 170.43510534094966
Epoch: 268 - Loss: 170.41997590007625
Epoch: 269 - Loss: 170.40484730733488
Epoch: 270 - Loss: 170.38972426539135
Epoch: 271 - Loss: 170.37460788903218
Epoch: 272 - Loss: 170.35949408111512
Epoch: 273 - Loss: 170.34438142937324
Epoch: 274 - Loss: 170.3292729365759
Epoch: 275 - Loss: 170.31416960647417
Epoch: 276 - Loss: 170.29906874743034
Epoch: 277 - Loss: 170.28396914382915
Epoch: 278 - Loss: 170.26887260307885
Epoch: 279 - Loss: 170.25377986759005
Epoch: 280 - Loss: 170.2386891269112
Epoch: 281 - Loss: 170.22359934310987
Epoch: 282 - Loss: 170.20851156323846
Epoch: 283 - Loss: 170.19342629186562
Epoch: 284 - Loss: 170.17834225400247
Epoch: 285 - Loss: 170.16325861330438
Epoch: 286 - Loss: 170.14817596245538
Epoch: 287 - Loss: 170.13309465112565
Epoch: 288 - Loss: 170.11801368921803
Epoch: 289 - Loss: 170.10293249479915
Epoch: 290 - Loss: 170.0878513844587
Epoch: 291 - Loss: 170.07277047932604
Epoch: 292 - Loss: 170.05768910648513
Epoch: 293 - Loss: 170.04260676932003
Epoch: 294 - Loss: 170.02752360715346
Epoch: 295 - Loss: 170.0124396133491
Epoch: 296 - Loss: 169.99735425775143
Epoch: 297 - Loss: 169.98226712663916
Epoch: 298 - Loss: 169.96717822579816
Epoch: 299 - Loss: 169.95208744737909
Epoch: 300 - Loss: 169.93699433763896
Epoch: 1 - Loss: 194.3864449432822
Epoch: 2 - Loss: 194.38525243112116
Epoch: 3 - Loss: 194.3840591597318
Epoch: 4 - Loss: 194.3828651406114
Epoch: 5 - Loss: 194.38169329980445
Epoch: 6 - Loss: 194.38049769115983
Epoch: 7 - Loss: 194.3793012773116
Epoch: 8 - Loss: 194.3781040118927
Epoch: 9 - Loss: 194.37690581215523
Epoch: 10 - Loss: 194.3757068412206
Epoch: 11 - Loss: 194.37450710521043
Epoch: 12 - Loss: 194.3733064031203
Epoch: 13 - Loss: 194.37210467828152
Epoch: 14 - Loss: 194.37090205670845
Epoch: 15 - Loss: 194.36969860674031
Epoch: 16 - Loss: 194.36849417406972
Epoch: 17 - Loss: 194.36728414675142
Epoch: 18 - Loss: 194.3660775262172
Epoch: 19 - Loss: 194.36486989253004
Epoch: 20 - Loss: 194.36366120107635
Epoch: 21 - Loss: 194.36245147167352
Epoch: 22 - Loss: 194.36124065037396
Epoch: 23 - Loss: 194.3600357911986
Epoch: 24 - Loss: 194.35882307123055
Epoch: 25 - Loss: 194.35760919131218
Epoch: 26 - Loss: 194.3563845114779
Epoch: 27 - Loss: 194.355168258168
Epoch: 28 - Loss: 194.3539509200124
Epoch: 29 - Loss: 194.35273241675526
Epoch: 30 - Loss: 194.35151106720514
Epoch: 31 - Loss: 194.35029023615584
Epoch: 32 - Loss: 194.34906736025314
Epoch: 33 - Loss: 194.34784986413334
Epoch: 34 - Loss: 194.34662563639583
Epoch: 35 - Loss: 194.34540015229393
Epoch: 36 - Loss: 194.34417123352068
Epoch: 37 - Loss: 194.3429440110077
Epoch: 38 - Loss: 194.34171488855475
Epoch: 39 - Loss: 194.34048826175433
Epoch: 40 - Loss: 194.33925655432412
Epoch: 41 - Loss: 194.3380085968316
Epoch: 42 - Loss: 194.33677415652772
Epoch: 43 - Loss: 194.335537970328
Epoch: 44 - Loss: 194.33431051138234
Epoch: 45 - Loss: 194.33307188964758
Epoch: 46 - Loss: 194.33183188443397
Epoch: 47 - Loss: 194.3305750825968
Epoch: 48 - Loss: 194.32933271201355
Epoch: 49 - Loss: 194.32808899745922
Epoch: 50 - Loss: 194.3268426771447
Epoch: 51 - Loss: 194.32559615566078
Epoch: 52 - Loss: 194.32434814314698
Epoch: 53 - Loss: 194.32309897469597
Epoch: 54 - Loss: 194.3218482770827
Epoch: 55 - Loss: 194.3205962428626
Epoch: 56 - Loss: 194.31934281372108
Epoch: 57 - Loss: 194.31808774469073
Epoch: 58 - Loss: 194.31683160055127
Epoch: 59 - Loss: 194.3155740242827
Epoch: 60 - Loss: 194.31434691514255
Epoch: 61 - Loss: 194.31308628818468
Epoch: 62 - Loss: 194.31182418803073
Epoch: 63 - Loss: 194.3105637261131
Epoch: 64 - Loss: 194.30929867857853
Epoch: 65 - Loss: 194.30803209582953
Epoch: 66 - Loss: 194.30676387357522
Epoch: 67 - Loss: 194.3054942634325
Epoch: 68 - Loss: 194.30422300527994
Epoch: 69 - Loss: 194.3029488362145
Epoch: 70 - Loss: 194.3016706147285
Epoch: 71 - Loss: 194.30039384993802
Epoch: 72 - Loss: 194.29911547552925
Epoch: 73 - Loss: 194.29783527720207
Epoch: 74 - Loss: 194.29656053843067
Epoch: 75 - Loss: 194.29527247720085
Epoch: 76 - Loss: 194.29398819675012
Epoch: 77 - Loss: 194.29270223236225
Epoch: 78 - Loss: 194.29141467783705
Epoch: 79 - Loss: 194.29012640720688
Epoch: 80 - Loss: 194.28884902628093
Epoch: 81 - Loss: 194.2875561445276
Epoch: 82 - Loss: 194.28626182372363
Epoch: 83 - Loss: 194.28496545099068
Epoch: 84 - Loss: 194.28366780204618
Epoch: 85 - Loss: 194.28236902077992
Epoch: 86 - Loss: 194.28105691356794
Epoch: 87 - Loss: 194.27975344529904
Epoch: 88 - Loss: 194.27844970483878
Epoch: 89 - Loss: 194.2771230763545
Epoch: 90 - Loss: 194.27581855004917
Epoch: 91 - Loss: 194.27450237069584
Epoch: 92 - Loss: 194.27319875111147
Epoch: 93 - Loss: 194.2718856841964
Epoch: 94 - Loss: 194.2705707647065
Epoch: 95 - Loss: 194.26925402988834
Epoch: 96 - Loss: 194.2679349107878
Epoch: 97 - Loss: 194.26661554439397
Epoch: 98 - Loss: 194.2652936340479
Epoch: 99 - Loss: 194.26396988957737
Epoch: 100 - Loss: 194.26264427562523
Epoch: 101 - Loss: 194.26131681710277
Epoch: 102 - Loss: 194.259987521068
Epoch: 103 - Loss: 194.25865634913472
Epoch: 104 - Loss: 194.25732325287547
Epoch: 105 - Loss: 194.25598829644906
Epoch: 106 - Loss: 194.2546515318121
Epoch: 107 - Loss: 194.25331279029186
Epoch: 108 - Loss: 194.25197193252623
Epoch: 109 - Loss: 194.25062423766292
Epoch: 110 - Loss: 194.24927973683143
Epoch: 111 - Loss: 194.24793320031316
Epoch: 112 - Loss: 194.24658468776445
Epoch: 113 - Loss: 194.24523374187615
Epoch: 114 - Loss: 194.24388044620724
Epoch: 115 - Loss: 194.24252557146133
Epoch: 116 - Loss: 194.24116919152192
Epoch: 117 - Loss: 194.23980982491616
Epoch: 118 - Loss: 194.23844940130098
Epoch: 119 - Loss: 194.23708686000137
Epoch: 120 - Loss: 194.2357222450305
Epoch: 121 - Loss: 194.23435559653257
Epoch: 122 - Loss: 194.2329868806441
Epoch: 123 - Loss: 194.23161538381478
Epoch: 124 - Loss: 194.23025208854258
Epoch: 125 - Loss: 194.22887738783427
Epoch: 126 - Loss: 194.22750067500007
Epoch: 127 - Loss: 194.2261125619674
Epoch: 128 - Loss: 194.22473118034367
Epoch: 129 - Loss: 194.22334775153746
Epoch: 130 - Loss: 194.22196212355087
Epoch: 131 - Loss: 194.22057441436064
Epoch: 132 - Loss: 194.21918450822864
Epoch: 133 - Loss: 194.21780029106358
Epoch: 134 - Loss: 194.2164057779116
Epoch: 135 - Loss: 194.21500907191162
Epoch: 136 - Loss: 194.21361000704854
Epoch: 137 - Loss: 194.21220887216666
Epoch: 138 - Loss: 194.2108056116878
Epoch: 139 - Loss: 194.20939991797184
Epoch: 140 - Loss: 194.20799189929517
Epoch: 141 - Loss: 194.20658156471717
Epoch: 142 - Loss: 194.20516894777194
Epoch: 143 - Loss: 194.20375412780814
Epoch: 144 - Loss: 194.20232065879546
Epoch: 145 - Loss: 194.2009013214805
Epoch: 146 - Loss: 194.19947968528137
Epoch: 147 - Loss: 194.19805585835078
Epoch: 148 - Loss: 194.19662932928358
Epoch: 149 - Loss: 194.195200527163
Epoch: 150 - Loss: 194.19376933903084
Epoch: 151 - Loss: 194.19233453820644
Epoch: 152 - Loss: 194.19089812624026
Epoch: 153 - Loss: 194.18945948546806
Epoch: 154 - Loss: 194.18801855307714
Epoch: 155 - Loss: 194.18657512288124
Epoch: 156 - Loss: 194.18512937541806
Epoch: 157 - Loss: 194.18368089579178
Epoch: 158 - Loss: 194.18223007141827
Epoch: 159 - Loss: 194.18077637606766
Epoch: 160 - Loss: 194.17932043050965
Epoch: 161 - Loss: 194.17786196469982
Epoch: 162 - Loss: 194.1764010931371
Epoch: 163 - Loss: 194.1749407526732
Epoch: 164 - Loss: 194.173474487493
Epoch: 165 - Loss: 194.17200602002433
Epoch: 166 - Loss: 194.17053559939555
Epoch: 167 - Loss: 194.16906281313496
Epoch: 168 - Loss: 194.16756885384206
Epoch: 169 - Loss: 194.1660897174516
Epoch: 170 - Loss: 194.16460759379044
Epoch: 171 - Loss: 194.1631228905821
Epoch: 172 - Loss: 194.16163587178477
Epoch: 173 - Loss: 194.1601291594491
Epoch: 174 - Loss: 194.15863632191392
Epoch: 175 - Loss: 194.15714083166617
Epoch: 176 - Loss: 194.15564241274234
Epoch: 177 - Loss: 194.15410395593958
Epoch: 178 - Loss: 194.15260048097858
Epoch: 179 - Loss: 194.15109423434632
Epoch: 180 - Loss: 194.14958571342027
Epoch: 181 - Loss: 194.14807392371318
Epoch: 182 - Loss: 194.14656378127984
Epoch: 183 - Loss: 194.14504627326875
Epoch: 184 - Loss: 194.14352572170858
Epoch: 185 - Loss: 194.14200245552132
Epoch: 186 - Loss: 194.14047659219952
Epoch: 187 - Loss: 194.13894754150354
Epoch: 188 - Loss: 194.13741555739517
Epoch: 189 - Loss: 194.1358806895087
Epoch: 190 - Loss: 194.1343432722527
Epoch: 191 - Loss: 194.13280255051941
Epoch: 192 - Loss: 194.13125974270392
Epoch: 193 - Loss: 194.12971300712147
Epoch: 194 - Loss: 194.12816432912604
Epoch: 195 - Loss: 194.12661174325928
Epoch: 196 - Loss: 194.1250542068113
Epoch: 197 - Loss: 194.12349591726442
Epoch: 198 - Loss: 194.12193472545093
Epoch: 199 - Loss: 194.12037080332553
Epoch: 200 - Loss: 194.11882405674126
Epoch: 201 - Loss: 194.11725313538025
Epoch: 202 - Loss: 194.11567965152793
Epoch: 203 - Loss: 194.11410160772002
Epoch: 204 - Loss: 194.1124978350585
Epoch: 205 - Loss: 194.11093587816262
Epoch: 206 - Loss: 194.10934932210432
Epoch: 207 - Loss: 194.1077593897615
Epoch: 208 - Loss: 194.10616706441078
Epoch: 209 - Loss: 194.10457124875697
Epoch: 210 - Loss: 194.10297180548878
Epoch: 211 - Loss: 194.10136964961697
Epoch: 212 - Loss: 194.09976431967087
Epoch: 213 - Loss: 194.09815584326319
Epoch: 214 - Loss: 194.09654500240867
Epoch: 215 - Loss: 194.09493006454565
Epoch: 216 - Loss: 194.0933120414797
Epoch: 217 - Loss: 194.09169064296614
Epoch: 218 - Loss: 194.09006621376747
Epoch: 219 - Loss: 194.08843817028108
Epoch: 220 - Loss: 194.08680686763205
Epoch: 221 - Loss: 194.08517201243103
Epoch: 222 - Loss: 194.0835335183782
Epoch: 223 - Loss: 194.08189207665617
Epoch: 224 - Loss: 194.08024780333045
Epoch: 225 - Loss: 194.07859950707336
Epoch: 226 - Loss: 194.07694791265484
Epoch: 227 - Loss: 194.07529271686673
Epoch: 228 - Loss: 194.07363406571187
Epoch: 229 - Loss: 194.0719713640767
Epoch: 230 - Loss: 194.07030579367114
Epoch: 231 - Loss: 194.06863673038728
Epoch: 232 - Loss: 194.06696417301768
Epoch: 233 - Loss: 194.0652879762347
Epoch: 234 - Loss: 194.06360834250555
Epoch: 235 - Loss: 194.06192397543043
Epoch: 236 - Loss: 194.0602372339176
Epoch: 237 - Loss: 194.05854675852925
Epoch: 238 - Loss: 194.0568528841044
Epoch: 239 - Loss: 194.0551555283815
Epoch: 240 - Loss: 194.05345447432236
Epoch: 241 - Loss: 194.05174973616192
Epoch: 242 - Loss: 194.0500524580911
Epoch: 243 - Loss: 194.04834091009718
Epoch: 244 - Loss: 194.0466258413588
Epoch: 245 - Loss: 194.04490708158042
Epoch: 246 - Loss: 194.04321787128424
Epoch: 247 - Loss: 194.04144645154278
Epoch: 248 - Loss: 194.03971428570165
Epoch: 249 - Loss: 194.03798047579133
Epoch: 250 - Loss: 194.0362370177121
Epoch: 251 - Loss: 194.03449465940997
Epoch: 252 - Loss: 194.032749051596
Epoch: 253 - Loss: 194.03099961126048
Epoch: 254 - Loss: 194.02925465099344
Epoch: 255 - Loss: 194.02749791082127
Epoch: 256 - Loss: 194.0257371580345
Epoch: 257 - Loss: 194.02397250666874
Epoch: 258 - Loss: 194.02220747127674
Epoch: 259 - Loss: 194.02043581929732
Epoch: 260 - Loss: 194.0186599826891
Epoch: 261 - Loss: 194.01687954808992
Epoch: 262 - Loss: 194.01509588190262
Epoch: 263 - Loss: 194.01330798854508
Epoch: 264 - Loss: 194.01151625386936
Epoch: 265 - Loss: 194.00972059515922
Epoch: 266 - Loss: 194.0079209474374
Epoch: 267 - Loss: 194.00611721502545
Epoch: 268 - Loss: 194.00430768396217
Epoch: 269 - Loss: 194.00249614780375
Epoch: 270 - Loss: 194.00068031532436
Epoch: 271 - Loss: 193.99885903289095
Epoch: 272 - Loss: 193.99703515280896
Epoch: 273 - Loss: 193.9952069251741
Epoch: 274 - Loss: 193.9933748529444
Epoch: 275 - Loss: 193.99153877147722
Epoch: 276 - Loss: 193.98969841306962
Epoch: 277 - Loss: 193.98785470526528
Epoch: 278 - Loss: 193.98600623952962
Epoch: 279 - Loss: 193.9841535186439
Epoch: 280 - Loss: 193.98229862641105
Epoch: 281 - Loss: 193.98043458485822
Epoch: 282 - Loss: 193.97856848624355
Epoch: 283 - Loss: 193.97669815083916
Epoch: 284 - Loss: 193.97483398726374
Epoch: 285 - Loss: 193.97295588856554
Epoch: 286 - Loss: 193.97107274755837
Epoch: 287 - Loss: 193.96918643696733
Epoch: 288 - Loss: 193.96729569215665
Epoch: 289 - Loss: 193.96537851580462
Epoch: 290 - Loss: 193.96347886665396
Epoch: 291 - Loss: 193.9615750974216
Epoch: 292 - Loss: 193.9596666865053
Epoch: 293 - Loss: 193.95775400960707
Epoch: 294 - Loss: 193.95583696288296
Epoch: 295 - Loss: 193.9539155522974
Epoch: 296 - Loss: 193.95198977330767
Epoch: 297 - Loss: 193.95005978848562
Epoch: 298 - Loss: 193.94812502440777
Epoch: 299 - Loss: 193.9461859799413
Epoch: 300 - Loss: 193.94424248940564
Epoch: 1 - Loss: 196.8881785904407
Epoch: 2 - Loss: 194.71789727586534
Epoch: 3 - Loss: 192.07225790132858
Epoch: 4 - Loss: 188.6715282075599
Epoch: 5 - Loss: 184.40500335739995
Epoch: 6 - Loss: 171.1727334377159
Epoch: 7 - Loss: 190.28621766409702
Epoch: 8 - Loss: 189.99537884685734
Epoch: 9 - Loss: 188.65270883347532
Epoch: 10 - Loss: 188.79131474848057
Epoch: 11 - Loss: 188.6044476204692
Epoch: 12 - Loss: 188.29051585926857
Epoch: 13 - Loss: 187.94043572937284
Epoch: 14 - Loss: 187.58656065586754
Epoch: 15 - Loss: 187.2412345772663
Epoch: 16 - Loss: 186.90922243319648
Epoch: 17 - Loss: 186.59217632141718
Epoch: 18 - Loss: 186.29054572240855
Epoch: 19 - Loss: 186.00437731708777
Epoch: 20 - Loss: 185.7336602598784
Epoch: 21 - Loss: 185.47816462994678
Epoch: 22 - Loss: 185.23692077011336
Epoch: 23 - Loss: 185.00473042823236
Epoch: 24 - Loss: 184.7785856790614
Epoch: 25 - Loss: 184.55235779157877
Epoch: 26 - Loss: 184.31692000643017
Epoch: 27 - Loss: 184.0639624160055
Epoch: 28 - Loss: 183.78268297053748
Epoch: 29 - Loss: 183.4598385130861
Epoch: 30 - Loss: 183.11372996257555
Epoch: 31 - Loss: 182.7499553421159
Epoch: 32 - Loss: 182.37283154967227
Epoch: 33 - Loss: 181.98424042477023
Epoch: 34 - Loss: 181.58358449788997
Epoch: 35 - Loss: 181.16863730801654
Epoch: 36 - Loss: 180.73618592057497
Epoch: 37 - Loss: 180.28276483687827
Epoch: 38 - Loss: 179.80494293177028
Epoch: 39 - Loss: 179.2996861684172
Epoch: 40 - Loss: 178.7645654866713
Epoch: 41 - Loss: 178.19835245505834
Epoch: 42 - Loss: 177.60286554161374
Epoch: 43 - Loss: 176.9897819234632
Epoch: 44 - Loss: 176.40881800589258
Epoch: 45 - Loss: 176.0698536909204
Epoch: 46 - Loss: 175.75997975440262
Epoch: 47 - Loss: 175.13601276183593
Epoch: 48 - Loss: 174.58494594017017
Epoch: 49 - Loss: 174.1408135592071
Epoch: 50 - Loss: 173.72932143589028
Epoch: 51 - Loss: 173.30057083333742
Epoch: 52 - Loss: 172.83491882412355
Epoch: 53 - Loss: 172.33084477620017
Epoch: 54 - Loss: 171.79493707117933
Epoch: 55 - Loss: 171.23494915155874
Epoch: 56 - Loss: 170.65447677152676
Epoch: 57 - Loss: 170.04915728478716
Epoch: 58 - Loss: 169.40488547725454
Epoch: 59 - Loss: 168.69589614666378
Epoch: 60 - Loss: 167.8901587931456
Epoch: 61 - Loss: 167.01650190928015
Epoch: 62 - Loss: 166.33768052170385
Epoch: 63 - Loss: 164.04127402294066
Epoch: 64 - Loss: 158.54678558504787
Epoch: 65 - Loss: 151.8728641670075
Epoch: 66 - Loss: 146.13498622094247
Epoch: 67 - Loss: 138.0727932487408
Epoch: 68 - Loss: 137.6669050732209
Epoch: 69 - Loss: 137.5503238759857
Epoch: 70 - Loss: 137.59248382768297
Epoch: 71 - Loss: 137.51434444453704
Epoch: 72 - Loss: 137.1356952340964
Epoch: 73 - Loss: 135.2551296288471
Epoch: 74 - Loss: 142.04925349179018
Epoch: 75 - Loss: 141.47443280236192
Epoch: 76 - Loss: 138.96709946289238
Epoch: 77 - Loss: 131.10219241819146
Epoch: 78 - Loss: 130.0555645902914
Epoch: 79 - Loss: 127.57026971621889
Epoch: 80 - Loss: 125.77342224588992
Epoch: 81 - Loss: 126.22026164566286
Epoch: 82 - Loss: 124.20835082246788
Epoch: 83 - Loss: 124.31557718268225
Epoch: 84 - Loss: 122.78861500220555
Epoch: 85 - Loss: 127.30177449027447
Epoch: 86 - Loss: 125.54077793831225
Epoch: 87 - Loss: 118.50155760854958
Epoch: 88 - Loss: 121.26799682122969
Epoch: 89 - Loss: 120.58989130199052
Epoch: 90 - Loss: 119.33850308249639
Epoch: 91 - Loss: 117.60449342220546
Epoch: 92 - Loss: 114.93327816026765
Epoch: 93 - Loss: 115.25500638238469
Epoch: 94 - Loss: 112.88049806534735
Epoch: 95 - Loss: 112.33156180902729
Epoch: 96 - Loss: 113.06910769751254
Epoch: 97 - Loss: 113.7236599773636
Epoch: 98 - Loss: 113.93126671915196
Epoch: 99 - Loss: 113.65602701932862
Epoch: 100 - Loss: 112.99946218304096
Epoch: 101 - Loss: 112.33482844965481
Epoch: 102 - Loss: 112.50440515049729
Epoch: 103 - Loss: 112.43587534607734
Epoch: 104 - Loss: 112.04898756065316
Epoch: 105 - Loss: 112.3598625064945
Epoch: 106 - Loss: 112.56641779910385
Epoch: 107 - Loss: 112.37031495466815
Epoch: 108 - Loss: 111.90448708592373
Epoch: 109 - Loss: 111.43573191786636
Epoch: 110 - Loss: 111.40874892377384
Epoch: 111 - Loss: 111.7262311216898
Epoch: 112 - Loss: 111.59223008886813
Epoch: 113 - Loss: 111.418517361266
Epoch: 114 - Loss: 111.37917207828167
Epoch: 115 - Loss: 111.31841209417195
Epoch: 116 - Loss: 111.14730892056586
Epoch: 117 - Loss: 111.0418249170586
Epoch: 118 - Loss: 111.04528734992982
Epoch: 119 - Loss: 111.142131891939
Epoch: 120 - Loss: 111.0841489567986
Epoch: 121 - Loss: 110.8850926610954
Epoch: 122 - Loss: 110.79222722291183
Epoch: 123 - Loss: 113.94354383998888
Epoch: 124 - Loss: 110.90423050454024
Epoch: 125 - Loss: 111.47469541316656
Epoch: 126 - Loss: 109.61767443956788
Epoch: 127 - Loss: 111.06207340806472
Epoch: 128 - Loss: 81.3260561860461
Epoch: 129 - Loss: 69.08906990383353
Epoch: 130 - Loss: 67.13346182449305
Epoch: 131 - Loss: 68.19323056146348
Epoch: 132 - Loss: 65.79723856488417
Epoch: 133 - Loss: 66.90704410993618
Epoch: 134 - Loss: 65.34128264662768
Epoch: 135 - Loss: 64.92574020325675
Epoch: 136 - Loss: 65.94579719372338
Epoch: 137 - Loss: 66.11554776586186
Epoch: 138 - Loss: 65.26628207846205
Epoch: 139 - Loss: 64.9017191440146
Epoch: 140 - Loss: 65.7618991602325
Epoch: 141 - Loss: 64.66024169267818
Epoch: 142 - Loss: 64.97698679826476
Epoch: 143 - Loss: 65.6092395605651
Epoch: 144 - Loss: 64.93144215794426
Epoch: 145 - Loss: 64.65082695554946
Epoch: 146 - Loss: 65.04047856590822
Epoch: 147 - Loss: 65.02535271569747
Epoch: 148 - Loss: 64.53929580051393
Epoch: 149 - Loss: 64.52032488804257
Epoch: 150 - Loss: 64.77270863917857
Epoch: 151 - Loss: 64.8078202084181
Epoch: 152 - Loss: 64.58025084989116
Epoch: 153 - Loss: 64.41295645201248
Epoch: 154 - Loss: 64.48395792062415
Epoch: 155 - Loss: 64.5950572295529
Epoch: 156 - Loss: 64.4517525451369
Epoch: 157 - Loss: 64.30203893226532
Epoch: 158 - Loss: 64.32851496599554
Epoch: 159 - Loss: 64.41090467414479
Epoch: 160 - Loss: 64.36702367490085
Epoch: 161 - Loss: 64.24381309100336
Epoch: 162 - Loss: 64.20373013114275
Epoch: 163 - Loss: 64.25346863071852
Epoch: 164 - Loss: 64.25379121330879
Epoch: 165 - Loss: 64.1738272043414
Epoch: 166 - Loss: 64.12801254976381
Epoch: 167 - Loss: 64.15001443402535
Epoch: 168 - Loss: 64.1649594617902
Epoch: 169 - Loss: 64.1232625078677
Epoch: 170 - Loss: 64.07069186285916
Epoch: 171 - Loss: 64.06420719395665
Epoch: 172 - Loss: 64.08084810925523
Epoch: 173 - Loss: 64.06468150982872
Epoch: 174 - Loss: 64.02520876161401
Epoch: 175 - Loss: 64.00810621407481
Epoch: 176 - Loss: 64.0126526342872
Epoch: 177 - Loss: 64.00428624677579
Epoch: 178 - Loss: 63.97593152893461
Epoch: 179 - Loss: 63.95256251911051
Epoch: 180 - Loss: 63.94682503577576
Epoch: 181 - Loss: 63.942598250683304
Epoch: 182 - Loss: 63.92502830358009
Epoch: 183 - Loss: 63.90338934134642
Epoch: 184 - Loss: 63.89099336927792
Epoch: 185 - Loss: 63.88428914011427
Epoch: 186 - Loss: 63.87217617166788
Epoch: 187 - Loss: 63.85388723140768
Epoch: 188 - Loss: 63.83854252105462
Epoch: 189 - Loss: 63.82970593651991
Epoch: 190 - Loss: 63.819701115317464
Epoch: 191 - Loss: 63.805752734397
Epoch: 192 - Loss: 63.79000727860305
Epoch: 193 - Loss: 63.775792421256085
Epoch: 194 - Loss: 63.76316688015904
Epoch: 195 - Loss: 63.749890180789976
Epoch: 196 - Loss: 63.73575755082116
Epoch: 197 - Loss: 63.72230972175364
Epoch: 198 - Loss: 63.70956258277402
Epoch: 199 - Loss: 63.696062961231526
Epoch: 200 - Loss: 63.68166168414574
Epoch: 201 - Loss: 63.66764703855434
Epoch: 202 - Loss: 63.65452776014908
Epoch: 203 - Loss: 63.64153444091686
Epoch: 204 - Loss: 63.62813638421489
Epoch: 205 - Loss: 63.61464975327161
Epoch: 206 - Loss: 63.60140640767862
Epoch: 207 - Loss: 63.58817163822138
Epoch: 208 - Loss: 63.57463895087544
Epoch: 209 - Loss: 63.561049052100024
Epoch: 210 - Loss: 63.54782255082036
Epoch: 211 - Loss: 63.534855167218936
Epoch: 212 - Loss: 63.521727162535875
Epoch: 213 - Loss: 63.50839039740838
Epoch: 214 - Loss: 63.4951602063698
Epoch: 215 - Loss: 63.482090758767654
Epoch: 216 - Loss: 63.468952036627535
Epoch: 217 - Loss: 63.455739704985696
Epoch: 218 - Loss: 63.44269264084003
Epoch: 219 - Loss: 63.4298057038644
Epoch: 220 - Loss: 63.416847305243955
Epoch: 221 - Loss: 63.403779020425425
Epoch: 222 - Loss: 63.39076772787176
Epoch: 223 - Loss: 63.3778582972595
Epoch: 224 - Loss: 63.36494729414001
Epoch: 225 - Loss: 63.35202456007668
Epoch: 226 - Loss: 63.33916641737211
Epoch: 227 - Loss: 63.3263771055103
Epoch: 228 - Loss: 63.313577536618475
Epoch: 229 - Loss: 63.30074667817037
Epoch: 230 - Loss: 63.28794298896468
Epoch: 231 - Loss: 63.27519887466286
Epoch: 232 - Loss: 63.26248541084887
Epoch: 233 - Loss: 63.24977331115576
Epoch: 234 - Loss: 63.23707924287336
Epoch: 235 - Loss: 63.22442265896088
Epoch: 236 - Loss: 63.21177882133738
Epoch: 237 - Loss: 63.19912756208361
Epoch: 238 - Loss: 63.18649468341375
Epoch: 239 - Loss: 63.17389807771681
Epoch: 240 - Loss: 63.16132617995526
Epoch: 241 - Loss: 63.14875639411405
Epoch: 242 - Loss: 63.13619948084273
Epoch: 243 - Loss: 63.123666416682845
Epoch: 244 - Loss: 63.111145674682525
Epoch: 245 - Loss: 63.098629631111805
Epoch: 246 - Loss: 63.08612889708585
Epoch: 247 - Loss: 63.07365089271719
Epoch: 248 - Loss: 63.06118583203052
Epoch: 249 - Loss: 63.048726767971026
Epoch: 250 - Loss: 63.03627726357834
Epoch: 251 - Loss: 63.02384227153333
Epoch: 252 - Loss: 63.011417768589475
Epoch: 253 - Loss: 62.99900091308113
Epoch: 254 - Loss: 62.98659429320787
Epoch: 255 - Loss: 62.974200357750306
Epoch: 256 - Loss: 62.96181644527188
Epoch: 257 - Loss: 62.94943870715431
Epoch: 258 - Loss: 62.93706720352985
Epoch: 259 - Loss: 62.92470571053371
Epoch: 260 - Loss: 62.91235208585395
Epoch: 261 - Loss: 62.900003697220356
Epoch: 262 - Loss: 62.88766113966064
Epoch: 263 - Loss: 62.875326025110645
Epoch: 264 - Loss: 62.862996255364656
Epoch: 265 - Loss: 62.85066997009898
Epoch: 266 - Loss: 62.83834843728938
Epoch: 267 - Loss: 62.82603079800938
Epoch: 268 - Loss: 62.81371815205401
Epoch: 269 - Loss: 62.801408031085714
Epoch: 270 - Loss: 62.789100852418436
Epoch: 271 - Loss: 62.77679597621272
Epoch: 272 - Loss: 62.76449341905834
Epoch: 273 - Loss: 62.75219179436365
Epoch: 274 - Loss: 62.73989155041518
Epoch: 275 - Loss: 62.72759414193394
Epoch: 276 - Loss: 62.71529494779768
Epoch: 277 - Loss: 62.70299336215422
Epoch: 278 - Loss: 62.690693836232754
Epoch: 279 - Loss: 62.678391820923785
Epoch: 280 - Loss: 62.66608819867692
Epoch: 281 - Loss: 62.65378187770247
Epoch: 282 - Loss: 62.64147300720957
Epoch: 283 - Loss: 62.62915932963887
Epoch: 284 - Loss: 62.6168433357596
Epoch: 285 - Loss: 62.604522861753054
Epoch: 286 - Loss: 62.5921976143327
Epoch: 287 - Loss: 62.57986708828146
Epoch: 288 - Loss: 62.56753066029197
Epoch: 289 - Loss: 62.55518779666093
Epoch: 290 - Loss: 62.54283796444615
Epoch: 291 - Loss: 62.53048011466994
Epoch: 292 - Loss: 62.5181148875829
Epoch: 293 - Loss: 62.50574029979428
Epoch: 294 - Loss: 62.49335596606216
Epoch: 295 - Loss: 62.48096203825402
Epoch: 296 - Loss: 62.46855743813069
Epoch: 297 - Loss: 62.45614161829513
Epoch: 298 - Loss: 62.443712774020284
Epoch: 299 - Loss: 62.43127206590756
Epoch: 300 - Loss: 62.41881918005582
Epoch: 1 - Loss: 190.23633778293322
Epoch: 2 - Loss: 170.24162308200624
Epoch: 3 - Loss: 185.54161598285842
Epoch: 4 - Loss: 183.86995624151407
Epoch: 5 - Loss: 185.89885494865428
Epoch: 6 - Loss: 182.88411426080992
Epoch: 7 - Loss: 179.6461378446285
Epoch: 8 - Loss: 178.22299852647993
Epoch: 9 - Loss: 177.3345360223417
Epoch: 10 - Loss: 176.24986628745387
Epoch: 11 - Loss: 174.56016235694335
Epoch: 12 - Loss: 172.39159847204346
Epoch: 13 - Loss: 142.58899575947686
Epoch: 14 - Loss: 129.3321189802867
Epoch: 15 - Loss: 126.07597550369215
Epoch: 16 - Loss: 131.29597808361117
Epoch: 17 - Loss: 130.15004660599018
Epoch: 18 - Loss: 116.63942168110152
Epoch: 19 - Loss: 100.91503055814667
Epoch: 20 - Loss: 101.70002992932663
Epoch: 21 - Loss: 102.49669466261076
Epoch: 22 - Loss: 100.88199436115507
Epoch: 23 - Loss: 99.72405983772319
Epoch: 24 - Loss: 95.9766822641001
Epoch: 25 - Loss: 89.00732748836394
Epoch: 26 - Loss: 93.78373680310496
Epoch: 27 - Loss: 97.00918648572635
Epoch: 28 - Loss: 99.95223945049884
Epoch: 29 - Loss: 103.42132551254588
Epoch: 30 - Loss: 104.65922120094528
Epoch: 31 - Loss: 104.82426562335567
Epoch: 32 - Loss: 103.25438240033878
Epoch: 33 - Loss: 99.99172419144382
Epoch: 34 - Loss: 95.60064725180483
Epoch: 35 - Loss: 95.9709842565232
Epoch: 36 - Loss: 93.43279547605657
Epoch: 37 - Loss: 92.05531914292068
Epoch: 38 - Loss: 91.25295417065033
Epoch: 39 - Loss: 90.1440821145662
Epoch: 40 - Loss: 89.31382651151296
Epoch: 41 - Loss: 89.38943315349833
Epoch: 42 - Loss: 88.79060929605636
Epoch: 43 - Loss: 88.94947073488711
Epoch: 44 - Loss: 94.46182141858266
Epoch: 45 - Loss: 96.03753609144822
Epoch: 46 - Loss: 96.37657712645884
Epoch: 47 - Loss: 97.58840336671761
Epoch: 48 - Loss: 96.7456046751982
Epoch: 49 - Loss: 95.83968117694619
Epoch: 50 - Loss: 95.44725096168621
Epoch: 51 - Loss: 95.17491662471522
Epoch: 52 - Loss: 95.11393979048319
Epoch: 53 - Loss: 95.69850442356874
Epoch: 54 - Loss: 95.5598299799652
Epoch: 55 - Loss: 95.47216958998172
Epoch: 56 - Loss: 95.50923818263834
Epoch: 57 - Loss: 95.2297501789489
Epoch: 58 - Loss: 94.7535538491767
Epoch: 59 - Loss: 94.47592117334959
Epoch: 60 - Loss: 94.27756986407502
Epoch: 61 - Loss: 93.81532425882814
Epoch: 62 - Loss: 93.48900092653432
Epoch: 63 - Loss: 93.12905123974448
Epoch: 64 - Loss: 92.45438604023512
Epoch: 65 - Loss: 89.56850591525148
Epoch: 66 - Loss: 85.61935728335173
Epoch: 67 - Loss: 85.62257789850966
Epoch: 68 - Loss: 85.52828242731748
Epoch: 69 - Loss: 85.43618144609776
Epoch: 70 - Loss: 85.30099712727903
Epoch: 71 - Loss: 85.08157064898329
Epoch: 72 - Loss: 84.72301705249437
Epoch: 73 - Loss: 84.10437210598234
Epoch: 74 - Loss: 82.74437247042198
Epoch: 75 - Loss: 75.33475727506104
Epoch: 76 - Loss: 109.7559051301399
Epoch: 77 - Loss: 112.39036569924478
Epoch: 78 - Loss: 113.14710305010479
Epoch: 79 - Loss: 113.39334529799397
Epoch: 80 - Loss: 113.3863793908579
Epoch: 81 - Loss: 113.22323707004004
Epoch: 82 - Loss: 112.94772112344589
Epoch: 83 - Loss: 112.56515478160085
Epoch: 84 - Loss: 112.05985197488701
Epoch: 85 - Loss: 111.41022772133232
Epoch: 86 - Loss: 110.59723208180785
Epoch: 87 - Loss: 109.61263066464826
Epoch: 88 - Loss: 108.47603424455748
Epoch: 89 - Loss: 107.26008601638225
Epoch: 90 - Loss: 106.09781239519523
Epoch: 91 - Loss: 105.12529919956681
Epoch: 92 - Loss: 104.37922432187607
Epoch: 93 - Loss: 103.77250751163015
Epoch: 94 - Loss: 103.17511850899801
Epoch: 95 - Loss: 102.50390846676595
Epoch: 96 - Loss: 101.91243898392185
Epoch: 97 - Loss: 98.44627969330469
Epoch: 98 - Loss: 82.05340562759434
Epoch: 99 - Loss: 77.08360810980614
Epoch: 100 - Loss: 79.39905108458831
Epoch: 101 - Loss: 80.39383142655129
Epoch: 102 - Loss: 80.85429006461455
Epoch: 103 - Loss: 80.9607694294186
Epoch: 104 - Loss: 80.97669111509393
Epoch: 105 - Loss: 80.97779405153709
Epoch: 106 - Loss: 80.939709966445
Epoch: 107 - Loss: 80.79446272990744
Epoch: 108 - Loss: 80.55337428911254
Epoch: 109 - Loss: 80.19780100907042
Epoch: 110 - Loss: 79.84100908932379
Epoch: 111 - Loss: 79.6032234169175
Epoch: 112 - Loss: 79.60539853793655
Epoch: 113 - Loss: 79.78663652380098
Epoch: 114 - Loss: 79.99530339964276
Epoch: 115 - Loss: 80.11611140967382
Epoch: 116 - Loss: 79.90100660630075
Epoch: 117 - Loss: 79.45807712957728
Epoch: 118 - Loss: 78.83629083489885
Epoch: 119 - Loss: 78.03706896795701
Epoch: 120 - Loss: 76.98856988896594
Epoch: 121 - Loss: 75.65095375935582
Epoch: 122 - Loss: 74.00640706422277
Epoch: 123 - Loss: 73.51018078594672
Epoch: 124 - Loss: 73.47111082931389
Epoch: 125 - Loss: 72.86193942114598
Epoch: 126 - Loss: 72.93919575619502
Epoch: 127 - Loss: 72.81427266522462
Epoch: 128 - Loss: 72.30671395155025
Epoch: 129 - Loss: 73.98478688043255
Epoch: 130 - Loss: 73.43078968864732
Epoch: 131 - Loss: 74.61760518329369
Epoch: 132 - Loss: 76.17502781442174
Epoch: 133 - Loss: 77.2587040873153
Epoch: 134 - Loss: 78.16034082077849
Epoch: 135 - Loss: 76.61194893429207
Epoch: 136 - Loss: 110.48347093800028
Epoch: 137 - Loss: 110.72215305255239
Epoch: 138 - Loss: 110.90862584263516
Epoch: 139 - Loss: 111.03392603184486
Epoch: 140 - Loss: 111.10164454124828
Epoch: 141 - Loss: 111.11649317420157
Epoch: 142 - Loss: 111.08631370365387
Epoch: 143 - Loss: 111.02561198521266
Epoch: 144 - Loss: 110.9481863029234
Epoch: 145 - Loss: 110.86324200203663
Epoch: 146 - Loss: 110.77698041644594
Epoch: 147 - Loss: 110.68788783503778
Epoch: 148 - Loss: 110.58421586233028
Epoch: 149 - Loss: 110.4529285985835
Epoch: 150 - Loss: 110.28595965931125
Epoch: 151 - Loss: 110.0787882593816
Epoch: 152 - Loss: 109.8334164558766
Epoch: 153 - Loss: 109.56061905113009
Epoch: 154 - Loss: 109.27267966402019
Epoch: 155 - Loss: 108.97789173645937
Epoch: 156 - Loss: 108.68253692668023
Epoch: 157 - Loss: 108.3899735612378
Epoch: 158 - Loss: 108.0985622775424
Epoch: 159 - Loss: 107.80555078475552
Epoch: 160 - Loss: 107.48024256232326
Epoch: 161 - Loss: 107.13665420818482
Epoch: 162 - Loss: 106.78431386697369
Epoch: 163 - Loss: 106.42740365629844
Epoch: 164 - Loss: 106.07017927291926
Epoch: 165 - Loss: 105.71650806425428
Epoch: 166 - Loss: 105.31658499015644
Epoch: 167 - Loss: 104.71921942789473
Epoch: 168 - Loss: 104.13206954905334
Epoch: 169 - Loss: 103.51985957502828
Epoch: 170 - Loss: 103.05809318456106
Epoch: 171 - Loss: 103.82981126412565
Epoch: 172 - Loss: 103.0401669947435
Epoch: 173 - Loss: 103.16815127859279
Epoch: 174 - Loss: 103.67564542120112
Epoch: 175 - Loss: 103.93460856364835
Epoch: 176 - Loss: 103.96409303329942
Epoch: 177 - Loss: 103.80617045828662
Epoch: 178 - Loss: 103.50129145492133
Epoch: 179 - Loss: 103.09459080373492
Epoch: 180 - Loss: 102.70035696397105
Epoch: 181 - Loss: 103.0076994681498
Epoch: 182 - Loss: 102.8029341474963
Epoch: 183 - Loss: 102.59396887210252
Epoch: 184 - Loss: 102.68575592676372
Epoch: 185 - Loss: 102.76567083055441
Epoch: 186 - Loss: 102.79539289399249
Epoch: 187 - Loss: 102.76441850217427
Epoch: 188 - Loss: 102.67478405045098
Epoch: 189 - Loss: 102.54430027078894
Epoch: 190 - Loss: 102.41564212362776
Epoch: 191 - Loss: 102.43296574134457
Epoch: 192 - Loss: 102.37682322346367
Epoch: 193 - Loss: 102.2309617955162
Epoch: 194 - Loss: 102.24973249311174
Epoch: 195 - Loss: 102.27189652252987
Epoch: 196 - Loss: 102.24611839235514
Epoch: 197 - Loss: 102.17603743592359
Epoch: 198 - Loss: 102.15309726045425
Epoch: 199 - Loss: 102.28545164601
Epoch: 200 - Loss: 102.18475582020037
Epoch: 201 - Loss: 102.32497974931593
Epoch: 202 - Loss: 102.36056036371524
Epoch: 203 - Loss: 102.30412015637933
Epoch: 204 - Loss: 102.18381224634409
Epoch: 205 - Loss: 102.04078013240176
Epoch: 206 - Loss: 101.94390015169692
Epoch: 207 - Loss: 102.11081450142392
Epoch: 208 - Loss: 102.05889570520134
Epoch: 209 - Loss: 101.87755745022154
Epoch: 210 - Loss: 101.90304528244627
Epoch: 211 - Loss: 101.92717007760164
Epoch: 212 - Loss: 101.90544596623843
Epoch: 213 - Loss: 101.83220410871084
Epoch: 214 - Loss: 101.73238675332956
Epoch: 215 - Loss: 101.67412063205826
Epoch: 216 - Loss: 101.83475971506152
Epoch: 217 - Loss: 101.62856477980138
Epoch: 218 - Loss: 101.67296852726072
Epoch: 219 - Loss: 101.69955764425488
Epoch: 220 - Loss: 101.66670698183746
Epoch: 221 - Loss: 101.58265398989415
Epoch: 222 - Loss: 101.48592389229876
Epoch: 223 - Loss: 101.44565893734615
Epoch: 224 - Loss: 101.56958827979356
Epoch: 225 - Loss: 101.36863217552308
Epoch: 226 - Loss: 101.38084728317087
Epoch: 227 - Loss: 101.38968199618523
Epoch: 228 - Loss: 101.3516810259361
Epoch: 229 - Loss: 101.26628129302006
Epoch: 230 - Loss: 101.1566933924847
Epoch: 231 - Loss: 101.06455194877813
Epoch: 232 - Loss: 101.0355676196835
Epoch: 233 - Loss: 100.8919509977617
Epoch: 234 - Loss: 100.781230510752
Epoch: 235 - Loss: 100.64664909898215
Epoch: 236 - Loss: 100.0723604530278
Epoch: 237 - Loss: 96.12330167237428
Epoch: 238 - Loss: 102.09977624881681
Epoch: 239 - Loss: 96.8162420493547
Epoch: 240 - Loss: 102.366014617208
Epoch: 241 - Loss: 102.83596760499029
Epoch: 242 - Loss: 103.60631802308367
Epoch: 243 - Loss: 104.33549421756439
Epoch: 244 - Loss: 104.73084891389556
Epoch: 245 - Loss: 104.91389878000237
Epoch: 246 - Loss: 104.69500768453639
Epoch: 247 - Loss: 104.21412766922974
Epoch: 248 - Loss: 103.54766695004652
Epoch: 249 - Loss: 102.6577187488005
Epoch: 250 - Loss: 101.84106883834741
Epoch: 251 - Loss: 105.29043362205681
Epoch: 252 - Loss: 104.38079616695869
Epoch: 253 - Loss: 106.42205449301056
Epoch: 254 - Loss: 107.43066805933358
Epoch: 255 - Loss: 108.64459606941885
Epoch: 256 - Loss: 109.1073290053724
Epoch: 257 - Loss: 109.16134964884417
Epoch: 258 - Loss: 110.4672203938426
Epoch: 259 - Loss: 110.82347474059192
Epoch: 260 - Loss: 110.44008352552864
Epoch: 261 - Loss: 110.96431428269577
Epoch: 262 - Loss: 111.06825144567334
Epoch: 263 - Loss: 110.58835859127102
Epoch: 264 - Loss: 110.91020177724772
Epoch: 265 - Loss: 111.04423044474159
Epoch: 266 - Loss: 110.43359486164931
Epoch: 267 - Loss: 110.58533335450613
Epoch: 268 - Loss: 110.47311664760522
Epoch: 269 - Loss: 110.03126332966595
Epoch: 270 - Loss: 110.05015783636722
Epoch: 271 - Loss: 109.81277397569689
Epoch: 272 - Loss: 109.31831021038855
Epoch: 273 - Loss: 109.22313188524404
Epoch: 274 - Loss: 108.96169998047567
Epoch: 275 - Loss: 108.56608114661474
Epoch: 276 - Loss: 108.36181210811165
Epoch: 277 - Loss: 107.93038633906404
Epoch: 278 - Loss: 107.552028981323
Epoch: 279 - Loss: 107.2982943939568
Epoch: 280 - Loss: 106.88876906234273
Epoch: 281 - Loss: 106.48052518801941
Epoch: 282 - Loss: 106.08576464701362
Epoch: 283 - Loss: 105.61305211913556
Epoch: 284 - Loss: 105.23577071969274
Epoch: 285 - Loss: 104.86114288385633
Epoch: 286 - Loss: 104.39333964291453
Epoch: 287 - Loss: 103.81395725943567
Epoch: 288 - Loss: 103.02791233240265
Epoch: 289 - Loss: 102.30372012891316
Epoch: 290 - Loss: 101.85667218866605
Epoch: 291 - Loss: 102.09235681023536
Epoch: 292 - Loss: 102.54612621345606
Epoch: 293 - Loss: 102.03499679824958
Epoch: 294 - Loss: 102.46746767957777
Epoch: 295 - Loss: 102.66053298795353
Epoch: 296 - Loss: 102.78199036405772
Epoch: 297 - Loss: 102.95233162260864
Epoch: 298 - Loss: 103.0625627750616
Epoch: 299 - Loss: 102.91129794205145
Epoch: 300 - Loss: 102.68890794514553
Epoch: 1 - Loss: 186.92273601338334
Epoch: 2 - Loss: 186.9195615621831
Epoch: 3 - Loss: 186.91638684722184
Epoch: 4 - Loss: 186.91321186379633
Epoch: 5 - Loss: 186.91003660719505
Epoch: 6 - Loss: 186.9068610727507
Epoch: 7 - Loss: 186.90368525223641
Epoch: 8 - Loss: 186.9005091481668
Epoch: 9 - Loss: 186.89733275236338
Epoch: 10 - Loss: 186.89415606029758
Epoch: 11 - Loss: 186.8909790674861
Epoch: 12 - Loss: 186.88780176948234
Epoch: 13 - Loss: 186.88462416196677
Epoch: 14 - Loss: 186.88144624059643
Epoch: 15 - Loss: 186.87826800111966
Epoch: 16 - Loss: 186.8750894395462
Epoch: 17 - Loss: 186.87191055177567
Epoch: 18 - Loss: 186.86873133389832
Epoch: 19 - Loss: 186.86555178209716
Epoch: 20 - Loss: 186.8623718926656
Epoch: 21 - Loss: 186.85919166193545
Epoch: 22 - Loss: 186.85601108644346
Epoch: 23 - Loss: 186.85283016261846
Epoch: 24 - Loss: 186.84964870795363
Epoch: 25 - Loss: 186.84646707806328
Epoch: 26 - Loss: 186.84328509041268
Epoch: 27 - Loss: 186.84010274197416
Epoch: 28 - Loss: 186.83692002979228
Epoch: 29 - Loss: 186.8337369535486
Epoch: 30 - Loss: 186.83055350566374
Epoch: 31 - Loss: 186.8273696858236
Epoch: 32 - Loss: 186.82418549135207
Epoch: 33 - Loss: 186.82100091983645
Epoch: 34 - Loss: 186.81781596499206
Epoch: 35 - Loss: 186.81463063317437
Epoch: 36 - Loss: 186.81144491808044
Epoch: 37 - Loss: 186.8082588176527
Epoch: 38 - Loss: 186.80507230503633
Epoch: 39 - Loss: 186.80188542794164
Epoch: 40 - Loss: 186.79869815966524
Epoch: 41 - Loss: 186.79551049848945
Epoch: 42 - Loss: 186.79232244261723
Epoch: 43 - Loss: 186.78913399042452
Epoch: 44 - Loss: 186.7859451403238
Epoch: 45 - Loss: 186.78275589078646
Epoch: 46 - Loss: 186.77956624032933
Epoch: 47 - Loss: 186.77637618743802
Epoch: 48 - Loss: 186.773185730763
Epoch: 49 - Loss: 186.7699948689817
Epoch: 50 - Loss: 186.76680360078268
Epoch: 51 - Loss: 186.76361192486397
Epoch: 52 - Loss: 186.76041984
Epoch: 53 - Loss: 186.75722734494286
Epoch: 54 - Loss: 186.7540344385162
Epoch: 55 - Loss: 186.7508411195773
Epoch: 56 - Loss: 186.7476473870521
Epoch: 57 - Loss: 186.74445323981917
Epoch: 58 - Loss: 186.74125867680925
Epoch: 59 - Loss: 186.73806369690385
Epoch: 60 - Loss: 186.73486829923738
Epoch: 61 - Loss: 186.7316724827137
Epoch: 62 - Loss: 186.7284762463255
Epoch: 63 - Loss: 186.7252795891444
Epoch: 64 - Loss: 186.7220825102055
Epoch: 65 - Loss: 186.71888500849866
Epoch: 66 - Loss: 186.71568708541662
Epoch: 67 - Loss: 186.71248873556488
Epoch: 68 - Loss: 186.7092899601553
Epoch: 69 - Loss: 186.70609075823046
Epoch: 70 - Loss: 186.70289112891527
Epoch: 71 - Loss: 186.69969107127577
Epoch: 72 - Loss: 186.69649058441604
Epoch: 73 - Loss: 186.69328966746298
Epoch: 74 - Loss: 186.69008831950853
Epoch: 75 - Loss: 186.68688653966785
Epoch: 76 - Loss: 186.68368432754627
Epoch: 77 - Loss: 186.68048168126816
Epoch: 78 - Loss: 186.67727860074976
Epoch: 79 - Loss: 186.67407508452328
Epoch: 80 - Loss: 186.67087113200165
Epoch: 81 - Loss: 186.66766674224473
Epoch: 82 - Loss: 186.66446191471314
Epoch: 83 - Loss: 186.6612566479957
Epoch: 84 - Loss: 186.65805094144937
Epoch: 85 - Loss: 186.65484479545805
Epoch: 86 - Loss: 186.65163820802027
Epoch: 87 - Loss: 186.64843117809048
Epoch: 88 - Loss: 186.64522370479617
Epoch: 89 - Loss: 186.64201578722202
Epoch: 90 - Loss: 186.63880742450317
Epoch: 91 - Loss: 186.63559861569343
Epoch: 92 - Loss: 186.63238935993616
Epoch: 93 - Loss: 186.62917965631942
Epoch: 94 - Loss: 186.62596950394496
Epoch: 95 - Loss: 186.6227589018998
Epoch: 96 - Loss: 186.61954785167657
Epoch: 97 - Loss: 186.61633634790712
Epoch: 98 - Loss: 186.6131243922561
Epoch: 99 - Loss: 186.6099119838674
Epoch: 100 - Loss: 186.60669912177212
Epoch: 101 - Loss: 186.60348580507113
Epoch: 102 - Loss: 186.60027194550176
Epoch: 103 - Loss: 186.5970577180074
Epoch: 104 - Loss: 186.59384303284335
Epoch: 105 - Loss: 186.59062788936484
Epoch: 106 - Loss: 186.58741228662922
Epoch: 107 - Loss: 186.58419622372043
Epoch: 108 - Loss: 186.58097969965306
Epoch: 109 - Loss: 186.57776271314316
Epoch: 110 - Loss: 186.57454526378214
Epoch: 111 - Loss: 186.57132735036052
Epoch: 112 - Loss: 186.56810897190545
Epoch: 113 - Loss: 186.56489012752758
Epoch: 114 - Loss: 186.561670816209
Epoch: 115 - Loss: 186.55845103700977
Epoch: 116 - Loss: 186.5552307889582
Epoch: 117 - Loss: 186.5520100710199
Epoch: 118 - Loss: 186.54878888222768
Epoch: 119 - Loss: 186.5455672216066
Epoch: 120 - Loss: 186.54234508814542
Epoch: 121 - Loss: 186.53912248085976
Epoch: 122 - Loss: 186.5358993987692
Epoch: 123 - Loss: 186.53267584083792
Epoch: 124 - Loss: 186.52945180609387
Epoch: 125 - Loss: 186.52622729353055
Epoch: 126 - Loss: 186.52300230209642
Epoch: 127 - Loss: 186.51977683078712
Epoch: 128 - Loss: 186.51655087860755
Epoch: 129 - Loss: 186.5133244445401
Epoch: 130 - Loss: 186.51009752755022
Epoch: 131 - Loss: 186.5068701266752
Epoch: 132 - Loss: 186.50364224073255
Epoch: 133 - Loss: 186.50041386875904
Epoch: 134 - Loss: 186.49718500968518
Epoch: 135 - Loss: 186.4939557705293
Epoch: 136 - Loss: 186.49072593383246
Epoch: 137 - Loss: 186.48749560692457
Epoch: 138 - Loss: 186.48426478870047
Epoch: 139 - Loss: 186.48103347818608
Epoch: 140 - Loss: 186.47780167421377
Epoch: 141 - Loss: 186.47456937576447
Epoch: 142 - Loss: 186.47133658179663
Epoch: 143 - Loss: 186.46810329117966
Epoch: 144 - Loss: 186.46486950289116
Epoch: 145 - Loss: 186.4616352158026
Epoch: 146 - Loss: 186.45840042882625
Epoch: 147 - Loss: 186.45516514086606
Epoch: 148 - Loss: 186.45192935081428
Epoch: 149 - Loss: 186.4486930575859
Epoch: 150 - Loss: 186.4454562569409
Epoch: 151 - Loss: 186.44221896190996
Epoch: 152 - Loss: 186.43898115261788
Epoch: 153 - Loss: 186.43574283569322
Epoch: 154 - Loss: 186.43250400999372
Epoch: 155 - Loss: 186.4292646743996
Epoch: 156 - Loss: 186.42602482778028
Epoch: 157 - Loss: 186.4227844689847
Epoch: 158 - Loss: 186.41954359690382
Epoch: 159 - Loss: 186.41630221041942
Epoch: 160 - Loss: 186.41306030837137
Epoch: 161 - Loss: 186.40981788959957
Epoch: 162 - Loss: 186.40657495297134
Epoch: 163 - Loss: 186.40333149726268
Epoch: 164 - Loss: 186.40008752991122
Epoch: 165 - Loss: 186.3968430322635
Epoch: 166 - Loss: 186.3935980119802
Epoch: 167 - Loss: 186.39035246791062
Epoch: 168 - Loss: 186.387106398853
Epoch: 169 - Loss: 186.38385980364797
Epoch: 170 - Loss: 186.38061268102206
Epoch: 171 - Loss: 186.3773650298574
Epoch: 172 - Loss: 186.37411684887667
Epoch: 173 - Loss: 186.37086813829666
Epoch: 174 - Loss: 186.36761889421015
Epoch: 175 - Loss: 186.36436911667244
Epoch: 176 - Loss: 186.36111880466973
Epoch: 177 - Loss: 186.3578679573777
Epoch: 178 - Loss: 186.35461657356916
Epoch: 179 - Loss: 186.3513646519695
Epoch: 180 - Loss: 186.34811219136708
Epoch: 181 - Loss: 186.34485919045665
Epoch: 182 - Loss: 186.3416056480255
Epoch: 183 - Loss: 186.33835156276552
Epoch: 184 - Loss: 186.33509693340648
Epoch: 185 - Loss: 186.3318417587299
Epoch: 186 - Loss: 186.32858613214404
Epoch: 187 - Loss: 186.32532987117062
Epoch: 188 - Loss: 186.32207305771072
Epoch: 189 - Loss: 186.3188156938497
Epoch: 190 - Loss: 186.3155577782286
Epoch: 191 - Loss: 186.31229941738377
Epoch: 192 - Loss: 186.30904039567258
Epoch: 193 - Loss: 186.3057808175874
Epoch: 194 - Loss: 186.3025206829581
Epoch: 195 - Loss: 186.29925998978268
Epoch: 196 - Loss: 186.2959987367779
Epoch: 197 - Loss: 186.29273692257675
Epoch: 198 - Loss: 186.28947454639973
Epoch: 199 - Loss: 186.28621160573732
Epoch: 200 - Loss: 186.28294809978877
Epoch: 201 - Loss: 186.27968402719912
Epoch: 202 - Loss: 186.2764193865744
Epoch: 203 - Loss: 186.2731541765127
Epoch: 204 - Loss: 186.26988839564282
Epoch: 205 - Loss: 186.26662204254214
Epoch: 206 - Loss: 186.26335511582118
Epoch: 207 - Loss: 186.26008761402142
Epoch: 208 - Loss: 186.256819535791
Epoch: 209 - Loss: 186.25355087964758
Epoch: 210 - Loss: 186.2502816441807
Epoch: 211 - Loss: 186.24701182790432
Epoch: 212 - Loss: 186.24374142938876
Epoch: 213 - Loss: 186.2404704471588
Epoch: 214 - Loss: 186.23719887974366
Epoch: 215 - Loss: 186.23392672557011
Epoch: 216 - Loss: 186.2306539833524
Epoch: 217 - Loss: 186.22738065151626
Epoch: 218 - Loss: 186.22410672965697
Epoch: 219 - Loss: 186.2208322213675
Epoch: 220 - Loss: 186.2175571119977
Epoch: 221 - Loss: 186.21428140700723
Epoch: 222 - Loss: 186.2110051049153
Epoch: 223 - Loss: 186.20772820414047
Epoch: 224 - Loss: 186.2044507031608
Epoch: 225 - Loss: 186.20117260032654
Epoch: 226 - Loss: 186.19789389385411
Epoch: 227 - Loss: 186.19461458216247
Epoch: 228 - Loss: 186.19133466370184
Epoch: 229 - Loss: 186.18805405331815
Epoch: 230 - Loss: 186.18477291722547
Epoch: 231 - Loss: 186.18149096973923
Epoch: 232 - Loss: 186.17820860961152
Epoch: 233 - Loss: 186.17492563827176
Epoch: 234 - Loss: 186.17164204912754
Epoch: 235 - Loss: 186.16835784307938
Epoch: 236 - Loss: 186.1650730185191
Epoch: 237 - Loss: 186.16178757378614
Epoch: 238 - Loss: 186.15850150720357
Epoch: 239 - Loss: 186.15521491655483
Epoch: 240 - Loss: 186.15192759983142
Epoch: 241 - Loss: 186.1486396559468
Epoch: 242 - Loss: 186.1453510832094
Epoch: 243 - Loss: 186.14206187995856
Epoch: 244 - Loss: 186.138772044522
Epoch: 245 - Loss: 186.13548157525486
Epoch: 246 - Loss: 186.1321904703867
Epoch: 247 - Loss: 186.1288987282466
Epoch: 248 - Loss: 186.12560634349134
Epoch: 249 - Loss: 186.12231332171018
Epoch: 250 - Loss: 186.11901965748578
Epoch: 251 - Loss: 186.11572534904286
Epoch: 252 - Loss: 186.1124303946742
Epoch: 253 - Loss: 186.1091347925958
Epoch: 254 - Loss: 186.1058385410621
Epoch: 255 - Loss: 186.10254163831144
Epoch: 256 - Loss: 186.09924403536476
Epoch: 257 - Loss: 186.0959458253071
Epoch: 258 - Loss: 186.09264693508393
Epoch: 259 - Loss: 186.0893474099486
Epoch: 260 - Loss: 186.08604722457324
Epoch: 261 - Loss: 186.08274637718242
Epoch: 262 - Loss: 186.07944486589827
Epoch: 263 - Loss: 186.07614268890467
Epoch: 264 - Loss: 186.07283984435114
Epoch: 265 - Loss: 186.06953633038447
Epoch: 266 - Loss: 186.06623214514138
Epoch: 267 - Loss: 186.06292728675132
Epoch: 268 - Loss: 186.0596217533121
Epoch: 269 - Loss: 186.05631554297014
Epoch: 270 - Loss: 186.05300865380565
Epoch: 271 - Loss: 186.04970108392303
Epoch: 272 - Loss: 186.04639283139704
Epoch: 273 - Loss: 186.0430838943091
Epoch: 274 - Loss: 186.03977427075802
Epoch: 275 - Loss: 186.03646395876075
Epoch: 276 - Loss: 186.03315295639513
Epoch: 277 - Loss: 186.02984136490642
Epoch: 278 - Loss: 186.02652897474968
Epoch: 279 - Loss: 186.02321584060522
Epoch: 280 - Loss: 186.01990205561185
Epoch: 281 - Loss: 186.01658757036682
Epoch: 282 - Loss: 186.01327238286763
Epoch: 283 - Loss: 186.00995649109512
Epoch: 284 - Loss: 186.00663989306435
Epoch: 285 - Loss: 186.00332258670258
Epoch: 286 - Loss: 186.00000456996244
Epoch: 287 - Loss: 185.99668584083815
Epoch: 288 - Loss: 185.99336639725593
Epoch: 289 - Loss: 185.99004623716306
Epoch: 290 - Loss: 185.9867253584605
Epoch: 291 - Loss: 185.9834037590813
Epoch: 292 - Loss: 185.9800814372704
Epoch: 293 - Loss: 185.97675839018845
Epoch: 294 - Loss: 185.97343461611123
Epoch: 295 - Loss: 185.97011011289936
Epoch: 296 - Loss: 185.96678487845196
Epoch: 297 - Loss: 185.9634589106274
Epoch: 298 - Loss: 185.96013220719013
Epoch: 299 - Loss: 185.9568047660902
Epoch: 300 - Loss: 185.95347658512782
Epoch: 1 - Loss: 197.00361166852272
Epoch: 2 - Loss: 187.41440769239912
Epoch: 3 - Loss: 194.02896967552684
Epoch: 4 - Loss: 180.97033361406673
Epoch: 5 - Loss: 182.4924947473694
Epoch: 6 - Loss: 182.69353605355386
Epoch: 7 - Loss: 182.4736177754674
Epoch: 8 - Loss: 181.97772944795108
Epoch: 9 - Loss: 181.28332465965153
Epoch: 10 - Loss: 180.45418177124301
Epoch: 11 - Loss: 179.33841542826207
Epoch: 12 - Loss: 178.05321247187783
Epoch: 13 - Loss: 176.6314770121112
Epoch: 14 - Loss: 175.13823270460892
Epoch: 15 - Loss: 173.55976032463434
Epoch: 16 - Loss: 171.82460105690689
Epoch: 17 - Loss: 169.69352032776231
Epoch: 18 - Loss: 167.3520810548966
Epoch: 19 - Loss: 164.6166837939755
Epoch: 20 - Loss: 159.515186898411
Epoch: 21 - Loss: 147.74555321927508
Epoch: 22 - Loss: 126.54251779791258
Epoch: 23 - Loss: 117.52791023839592
Epoch: 24 - Loss: 112.07472223926248
Epoch: 25 - Loss: 112.35550385297253
Epoch: 26 - Loss: 112.28236578401692
Epoch: 27 - Loss: 110.56289788755385
Epoch: 28 - Loss: 113.94574229383821
Epoch: 29 - Loss: 112.7934557000861
Epoch: 30 - Loss: 112.83813329514282
Epoch: 31 - Loss: 118.5304135651193
Epoch: 32 - Loss: 119.09384938160197
Epoch: 33 - Loss: 118.38715959201404
Epoch: 34 - Loss: 107.81610666459885
Epoch: 35 - Loss: 93.92021626722948
Epoch: 36 - Loss: 92.31325483741324
Epoch: 37 - Loss: 93.46801662368185
Epoch: 38 - Loss: 93.83847118535002
Epoch: 39 - Loss: 93.68012366359663
Epoch: 40 - Loss: 93.16384964549492
Epoch: 41 - Loss: 92.44841040452599
Epoch: 42 - Loss: 92.08219355814369
Epoch: 43 - Loss: 95.6108307025663
Epoch: 44 - Loss: 91.77475560301274
Epoch: 45 - Loss: 91.521219971861
Epoch: 46 - Loss: 91.21737143522984
Epoch: 47 - Loss: 90.25973993690245
Epoch: 48 - Loss: 87.27456834758542
Epoch: 49 - Loss: 78.25327263534092
Epoch: 50 - Loss: 82.7490811876928
Epoch: 51 - Loss: 83.18395534665714
Epoch: 52 - Loss: 83.22293201459165
Epoch: 53 - Loss: 83.07774701782351
Epoch: 54 - Loss: 82.82349016901082
Epoch: 55 - Loss: 82.50018366987112
Epoch: 56 - Loss: 82.14067966495509
Epoch: 57 - Loss: 81.78344223913525
Epoch: 58 - Loss: 81.46368822795975
Epoch: 59 - Loss: 81.18548559014877
Epoch: 60 - Loss: 80.86960993609095
Epoch: 61 - Loss: 80.33408193379856
Epoch: 62 - Loss: 79.42966952193441
Epoch: 63 - Loss: 78.11160819072123
Epoch: 64 - Loss: 76.19393328422132
Epoch: 65 - Loss: 72.96132275366772
Epoch: 66 - Loss: 72.49605814241973
Epoch: 67 - Loss: 70.36115297876344
Epoch: 68 - Loss: 69.95230884896384
Epoch: 69 - Loss: 70.34096455658558
Epoch: 70 - Loss: 69.58670243909077
Epoch: 71 - Loss: 68.01238671167488
Epoch: 72 - Loss: 67.13131860083071
Epoch: 73 - Loss: 66.42373285073381
Epoch: 74 - Loss: 63.97196838431614
Epoch: 75 - Loss: 64.94822020383175
Epoch: 76 - Loss: 64.42702979230351
Epoch: 77 - Loss: 63.8704516779439
Epoch: 78 - Loss: 64.59290260172976
Epoch: 79 - Loss: 64.3410520563492
Epoch: 80 - Loss: 64.47069857094937
Epoch: 81 - Loss: 64.40631397054636
Epoch: 82 - Loss: 63.840033296357504
Epoch: 83 - Loss: 63.59723326233801
Epoch: 84 - Loss: 62.66192773977454
Epoch: 85 - Loss: 62.18613514282576
Epoch: 86 - Loss: 61.78821736738123
Epoch: 87 - Loss: 61.56195441888431
Epoch: 88 - Loss: 61.77487654913756
Epoch: 89 - Loss: 61.67100942961248
Epoch: 90 - Loss: 61.556357041673486
Epoch: 91 - Loss: 61.12223445783779
Epoch: 92 - Loss: 60.94829561387911
Epoch: 93 - Loss: 60.459995526880185
Epoch: 94 - Loss: 60.326814220811386
Epoch: 95 - Loss: 60.20947717604031
Epoch: 96 - Loss: 60.06604807189118
Epoch: 97 - Loss: 59.77822427290065
Epoch: 98 - Loss: 59.527855090943916
Epoch: 99 - Loss: 59.26677144781125
Epoch: 100 - Loss: 58.893594889236354
Epoch: 101 - Loss: 58.72028626537826
Epoch: 102 - Loss: 58.59810143730447
Epoch: 103 - Loss: 58.37014574798466
Epoch: 104 - Loss: 58.16174730294392
Epoch: 105 - Loss: 58.040349519344424
Epoch: 106 - Loss: 57.73703542184857
Epoch: 107 - Loss: 57.56128896873675
Epoch: 108 - Loss: 57.43388420040244
Epoch: 109 - Loss: 57.2127498449944
Epoch: 110 - Loss: 57.07068115028671
Epoch: 111 - Loss: 56.88599110799119
Epoch: 112 - Loss: 56.69645778585881
Epoch: 113 - Loss: 56.57790332574853
Epoch: 114 - Loss: 56.38312688952588
Epoch: 115 - Loss: 56.277755705055114
Epoch: 116 - Loss: 56.12741565947797
Epoch: 117 - Loss: 56.03467450267359
Epoch: 118 - Loss: 55.89826639283739
Epoch: 119 - Loss: 55.80285851888293
Epoch: 120 - Loss: 55.69520752822207
Epoch: 121 - Loss: 55.57031400374522
Epoch: 122 - Loss: 55.49219105762749
Epoch: 123 - Loss: 55.37546058498229
Epoch: 124 - Loss: 55.27815535253314
Epoch: 125 - Loss: 55.17522394004271
Epoch: 126 - Loss: 55.0890111892882
Epoch: 127 - Loss: 55.012432840012416
Epoch: 128 - Loss: 55.0122326925965
Epoch: 129 - Loss: 55.49278002787626
Epoch: 130 - Loss: 58.51140874773961
Epoch: 131 - Loss: 60.15220708652605
Epoch: 132 - Loss: 60.59036684504979
Epoch: 133 - Loss: 60.61154098321404
Epoch: 134 - Loss: 60.58579904095577
Epoch: 135 - Loss: 59.95040338702782
Epoch: 136 - Loss: 55.01056302448159
Epoch: 137 - Loss: 54.21315053448049
Epoch: 138 - Loss: 56.92585649455418
Epoch: 139 - Loss: 51.4820670910099
NON-FINITE LOSS: retcode=Unstable npoints=6 expected=6
NON-FINITE LOSS: retcode=Unstable npoints=4 expected=6
Epoch: 140 - Loss: 1.0e6
NON-FINITE LOSS: retcode=Unstable npoints=6 expected=6
NON-FINITE LOSS: retcode=Unstable npoints=4 expected=6
Epoch: 141 - Loss: 1.0e6
NON-FINITE LOSS: retcode=Unstable npoints=6 expected=6
NON-FINITE LOSS: retcode=Unstable npoints=3 expected=6
Epoch: 142 - Loss: 1.0e6
NON-FINITE LOSS: retcode=Unstable npoints=6 expected=6
NON-FINITE LOSS: retcode=Unstable npoints=3 expected=6
Epoch: 143 - Loss: 1.0e6
NON-FINITE LOSS: retcode=Unstable npoints=6 expected=6
NON-FINITE LOSS: retcode=Unstable npoints=3 expected=6
Epoch: 144 - Loss: 1.0e6
NON-FINITE LOSS: retcode=Unstable npoints=6 expected=6
NON-FINITE LOSS: retcode=Unstable npoints=3 expected=6
Epoch: 145 - Loss: 1.0e6
Epoch: 1 - Loss: 187.5901930543101
Epoch: 2 - Loss: 187.57979416104834
Epoch: 3 - Loss: 187.56938441684323
Epoch: 4 - Loss: 187.5589635576477
Epoch: 5 - Loss: 187.5485313161358
Epoch: 6 - Loss: 187.5380874249902
Epoch: 7 - Loss: 187.52763161486234
Epoch: 8 - Loss: 187.5171636108806
Epoch: 9 - Loss: 187.50668314818444
Epoch: 10 - Loss: 187.49618996738414
Epoch: 11 - Loss: 187.48568375760783
Epoch: 12 - Loss: 187.47516426329634
Epoch: 13 - Loss: 187.46463121150143
Epoch: 14 - Loss: 187.45408433898638
Epoch: 15 - Loss: 187.443523340488
Epoch: 16 - Loss: 187.4329479598434
Epoch: 17 - Loss: 187.42235792543568
Epoch: 18 - Loss: 187.41175297230484
Epoch: 19 - Loss: 187.401132830111
Epoch: 20 - Loss: 187.39049722896917
Epoch: 21 - Loss: 187.3798459000106
Epoch: 22 - Loss: 187.36917857600486
Epoch: 23 - Loss: 187.35849499700626
Epoch: 24 - Loss: 187.34779487239163
Epoch: 25 - Loss: 187.33707793534916
Epoch: 26 - Loss: 187.32634392209604
Epoch: 27 - Loss: 187.31559259859594
Epoch: 28 - Loss: 187.30482369101978
Epoch: 29 - Loss: 187.29403693000927
Epoch: 30 - Loss: 187.2832320592929
Epoch: 31 - Loss: 187.27240882674022
Epoch: 32 - Loss: 187.26156696883254
Epoch: 33 - Loss: 187.25070624330948
Epoch: 34 - Loss: 187.2398263998991
Epoch: 35 - Loss: 187.2289271923554
Epoch: 36 - Loss: 187.21800837096984
Epoch: 37 - Loss: 187.20706968611887
Epoch: 38 - Loss: 187.1961108889718
Epoch: 39 - Loss: 187.1851317306685
Epoch: 40 - Loss: 187.1741319629553
Epoch: 41 - Loss: 187.16311132613058
Epoch: 42 - Loss: 187.15206959498443
Epoch: 43 - Loss: 187.14100651006802
Epoch: 44 - Loss: 187.1299218233235
Epoch: 45 - Loss: 187.11881528668732
Epoch: 46 - Loss: 187.1076866501945
Epoch: 47 - Loss: 187.09653566384566
Epoch: 48 - Loss: 187.08536206820668
Epoch: 49 - Loss: 187.07416563736498
Epoch: 50 - Loss: 187.0629460965913
Epoch: 51 - Loss: 187.05170318740008
Epoch: 52 - Loss: 187.0404366607936
Epoch: 53 - Loss: 187.0291466999552
Epoch: 54 - Loss: 187.01783216189503
Epoch: 55 - Loss: 187.00649320928127
Epoch: 56 - Loss: 186.99512958615827
Epoch: 57 - Loss: 186.98374102814924
Epoch: 58 - Loss: 186.9723272687239
Epoch: 59 - Loss: 186.96088803925653
Epoch: 60 - Loss: 186.94942307070545
Epoch: 61 - Loss: 186.937932097694
Epoch: 62 - Loss: 186.92641482720887
Epoch: 63 - Loss: 186.91487099101252
Epoch: 64 - Loss: 186.9033003040959
Epoch: 65 - Loss: 186.8917024852884
Epoch: 66 - Loss: 186.88007724759908
Epoch: 67 - Loss: 186.8684243041313
Epoch: 68 - Loss: 186.85674336223747
Epoch: 69 - Loss: 186.8450341327252
Epoch: 70 - Loss: 186.83329632369802
Epoch: 71 - Loss: 186.82152970237175
Epoch: 72 - Loss: 186.80973389475474
Epoch: 73 - Loss: 186.7979086451571
Epoch: 74 - Loss: 186.7860535354516
Epoch: 75 - Loss: 186.77416830653019
Epoch: 76 - Loss: 186.76225264083473
Epoch: 77 - Loss: 186.75030621603872
Epoch: 78 - Loss: 186.7383288030879
Epoch: 79 - Loss: 186.72631987658139
Epoch: 80 - Loss: 186.71427920396846
Epoch: 81 - Loss: 186.70220644838435
Epoch: 82 - Loss: 186.69010126905468
Epoch: 83 - Loss: 186.67796332089017
Epoch: 84 - Loss: 186.6657922283414
Epoch: 85 - Loss: 186.65358765750656
Epoch: 86 - Loss: 186.6413493487819
Epoch: 87 - Loss: 186.6290767966609
Epoch: 88 - Loss: 186.61676965227804
Epoch: 89 - Loss: 186.6044276430846
Epoch: 90 - Loss: 186.5920503212031
Epoch: 91 - Loss: 186.57963653845886
Epoch: 92 - Loss: 186.5671874897099
Epoch: 93 - Loss: 186.55470190917322
Epoch: 94 - Loss: 186.54217950981098
Epoch: 95 - Loss: 186.52961995559033
Epoch: 96 - Loss: 186.51702272821103
Epoch: 97 - Loss: 186.50438839632997
Epoch: 98 - Loss: 186.4917145437781
Epoch: 99 - Loss: 186.4790018045335
Epoch: 100 - Loss: 186.4662498098172
Epoch: 101 - Loss: 186.45345798848695
Epoch: 102 - Loss: 186.44062595125536
Epoch: 103 - Loss: 186.42775328932026
Epoch: 104 - Loss: 186.41483957446846
Epoch: 105 - Loss: 186.40188424299623
Epoch: 106 - Loss: 186.38888696698953
Epoch: 107 - Loss: 186.37584722000005
Epoch: 108 - Loss: 186.3627645367339
Epoch: 109 - Loss: 186.34963842256258
Epoch: 110 - Loss: 186.33646839941207
Epoch: 111 - Loss: 186.32325397513875
Epoch: 112 - Loss: 186.3099946510612
Epoch: 113 - Loss: 186.29668992176215
Epoch: 114 - Loss: 186.28333927612607
Epoch: 115 - Loss: 186.2699421918273
Epoch: 116 - Loss: 186.25649815138704
Epoch: 117 - Loss: 186.24300662111534
Epoch: 118 - Loss: 186.22946707480213
Epoch: 119 - Loss: 186.21587895670956
Epoch: 120 - Loss: 186.20224171131127
Epoch: 121 - Loss: 186.18855477535305
Epoch: 122 - Loss: 186.1748175779317
Epoch: 123 - Loss: 186.16102954000814
Epoch: 124 - Loss: 186.14719007471697
Epoch: 125 - Loss: 186.13329857787832
Epoch: 126 - Loss: 186.1193533365932
Epoch: 127 - Loss: 186.1053559721751
Epoch: 128 - Loss: 186.0913047642299
Epoch: 129 - Loss: 186.07719908417647
Epoch: 130 - Loss: 186.06303829523793
Epoch: 131 - Loss: 186.0488217420668
Epoch: 132 - Loss: 186.03454878020943
Epoch: 133 - Loss: 186.02021873284133
Epoch: 134 - Loss: 186.00583092551568
Epoch: 135 - Loss: 185.99138468938182
Epoch: 136 - Loss: 185.9768793146418
Epoch: 137 - Loss: 185.96231408686404
Epoch: 138 - Loss: 185.94768830354533
Epoch: 139 - Loss: 185.93300121989006
Epoch: 140 - Loss: 185.91825211145448
Epoch: 141 - Loss: 185.9034414168113
Epoch: 142 - Loss: 185.88856600759743
Epoch: 143 - Loss: 185.87362632584117
Epoch: 144 - Loss: 185.8586215881893
Epoch: 145 - Loss: 185.84355101313204
Epoch: 146 - Loss: 185.82841378266153
Epoch: 147 - Loss: 185.81320909107342
Epoch: 148 - Loss: 185.79793611334995
Epoch: 149 - Loss: 185.7825940202532
Epoch: 150 - Loss: 185.76718123993606
Epoch: 151 - Loss: 185.7516983158848
Epoch: 152 - Loss: 185.7361434956563
Epoch: 153 - Loss: 185.72051634502017
Epoch: 154 - Loss: 185.7048157081918
Epoch: 155 - Loss: 185.68904067075974
Epoch: 156 - Loss: 185.67319029721529
Epoch: 157 - Loss: 185.6572636575096
Epoch: 158 - Loss: 185.6412597801554
Epoch: 159 - Loss: 185.62517770252475
Epoch: 160 - Loss: 185.60901643581056
Epoch: 161 - Loss: 185.59277498257947
Epoch: 162 - Loss: 185.57645232442826
Epoch: 163 - Loss: 185.5600474421476
Epoch: 164 - Loss: 185.5435592534187
Epoch: 165 - Loss: 185.52698673943212
Epoch: 166 - Loss: 185.5103288236564
Epoch: 167 - Loss: 185.4934294619087
Epoch: 168 - Loss: 185.4714967565432
Epoch: 169 - Loss: 185.44898269731996
Epoch: 170 - Loss: 185.42593955721702
Epoch: 171 - Loss: 185.4024136964923
Epoch: 172 - Loss: 185.37844624955298
Epoch: 173 - Loss: 185.3540736411238
Epoch: 174 - Loss: 185.32932818788947
Epoch: 175 - Loss: 185.30423888761317
Epoch: 176 - Loss: 185.27883013981304
Epoch: 177 - Loss: 185.2531248691342
Epoch: 178 - Loss: 185.2271426736416
Epoch: 179 - Loss: 185.20090104456955
Epoch: 180 - Loss: 185.17441494194145
Epoch: 181 - Loss: 185.14769787377298
Epoch: 182 - Loss: 185.1207615323164
Epoch: 183 - Loss: 185.09361609504523
Epoch: 184 - Loss: 185.0662703972243
Epoch: 185 - Loss: 185.03873207971884
Epoch: 186 - Loss: 185.01100772543236
Epoch: 187 - Loss: 184.9831028458227
Epoch: 188 - Loss: 184.9550222290305
Epoch: 189 - Loss: 184.92676978628927
Epoch: 190 - Loss: 184.898348762312
Epoch: 191 - Loss: 184.8697617003728
Epoch: 192 - Loss: 184.841010666992
Epoch: 193 - Loss: 184.8120972194674
Epoch: 194 - Loss: 184.78302241735162
Epoch: 195 - Loss: 184.7537869137486
Epoch: 196 - Loss: 184.72439093345776
Epoch: 197 - Loss: 184.69483447706878
Epoch: 198 - Loss: 184.66511725289024
Epoch: 199 - Loss: 184.63523832153203
Epoch: 200 - Loss: 184.60519715498606
Epoch: 201 - Loss: 184.5749924690842
Epoch: 202 - Loss: 184.54462292151757
Epoch: 203 - Loss: 184.51408698571376
Epoch: 204 - Loss: 184.48338298206815
Epoch: 205 - Loss: 184.45250877741748
Epoch: 206 - Loss: 184.42146288091286
Epoch: 207 - Loss: 184.39024287250695
Epoch: 208 - Loss: 184.35884650238592
Epoch: 209 - Loss: 184.32727128170524
Epoch: 210 - Loss: 184.2955148471531
Epoch: 211 - Loss: 184.26357432488396
Epoch: 212 - Loss: 184.23144742286746
Epoch: 213 - Loss: 184.19913117694537
Epoch: 214 - Loss: 184.1666226251486
Epoch: 215 - Loss: 184.13391882712094
Epoch: 216 - Loss: 184.10101677754346
Epoch: 217 - Loss: 184.06791324470564
Epoch: 218 - Loss: 184.0346051387535
Epoch: 219 - Loss: 184.0010889358416
Epoch: 220 - Loss: 183.96736172873852
Epoch: 221 - Loss: 183.93341988354814
Epoch: 222 - Loss: 183.8992599202744
Epoch: 223 - Loss: 183.8648783101543
Epoch: 224 - Loss: 183.8302714377883
Epoch: 225 - Loss: 183.79543566616988
Epoch: 226 - Loss: 183.76036716717277
Epoch: 227 - Loss: 183.72506216503416
Epoch: 228 - Loss: 183.68951678935414
Epoch: 229 - Loss: 183.65372720637424
Epoch: 230 - Loss: 183.61768911215185
Epoch: 231 - Loss: 183.58139945776685
Epoch: 232 - Loss: 183.54485193781895
Epoch: 233 - Loss: 183.50804441933525
Epoch: 234 - Loss: 183.47097196982818
Epoch: 235 - Loss: 183.4336302101888
Epoch: 236 - Loss: 183.39601489579343
Epoch: 237 - Loss: 183.3581215598841
Epoch: 238 - Loss: 183.3199456685163
Epoch: 239 - Loss: 183.28148281981382
Epoch: 240 - Loss: 183.2427280193633
Epoch: 241 - Loss: 183.2036766930244
Epoch: 242 - Loss: 183.1643240489006
Epoch: 243 - Loss: 183.12466548563611
Epoch: 244 - Loss: 183.08469581196212
Epoch: 245 - Loss: 183.04441038978078
Epoch: 246 - Loss: 183.00380347687206
Epoch: 247 - Loss: 182.96287013663527
Epoch: 248 - Loss: 182.92160511101923
Epoch: 249 - Loss: 182.8800032418329
Epoch: 250 - Loss: 182.8380585480921
Epoch: 251 - Loss: 182.79576661280112
Epoch: 252 - Loss: 182.75312153677115
Epoch: 253 - Loss: 182.71011770500894
Epoch: 254 - Loss: 182.6667494202235
Epoch: 255 - Loss: 182.6230108853803
Epoch: 256 - Loss: 182.57889628320976
Epoch: 257 - Loss: 182.53439972768382
Epoch: 258 - Loss: 182.489515542905
Epoch: 259 - Loss: 182.44423675538286
Epoch: 260 - Loss: 182.39855753262927
Epoch: 261 - Loss: 182.35247188161307
Epoch: 262 - Loss: 182.3059733985334
Epoch: 263 - Loss: 182.259055629206
Epoch: 264 - Loss: 182.2117121128748
Epoch: 265 - Loss: 182.16393599876284
Epoch: 266 - Loss: 182.11572091504118
Epoch: 267 - Loss: 182.06705986346375
Epoch: 268 - Loss: 182.01794607856777
Epoch: 269 - Loss: 181.96837240985425
Epoch: 270 - Loss: 181.91833188763312
Epoch: 271 - Loss: 181.86781757694013
Epoch: 272 - Loss: 181.81682251133287
Epoch: 273 - Loss: 181.76533925419358
Epoch: 274 - Loss: 181.7133602646224
Epoch: 275 - Loss: 181.6608780574887
Epoch: 276 - Loss: 181.60788511975522
Epoch: 277 - Loss: 181.5543739203284
Epoch: 278 - Loss: 181.50033640677478
Epoch: 279 - Loss: 181.44576506496767
Epoch: 280 - Loss: 181.39065195403404
Epoch: 281 - Loss: 181.33498874536957
Epoch: 282 - Loss: 181.27876779787104
Epoch: 283 - Loss: 181.22198066726327
Epoch: 284 - Loss: 181.16461910454794
Epoch: 285 - Loss: 181.10667480118747
Epoch: 286 - Loss: 181.04813935958595
Epoch: 287 - Loss: 180.9890042469959
Epoch: 288 - Loss: 180.92926065782981
Epoch: 289 - Loss: 180.8689000899914
Epoch: 290 - Loss: 180.80791403758704
Epoch: 291 - Loss: 180.74629399278908
Epoch: 292 - Loss: 180.6840300726132
Epoch: 293 - Loss: 180.62111353377918
Epoch: 294 - Loss: 180.5575354377627
Epoch: 295 - Loss: 180.49328635235267
Epoch: 296 - Loss: 180.42835742924805
Epoch: 297 - Loss: 180.36273939741477
Epoch: 298 - Loss: 180.2964222972016
Epoch: 299 - Loss: 180.22939699934952
Epoch: 300 - Loss: 180.1616539925224
Epoch: 1 - Loss: 190.8383505014115
Epoch: 2 - Loss: 177.92094816749332
Epoch: 3 - Loss: 187.7008712227727
Epoch: 4 - Loss: 185.16152093859367
Epoch: 5 - Loss: 187.8853493796984
Epoch: 6 - Loss: 199.00255450525148
Epoch: 7 - Loss: 182.10881667212166
Epoch: 8 - Loss: 179.62423248347963
Epoch: 9 - Loss: 178.87655306403116
Epoch: 10 - Loss: 177.58692425020206
Epoch: 11 - Loss: 175.9935603117549
Epoch: 12 - Loss: 173.47334844135855
Epoch: 13 - Loss: 136.15029674071596
Epoch: 14 - Loss: 138.03557196072086
Epoch: 15 - Loss: 138.19550791057858
Epoch: 16 - Loss: 139.16216507575626
Epoch: 17 - Loss: 131.68721857342322
Epoch: 18 - Loss: 129.97096941419832
Epoch: 19 - Loss: 129.41455108157734
Epoch: 20 - Loss: 127.71059653514942
Epoch: 21 - Loss: 117.7836738562969
Epoch: 22 - Loss: 99.97368993456625
Epoch: 23 - Loss: 100.92968953358395
Epoch: 24 - Loss: 100.75622496017868
Epoch: 25 - Loss: 96.39183520386801
Epoch: 26 - Loss: 91.63611910763312
Epoch: 27 - Loss: 94.26668379603557
Epoch: 28 - Loss: 93.70886088401865
Epoch: 29 - Loss: 89.96474541484824
Epoch: 30 - Loss: 90.22637530678489
Epoch: 31 - Loss: 85.45393700985002
Epoch: 32 - Loss: 87.83124082799415
Epoch: 33 - Loss: 88.0390056541027
Epoch: 34 - Loss: 85.0737545501268
Epoch: 35 - Loss: 78.63616183498253
Epoch: 36 - Loss: 76.58743570953528
Epoch: 37 - Loss: 81.65528551993131
Epoch: 38 - Loss: 83.28493758165887
Epoch: 39 - Loss: 83.61826355127307
Epoch: 40 - Loss: 82.57687622281327
Epoch: 41 - Loss: 79.96541539920305
Epoch: 42 - Loss: 92.34983853672354
Epoch: 43 - Loss: 102.11179355767457
Epoch: 44 - Loss: 107.91965005953573
Epoch: 45 - Loss: 110.1596781658168
Epoch: 46 - Loss: 110.99621871699682
Epoch: 47 - Loss: 111.14193847411558
Epoch: 48 - Loss: 110.91234804953778
Epoch: 49 - Loss: 110.40179493940185
Epoch: 50 - Loss: 109.24901931429721
Epoch: 51 - Loss: 107.08230770869973
Epoch: 52 - Loss: 103.24165501219291
Epoch: 53 - Loss: 96.37604462245125
Epoch: 54 - Loss: 91.13525443389801
Epoch: 55 - Loss: 82.01300953273922
Epoch: 56 - Loss: 86.2478435438886
Epoch: 57 - Loss: 84.50021877816863
Epoch: 58 - Loss: 81.87095932624582
Epoch: 59 - Loss: 79.42030137599446
Epoch: 60 - Loss: 76.83635458420183
Epoch: 61 - Loss: 70.9619088730445
Epoch: 62 - Loss: 83.2673934379763
Epoch: 63 - Loss: 85.53721618475623
Epoch: 64 - Loss: 86.72294489914647
Epoch: 65 - Loss: 85.97337760732921
Epoch: 66 - Loss: 83.68500670844426
Epoch: 67 - Loss: 80.28935077495521
Epoch: 68 - Loss: 91.15299040917073
Epoch: 69 - Loss: 77.19199693063568
Epoch: 70 - Loss: 74.1407277700746
Epoch: 71 - Loss: 81.511221874698
Epoch: 72 - Loss: 86.18810293363268
Epoch: 73 - Loss: 89.30499683446773
Epoch: 74 - Loss: 91.58308602434705
Epoch: 75 - Loss: 93.33506164247368
Epoch: 76 - Loss: 94.11415409585594
Epoch: 77 - Loss: 93.58866967533739
Epoch: 78 - Loss: 92.10065278842988
Epoch: 79 - Loss: 90.1186214953062
Epoch: 80 - Loss: 87.87498528726644
Epoch: 81 - Loss: 85.22316924628102
Epoch: 82 - Loss: 83.25373369509755
Epoch: 83 - Loss: 82.09414115202674
Epoch: 84 - Loss: 80.71419065719378
Epoch: 85 - Loss: 78.80293324373909
Epoch: 86 - Loss: 77.08626108820718
Epoch: 87 - Loss: 76.65694444162253
Epoch: 88 - Loss: 74.47307274545454
Epoch: 89 - Loss: 72.793474309649
Epoch: 90 - Loss: 72.71889651895327
Epoch: 91 - Loss: 71.70441617906029
Epoch: 92 - Loss: 72.04072145266015
Epoch: 93 - Loss: 71.54336370458499
Epoch: 94 - Loss: 70.44378711060759
Epoch: 95 - Loss: 71.03533545693031
Epoch: 96 - Loss: 70.2913255544664
Epoch: 97 - Loss: 71.02750554914726
Epoch: 98 - Loss: 71.16016834539239
Epoch: 99 - Loss: 70.86940054782879
Epoch: 100 - Loss: 70.73298445768765
Epoch: 101 - Loss: 70.77350342011447
Epoch: 102 - Loss: 69.81210377455903
Epoch: 103 - Loss: 70.02709716507657
Epoch: 104 - Loss: 69.96316283937944
Epoch: 105 - Loss: 69.75542183364118
Epoch: 106 - Loss: 69.53949102972332
Epoch: 107 - Loss: 68.93662464220219
Epoch: 108 - Loss: 68.58312717068588
Epoch: 109 - Loss: 68.7269379091163
Epoch: 110 - Loss: 68.72244369505785
Epoch: 111 - Loss: 68.33197759652701
Epoch: 112 - Loss: 68.1619727145879
Epoch: 113 - Loss: 68.15872716607575
Epoch: 114 - Loss: 68.04272884314062
Epoch: 115 - Loss: 67.79432490058652
Epoch: 116 - Loss: 67.60460053724961
Epoch: 117 - Loss: 67.45806560928717
Epoch: 118 - Loss: 67.57798456407352
Epoch: 119 - Loss: 67.33403216458402
Epoch: 120 - Loss: 67.28035734215779
Epoch: 121 - Loss: 67.16861801972688
Epoch: 122 - Loss: 67.24028812174583
Epoch: 123 - Loss: 67.03864066328147
Epoch: 124 - Loss: 67.0242534280846
Epoch: 125 - Loss: 66.92606862857191
Epoch: 126 - Loss: 66.90133326406976
Epoch: 127 - Loss: 66.6951756625
Epoch: 128 - Loss: 66.64790737594974
Epoch: 129 - Loss: 66.53626743646386
Epoch: 130 - Loss: 66.49984678327465
Epoch: 131 - Loss: 66.35307204974637
Epoch: 132 - Loss: 66.3263093128275
Epoch: 133 - Loss: 66.2600839111084
Epoch: 134 - Loss: 66.19578844049893
Epoch: 135 - Loss: 66.0719640751575
Epoch: 136 - Loss: 66.03323285564049
Epoch: 137 - Loss: 65.9673935618527
Epoch: 138 - Loss: 65.89323077540831
Epoch: 139 - Loss: 65.79772291477137
Epoch: 140 - Loss: 65.74745146803419
Epoch: 141 - Loss: 65.6765817199112
Epoch: 142 - Loss: 65.58047270577782
Epoch: 143 - Loss: 65.48943269151846
Epoch: 144 - Loss: 65.43179531832273
Epoch: 145 - Loss: 65.35912846039707
Epoch: 146 - Loss: 65.27569229759673
Epoch: 147 - Loss: 65.20572201160856
Epoch: 148 - Loss: 65.14448615484554
Epoch: 149 - Loss: 65.0638178407804
Epoch: 150 - Loss: 64.98324485791744
Epoch: 151 - Loss: 64.91678823760635
Epoch: 152 - Loss: 64.84713801666166
Epoch: 153 - Loss: 64.76566892318498
Epoch: 154 - Loss: 64.69083372477398
Epoch: 155 - Loss: 64.6195963521831
Epoch: 156 - Loss: 64.53919994950951
Epoch: 157 - Loss: 64.45774545324122
Epoch: 158 - Loss: 64.38406160595942
Epoch: 159 - Loss: 64.30756790206534
Epoch: 160 - Loss: 64.22509468557924
Epoch: 161 - Loss: 64.14642250515695
Epoch: 162 - Loss: 64.06639034500594
Epoch: 163 - Loss: 63.98060961133801
Epoch: 164 - Loss: 63.89372016516318
Epoch: 165 - Loss: 63.80763443073347
Epoch: 166 - Loss: 63.71599074580617
Epoch: 167 - Loss: 63.61921791996073
Epoch: 168 - Loss: 63.46429431382092
Epoch: 169 - Loss: 63.08857842365334
Epoch: 170 - Loss: 62.66948427677038
Epoch: 171 - Loss: 62.28205554677195
Epoch: 172 - Loss: 61.887438733907636
Epoch: 173 - Loss: 61.3568203101295
Epoch: 174 - Loss: 61.169078029214596
Epoch: 175 - Loss: 60.59495028341828
Epoch: 176 - Loss: 61.27423485779189
Epoch: 177 - Loss: 67.07184557169306
Epoch: 178 - Loss: 74.19557380656198
Epoch: 179 - Loss: 79.88209656394139
Epoch: 180 - Loss: 78.53258312721773
Epoch: 181 - Loss: 78.67245809900864
Epoch: 182 - Loss: 67.32181963460613
Epoch: 183 - Loss: 70.70472740054464
Epoch: 184 - Loss: 72.3742625519448
Epoch: 185 - Loss: 73.31620466552185
Epoch: 186 - Loss: 73.88087539356873
Epoch: 187 - Loss: 74.22066450647763
Epoch: 188 - Loss: 74.32598264739052
Epoch: 189 - Loss: 74.21221084828034
Epoch: 190 - Loss: 73.88226265366875
Epoch: 191 - Loss: 73.12529986815578
Epoch: 192 - Loss: 71.39582282186016
Epoch: 193 - Loss: 66.88091305774307
Epoch: 194 - Loss: 80.14915285518816
Epoch: 195 - Loss: 68.40480096582203
Epoch: 196 - Loss: 70.61995105377987
Epoch: 197 - Loss: 70.96335450868439
Epoch: 198 - Loss: 70.13803578255529
Epoch: 199 - Loss: 68.04498948317686
Epoch: 200 - Loss: 79.85242733855505
Epoch: 201 - Loss: 106.09359620852204
Epoch: 202 - Loss: 106.69103163957121
Epoch: 203 - Loss: 107.55590032297502
Epoch: 204 - Loss: 108.22669730794902
Epoch: 205 - Loss: 106.80126844846602
Epoch: 206 - Loss: 106.0702487321796
Epoch: 207 - Loss: 106.38102221188387
Epoch: 208 - Loss: 109.9453337995094
Epoch: 209 - Loss: 113.02010105736865
Epoch: 210 - Loss: 114.13566063322693
Epoch: 211 - Loss: 114.20519585186118
Epoch: 212 - Loss: 113.4242071428306
Epoch: 213 - Loss: 111.6749916903964
Epoch: 214 - Loss: 108.92184055496357
Epoch: 215 - Loss: 109.76482955687258
Epoch: 216 - Loss: 110.53757447237602
Epoch: 217 - Loss: 107.2482459348719
Epoch: 218 - Loss: 106.02339716578825
Epoch: 219 - Loss: 106.28611307147797
Epoch: 220 - Loss: 105.84140451622281
Epoch: 221 - Loss: 106.01336555394744
Epoch: 222 - Loss: 101.4353146529809
Epoch: 223 - Loss: 98.58120086998082
Epoch: 224 - Loss: 103.48172044775626
Epoch: 225 - Loss: 100.36209560389702
Epoch: 226 - Loss: 100.7462070085371
Epoch: 227 - Loss: 102.20991874141433
Epoch: 228 - Loss: 100.91111720175023
Epoch: 229 - Loss: 100.8890867584565
Epoch: 230 - Loss: 102.42967011375461
Epoch: 231 - Loss: 101.68423556099758
Epoch: 232 - Loss: 100.65927937405776
Epoch: 233 - Loss: 100.89581058701098
Epoch: 234 - Loss: 100.97318085229058
Epoch: 235 - Loss: 100.34403075538911
Epoch: 236 - Loss: 100.01045607450608
Epoch: 237 - Loss: 99.75937618076956
Epoch: 238 - Loss: 99.79483906891988
Epoch: 239 - Loss: 99.39903174582761
Epoch: 240 - Loss: 98.92251773540875
Epoch: 241 - Loss: 98.88786860900612
Epoch: 242 - Loss: 98.51902483437766
Epoch: 243 - Loss: 97.84116167306075
Epoch: 244 - Loss: 97.49145858465468
Epoch: 245 - Loss: 97.25507497168634
Epoch: 246 - Loss: 96.72616993913526
Epoch: 247 - Loss: 96.36022357458614
Epoch: 248 - Loss: 96.1902465488712
Epoch: 249 - Loss: 95.57162649611287
Epoch: 250 - Loss: 94.8081492494484
Epoch: 251 - Loss: 94.175729375978
Epoch: 252 - Loss: 93.70683459127659
Epoch: 253 - Loss: 96.69974975235444
Epoch: 254 - Loss: 94.08315111627476
Epoch: 255 - Loss: 95.11609437980147
Epoch: 256 - Loss: 95.98040220871057
Epoch: 257 - Loss: 96.68591919240725
Epoch: 258 - Loss: 97.0785024906826
Epoch: 259 - Loss: 97.3320199024487
Epoch: 260 - Loss: 97.43217049587619
Epoch: 261 - Loss: 97.48707818398888
Epoch: 262 - Loss: 97.4972110345901
Epoch: 263 - Loss: 97.45395039109654
Epoch: 264 - Loss: 97.32152536095042
Epoch: 265 - Loss: 97.20985406106499
Epoch: 266 - Loss: 97.06558333055159
Epoch: 267 - Loss: 96.86279434015543
Epoch: 268 - Loss: 96.64139848143449
Epoch: 269 - Loss: 96.388981243149
Epoch: 270 - Loss: 96.09577521360892
Epoch: 271 - Loss: 95.74786638822494
Epoch: 272 - Loss: 95.35940356941533
Epoch: 273 - Loss: 94.97788473102705
Epoch: 274 - Loss: 94.61995176767061
Epoch: 275 - Loss: 94.05050414881917
Epoch: 276 - Loss: 93.33243858585259
Epoch: 277 - Loss: 92.87389589306764
Epoch: 278 - Loss: 94.07675004085199
Epoch: 279 - Loss: 92.82548393032017
Epoch: 280 - Loss: 93.19446205607522
Epoch: 281 - Loss: 93.46885112824634
Epoch: 282 - Loss: 93.57839780324554
Epoch: 283 - Loss: 93.55270396042934
Epoch: 284 - Loss: 93.42380220792249
Epoch: 285 - Loss: 93.19129781272666
Epoch: 286 - Loss: 92.91994052070528
Epoch: 287 - Loss: 92.6365244078801
Epoch: 288 - Loss: 92.51104998118353
Epoch: 289 - Loss: 93.12199209031512
Epoch: 290 - Loss: 92.79672274213317
Epoch: 291 - Loss: 92.47708025590822
Epoch: 292 - Loss: 92.57591202960626
Epoch: 293 - Loss: 92.66638191708637
Epoch: 294 - Loss: 92.69255745113895
Epoch: 295 - Loss: 92.64304792707185
Epoch: 296 - Loss: 92.51715399977377
Epoch: 297 - Loss: 92.35285323345012
Epoch: 298 - Loss: 92.18956317436799
Epoch: 299 - Loss: 92.3309345747978
Epoch: 300 - Loss: 92.13126552153494
Epoch: 1 - Loss: 202.00044989764
Epoch: 2 - Loss: 201.99962638846574
Epoch: 3 - Loss: 201.9988028089402
Epoch: 4 - Loss: 201.99797923162504
Epoch: 5 - Loss: 201.99715564769264
Epoch: 6 - Loss: 201.99633202041173
Epoch: 7 - Loss: 201.99550844093008
Epoch: 8 - Loss: 201.9946848364498
Epoch: 9 - Loss: 201.99386122578665
Epoch: 10 - Loss: 201.99303761461306
Epoch: 11 - Loss: 201.99221399154425
Epoch: 12 - Loss: 201.99139036216067
Epoch: 13 - Loss: 201.9905667264328
Epoch: 14 - Loss: 201.98974307528982
Epoch: 15 - Loss: 201.98891977129458
Epoch: 16 - Loss: 201.98809613037122
Epoch: 17 - Loss: 201.98727207136665
Epoch: 18 - Loss: 201.98644840508788
Epoch: 19 - Loss: 201.98562475278317
Epoch: 20 - Loss: 201.98480156186105
Epoch: 21 - Loss: 201.98397789418732
Epoch: 22 - Loss: 201.98315420945042
Epoch: 23 - Loss: 201.98233049638804
Epoch: 24 - Loss: 201.9815068019471
Epoch: 25 - Loss: 201.98068308334553
Epoch: 26 - Loss: 201.97985938776085
Epoch: 27 - Loss: 201.9790356746225
Epoch: 28 - Loss: 201.9782119170196
Epoch: 29 - Loss: 201.9773881990135
Epoch: 30 - Loss: 201.97656443374825
Epoch: 31 - Loss: 201.9757407046701
Epoch: 32 - Loss: 201.97491699929049
Epoch: 33 - Loss: 201.9740932590343
Epoch: 34 - Loss: 201.9732694562923
Epoch: 35 - Loss: 201.97244568981594
Epoch: 36 - Loss: 201.97162190317331
Epoch: 37 - Loss: 201.97079817970078
Epoch: 38 - Loss: 201.9699743919059
Epoch: 39 - Loss: 201.96915059800457
Epoch: 40 - Loss: 201.96832683944228
Epoch: 41 - Loss: 201.96750305373646
Epoch: 42 - Loss: 201.96667926219783
Epoch: 43 - Loss: 201.96585543810548
Epoch: 44 - Loss: 201.96503141543144
Epoch: 45 - Loss: 201.96420760514988
Epoch: 46 - Loss: 201.96338389489537
Epoch: 47 - Loss: 201.9625600195405
Epoch: 48 - Loss: 201.96173615687536
Epoch: 49 - Loss: 201.9609122968539
Epoch: 50 - Loss: 201.9600884050206
Epoch: 51 - Loss: 201.95926452545967
Epoch: 52 - Loss: 201.95844064190473
Epoch: 53 - Loss: 201.9576167591314
Epoch: 54 - Loss: 201.95679288886558
Epoch: 55 - Loss: 201.95596899114173
Epoch: 56 - Loss: 201.95514523580667
Epoch: 57 - Loss: 201.95432133180014
Epoch: 58 - Loss: 201.95349742534518
Epoch: 59 - Loss: 201.95267350668735
Epoch: 60 - Loss: 201.95184959495967
Epoch: 61 - Loss: 201.9510257506698
Epoch: 62 - Loss: 201.95020159693996
Epoch: 63 - Loss: 201.94937771801273
Epoch: 64 - Loss: 201.94855378650834
Epoch: 65 - Loss: 201.94772993596797
Epoch: 66 - Loss: 201.9469060089669
Epoch: 67 - Loss: 201.94608208490146
Epoch: 68 - Loss: 201.94525814669697
Epoch: 69 - Loss: 201.9444342232147
Epoch: 70 - Loss: 201.9436102762089
Epoch: 71 - Loss: 201.9427863249169
Epoch: 72 - Loss: 201.9419623556829
Epoch: 73 - Loss: 201.9411383968996
Epoch: 74 - Loss: 201.94031443398458
Epoch: 75 - Loss: 201.93949074310083
Epoch: 76 - Loss: 201.93866673409633
Epoch: 77 - Loss: 201.93783070298545
Epoch: 78 - Loss: 201.93700672834248
Epoch: 79 - Loss: 201.93618275136782
Epoch: 80 - Loss: 201.9353587679668
Epoch: 81 - Loss: 201.9345347804244
Epoch: 82 - Loss: 201.9337107868949
Epoch: 83 - Loss: 201.93288680370446
Epoch: 84 - Loss: 201.93206280330378
Epoch: 85 - Loss: 201.93123877659292
Epoch: 86 - Loss: 201.9304147547276
Epoch: 87 - Loss: 201.92959074114515
Epoch: 88 - Loss: 201.92876671516456
Epoch: 89 - Loss: 201.9279426942311
Epoch: 90 - Loss: 201.9271184820548
Epoch: 91 - Loss: 201.9262944660995
Epoch: 92 - Loss: 201.92547043508617
Epoch: 93 - Loss: 201.92464639978417
Epoch: 94 - Loss: 201.92382236027174
Epoch: 95 - Loss: 201.9229983310632
Epoch: 96 - Loss: 201.92217429485254
Epoch: 97 - Loss: 201.92135024845314
Epoch: 98 - Loss: 201.9205261919863
Epoch: 99 - Loss: 201.91970192421869
Epoch: 100 - Loss: 201.91887784096338
Epoch: 101 - Loss: 201.9180537639403
Epoch: 102 - Loss: 201.91722967454731
Epoch: 103 - Loss: 201.91640531351578
Epoch: 104 - Loss: 201.91558119015042
Epoch: 105 - Loss: 201.91475707556603
Epoch: 106 - Loss: 201.91393297374736
Epoch: 107 - Loss: 201.91310887922992
Epoch: 108 - Loss: 201.9122847680939
Epoch: 109 - Loss: 201.91146064784934
Epoch: 110 - Loss: 201.91063656013478
Epoch: 111 - Loss: 201.9098124465151
Epoch: 112 - Loss: 201.90898832439768
Epoch: 113 - Loss: 201.90816421028853
Epoch: 114 - Loss: 201.90734018385425
Epoch: 115 - Loss: 201.90651612116503
Epoch: 116 - Loss: 201.9056919821049
Epoch: 117 - Loss: 201.90486783536412
Epoch: 118 - Loss: 201.9040436860125
Epoch: 119 - Loss: 201.90321953196465
Epoch: 120 - Loss: 201.90239536690135
Epoch: 121 - Loss: 201.90157122410005
Epoch: 122 - Loss: 201.90074707108457
Epoch: 123 - Loss: 201.89992290526473
Epoch: 124 - Loss: 201.89909872981465
Epoch: 125 - Loss: 201.89827455056175
Epoch: 126 - Loss: 201.89745036884517
Epoch: 127 - Loss: 201.8966261869109
Epoch: 128 - Loss: 201.8958020033848
Epoch: 129 - Loss: 201.89497781817153
Epoch: 130 - Loss: 201.89415373880715
Epoch: 131 - Loss: 201.89332971763324
Epoch: 132 - Loss: 201.89250552796747
Epoch: 133 - Loss: 201.8916813433333
Epoch: 134 - Loss: 201.8908571486921
Epoch: 135 - Loss: 201.89003295105934
Epoch: 136 - Loss: 201.8892087544042
Epoch: 137 - Loss: 201.88838454761665
Epoch: 138 - Loss: 201.8875603361941
Epoch: 139 - Loss: 201.8867361204065
Epoch: 140 - Loss: 201.88591190036567
Epoch: 141 - Loss: 201.8850877052701
Epoch: 142 - Loss: 201.88426348250334
Epoch: 143 - Loss: 201.8834392581847
Epoch: 144 - Loss: 201.88261626269153
Epoch: 145 - Loss: 201.88179202511648
Epoch: 146 - Loss: 201.88096793374706
Epoch: 147 - Loss: 201.88014369859067
Epoch: 148 - Loss: 201.87931947613333
Epoch: 149 - Loss: 201.87849524249646
Epoch: 150 - Loss: 201.87767096523336
Epoch: 151 - Loss: 201.876846737115
Epoch: 152 - Loss: 201.87602250438124
Epoch: 153 - Loss: 201.8751982578411
Epoch: 154 - Loss: 201.87437401451515
Epoch: 155 - Loss: 201.8735497506178
Epoch: 156 - Loss: 201.87272549771646
Epoch: 157 - Loss: 201.87190125714878
Epoch: 158 - Loss: 201.87107700468
Epoch: 159 - Loss: 201.87025274553758
Epoch: 160 - Loss: 201.86942852559758
Epoch: 161 - Loss: 201.86860429161553
Epoch: 162 - Loss: 201.8677800414823
Epoch: 163 - Loss: 201.8669558452934
Epoch: 164 - Loss: 201.86613101584737
Epoch: 165 - Loss: 201.86530674642444
Epoch: 166 - Loss: 201.86448247698408
Epoch: 167 - Loss: 201.86365819985357
Epoch: 168 - Loss: 201.86283391249327
Epoch: 169 - Loss: 201.86200964873706
Epoch: 170 - Loss: 201.86118558918088
Epoch: 171 - Loss: 201.86036120000523
Epoch: 172 - Loss: 201.8595369163533
Epoch: 173 - Loss: 201.8587126233089
Epoch: 174 - Loss: 201.85788834764983
Epoch: 175 - Loss: 201.85706400910337
Epoch: 176 - Loss: 201.8562397318576
Epoch: 177 - Loss: 201.8554153193514
Epoch: 178 - Loss: 201.8545910222185
Epoch: 179 - Loss: 201.85376672502372
Epoch: 180 - Loss: 201.85294241857937
Epoch: 181 - Loss: 201.8521181295351
Epoch: 182 - Loss: 201.8512938411138
Epoch: 183 - Loss: 201.85046952192585
Epoch: 184 - Loss: 201.8496452157494
Epoch: 185 - Loss: 201.84882090507892
Epoch: 186 - Loss: 201.84799659545234
Epoch: 187 - Loss: 201.84717231006485
Epoch: 188 - Loss: 201.8463479520645
Epoch: 189 - Loss: 201.8455236088338
Epoch: 190 - Loss: 201.84469943648799
Epoch: 191 - Loss: 201.84387513245787
Epoch: 192 - Loss: 201.84305081514523
Epoch: 193 - Loss: 201.84222648665914
Epoch: 194 - Loss: 201.8414021794007
Epoch: 195 - Loss: 201.84057785782716
Epoch: 196 - Loss: 201.83975353993176
Epoch: 197 - Loss: 201.83892920058008
Epoch: 198 - Loss: 201.83810487499682
Epoch: 199 - Loss: 201.83728054816186
Epoch: 200 - Loss: 201.8364562201349
Epoch: 201 - Loss: 201.83563189076895
Epoch: 202 - Loss: 201.83480756027487
Epoch: 203 - Loss: 201.83398322863317
Epoch: 204 - Loss: 201.83315889581445
Epoch: 205 - Loss: 201.83233456186778
Epoch: 206 - Loss: 201.83151022690535
Epoch: 207 - Loss: 201.83068589592264
Epoch: 208 - Loss: 201.8298615586909
Epoch: 209 - Loss: 201.82903722051051
Epoch: 210 - Loss: 201.8282128812653
Epoch: 211 - Loss: 201.8273885639534
Epoch: 212 - Loss: 201.82656422236414
Epoch: 213 - Loss: 201.82573987986294
Epoch: 214 - Loss: 201.82491553648515
Epoch: 215 - Loss: 201.82409119210845
Epoch: 216 - Loss: 201.82326684700934
Epoch: 217 - Loss: 201.82244250612732
Epoch: 218 - Loss: 201.82161815934984
Epoch: 219 - Loss: 201.82079381178087
Epoch: 220 - Loss: 201.81996946357512
Epoch: 221 - Loss: 201.8191451146593
Epoch: 222 - Loss: 201.81832076540354
Epoch: 223 - Loss: 201.81749641567274
Epoch: 224 - Loss: 201.81666938572383
Epoch: 225 - Loss: 201.81584504572916
Epoch: 226 - Loss: 201.81502070699293
Epoch: 227 - Loss: 201.81419636365786
Epoch: 228 - Loss: 201.8133720190153
Epoch: 229 - Loss: 201.81254767647712
Epoch: 230 - Loss: 201.8117233503401
Epoch: 231 - Loss: 201.81089900824912
Epoch: 232 - Loss: 201.81007466147634
Epoch: 233 - Loss: 201.8092503295623
Epoch: 234 - Loss: 201.80842599005496
Epoch: 235 - Loss: 201.80760165900676
Epoch: 236 - Loss: 201.80677726663237
Epoch: 237 - Loss: 201.80595292058376
Epoch: 238 - Loss: 201.8051286781809
Epoch: 239 - Loss: 201.80430433477977
Epoch: 240 - Loss: 201.80347998864582
Epoch: 241 - Loss: 201.8026556493164
Epoch: 242 - Loss: 201.8018312322891
Epoch: 243 - Loss: 201.80100689211244
Epoch: 244 - Loss: 201.80018255380574
Epoch: 245 - Loss: 201.7993590745836
Epoch: 246 - Loss: 201.79853473432183
Epoch: 247 - Loss: 201.79771037847465
Epoch: 248 - Loss: 201.79688600622075
Epoch: 249 - Loss: 201.79606165882936
Epoch: 250 - Loss: 201.795237298096
Epoch: 251 - Loss: 201.7944129506627
Epoch: 252 - Loss: 201.7935886026029
Epoch: 253 - Loss: 201.79276425908716
Epoch: 254 - Loss: 201.7919399300703
Epoch: 255 - Loss: 201.7911155881454
Epoch: 256 - Loss: 201.7902912468057
Epoch: 257 - Loss: 201.7894669061765
Epoch: 258 - Loss: 201.7886425663077
Epoch: 259 - Loss: 201.78781822728132
Epoch: 260 - Loss: 201.78699389209743
Epoch: 261 - Loss: 201.78616956054688
Epoch: 262 - Loss: 201.78534524132607
Epoch: 263 - Loss: 201.7845209166722
Epoch: 264 - Loss: 201.7836966770483
Epoch: 265 - Loss: 201.78287237051995
Epoch: 266 - Loss: 201.78204801055494
Epoch: 267 - Loss: 201.78122369692178
Epoch: 268 - Loss: 201.78039938589902
Epoch: 269 - Loss: 201.77957507733112
Epoch: 270 - Loss: 201.77875077952163
Epoch: 271 - Loss: 201.7779264760226
Epoch: 272 - Loss: 201.77710217500078
Epoch: 273 - Loss: 201.77627787636956
Epoch: 274 - Loss: 201.77545357465777
Epoch: 275 - Loss: 201.77462928087758
Epoch: 276 - Loss: 201.77380507448942
Epoch: 277 - Loss: 201.77298483372843
Epoch: 278 - Loss: 201.77216054646127
Epoch: 279 - Loss: 201.77133626165178
Epoch: 280 - Loss: 201.77051197631434
Epoch: 281 - Loss: 201.76968769383123
Epoch: 282 - Loss: 201.76886322268706
Epoch: 283 - Loss: 201.76803894550324
Epoch: 284 - Loss: 201.7672149194801
Epoch: 285 - Loss: 201.76638825104595
Epoch: 286 - Loss: 201.76556396993098
Epoch: 287 - Loss: 201.764739694185
Epoch: 288 - Loss: 201.76391541762527
Epoch: 289 - Loss: 201.76309401930598
Epoch: 290 - Loss: 201.76226975639082
Epoch: 291 - Loss: 201.76144549658474
Epoch: 292 - Loss: 201.76062123975936
Epoch: 293 - Loss: 201.75979698290035
Epoch: 294 - Loss: 201.758972726225
Epoch: 295 - Loss: 201.7581484849719
Epoch: 296 - Loss: 201.75732422949022
Epoch: 297 - Loss: 201.75649997483256
Epoch: 298 - Loss: 201.7556757213454
Epoch: 299 - Loss: 201.75485146912587
Epoch: 300 - Loss: 201.75402721846456
Epoch: 1 - Loss: 198.92734992080062
Epoch: 2 - Loss: 198.91976471746534
Epoch: 3 - Loss: 198.91217260850078
Epoch: 4 - Loss: 198.9045734663442
Epoch: 5 - Loss: 198.89696716278377
Epoch: 6 - Loss: 198.88935356905543
Epoch: 7 - Loss: 198.88173255619765
Epoch: 8 - Loss: 198.87410399535767
Epoch: 9 - Loss: 198.86646772725769
Epoch: 10 - Loss: 198.85882368567297
Epoch: 11 - Loss: 198.85117171274254
Epoch: 12 - Loss: 198.8435117246334
Epoch: 13 - Loss: 198.8358435127167
Epoch: 14 - Loss: 198.82816699597439
Epoch: 15 - Loss: 198.820482053105
Epoch: 16 - Loss: 198.81278856447435
Epoch: 17 - Loss: 198.80508641247113
Epoch: 18 - Loss: 198.7973754854588
Epoch: 19 - Loss: 198.78965566205832
Epoch: 20 - Loss: 198.78192683508843
Epoch: 21 - Loss: 198.77418889574403
Epoch: 22 - Loss: 198.7664417409233
Epoch: 23 - Loss: 198.75868525977106
Epoch: 24 - Loss: 198.75091935406263
Epoch: 25 - Loss: 198.743143924477
Epoch: 26 - Loss: 198.73535885951048
Epoch: 27 - Loss: 198.72756409473556
Epoch: 28 - Loss: 198.71975952328833
Epoch: 29 - Loss: 198.71194505556565
Epoch: 30 - Loss: 198.7041206041598
Epoch: 31 - Loss: 198.69628608392836
Epoch: 32 - Loss: 198.6884414118166
Epoch: 33 - Loss: 198.68058651409854
Epoch: 34 - Loss: 198.6727212991468
Epoch: 35 - Loss: 198.66484569701507
Epoch: 36 - Loss: 198.65695963300178
Epoch: 37 - Loss: 198.64906303571397
Epoch: 38 - Loss: 198.64115583114582
Epoch: 39 - Loss: 198.63323794349247
Epoch: 40 - Loss: 198.62530931474092
Epoch: 41 - Loss: 198.6173698713927
Epoch: 42 - Loss: 198.60941956900382
Epoch: 43 - Loss: 198.601458326557
Epoch: 44 - Loss: 198.59348608547435
Epoch: 45 - Loss: 198.58550278505805
Epoch: 46 - Loss: 198.57750836585242
Epoch: 47 - Loss: 198.5695027691436
Epoch: 48 - Loss: 198.56148593810505
Epoch: 49 - Loss: 198.553457816143
Epoch: 50 - Loss: 198.54541834775674
Epoch: 51 - Loss: 198.5373674778586
Epoch: 52 - Loss: 198.52930515264865
Epoch: 53 - Loss: 198.52123131873003
Epoch: 54 - Loss: 198.51314592338338
Epoch: 55 - Loss: 198.5050489107901
Epoch: 56 - Loss: 198.49694023761026
Epoch: 57 - Loss: 198.48881984772294
Epoch: 58 - Loss: 198.48068769873385
Epoch: 59 - Loss: 198.4725437245329
Epoch: 60 - Loss: 198.46438788356048
Epoch: 61 - Loss: 198.45622012638447
Epoch: 62 - Loss: 198.44804040405398
Epoch: 63 - Loss: 198.4398486676919
Epoch: 64 - Loss: 198.43164486823142
Epoch: 65 - Loss: 198.42342895784813
Epoch: 66 - Loss: 198.4152008893995
Epoch: 67 - Loss: 198.4069606121169
Epoch: 68 - Loss: 198.39870807964058
Epoch: 69 - Loss: 198.39044324481367
Epoch: 70 - Loss: 198.38216606116993
Epoch: 71 - Loss: 198.37387647853407
Epoch: 72 - Loss: 198.36557445071762
Epoch: 73 - Loss: 198.35725993021035
Epoch: 74 - Loss: 198.3489328695628
Epoch: 75 - Loss: 198.3405932207832
Epoch: 76 - Loss: 198.33224093647598
Epoch: 77 - Loss: 198.32387596917056
Epoch: 78 - Loss: 198.3154982767266
Epoch: 79 - Loss: 198.30710780255956
Epoch: 80 - Loss: 198.2987045008165
Epoch: 81 - Loss: 198.29028832010997
Epoch: 82 - Loss: 198.28185922440542
Epoch: 83 - Loss: 198.2734171604287
Epoch: 84 - Loss: 198.26496207967017
Epoch: 85 - Loss: 198.25649393355323
Epoch: 86 - Loss: 198.24801267508047
Epoch: 87 - Loss: 198.2395182554712
Epoch: 88 - Loss: 198.2310106272469
Epoch: 89 - Loss: 198.222489739906
Epoch: 90 - Loss: 198.21395554581787
Epoch: 91 - Loss: 198.20540799609157
Epoch: 92 - Loss: 198.1968470420356
Epoch: 93 - Loss: 198.18827263404364
Epoch: 94 - Loss: 198.17968472408367
Epoch: 95 - Loss: 198.17108329273339
Epoch: 96 - Loss: 198.16246822863113
Epoch: 97 - Loss: 198.15383951297906
Epoch: 98 - Loss: 198.14519709881054
Epoch: 99 - Loss: 198.13654093042243
Epoch: 100 - Loss: 198.12787096064335
Epoch: 101 - Loss: 198.11918713864767
Epoch: 102 - Loss: 198.1104894041782
Epoch: 103 - Loss: 198.10177772588762
Epoch: 104 - Loss: 198.09305204323394
Epoch: 105 - Loss: 198.08431230503817
Epoch: 106 - Loss: 198.07555845993048
Epoch: 107 - Loss: 198.06679045688554
Epoch: 108 - Loss: 198.0580082440388
Epoch: 109 - Loss: 198.0492117688019
Epoch: 110 - Loss: 198.04040098122107
Epoch: 111 - Loss: 198.03157582110686
Epoch: 112 - Loss: 198.02273624535692
Epoch: 113 - Loss: 198.01388219683352
Epoch: 114 - Loss: 198.00501362397952
Epoch: 115 - Loss: 197.9961304711073
Epoch: 116 - Loss: 197.9872326876812
Epoch: 117 - Loss: 197.97832021948975
Epoch: 118 - Loss: 197.96939301221687
Epoch: 119 - Loss: 197.96045101166814
Epoch: 120 - Loss: 197.95149416365723
Epoch: 121 - Loss: 197.94252241722802
Epoch: 122 - Loss: 197.9335357105261
Epoch: 123 - Loss: 197.92453399363012
Epoch: 124 - Loss: 197.91551720549532
Epoch: 125 - Loss: 197.90648529509056
Epoch: 126 - Loss: 197.89743820555492
Epoch: 127 - Loss: 197.88837588106378
Epoch: 128 - Loss: 197.87929825303806
Epoch: 129 - Loss: 197.87020529005403
Epoch: 130 - Loss: 197.86109692323484
Epoch: 131 - Loss: 197.8519730951428
Epoch: 132 - Loss: 197.84283374913534
Epoch: 133 - Loss: 197.83367882746984
Epoch: 134 - Loss: 197.8245082812249
Epoch: 135 - Loss: 197.81532203665188
Epoch: 136 - Loss: 197.8061200417941
Epoch: 137 - Loss: 197.79690223940983
Epoch: 138 - Loss: 197.78766857086003
Epoch: 139 - Loss: 197.77841897797038
Epoch: 140 - Loss: 197.76915340003842
Epoch: 141 - Loss: 197.75987177833713
Epoch: 142 - Loss: 197.75057405272457
Epoch: 143 - Loss: 197.741260183941
Epoch: 144 - Loss: 197.731930070469
Epoch: 145 - Loss: 197.72258367450036
Epoch: 146 - Loss: 197.71322093349914
Epoch: 147 - Loss: 197.70384178645077
Epoch: 148 - Loss: 197.69444617124103
Epoch: 149 - Loss: 197.68503402786078
Epoch: 150 - Loss: 197.67560529344865
Epoch: 151 - Loss: 197.66615990583963
Epoch: 152 - Loss: 197.65669780229757
Epoch: 153 - Loss: 197.64721892071577
Epoch: 154 - Loss: 197.63772319762717
Epoch: 155 - Loss: 197.62821057403966
Epoch: 156 - Loss: 197.61868097852434
Epoch: 157 - Loss: 197.6091343506057
Epoch: 158 - Loss: 197.59957062569435
Epoch: 159 - Loss: 197.58998973956307
Epoch: 160 - Loss: 197.58039162722037
Epoch: 161 - Loss: 197.57077622306718
Epoch: 162 - Loss: 197.56114345485614
Epoch: 163 - Loss: 197.55149326763265
Epoch: 164 - Loss: 197.54182558977845
Epoch: 165 - Loss: 197.5321403547858
Epoch: 166 - Loss: 197.52243749569888
Epoch: 167 - Loss: 197.51271694904523
Epoch: 168 - Loss: 197.5029786402049
Epoch: 169 - Loss: 197.4932225048206
Epoch: 170 - Loss: 197.4834484747824
Epoch: 171 - Loss: 197.47365648158535
Epoch: 172 - Loss: 197.4638464564839
Epoch: 173 - Loss: 197.454018332161
Epoch: 174 - Loss: 197.44417203616555
Epoch: 175 - Loss: 197.43430749959086
Epoch: 176 - Loss: 197.42442465060432
Epoch: 177 - Loss: 197.41452341531897
Epoch: 178 - Loss: 197.40460373378255
Epoch: 179 - Loss: 197.3946655282108
Epoch: 180 - Loss: 197.38470872695228
Epoch: 181 - Loss: 197.37473325789054
Too slow optimization
Epoch: 1 - Loss: 197.9164265040405
Epoch: 2 - Loss: 196.50387680413678
Epoch: 3 - Loss: 194.95602098976417
Epoch: 4 - Loss: 193.24783570096832
Epoch: 5 - Loss: 191.35479173550073
Epoch: 6 - Loss: 189.26151162448798
Epoch: 7 - Loss: 186.91503254853632
Epoch: 8 - Loss: 184.35701762743432
Epoch: 9 - Loss: 180.8771190260638
Epoch: 10 - Loss: 168.91913037494967
Epoch: 11 - Loss: 186.43764110323056
Epoch: 12 - Loss: 186.3445101412944
Epoch: 13 - Loss: 188.15389976568497
Epoch: 14 - Loss: 186.8083887024058
Epoch: 15 - Loss: 186.88587757162725
Epoch: 16 - Loss: 186.48466231831384
Epoch: 17 - Loss: 185.95124438926456
Epoch: 18 - Loss: 185.41520007114494
Epoch: 19 - Loss: 184.91643902887273
Epoch: 20 - Loss: 184.46973430803345
Epoch: 21 - Loss: 184.08326127618105
Epoch: 22 - Loss: 183.76336059611342
Epoch: 23 - Loss: 183.51328755839407
Epoch: 24 - Loss: 183.32643968170277
Epoch: 25 - Loss: 183.17538710004882
Epoch: 26 - Loss: 183.00702279072894
Epoch: 27 - Loss: 182.7581439856107
Epoch: 28 - Loss: 182.3893623836017
Epoch: 29 - Loss: 181.90716715011135
Epoch: 30 - Loss: 181.35340767272305
Epoch: 31 - Loss: 180.7757730761684
Epoch: 32 - Loss: 180.20766897496628
Epoch: 33 - Loss: 179.66315878036005
Epoch: 34 - Loss: 179.14322901805144
Epoch: 35 - Loss: 178.64230265486916
Epoch: 36 - Loss: 178.15245686134412
Epoch: 37 - Loss: 177.66505963201232
Epoch: 38 - Loss: 177.1702752398077
Epoch: 39 - Loss: 176.65552283788304
Epoch: 40 - Loss: 176.10436929499087
Epoch: 41 - Loss: 175.50113227451632
Epoch: 42 - Loss: 174.8791367947287
Epoch: 43 - Loss: 174.42273293002037
Epoch: 44 - Loss: 168.74728487318575
Epoch: 45 - Loss: 162.25616855433586
Epoch: 46 - Loss: 138.0384437018968
Epoch: 47 - Loss: 132.02863614461575
Epoch: 48 - Loss: 131.32225242887884
Epoch: 49 - Loss: 129.79714445898125
Epoch: 50 - Loss: 128.94694040279253
Epoch: 51 - Loss: 128.39582584883428
Epoch: 52 - Loss: 127.94958891083947
Epoch: 53 - Loss: 127.54372655072046
Epoch: 54 - Loss: 127.1306208910758
Epoch: 55 - Loss: 126.71248558623422
Epoch: 56 - Loss: 126.28130136670396
Epoch: 57 - Loss: 125.80502613499971
Epoch: 58 - Loss: 125.30901695706028
Epoch: 59 - Loss: 124.77516491538566
Epoch: 60 - Loss: 124.1883361326662
Epoch: 61 - Loss: 123.53636565494217
Epoch: 62 - Loss: 122.80789881861642
Epoch: 63 - Loss: 121.99288334029745
Epoch: 64 - Loss: 121.0878029560896
Epoch: 65 - Loss: 120.05978823324249
Epoch: 66 - Loss: 118.74856948026624
Epoch: 67 - Loss: 124.61796750490002
Epoch: 68 - Loss: 122.32666748142961
Epoch: 69 - Loss: 120.2222987861335
Epoch: 70 - Loss: 118.70720006270645
Epoch: 71 - Loss: 115.3141839074197
Epoch: 72 - Loss: 113.81257838247845
Epoch: 73 - Loss: 110.36719763824767
Epoch: 74 - Loss: 96.09866105468468
Epoch: 75 - Loss: 88.93069126350011
Epoch: 76 - Loss: 90.91128426451523
Epoch: 77 - Loss: 91.75237952678457
Epoch: 78 - Loss: 91.47665010966384
Epoch: 79 - Loss: 90.21133367066813
Epoch: 80 - Loss: 88.25857857055973
Epoch: 81 - Loss: 88.25475093066396
Epoch: 82 - Loss: 88.9837371261877
Epoch: 83 - Loss: 87.04015493775753
Epoch: 84 - Loss: 84.36310576222387
Epoch: 85 - Loss: 82.3493956038715
Epoch: 86 - Loss: 84.14926866879364
Epoch: 87 - Loss: 85.87691264508128
Epoch: 88 - Loss: 83.28567233316289
Epoch: 89 - Loss: 82.27461737798929
Epoch: 90 - Loss: 82.52625458140852
Epoch: 91 - Loss: 82.2623847768434
Epoch: 92 - Loss: 81.39794025766815
Epoch: 93 - Loss: 80.0438795843865
Epoch: 94 - Loss: 77.872384933274
Epoch: 95 - Loss: 73.9817543250058
Epoch: 96 - Loss: 65.81543716576178
Epoch: 97 - Loss: 69.06479266469374
Epoch: 98 - Loss: 70.78589231397586
Epoch: 99 - Loss: 72.11664557471447
Epoch: 100 - Loss: 72.57859709739066
Epoch: 101 - Loss: 73.27694722696997
Epoch: 102 - Loss: 73.63888324001026
Epoch: 103 - Loss: 73.50449237157524
Epoch: 104 - Loss: 73.04161343408464
Epoch: 105 - Loss: 72.71600940083265
Epoch: 106 - Loss: 73.35702184053903
Epoch: 107 - Loss: 73.58543446944657
Epoch: 108 - Loss: 73.27205146884316
Epoch: 109 - Loss: 73.22342517279365
Epoch: 110 - Loss: 73.28311804093562
Epoch: 111 - Loss: 73.30123636904086
Epoch: 112 - Loss: 73.24924752413175
Epoch: 113 - Loss: 73.2114961301107
Epoch: 114 - Loss: 73.25800668048538
Epoch: 115 - Loss: 73.19146034880639
Epoch: 116 - Loss: 72.9842288992065
Epoch: 117 - Loss: 72.88154319658817
Epoch: 118 - Loss: 72.859867325507
Epoch: 119 - Loss: 72.80360984575111
Epoch: 120 - Loss: 72.68156629234683
Epoch: 121 - Loss: 72.5587550320698
Epoch: 122 - Loss: 72.47557158310184
Epoch: 123 - Loss: 72.34199372568699
Epoch: 124 - Loss: 72.18559529742605
Epoch: 125 - Loss: 72.08975682409017
Epoch: 126 - Loss: 71.99625132927166
Epoch: 127 - Loss: 71.84462903596388
Epoch: 128 - Loss: 71.65503918809259
Epoch: 129 - Loss: 71.47709057396976
Epoch: 130 - Loss: 71.29042102166851
Epoch: 131 - Loss: 71.05448968950127
Epoch: 132 - Loss: 70.79964383455868
Epoch: 133 - Loss: 70.51765774943404
Epoch: 134 - Loss: 70.15670063804792
Epoch: 135 - Loss: 69.68931240851016
Epoch: 136 - Loss: 69.10254763008957
Epoch: 137 - Loss: 68.3283471388253
Epoch: 138 - Loss: 67.25363276196474
Epoch: 139 - Loss: 66.82905656200116
Epoch: 140 - Loss: 67.99357563320198
Epoch: 141 - Loss: 64.19671282389727
Epoch: 142 - Loss: 68.7751128983791
Epoch: 143 - Loss: 70.25117202978306
Epoch: 144 - Loss: 70.44608087035324
Epoch: 145 - Loss: 69.69911371600631
Epoch: 146 - Loss: 67.65261766675717
Epoch: 147 - Loss: 63.18159893384689
Epoch: 148 - Loss: 64.70410424921741
Epoch: 149 - Loss: 68.14622109255505
Epoch: 150 - Loss: 61.70009355292496
Epoch: 151 - Loss: 63.344872059711705
Epoch: 152 - Loss: 65.57700719669354
Epoch: 153 - Loss: 65.48404591164692
Epoch: 154 - Loss: 63.06603984812604
Epoch: 155 - Loss: 61.038190643712674
Epoch: 156 - Loss: 64.28891449505655
Epoch: 157 - Loss: 62.83197558293018
Epoch: 158 - Loss: 60.79057952659843
Epoch: 159 - Loss: 62.851052798860636
Epoch: 160 - Loss: 63.287400812802446
Epoch: 161 - Loss: 61.38733273479199
Epoch: 162 - Loss: 61.168478141978966
Epoch: 163 - Loss: 63.04857061525235
Epoch: 164 - Loss: 62.07794214281239
Epoch: 165 - Loss: 60.75909012770194
Epoch: 166 - Loss: 61.75770392187959
Epoch: 167 - Loss: 62.05703318681049
Epoch: 168 - Loss: 60.80502491743395
Epoch: 169 - Loss: 60.793770526273974
Epoch: 170 - Loss: 61.43633070877291
Epoch: 171 - Loss: 61.11677755389425
Epoch: 172 - Loss: 60.57824795839569
Epoch: 173 - Loss: 60.853583631483296
Epoch: 174 - Loss: 61.293538289220955
Epoch: 175 - Loss: 60.584070902609255
Epoch: 176 - Loss: 60.66438393454134
Epoch: 177 - Loss: 61.019741000295575
Epoch: 178 - Loss: 60.76759240520668
Epoch: 179 - Loss: 60.46892689709723
Epoch: 180 - Loss: 60.637596587572794
Epoch: 181 - Loss: 60.79952899527723
Epoch: 182 - Loss: 60.6161138434266
Epoch: 183 - Loss: 60.4159918602934
Epoch: 184 - Loss: 60.51947145213634
Epoch: 185 - Loss: 60.61979659859261
Epoch: 186 - Loss: 60.46034821201548
Epoch: 187 - Loss: 60.36629832297706
Epoch: 188 - Loss: 60.4579488311646
Epoch: 189 - Loss: 60.48351921970701
Epoch: 190 - Loss: 60.37375772552693
Epoch: 191 - Loss: 60.328699758284166
Epoch: 192 - Loss: 60.39851261229761
Epoch: 193 - Loss: 60.39113115456047
Epoch: 194 - Loss: 60.3032304478514
Epoch: 195 - Loss: 60.294934163582056
Epoch: 196 - Loss: 60.33747756294589
Epoch: 197 - Loss: 60.31376264153199
Epoch: 198 - Loss: 60.25444826253706
Epoch: 199 - Loss: 60.25325901874132
Epoch: 200 - Loss: 60.27555722672214
Epoch: 201 - Loss: 60.24481089001043
Epoch: 202 - Loss: 60.20538427531227
Epoch: 203 - Loss: 60.20665822168018
Epoch: 204 - Loss: 60.2067109320378
Epoch: 205 - Loss: 60.17609087115128
Epoch: 206 - Loss: 60.15335604983795
Epoch: 207 - Loss: 60.16502796963506
Epoch: 208 - Loss: 60.162767368516356
Epoch: 209 - Loss: 60.135853540791615
Epoch: 210 - Loss: 60.12152605078037
Epoch: 211 - Loss: 60.12108695259474
Epoch: 212 - Loss: 60.10735415368946
Epoch: 213 - Loss: 60.084493089621326
Epoch: 214 - Loss: 60.0742917383448
Epoch: 215 - Loss: 60.07061379078119
Epoch: 216 - Loss: 60.055917637048005
Epoch: 217 - Loss: 60.040389124331455
Epoch: 218 - Loss: 60.035847062362734
Epoch: 219 - Loss: 60.030097088584014
Epoch: 220 - Loss: 60.015991229235375
Epoch: 221 - Loss: 60.00320528944306
Epoch: 222 - Loss: 59.994526918929004
Epoch: 223 - Loss: 59.9833942109565
Epoch: 224 - Loss: 59.96972662621767
Epoch: 225 - Loss: 59.960354365461896
Epoch: 226 - Loss: 59.9540777351291
Epoch: 227 - Loss: 59.944043139389215
Epoch: 228 - Loss: 59.93230584504904
Epoch: 229 - Loss: 59.9221726913406
Epoch: 230 - Loss: 59.911216890704004
Epoch: 231 - Loss: 59.89928100422649
Epoch: 232 - Loss: 59.88861993061297
Epoch: 233 - Loss: 59.87984071374474
Epoch: 234 - Loss: 59.87022985152199
Epoch: 235 - Loss: 59.859380323949836
Epoch: 236 - Loss: 59.85005105733658
Epoch: 237 - Loss: 59.84116473895312
Epoch: 238 - Loss: 59.83075837113508
Epoch: 239 - Loss: 59.81894172933047
Epoch: 240 - Loss: 59.808594578359816
Epoch: 241 - Loss: 59.79865254649236
Epoch: 242 - Loss: 59.78806581710004
Epoch: 243 - Loss: 59.77826420174219
Epoch: 244 - Loss: 59.76977329852754
Epoch: 245 - Loss: 59.761727537925914
Epoch: 246 - Loss: 59.75121935454464
Epoch: 247 - Loss: 59.741282771369335
Epoch: 248 - Loss: 59.731522074638555
Epoch: 249 - Loss: 59.719485314532655
Epoch: 250 - Loss: 59.70775910063416
Epoch: 251 - Loss: 59.69783426291179
Epoch: 252 - Loss: 59.68801891571159
Epoch: 253 - Loss: 59.67990841435161
Epoch: 254 - Loss: 59.67361539685018
Epoch: 255 - Loss: 59.66435947494406
Epoch: 256 - Loss: 59.65523893298986
Epoch: 257 - Loss: 59.64634554830992
Epoch: 258 - Loss: 59.63444835333584
Epoch: 259 - Loss: 59.62191314260417
Epoch: 260 - Loss: 59.609590962131904
Epoch: 261 - Loss: 59.5983340152199
Epoch: 262 - Loss: 59.5878262483815
Epoch: 263 - Loss: 59.5776132046216
Epoch: 264 - Loss: 59.56759050087703
Epoch: 265 - Loss: 59.557645435395735
Epoch: 266 - Loss: 59.547653353602016
Epoch: 267 - Loss: 59.53777047533632
Epoch: 268 - Loss: 59.52817779569097
Epoch: 269 - Loss: 59.51903906393281
Epoch: 270 - Loss: 59.510717019449864
Epoch: 271 - Loss: 59.503282609846714
Epoch: 272 - Loss: 59.495843688818496
Epoch: 273 - Loss: 59.48094455379116
Epoch: 274 - Loss: 59.46811221074788
Epoch: 275 - Loss: 59.45793671867089
Epoch: 276 - Loss: 59.44859359436262
Epoch: 277 - Loss: 59.44532794274318
Epoch: 278 - Loss: 59.44057989787556
Epoch: 279 - Loss: 59.42939411198047
Epoch: 280 - Loss: 59.414648264940375
Epoch: 281 - Loss: 59.39838566973454
Epoch: 282 - Loss: 59.39615993061537
Epoch: 283 - Loss: 59.392030448743256
Epoch: 284 - Loss: 59.38210622449153
Epoch: 285 - Loss: 59.37216281267072
Epoch: 286 - Loss: 59.362202506655485
Epoch: 287 - Loss: 59.352241049664705
Epoch: 288 - Loss: 59.34225277515301
Epoch: 289 - Loss: 59.33220035539905
Epoch: 290 - Loss: 59.3221011328188
Epoch: 291 - Loss: 59.31198392034488
Epoch: 292 - Loss: 59.29809073492737
Epoch: 293 - Loss: 59.28110890437014
Epoch: 294 - Loss: 59.269960454924075
Epoch: 295 - Loss: 59.260125450326335
Epoch: 296 - Loss: 59.25063146709675
Epoch: 297 - Loss: 59.241788685794454
Epoch: 298 - Loss: 59.23326881239755
Epoch: 299 - Loss: 59.22475330322311
Epoch: 300 - Loss: 59.215946106955485
Epoch: 1 - Loss: 187.30119584971135
Epoch: 2 - Loss: 186.72508085419304
Epoch: 3 - Loss: 186.14692336757815
Epoch: 4 - Loss: 185.56519980933567
Epoch: 5 - Loss: 184.9774492259909
Epoch: 6 - Loss: 184.37988474677644
Epoch: 7 - Loss: 183.76685298855904
Epoch: 8 - Loss: 183.13007001478798
Epoch: 9 - Loss: 182.45760015423565
Epoch: 10 - Loss: 181.6825160293854
Epoch: 11 - Loss: 180.6849324102659
Epoch: 12 - Loss: 179.57609182709174
Epoch: 13 - Loss: 178.31428354826693
Epoch: 14 - Loss: 176.84904880895047
Epoch: 15 - Loss: 175.12449701893436
Epoch: 16 - Loss: 172.7904442427595
Epoch: 17 - Loss: 170.1548197323896
Epoch: 18 - Loss: 170.5196757293587
Epoch: 19 - Loss: 168.18076378769211
Epoch: 20 - Loss: 168.37536261471945
Epoch: 21 - Loss: 168.61422407016667
Epoch: 22 - Loss: 168.70012150547234
Epoch: 23 - Loss: 168.62375362583683
Epoch: 24 - Loss: 168.4009911926222
Epoch: 25 - Loss: 168.05152468791553
Epoch: 26 - Loss: 167.601259483452
Epoch: 27 - Loss: 167.10236544771115
Epoch: 28 - Loss: 166.7002813183253
Epoch: 29 - Loss: 166.84711372069415
Epoch: 30 - Loss: 166.6537283835654
Epoch: 31 - Loss: 166.21714975387718
Epoch: 32 - Loss: 166.17607312707833
Epoch: 33 - Loss: 166.16718111947458
Epoch: 34 - Loss: 166.08901874314108
Epoch: 35 - Loss: 165.92132958850743
Epoch: 36 - Loss: 165.67525905681035
Epoch: 37 - Loss: 165.38584247567545
Epoch: 38 - Loss: 165.12338051749683
Epoch: 39 - Loss: 164.99093188074528
Epoch: 40 - Loss: 165.00628649544316
Epoch: 41 - Loss: 164.65699538754797
Epoch: 42 - Loss: 164.47024044404202
Epoch: 43 - Loss: 164.36234117706564
Epoch: 44 - Loss: 164.24564208979342
Epoch: 45 - Loss: 164.08200738232887
Epoch: 46 - Loss: 163.8699812265972
Epoch: 47 - Loss: 163.63361430631002
Epoch: 48 - Loss: 163.4164469374105
Epoch: 49 - Loss: 163.25510350985545
Epoch: 50 - Loss: 163.11156288983514
Epoch: 51 - Loss: 162.89892492610466
Epoch: 52 - Loss: 162.65137737388233
Epoch: 53 - Loss: 162.43753680697884
Epoch: 54 - Loss: 162.24822334448064
Epoch: 55 - Loss: 162.04963652368738
Epoch: 56 - Loss: 161.82420067553625
Epoch: 57 - Loss: 161.57541156605112
Epoch: 58 - Loss: 161.32172007548377
Epoch: 59 - Loss: 161.08199110023517
Epoch: 60 - Loss: 160.8509926377132
Epoch: 61 - Loss: 160.59856852703592
Epoch: 62 - Loss: 160.3189475031267
Epoch: 63 - Loss: 160.03610915746165
Epoch: 64 - Loss: 159.7563236901778
Epoch: 65 - Loss: 159.46419937157802
Epoch: 66 - Loss: 159.14342194592064
Epoch: 67 - Loss: 158.7861984276782
Epoch: 68 - Loss: 158.39151180140178
Epoch: 69 - Loss: 157.96078863889568
Epoch: 70 - Loss: 157.5246408957422
Epoch: 71 - Loss: 157.49234357006168
Epoch: 72 - Loss: 157.38424227597255
Epoch: 73 - Loss: 157.0257859855529
Epoch: 74 - Loss: 156.85616388584975
Epoch: 75 - Loss: 156.77218651068415
Epoch: 76 - Loss: 156.68919039439845
Epoch: 77 - Loss: 156.5832939370713
Epoch: 78 - Loss: 156.453631632193
Epoch: 79 - Loss: 156.3026520935122
Epoch: 80 - Loss: 156.13084858754883
Epoch: 81 - Loss: 155.94501456397455
Epoch: 82 - Loss: 155.76903624960838
Epoch: 83 - Loss: 155.63963069114064
Epoch: 84 - Loss: 155.55130712612714
Epoch: 85 - Loss: 155.3951901369321
Epoch: 86 - Loss: 155.17566866583414
Epoch: 87 - Loss: 154.97874674793053
Epoch: 88 - Loss: 154.8017835344296
Epoch: 89 - Loss: 154.61007051624884
Epoch: 90 - Loss: 154.37924996856304
Epoch: 91 - Loss: 154.09769168273635
Epoch: 92 - Loss: 153.75941370767674
Epoch: 93 - Loss: 153.35826211450103
Epoch: 94 - Loss: 152.88001602582398
Epoch: 95 - Loss: 152.1729025766778
Epoch: 96 - Loss: 150.97340816046147
Epoch: 97 - Loss: 147.33989333544966
Epoch: 98 - Loss: 154.12051780371215
Epoch: 99 - Loss: 155.27447003980862
Epoch: 100 - Loss: 153.1081507988579
Epoch: 101 - Loss: 154.89565690424286
Epoch: 102 - Loss: 155.56352636020395
Epoch: 103 - Loss: 155.32204241948372
Epoch: 104 - Loss: 154.85371914679894
Epoch: 105 - Loss: 155.1173895804642
Epoch: 106 - Loss: 156.17896772493415
Epoch: 107 - Loss: 155.39968011063155
Epoch: 108 - Loss: 154.97753150297999
Epoch: 109 - Loss: 155.18170979668625
Epoch: 110 - Loss: 155.2393735281204
Epoch: 111 - Loss: 154.89280069594724
Epoch: 112 - Loss: 154.19333771981275
Epoch: 113 - Loss: 153.36809931323833
Epoch: 114 - Loss: 152.78627371464535
Epoch: 115 - Loss: 152.34267892283805
Epoch: 116 - Loss: 151.36977714108875
Epoch: 117 - Loss: 150.18587226537892
Epoch: 118 - Loss: 149.20178387088959
Epoch: 119 - Loss: 148.2375886876508
Epoch: 120 - Loss: 146.98787419852704
Epoch: 121 - Loss: 145.27606600261447
Epoch: 122 - Loss: 143.21948360003714
Epoch: 123 - Loss: 141.68469326440146
Epoch: 124 - Loss: 139.0400944187206
Epoch: 125 - Loss: 136.9890193670872
Epoch: 126 - Loss: 136.66090067213779
Epoch: 127 - Loss: 134.08195002484783
Epoch: 128 - Loss: 124.95648478929839
Epoch: 129 - Loss: 115.34783016885794
Epoch: 130 - Loss: 80.73489178073315
Epoch: 131 - Loss: 71.96680606638415
Epoch: 132 - Loss: 72.13761957953163
Epoch: 133 - Loss: 72.55910901795406
Epoch: 134 - Loss: 72.70378928498268
Epoch: 135 - Loss: 72.59289171304133
Epoch: 136 - Loss: 72.30256389250403
Epoch: 137 - Loss: 71.79677450039507
Epoch: 138 - Loss: 70.87214983622269
Epoch: 139 - Loss: 69.49153395941288
Epoch: 140 - Loss: 68.10455050764911
Epoch: 141 - Loss: 68.40275874574584
Epoch: 142 - Loss: 68.59404305620309
Epoch: 143 - Loss: 69.35128759443032
Epoch: 144 - Loss: 68.99782904164482
Epoch: 145 - Loss: 68.11205345897339
Epoch: 146 - Loss: 67.51788286295933
Epoch: 147 - Loss: 67.83805630157147
Epoch: 148 - Loss: 68.22766540413079
Epoch: 149 - Loss: 68.10209749740847
Epoch: 150 - Loss: 67.83651567012906
Epoch: 151 - Loss: 67.59161458141877
Epoch: 152 - Loss: 67.35952177422921
Epoch: 153 - Loss: 67.31754110305495
Epoch: 154 - Loss: 67.48638149142245
Epoch: 155 - Loss: 67.16917830976709
Epoch: 156 - Loss: 66.9165424277678
Epoch: 157 - Loss: 67.06650831621722
Epoch: 158 - Loss: 67.08962112251507
Epoch: 159 - Loss: 66.94803527346923
Epoch: 160 - Loss: 66.79238764674425
Epoch: 161 - Loss: 66.70735411490561
Epoch: 162 - Loss: 66.57026771128436
Epoch: 163 - Loss: 66.67630741197883
Epoch: 164 - Loss: 66.59250359982394
Epoch: 165 - Loss: 66.35399978958131
Epoch: 166 - Loss: 66.38172702246364
Epoch: 167 - Loss: 66.28131454748589
Epoch: 168 - Loss: 66.25562900652393
Epoch: 169 - Loss: 66.17521468363393
Epoch: 170 - Loss: 66.052542299293
Epoch: 171 - Loss: 65.98908573341501
Epoch: 172 - Loss: 66.0199751578691
Epoch: 173 - Loss: 65.94321915382105
Epoch: 174 - Loss: 65.91127563231358
Epoch: 175 - Loss: 65.75640251493533
Epoch: 176 - Loss: 65.68258109248028
Epoch: 177 - Loss: 65.78867543733139
Epoch: 178 - Loss: 65.57042353983498
Epoch: 179 - Loss: 65.62330644300302
Epoch: 180 - Loss: 65.44456463415183
Epoch: 181 - Loss: 65.26449289507897
Epoch: 182 - Loss: 65.43894587074344
Epoch: 183 - Loss: 65.09402546980037
Epoch: 184 - Loss: 65.17151633799463
Epoch: 185 - Loss: 64.96674300028397
Epoch: 186 - Loss: 64.71486791693887
Epoch: 187 - Loss: 64.89473987305897
Epoch: 188 - Loss: 64.51107633651412
Epoch: 189 - Loss: 64.64214490825316
Epoch: 190 - Loss: 64.31222132008773
Epoch: 191 - Loss: 63.98538535289119
Epoch: 192 - Loss: 64.1296061847368
Epoch: 193 - Loss: 63.72983396285853
Epoch: 194 - Loss: 63.980796259599316
Epoch: 195 - Loss: 63.50776504873432
Epoch: 196 - Loss: 62.97160271425215
Epoch: 197 - Loss: 63.3561898960224
Epoch: 198 - Loss: 62.49920773957969
Epoch: 199 - Loss: 62.66363887897925
Epoch: 200 - Loss: 62.433253678740236
Epoch: 201 - Loss: 61.72070871303665
Epoch: 202 - Loss: 62.21551856430275
Epoch: 203 - Loss: 61.73583919441637
Epoch: 204 - Loss: 62.504012153078776
Epoch: 205 - Loss: 60.85030701527732
Epoch: 206 - Loss: 58.989012468747546
Epoch: 207 - Loss: 57.06648825174546
Epoch: 208 - Loss: 58.817045822006406
Epoch: 209 - Loss: 64.44339319433989
Epoch: 210 - Loss: 72.02090362470963
Epoch: 211 - Loss: 69.9039774777349
Epoch: 212 - Loss: 58.8104325993284
Epoch: 213 - Loss: 47.226559476653755
Epoch: 214 - Loss: 55.7970108199486
Epoch: 215 - Loss: 58.56266843446399
Epoch: 216 - Loss: 60.968854886875235
Epoch: 217 - Loss: 62.522721802965414
Epoch: 218 - Loss: 63.417620618067545
Epoch: 219 - Loss: 63.822614624139334
Epoch: 220 - Loss: 63.9087389229982
Epoch: 221 - Loss: 63.73208086755886
Epoch: 222 - Loss: 63.321134962762734
Epoch: 223 - Loss: 62.679274823542166
Epoch: 224 - Loss: 61.77957578169436
Epoch: 225 - Loss: 60.55326423555711
Epoch: 226 - Loss: 58.89279696825203
Epoch: 227 - Loss: 57.54728053119961
Epoch: 228 - Loss: 61.22906447204025
Epoch: 229 - Loss: 56.61969668441846
Epoch: 230 - Loss: 57.10477654400425
Epoch: 231 - Loss: 57.47239653430778
Epoch: 232 - Loss: 57.34572331565661
Epoch: 233 - Loss: 56.82165351135916
Epoch: 234 - Loss: 55.990910388855845
Epoch: 235 - Loss: 54.966586548094035
Epoch: 236 - Loss: 53.913579211255936
Epoch: 237 - Loss: 53.04543552693942
Epoch: 238 - Loss: 53.146855117738404
Epoch: 239 - Loss: 52.39564975843317
Epoch: 240 - Loss: 52.12271755068187
Epoch: 241 - Loss: 52.771324861415465
Epoch: 242 - Loss: 53.11655286715651
Epoch: 243 - Loss: 52.79923324519103
Epoch: 244 - Loss: 52.32029391141113
Epoch: 245 - Loss: 52.574354737220055
Epoch: 246 - Loss: 52.90579864250081
Epoch: 247 - Loss: 52.41831668840455
Epoch: 248 - Loss: 52.51288143262673
Epoch: 249 - Loss: 52.713418105324436
Epoch: 250 - Loss: 52.44896255389568
Epoch: 251 - Loss: 51.99895650540944
Epoch: 252 - Loss: 52.05119965995434
Epoch: 253 - Loss: 52.15070432804791
Epoch: 254 - Loss: 51.68797643470387
Epoch: 255 - Loss: 51.605549194688635
Epoch: 256 - Loss: 51.707226690618555
Epoch: 257 - Loss: 51.5937949457663
Epoch: 258 - Loss: 51.38652964183936
Epoch: 259 - Loss: 51.401679085832264
Epoch: 260 - Loss: 51.45276727286761
Epoch: 261 - Loss: 51.30770056260032
Epoch: 262 - Loss: 51.28884619888621
Epoch: 263 - Loss: 51.366425490332006
Epoch: 264 - Loss: 51.33406745857433
Epoch: 265 - Loss: 51.222763499559804
Epoch: 266 - Loss: 51.20367666760241
Epoch: 267 - Loss: 51.22753988608207
Epoch: 268 - Loss: 51.13821262936252
Epoch: 269 - Loss: 51.0720069634923
Epoch: 270 - Loss: 51.06526156313822
Epoch: 271 - Loss: 51.00794427431445
Epoch: 272 - Loss: 50.919216230458105
Epoch: 273 - Loss: 50.893843842316436
Epoch: 274 - Loss: 50.87431024386088
Epoch: 275 - Loss: 50.79795382758556
Epoch: 276 - Loss: 50.7592535131093
Epoch: 277 - Loss: 50.74919888161302
Epoch: 278 - Loss: 50.706112798335646
Epoch: 279 - Loss: 50.6613499340955
Epoch: 280 - Loss: 50.64250608361239
Epoch: 281 - Loss: 50.60627276253087
Epoch: 282 - Loss: 50.56783835763913
Epoch: 283 - Loss: 50.545693502649385
Epoch: 284 - Loss: 50.50764999355368
Epoch: 285 - Loss: 50.462073024247694
Epoch: 286 - Loss: 50.437208317274965
Epoch: 287 - Loss: 50.40133945870571
Epoch: 288 - Loss: 50.35565602691047
Epoch: 289 - Loss: 50.32646943443576
Epoch: 290 - Loss: 50.2915823824345
Epoch: 291 - Loss: 50.2513322264009
Epoch: 292 - Loss: 50.22134315045595
Epoch: 293 - Loss: 50.186481369491126
Epoch: 294 - Loss: 50.150081325229145
Epoch: 295 - Loss: 50.12241106921161
Epoch: 296 - Loss: 50.08838184814451
Epoch: 297 - Loss: 50.05333911610603
Epoch: 298 - Loss: 50.025036515885745
Epoch: 299 - Loss: 49.991403394790574
Epoch: 300 - Loss: 49.958443047772306
Epoch: 1 - Loss: 195.81431666731157
Epoch: 2 - Loss: 194.8656303566509
Epoch: 3 - Loss: 194.18945451336543
Epoch: 4 - Loss: 193.67771405913015
Epoch: 5 - Loss: 193.2640942039296
Epoch: 6 - Loss: 192.9092571337094
Epoch: 7 - Loss: 192.58966957514045
Epoch: 8 - Loss: 192.2908743963447
Epoch: 9 - Loss: 192.00408500218336
Epoch: 10 - Loss: 191.72406555970727
Epoch: 11 - Loss: 191.44777929375786
Epoch: 12 - Loss: 191.17375323997734
Epoch: 13 - Loss: 190.90115003488867
Epoch: 14 - Loss: 190.62994582642287
Epoch: 15 - Loss: 190.34542725489976
Epoch: 16 - Loss: 190.06112800242286
Epoch: 17 - Loss: 189.77810323870997
Epoch: 18 - Loss: 189.49660213246636
Epoch: 19 - Loss: 189.21688760997804
Epoch: 20 - Loss: 188.93902686210606
Epoch: 21 - Loss: 188.6631733272231
Epoch: 22 - Loss: 188.3891612231783
Epoch: 23 - Loss: 188.11684047837832
Epoch: 24 - Loss: 187.84599143945834
Epoch: 25 - Loss: 187.5761731709431
Epoch: 26 - Loss: 187.30684461567512
Epoch: 27 - Loss: 187.03729201524018
Epoch: 28 - Loss: 186.7667017259026
Epoch: 29 - Loss: 186.4938403052473
Epoch: 30 - Loss: 186.21739398218165
Epoch: 31 - Loss: 185.93554258853982
Epoch: 32 - Loss: 185.64608316483034
Epoch: 33 - Loss: 185.34611786857712
Epoch: 34 - Loss: 185.03230332513402
Epoch: 35 - Loss: 184.7013280899465
Epoch: 36 - Loss: 184.35525731780245
Epoch: 37 - Loss: 184.03507308332254
Epoch: 38 - Loss: 183.8958817670419
Epoch: 39 - Loss: 183.68293561474493
Epoch: 40 - Loss: 183.360260699335
Epoch: 41 - Loss: 183.07223064637762
Epoch: 42 - Loss: 182.80478122925314
Epoch: 43 - Loss: 182.57655942149478
Epoch: 44 - Loss: 182.34810555150474
Epoch: 45 - Loss: 182.10823158507344
Epoch: 46 - Loss: 181.85487673782964
Epoch: 47 - Loss: 181.58821724008817
Epoch: 48 - Loss: 181.3091127904857
Epoch: 49 - Loss: 181.01896302012145
Epoch: 50 - Loss: 180.72064848751478
Epoch: 51 - Loss: 180.42018584195216
Epoch: 52 - Loss: 180.12812916292162
Epoch: 53 - Loss: 179.85158982482707
Epoch: 54 - Loss: 179.56530528670748
Epoch: 55 - Loss: 179.26123249034714
Epoch: 56 - Loss: 178.9481241566434
Epoch: 57 - Loss: 178.6242367417578
Epoch: 58 - Loss: 178.2919452551843
Epoch: 59 - Loss: 177.94108355572942
Epoch: 60 - Loss: 177.5745621608705
Epoch: 61 - Loss: 177.19107491585802
Epoch: 62 - Loss: 176.80092218270553
Epoch: 63 - Loss: 176.39445628834576
Epoch: 64 - Loss: 175.96484121379595
Epoch: 65 - Loss: 175.5070750571231
Epoch: 66 - Loss: 175.01684705068695
Epoch: 67 - Loss: 174.4909672354928
Epoch: 68 - Loss: 173.9338777660201
Epoch: 69 - Loss: 173.3955106228087
Epoch: 70 - Loss: 173.2622157262683
Epoch: 71 - Loss: 172.93570007815833
Epoch: 72 - Loss: 172.4347635246402
Epoch: 73 - Loss: 172.06733164306388
Epoch: 74 - Loss: 171.75875601256746
Epoch: 75 - Loss: 171.29396129906394
Epoch: 76 - Loss: 169.5846038189913
Epoch: 77 - Loss: 167.7356113256788
Epoch: 78 - Loss: 166.82971577528787
Epoch: 79 - Loss: 166.01895405863712
Epoch: 80 - Loss: 165.2097051904057
Epoch: 81 - Loss: 164.41845509425784
Epoch: 82 - Loss: 163.702861160481
Epoch: 83 - Loss: 163.2050475814714
Epoch: 84 - Loss: 163.116078838643
Epoch: 85 - Loss: 163.29671246274893
Epoch: 86 - Loss: 163.33626909722813
Epoch: 87 - Loss: 163.07995649524582
Epoch: 88 - Loss: 162.50521506306035
Epoch: 89 - Loss: 161.54940376357868
Epoch: 90 - Loss: 157.4901946542729
Epoch: 91 - Loss: 164.53850917329194
Epoch: 92 - Loss: 165.99750693154255
Epoch: 93 - Loss: 166.87637539709434
Epoch: 94 - Loss: 166.97976491735614
Epoch: 95 - Loss: 166.82939793610296
Epoch: 96 - Loss: 166.54773863217622
Epoch: 97 - Loss: 166.13574452411865
Epoch: 98 - Loss: 165.59049862328501
Epoch: 99 - Loss: 164.83860670481542
Epoch: 100 - Loss: 163.55133888691395
Epoch: 101 - Loss: 161.10558081523004
Epoch: 102 - Loss: 165.8772669479709
Epoch: 103 - Loss: 160.27610353145457
Epoch: 104 - Loss: 161.0240666968517
Epoch: 105 - Loss: 161.9231992136107
Epoch: 106 - Loss: 162.19755942457414
Epoch: 107 - Loss: 162.1333240941871
Epoch: 108 - Loss: 161.7996403426296
Epoch: 109 - Loss: 161.1186118747107
Epoch: 110 - Loss: 159.63320158698042
Epoch: 111 - Loss: 158.21511724245843
Epoch: 112 - Loss: 157.22813462479604
Epoch: 113 - Loss: 156.764669306478
Epoch: 114 - Loss: 157.28785134493378
Epoch: 115 - Loss: 157.69772309122925
Epoch: 116 - Loss: 156.12066529062278
Epoch: 117 - Loss: 155.050203977025
Epoch: 118 - Loss: 154.615150987833
Epoch: 119 - Loss: 154.1903933040525
Epoch: 120 - Loss: 153.5208862368145
Epoch: 121 - Loss: 152.6033644653509
Epoch: 122 - Loss: 151.52265516610788
Epoch: 123 - Loss: 150.45071798999115
Epoch: 124 - Loss: 149.7284470246266
Epoch: 125 - Loss: 149.4979721621917
Epoch: 126 - Loss: 148.32196446760742
Epoch: 127 - Loss: 146.35036555416247
Epoch: 128 - Loss: 144.6054074368818
Epoch: 129 - Loss: 143.8142934348579
Epoch: 130 - Loss: 141.59272721479354
Epoch: 131 - Loss: 131.10220262026775
Epoch: 132 - Loss: 123.38927797811216
Epoch: 133 - Loss: 118.95898477804735
Epoch: 134 - Loss: 118.97662474375146
Epoch: 135 - Loss: 119.54286887614877
Epoch: 136 - Loss: 119.9957912707144
Epoch: 137 - Loss: 120.37014931646743
Epoch: 138 - Loss: 120.59848824562054
Epoch: 139 - Loss: 117.85565893163853
Epoch: 140 - Loss: 80.79103709037045
Epoch: 141 - Loss: 76.88190053636164
Epoch: 142 - Loss: 75.79062533540808
Epoch: 143 - Loss: 74.94500472161633
Epoch: 144 - Loss: 74.1584756841556
Epoch: 145 - Loss: 73.55069454356844
Epoch: 146 - Loss: 72.96448542497659
Epoch: 147 - Loss: 72.25477036443048
Epoch: 148 - Loss: 71.48168743190263
Epoch: 149 - Loss: 70.73143587835798
Epoch: 150 - Loss: 69.82888977135096
Epoch: 151 - Loss: 68.74915938579564
Epoch: 152 - Loss: 67.6231899812834
Epoch: 153 - Loss: 66.45257036315255
Epoch: 154 - Loss: 65.54767267673735
Epoch: 155 - Loss: 66.26542554924669
Epoch: 156 - Loss: 66.3566727045714
Epoch: 157 - Loss: 65.98218834471042
Epoch: 158 - Loss: 65.51101643834909
Epoch: 159 - Loss: 64.98806370848577
Epoch: 160 - Loss: 64.48421030448453
Epoch: 161 - Loss: 63.16971662910347
Epoch: 162 - Loss: 63.15503530092768
Epoch: 163 - Loss: 63.437996715512796
Epoch: 164 - Loss: 63.65126569447979
Epoch: 165 - Loss: 63.77587280739165
Epoch: 166 - Loss: 63.73931349425874
Epoch: 167 - Loss: 63.58575519438084
Epoch: 168 - Loss: 63.27413131119196
Epoch: 169 - Loss: 62.85261336975851
Epoch: 170 - Loss: 62.540993641546876
Epoch: 171 - Loss: 62.591970847457894
Epoch: 172 - Loss: 62.78546122811783
Epoch: 173 - Loss: 62.48984387615721
Epoch: 174 - Loss: 62.07923666051568
Epoch: 175 - Loss: 61.941386186896764
Epoch: 176 - Loss: 61.98166086309325
Epoch: 177 - Loss: 62.03301587807428
Epoch: 178 - Loss: 62.014679957698846
Epoch: 179 - Loss: 61.92279809836912
Epoch: 180 - Loss: 61.769390111448416
Epoch: 181 - Loss: 61.60296989607822
Epoch: 182 - Loss: 61.50047769206516
Epoch: 183 - Loss: 61.50306962163853
Epoch: 184 - Loss: 61.542311294369995
Epoch: 185 - Loss: 61.47962097231797
Epoch: 186 - Loss: 61.338992230272
Epoch: 187 - Loss: 61.24370867846602
Epoch: 188 - Loss: 61.215923710058746
Epoch: 189 - Loss: 61.20746289491491
Epoch: 190 - Loss: 61.17917970011746
Epoch: 191 - Loss: 61.11518480628183
Epoch: 192 - Loss: 61.0318935400455
Epoch: 193 - Loss: 60.958345482645676
Epoch: 194 - Loss: 60.91565088989758
Epoch: 195 - Loss: 60.90162297077745
Epoch: 196 - Loss: 60.88091359996409
Epoch: 197 - Loss: 60.831569338694905
Epoch: 198 - Loss: 60.77392595565766
Epoch: 199 - Loss: 60.73308819982473
Epoch: 200 - Loss: 60.712164387020195
Epoch: 201 - Loss: 60.703849008097144
Epoch: 202 - Loss: 60.664525734585425
Epoch: 203 - Loss: 60.62424916440496
Epoch: 204 - Loss: 60.57962525328033
Epoch: 205 - Loss: 60.54333327823926
Epoch: 206 - Loss: 60.51750753256948
Epoch: 207 - Loss: 60.49501224564922
Epoch: 208 - Loss: 60.46556689899901
Epoch: 209 - Loss: 60.43187770498284
Epoch: 210 - Loss: 60.402957998885405
Epoch: 211 - Loss: 60.3812029719291
Epoch: 212 - Loss: 60.363930406770386
Epoch: 213 - Loss: 60.34489327962931
Epoch: 214 - Loss: 60.321672487419605
Epoch: 215 - Loss: 60.29677019770138
Epoch: 216 - Loss: 60.27404977276842
Epoch: 217 - Loss: 60.25524874501397
Epoch: 218 - Loss: 60.23822301282445
Epoch: 219 - Loss: 60.21914477384583
Epoch: 220 - Loss: 60.19780553797676
Epoch: 221 - Loss: 60.17718719288431
Epoch: 222 - Loss: 60.15890006231995
Epoch: 223 - Loss: 60.14229383853496
Epoch: 224 - Loss: 60.12549674024628
Epoch: 225 - Loss: 60.10757560326941
Epoch: 226 - Loss: 60.08985216538668
Epoch: 227 - Loss: 60.073422622567406
Epoch: 228 - Loss: 60.055770587429926
Epoch: 229 - Loss: 60.04028119209551
Epoch: 230 - Loss: 60.024331603598014
Epoch: 231 - Loss: 60.00779182854508
Epoch: 232 - Loss: 59.99222082135729
Epoch: 233 - Loss: 59.97596830231339
Epoch: 234 - Loss: 59.96109737419581
Epoch: 235 - Loss: 59.946112827857895
Epoch: 236 - Loss: 59.93081909768117
Epoch: 237 - Loss: 59.9154419277355
Epoch: 238 - Loss: 59.90050769212628
Epoch: 239 - Loss: 59.886019700806315
Epoch: 240 - Loss: 59.871705144316664
Epoch: 241 - Loss: 59.857252587173065
Epoch: 242 - Loss: 59.84269495807026
Epoch: 243 - Loss: 59.82825787947455
Epoch: 244 - Loss: 59.81416511029417
Epoch: 245 - Loss: 59.800287994694195
Epoch: 246 - Loss: 59.80027990042889
Epoch: 247 - Loss: 59.77232784178392
Epoch: 248 - Loss: 59.758358261747745
Epoch: 249 - Loss: 59.7445475737942
Epoch: 250 - Loss: 59.73092727318179
Epoch: 251 - Loss: 59.717338226965836
Epoch: 252 - Loss: 59.70368881176732
Epoch: 253 - Loss: 59.69005809800323
Epoch: 254 - Loss: 59.67652149402226
Epoch: 255 - Loss: 59.66310836015267
Epoch: 256 - Loss: 59.649768401887286
Epoch: 257 - Loss: 59.636452872023405
Epoch: 258 - Loss: 59.62340008368859
Epoch: 259 - Loss: 59.61027581889105
Epoch: 260 - Loss: 59.597320195309166
Epoch: 261 - Loss: 59.58436168940971
Epoch: 262 - Loss: 59.57133629805257
Too slow optimization
Epoch: 1 - Loss: 191.33082164896987
Epoch: 2 - Loss: 189.1720279469831
Epoch: 3 - Loss: 187.3460502943714
Epoch: 4 - Loss: 185.66149372162874
Epoch: 5 - Loss: 184.044458052364
Epoch: 6 - Loss: 182.41226902815964
Epoch: 7 - Loss: 181.9954776876223
Epoch: 8 - Loss: 173.41057701559612
Epoch: 9 - Loss: 170.62886300522374
Epoch: 10 - Loss: 169.78096732674274
Epoch: 11 - Loss: 168.08403415902737
Epoch: 12 - Loss: 165.75718701179554
Epoch: 13 - Loss: 163.3834536447687
Epoch: 14 - Loss: 160.98931519250038
Epoch: 15 - Loss: 157.98435389529294
Epoch: 16 - Loss: 151.26203333281265
Epoch: 17 - Loss: 148.21667124154462
Epoch: 18 - Loss: 111.94772845896219
Epoch: 19 - Loss: 115.67462824040093
Epoch: 20 - Loss: 115.45070743972639
Epoch: 21 - Loss: 113.00839672632148
Epoch: 22 - Loss: 105.03941734845773
Epoch: 23 - Loss: 108.93308544363384
Epoch: 24 - Loss: 107.93156584472715
Epoch: 25 - Loss: 106.17048992151129
Epoch: 26 - Loss: 100.28392564184176
Epoch: 27 - Loss: 88.29049256359534
Epoch: 28 - Loss: 80.27281802740322
Epoch: 29 - Loss: 81.856741452993
Epoch: 30 - Loss: 81.91599679387446
Epoch: 31 - Loss: 81.49659595767861
Epoch: 32 - Loss: 81.20188150467025
Epoch: 33 - Loss: 81.14008168581853
Epoch: 34 - Loss: 80.45816185408418
Epoch: 35 - Loss: 78.32738377797988
Epoch: 36 - Loss: 86.48311366736299
Epoch: 37 - Loss: 90.38224326295136
Epoch: 38 - Loss: 91.82340099688157
Epoch: 39 - Loss: 91.8809605423988
Epoch: 40 - Loss: 91.28140055884606
Epoch: 41 - Loss: 90.19678737096527
Epoch: 42 - Loss: 88.54148547358666
Epoch: 43 - Loss: 86.10173225396271
Epoch: 44 - Loss: 84.3746409925984
Epoch: 45 - Loss: 85.21116751633858
Epoch: 46 - Loss: 82.40561653656621
Epoch: 47 - Loss: 79.12288242410291
Epoch: 48 - Loss: 72.9140644666098
Epoch: 49 - Loss: 98.29796029735293
Epoch: 50 - Loss: 85.96885827464445
Epoch: 51 - Loss: 76.06109405743129
Epoch: 52 - Loss: 80.09514671330459
Epoch: 53 - Loss: 81.57604345135178
Epoch: 54 - Loss: 82.30168836447712
Epoch: 55 - Loss: 82.78823874274482
Epoch: 56 - Loss: 82.21268618689233
Epoch: 57 - Loss: 80.03517634175665
Epoch: 58 - Loss: 77.82397143798174
Epoch: 59 - Loss: 75.76631525114061
Epoch: 60 - Loss: 73.64579163221465
Epoch: 61 - Loss: 70.35155318341556
Epoch: 62 - Loss: 66.15119644500658
Epoch: 63 - Loss: 66.21128947519098
Epoch: 64 - Loss: 65.42647088052894
Epoch: 65 - Loss: 67.73816134143568
Epoch: 66 - Loss: 65.09680793233105
Epoch: 67 - Loss: 66.86600338921454
Epoch: 68 - Loss: 67.09266156788986
Epoch: 69 - Loss: 64.70776658660718
Epoch: 70 - Loss: 67.29299109228299
Epoch: 71 - Loss: 65.28675221830278
Epoch: 72 - Loss: 67.36325560368493
Epoch: 73 - Loss: 68.12546359537446
Epoch: 74 - Loss: 67.39311308541367
Epoch: 75 - Loss: 65.88865648690064
Epoch: 76 - Loss: 62.44269099608241
Epoch: 77 - Loss: 70.46897746904109
Epoch: 78 - Loss: 63.99551132235659
Epoch: 79 - Loss: 66.81548148783875
Epoch: 80 - Loss: 68.57613212125852
Epoch: 81 - Loss: 69.89756420299301
Epoch: 82 - Loss: 70.53414341304148
Epoch: 83 - Loss: 69.00021673777373
Epoch: 84 - Loss: 69.6077058244467
Epoch: 85 - Loss: 71.63128104635327
Epoch: 86 - Loss: 72.83376323842185
Epoch: 87 - Loss: 72.63625086410059
Epoch: 88 - Loss: 72.43496464214934
Epoch: 89 - Loss: 71.87759433900345
Epoch: 90 - Loss: 70.87936779921746
Epoch: 91 - Loss: 69.42445703090716
Epoch: 92 - Loss: 67.33682186148684
Epoch: 93 - Loss: 64.21175794541608
Epoch: 94 - Loss: 71.57531851977335
Epoch: 95 - Loss: 65.05597268895428
Epoch: 96 - Loss: 67.2426156462614
Epoch: 97 - Loss: 69.4748680880471
Epoch: 98 - Loss: 70.35617487855345
Epoch: 99 - Loss: 70.60972262469421
Epoch: 100 - Loss: 70.60055677886518
Epoch: 101 - Loss: 70.51991491682095
Epoch: 102 - Loss: 70.44967257790306
Epoch: 103 - Loss: 70.36725408244925
Epoch: 104 - Loss: 70.18836757362621
Epoch: 105 - Loss: 69.82525621785655
Epoch: 106 - Loss: 69.23306391580134
Epoch: 107 - Loss: 68.44068804066019
Epoch: 108 - Loss: 67.42060937865736
Epoch: 109 - Loss: 66.07981414871662
Epoch: 110 - Loss: 64.35214221481989
Epoch: 111 - Loss: 64.82986495974663
Epoch: 112 - Loss: 65.60454213598591
Epoch: 113 - Loss: 63.960454022970005
Epoch: 114 - Loss: 65.91564538796726
Epoch: 115 - Loss: 66.15015592857429
Epoch: 116 - Loss: 66.70021709721424
Epoch: 117 - Loss: 67.06497473988819
Epoch: 118 - Loss: 66.94955002511216
Epoch: 119 - Loss: 66.06516175898118
Epoch: 120 - Loss: 64.3376386761669
Epoch: 121 - Loss: 62.364635355748604
Epoch: 122 - Loss: 65.56780300252512
Epoch: 123 - Loss: 68.13597875079756
Epoch: 124 - Loss: 61.94972265869275
Epoch: 125 - Loss: 63.67923814656827
Epoch: 126 - Loss: 65.22059830455379
Epoch: 127 - Loss: 65.8906557511206
Epoch: 128 - Loss: 65.92699346789085
Epoch: 129 - Loss: 65.5380472778945
Epoch: 130 - Loss: 64.59131239298114
Epoch: 131 - Loss: 63.00588250144121
Epoch: 132 - Loss: 61.20857876660264
Epoch: 133 - Loss: 65.29744637754926
Epoch: 134 - Loss: 68.83029617531284
Epoch: 135 - Loss: 61.014239744831194
Epoch: 136 - Loss: 63.02549202731404
Epoch: 137 - Loss: 64.52549392983005
Epoch: 138 - Loss: 65.17267516815909
Epoch: 139 - Loss: 65.3237686742878
Epoch: 140 - Loss: 65.15347821976214
Epoch: 141 - Loss: 64.69067336622106
Epoch: 142 - Loss: 63.87599788663959
Epoch: 143 - Loss: 62.590531878277616
Epoch: 144 - Loss: 60.95037749551748
Epoch: 145 - Loss: 62.9733387224818
Epoch: 146 - Loss: 60.61978311437347
Epoch: 147 - Loss: 61.22804632442236
Epoch: 148 - Loss: 61.63429080487303
Epoch: 149 - Loss: 61.48563830948864
Epoch: 150 - Loss: 60.869443135280214
Epoch: 151 - Loss: 60.22463365861682
Epoch: 152 - Loss: 61.13671273708554
Epoch: 153 - Loss: 60.10074243086136
Epoch: 154 - Loss: 60.26204981451475
Epoch: 155 - Loss: 60.45790352116434
Epoch: 156 - Loss: 60.254337600279676
Epoch: 157 - Loss: 59.83154432045577
Epoch: 158 - Loss: 60.011062052420264
Epoch: 159 - Loss: 59.88414287112763
Epoch: 160 - Loss: 59.65047837281297
Epoch: 161 - Loss: 59.8179407875194
Epoch: 162 - Loss: 59.74407662961295
Epoch: 163 - Loss: 59.49356949442954
Epoch: 164 - Loss: 59.601258648771626
Epoch: 165 - Loss: 59.516552012736504
Epoch: 166 - Loss: 59.38116012597785
Epoch: 167 - Loss: 59.46837918461543
Epoch: 168 - Loss: 59.378147874173024
Epoch: 169 - Loss: 59.23199486416423
Epoch: 170 - Loss: 59.31089380758998
Epoch: 171 - Loss: 59.17464888371883
Epoch: 172 - Loss: 59.12778843962092
Epoch: 173 - Loss: 59.14341154862671
Epoch: 174 - Loss: 59.04494103606237
Epoch: 175 - Loss: 58.98025614009334
Epoch: 176 - Loss: 58.99545925459983
Epoch: 177 - Loss: 58.886177412204255
Epoch: 178 - Loss: 58.865515013805286
Epoch: 179 - Loss: 58.8397467656465
Epoch: 180 - Loss: 58.760524475648374
Epoch: 181 - Loss: 58.730954555821015
Epoch: 182 - Loss: 58.703418706297825
Epoch: 183 - Loss: 58.63465031223539
Epoch: 184 - Loss: 58.6192215816942
Epoch: 185 - Loss: 58.57978032697596
Epoch: 186 - Loss: 58.52274846104168
Epoch: 187 - Loss: 58.50171671833036
Epoch: 188 - Loss: 58.46446515004511
Epoch: 189 - Loss: 58.417005360936685
Epoch: 190 - Loss: 58.3965564461805
Epoch: 191 - Loss: 58.359393407304566
Epoch: 192 - Loss: 58.32046015410181
Epoch: 193 - Loss: 58.29991365904126
Epoch: 194 - Loss: 58.26309407025709
Epoch: 195 - Loss: 58.23170206454342
Epoch: 196 - Loss: 58.20930375519453
Epoch: 197 - Loss: 58.17528345196839
Epoch: 198 - Loss: 58.14649059748331
Epoch: 199 - Loss: 58.11023661853821
Epoch: 200 - Loss: 57.287776920144076
Epoch: 201 - Loss: 58.11998951326961
Epoch: 202 - Loss: 58.49764291548858
Epoch: 203 - Loss: 58.96855176452614
Epoch: 204 - Loss: 59.166012378265755
Epoch: 205 - Loss: 59.09572317503742
Epoch: 206 - Loss: 58.75790110848726
Epoch: 207 - Loss: 58.42001189211983
Epoch: 208 - Loss: 58.00524744706991
Epoch: 209 - Loss: 56.788799549770154
Epoch: 210 - Loss: 58.43800312428186
Epoch: 211 - Loss: 59.6156300965439
Epoch: 212 - Loss: 60.4323689865447
Epoch: 213 - Loss: 61.128654933544766
Epoch: 214 - Loss: 61.690199233869116
Epoch: 215 - Loss: 62.14735920662921
Epoch: 216 - Loss: 62.41739708132575
Too slow optimization
Epoch: 1 - Loss: 192.69724780565005
Epoch: 2 - Loss: 183.82920590593494
Epoch: 3 - Loss: 187.73257034174404
Epoch: 4 - Loss: 189.76985023327856
Epoch: 5 - Loss: 185.29764656089384
Epoch: 6 - Loss: 184.2505207409327
Epoch: 7 - Loss: 182.87004569999425
Epoch: 8 - Loss: 175.48349910482247
Epoch: 9 - Loss: 172.03219992253702
Epoch: 10 - Loss: 168.86050895628338
Epoch: 11 - Loss: 168.42992166494253
Epoch: 12 - Loss: 163.47234379335896
Epoch: 13 - Loss: 123.26539840031144
Epoch: 14 - Loss: 118.52338007520211
Epoch: 15 - Loss: 116.6323012668323
Epoch: 16 - Loss: 115.57253201406822
Epoch: 17 - Loss: 102.08444930165358
Epoch: 18 - Loss: 85.83334361787408
Epoch: 19 - Loss: 86.6027976122684
Epoch: 20 - Loss: 93.16218319316441
Epoch: 21 - Loss: 86.75986392489531
Epoch: 22 - Loss: 87.26146803907429
Epoch: 23 - Loss: 85.34402098585309
Epoch: 24 - Loss: 94.07773261959065
Epoch: 25 - Loss: 92.40721662371378
Epoch: 26 - Loss: 92.85369118532056
Epoch: 27 - Loss: 94.04308207402383
Epoch: 28 - Loss: 94.39595615437752
Epoch: 29 - Loss: 94.05447141960362
Epoch: 30 - Loss: 92.63011524153765
Epoch: 31 - Loss: 86.69782489957207
Epoch: 32 - Loss: 83.94105623497771
Epoch: 33 - Loss: 87.05955001090875
Epoch: 34 - Loss: 87.61883269324257
Epoch: 35 - Loss: 86.97805446910824
Epoch: 36 - Loss: 85.02241235109325
Epoch: 37 - Loss: 80.91549502592684
Epoch: 38 - Loss: 77.59964932537187
Epoch: 39 - Loss: 80.23727978310474
Epoch: 40 - Loss: 73.94034744766572
Epoch: 41 - Loss: 72.9995694819639
Epoch: 42 - Loss: 76.1282092538466
Epoch: 43 - Loss: 83.23841769567248
Epoch: 44 - Loss: 87.27198511714384
Epoch: 45 - Loss: 88.61163328921366
Epoch: 46 - Loss: 89.16082695505044
Epoch: 47 - Loss: 89.3792534773156
Epoch: 48 - Loss: 89.41978672490092
Epoch: 49 - Loss: 89.35818164166895
Epoch: 50 - Loss: 89.21577634545564
Epoch: 51 - Loss: 89.01647727079576
Epoch: 52 - Loss: 88.76515441757543
Epoch: 53 - Loss: 88.4746112586467
Epoch: 54 - Loss: 88.14903846345237
Epoch: 55 - Loss: 87.78074164568282
Epoch: 56 - Loss: 87.33342719318372
Epoch: 57 - Loss: 86.75605252069464
Epoch: 58 - Loss: 85.97425299396815
Epoch: 59 - Loss: 84.85215881646884
Epoch: 60 - Loss: 83.03884657822671
Epoch: 61 - Loss: 79.26585876099813
Epoch: 62 - Loss: 68.96013114796257
Epoch: 63 - Loss: 76.46589399649736
Epoch: 64 - Loss: 79.29924144393053
Epoch: 65 - Loss: 80.4190360239821
Epoch: 66 - Loss: 80.9736276772729
Epoch: 67 - Loss: 81.21509920015734
Epoch: 68 - Loss: 81.2841353610462
Epoch: 69 - Loss: 81.27527993272187
Epoch: 70 - Loss: 81.2080141008231
Epoch: 71 - Loss: 81.0915592186957
Epoch: 72 - Loss: 80.93533000398469
Epoch: 73 - Loss: 80.74108182659161
Epoch: 74 - Loss: 80.52082644448501
Epoch: 75 - Loss: 80.22333924075282
Epoch: 76 - Loss: 79.59255156445222
Epoch: 77 - Loss: 79.27562014996305
Epoch: 78 - Loss: 79.0870865532519
Epoch: 79 - Loss: 78.44284000453699
Epoch: 80 - Loss: 77.54484761772899
Epoch: 81 - Loss: 76.39503580257872
Epoch: 82 - Loss: 73.00667647218863
Epoch: 83 - Loss: 97.42505765880493
Epoch: 84 - Loss: 89.2527709281203
Epoch: 85 - Loss: 73.11990448518549
Epoch: 86 - Loss: 76.11778421603127
Epoch: 87 - Loss: 76.71623102558628
Epoch: 88 - Loss: 76.73941137032274
Epoch: 89 - Loss: 76.65307265194
Epoch: 90 - Loss: 76.94861845693589
Epoch: 91 - Loss: 76.49971173709575
Epoch: 92 - Loss: 75.88719890574552
Epoch: 93 - Loss: 75.4359672961485
Epoch: 94 - Loss: 74.84008981491098
Epoch: 95 - Loss: 73.74438249986135
Epoch: 96 - Loss: 71.36938203977908
Epoch: 97 - Loss: 65.09046348324539
Epoch: 98 - Loss: 76.8730466216795
Epoch: 99 - Loss: 80.01567066955144
Epoch: 100 - Loss: 80.47459265729891
Epoch: 101 - Loss: 79.53444360631595
Epoch: 102 - Loss: 77.72271218583015
Epoch: 103 - Loss: 76.49315989722982
Epoch: 104 - Loss: 78.21321829793584
Epoch: 105 - Loss: 79.75671727030662
Epoch: 106 - Loss: 80.47706714702248
Epoch: 107 - Loss: 80.90689601190687
Epoch: 108 - Loss: 81.10789909599329
Epoch: 109 - Loss: 81.05341320809103
Epoch: 110 - Loss: 80.87221371338089
Epoch: 111 - Loss: 80.71332672929063
Epoch: 112 - Loss: 80.63649128865339
Epoch: 113 - Loss: 80.57700073291593
Epoch: 114 - Loss: 80.4736120026443
Epoch: 115 - Loss: 80.34284385192736
Epoch: 116 - Loss: 80.22580019945414
Epoch: 117 - Loss: 80.11700466741395
Epoch: 118 - Loss: 79.97403738063002
Epoch: 119 - Loss: 79.7845980979207
Epoch: 120 - Loss: 79.58286254280624
Epoch: 121 - Loss: 79.39627499223748
Epoch: 122 - Loss: 79.20836543758296
Epoch: 123 - Loss: 78.99022761529544
Epoch: 124 - Loss: 78.74141740722376
Epoch: 125 - Loss: 78.4759150575348
Epoch: 126 - Loss: 78.18099460543903
Epoch: 127 - Loss: 77.8254183509773
Epoch: 128 - Loss: 77.3912447309712
Epoch: 129 - Loss: 76.87233425394992
Epoch: 130 - Loss: 76.24438027079069
Epoch: 131 - Loss: 75.43048508002357
Epoch: 132 - Loss: 74.28562478573762
Epoch: 133 - Loss: 72.64447771466251
Epoch: 134 - Loss: 72.24798789434705
Epoch: 135 - Loss: 72.84530790210677
Epoch: 136 - Loss: 71.09865122972307
Epoch: 137 - Loss: 76.73206701285113
Epoch: 138 - Loss: 68.68892047417651
Epoch: 139 - Loss: 69.12303410487837
Epoch: 140 - Loss: 68.39927477876245
Epoch: 141 - Loss: 69.9704073431865
Epoch: 142 - Loss: 70.96194349257654
Epoch: 143 - Loss: 71.15189366715954
Epoch: 144 - Loss: 73.98075814438782
Epoch: 145 - Loss: 73.2782082969591
Epoch: 146 - Loss: 74.87647176118499
Epoch: 147 - Loss: 75.49451055012734
Epoch: 148 - Loss: 75.42842563890731
Epoch: 149 - Loss: 74.85596207568953
Epoch: 150 - Loss: 73.84359535336625
TRIAL 51 CRASHED (caught, continuing to next trial):
DomainError with 1950.828316692125:
integrand produced NaN in the interval (1950.8283166921046, 1950.8283166921456)
Epoch: 1 - Loss: 187.4367356710097
Epoch: 2 - Loss: 186.87960267737685
Epoch: 3 - Loss: 186.42335954310118
Epoch: 4 - Loss: 186.02729268508264
Epoch: 5 - Loss: 185.68725615420308
Epoch: 6 - Loss: 185.438493508674
Epoch: 7 - Loss: 185.20523299227457
Epoch: 8 - Loss: 184.97900856643693
Epoch: 9 - Loss: 184.75101536344917
Epoch: 10 - Loss: 184.52806340869128
Epoch: 11 - Loss: 184.2995981294289
Epoch: 12 - Loss: 184.07597270589534
Epoch: 13 - Loss: 183.86972955180815
Epoch: 14 - Loss: 183.67095535039795
Epoch: 15 - Loss: 183.47159142214332
Epoch: 16 - Loss: 183.26859634380574
Epoch: 17 - Loss: 183.06204959398104
Epoch: 18 - Loss: 182.85374044435207
Epoch: 19 - Loss: 182.64652441710453
Epoch: 20 - Loss: 182.4438096505445
Epoch: 21 - Loss: 182.24844342234772
Epoch: 22 - Loss: 182.05827389294302
Epoch: 23 - Loss: 181.86677877587437
Epoch: 24 - Loss: 181.67092778952295
Epoch: 25 - Loss: 181.47428877975395
Epoch: 26 - Loss: 181.27998661798824
Epoch: 27 - Loss: 181.08694083630067
Epoch: 28 - Loss: 180.89218186549613
Epoch: 29 - Loss: 180.69291527906643
Epoch: 30 - Loss: 180.48421940354172
Epoch: 31 - Loss: 180.24188109561825
Epoch: 32 - Loss: 179.93426113431005
Epoch: 33 - Loss: 179.00651327750754
Epoch: 34 - Loss: 176.48644541158666
Epoch: 35 - Loss: 174.66793793361833
Epoch: 36 - Loss: 173.9240884478404
Epoch: 37 - Loss: 173.33897468081275
Epoch: 38 - Loss: 172.7956092599412
Epoch: 39 - Loss: 172.2809502421907
Epoch: 40 - Loss: 171.82620220370066
Epoch: 41 - Loss: 171.34189413627735
Epoch: 42 - Loss: 170.90880839160553
Epoch: 43 - Loss: 170.51802734134768
Epoch: 44 - Loss: 170.1869882169894
Epoch: 45 - Loss: 169.8824743674845
Epoch: 46 - Loss: 169.65497186840682
Epoch: 47 - Loss: 169.4664950741726
Epoch: 48 - Loss: 169.28137199377574
Epoch: 49 - Loss: 169.063134167604
Epoch: 50 - Loss: 168.79079687058558
Epoch: 51 - Loss: 168.46104632927825
Epoch: 52 - Loss: 168.08176542415168
Epoch: 53 - Loss: 167.66604503590892
Epoch: 54 - Loss: 167.226371532903
Epoch: 55 - Loss: 166.77251773363403
Epoch: 56 - Loss: 166.31015250592182
Epoch: 57 - Loss: 165.86795293505546
Epoch: 58 - Loss: 165.35428315225818
Epoch: 59 - Loss: 164.81046573952872
Epoch: 60 - Loss: 164.18232649052686
Epoch: 61 - Loss: 163.39624495778227
Epoch: 62 - Loss: 162.33174266218148
Epoch: 63 - Loss: 160.98094802432416
Epoch: 64 - Loss: 150.63487438653672
Epoch: 65 - Loss: 132.67670735620914
Epoch: 66 - Loss: 118.25498622567754
Epoch: 67 - Loss: 116.69231318308975
Epoch: 68 - Loss: 115.6218318871035
Epoch: 69 - Loss: 114.37728996739533
Epoch: 70 - Loss: 114.2296617685085
Epoch: 71 - Loss: 113.59477949771575
Epoch: 72 - Loss: 113.0351945559455
Epoch: 73 - Loss: 112.9947837643127
Epoch: 74 - Loss: 112.33614308096847
Epoch: 75 - Loss: 112.07050899098266
Epoch: 76 - Loss: 111.81807797310611
Epoch: 77 - Loss: 111.28506794110487
Epoch: 78 - Loss: 110.90306385241654
Epoch: 79 - Loss: 110.66609312155336
Epoch: 80 - Loss: 110.20894867361893
Epoch: 81 - Loss: 110.04361563847135
Epoch: 82 - Loss: 109.98538309284636
Epoch: 83 - Loss: 109.74133294113574
Epoch: 84 - Loss: 109.49384806911904
Epoch: 85 - Loss: 109.26431233571194
Epoch: 86 - Loss: 108.89567864075995
Epoch: 87 - Loss: 108.71119426618242
Epoch: 88 - Loss: 108.52972161100666
Epoch: 89 - Loss: 108.2842912328195
Epoch: 90 - Loss: 108.13401793745216
Epoch: 91 - Loss: 107.9006047222384
Epoch: 92 - Loss: 107.64840791103025
Epoch: 93 - Loss: 107.43437935932523
Epoch: 94 - Loss: 107.12512098047569
Epoch: 95 - Loss: 106.86127818171076
Epoch: 96 - Loss: 106.53787709981046
Epoch: 97 - Loss: 106.162299601302
Epoch: 98 - Loss: 105.75535543080834
Epoch: 99 - Loss: 105.22853747281722
Epoch: 100 - Loss: 104.71198204905895
Epoch: 101 - Loss: 104.15158619100423
Epoch: 102 - Loss: 103.63267682694294
Epoch: 103 - Loss: 102.93826536878507
Epoch: 104 - Loss: 102.16476622306486
Epoch: 105 - Loss: 101.47193447296138
Epoch: 106 - Loss: 100.5739811198055
Epoch: 107 - Loss: 99.60768980810383
Epoch: 108 - Loss: 98.59960225354207
Epoch: 109 - Loss: 97.53060878905761
Epoch: 110 - Loss: 96.18890705491138
Epoch: 111 - Loss: 95.54455357600638
Epoch: 112 - Loss: 94.05352568162952
Epoch: 113 - Loss: 93.2509867376381
Epoch: 114 - Loss: 90.94084636268099
Epoch: 115 - Loss: 82.03403329029399
Epoch: 116 - Loss: 70.30694437545178
Epoch: 117 - Loss: 70.28276130995455
Epoch: 118 - Loss: 71.83680747477435
Epoch: 119 - Loss: 72.573298085744
Epoch: 120 - Loss: 73.35101969534091
Epoch: 121 - Loss: 73.90904418751016
Epoch: 122 - Loss: 74.23861603203443
Epoch: 123 - Loss: 74.41163405292214
Epoch: 124 - Loss: 74.47036032902457
Epoch: 125 - Loss: 74.47635203763357
Epoch: 126 - Loss: 74.43659819337238
Epoch: 127 - Loss: 74.3870642029237
Epoch: 128 - Loss: 74.31279315347224
Epoch: 129 - Loss: 74.22494037437382
Epoch: 130 - Loss: 74.0987714001549
Epoch: 131 - Loss: 73.92989434032816
Epoch: 132 - Loss: 73.72661929991996
Epoch: 133 - Loss: 73.55433232761493
Epoch: 134 - Loss: 73.29988013894788
Epoch: 135 - Loss: 73.05816390113537
Epoch: 136 - Loss: 72.82816007289655
Epoch: 137 - Loss: 72.53676717153762
Epoch: 138 - Loss: 72.23969404299677
Epoch: 139 - Loss: 71.88465891556763
Epoch: 140 - Loss: 71.46479422838235
Epoch: 141 - Loss: 71.02249742190358
Epoch: 142 - Loss: 70.50819631261459
Epoch: 143 - Loss: 69.89603121300908
Epoch: 144 - Loss: 69.16211314689096
Epoch: 145 - Loss: 68.22803014330901
Epoch: 146 - Loss: 66.99538733849047
Epoch: 147 - Loss: 65.37880493504996
Epoch: 148 - Loss: 63.435605214435725
Epoch: 149 - Loss: 64.31469836263837
Epoch: 150 - Loss: 65.5237536251309
Epoch: 151 - Loss: 65.30835972813888
Epoch: 152 - Loss: 64.04859903377294
Epoch: 153 - Loss: 62.643867451676044
Epoch: 154 - Loss: 63.54470264608031
Epoch: 155 - Loss: 64.19381239799824
Epoch: 156 - Loss: 64.40581119363904
Epoch: 157 - Loss: 64.23016272923877
Epoch: 158 - Loss: 63.71166675392449
Epoch: 159 - Loss: 62.90138504203096
Epoch: 160 - Loss: 62.09931922489754
Epoch: 161 - Loss: 62.59723337642788
Epoch: 162 - Loss: 63.11591603213749
Epoch: 163 - Loss: 61.855158904597346
Epoch: 164 - Loss: 62.08597449481723
Epoch: 165 - Loss: 62.447636076839956
Epoch: 166 - Loss: 62.53252349867445
Epoch: 167 - Loss: 62.307583986307655
Epoch: 168 - Loss: 61.85597587189864
Epoch: 169 - Loss: 61.446439747745565
Epoch: 170 - Loss: 61.625506579498776
Epoch: 171 - Loss: 61.87263756080665
Epoch: 172 - Loss: 61.29440612372832
Epoch: 173 - Loss: 61.19975886718845
Epoch: 174 - Loss: 61.33464945229987
Epoch: 175 - Loss: 61.35325968402211
Epoch: 176 - Loss: 61.18840935315999
Epoch: 177 - Loss: 60.92967043897107
Epoch: 178 - Loss: 60.78747351914177
Epoch: 179 - Loss: 60.910155767820186
Epoch: 180 - Loss: 60.86720124471015
Epoch: 181 - Loss: 60.70390767207497
Epoch: 182 - Loss: 60.64263138329053
Epoch: 183 - Loss: 60.74833019299121
Epoch: 184 - Loss: 60.54852530606489
Epoch: 185 - Loss: 60.370790664439276
Epoch: 186 - Loss: 60.28005463588481
Epoch: 187 - Loss: 60.30161478432355
Epoch: 188 - Loss: 60.37385914795502
Epoch: 189 - Loss: 60.16953649812504
Epoch: 190 - Loss: 60.044147786905626
Epoch: 191 - Loss: 60.07038342214968
Epoch: 192 - Loss: 60.09173870510273
Epoch: 193 - Loss: 60.06431764949109
Epoch: 194 - Loss: 59.92117620455741
Epoch: 195 - Loss: 59.87419107739778
Epoch: 196 - Loss: 59.921037973933664
Epoch: 197 - Loss: 59.89825378765476
Epoch: 198 - Loss: 59.83462804909655
Epoch: 199 - Loss: 59.77012620605399
Epoch: 200 - Loss: 59.76850214295178
Epoch: 201 - Loss: 59.78358344630477
Epoch: 202 - Loss: 59.7446082385711
Epoch: 203 - Loss: 59.702151608639724
Epoch: 204 - Loss: 59.67131470075136
Epoch: 205 - Loss: 59.66387372764508
Epoch: 206 - Loss: 59.65701281876661
Epoch: 207 - Loss: 59.63324526743084
Epoch: 208 - Loss: 59.614798727274305
Epoch: 209 - Loss: 59.58785095727049
Epoch: 210 - Loss: 59.56672764064828
Epoch: 211 - Loss: 59.55821273024163
Epoch: 212 - Loss: 59.54565764956545
Epoch: 213 - Loss: 59.5322066311283
Epoch: 214 - Loss: 59.50715700761063
Epoch: 215 - Loss: 59.487014198624635
Epoch: 216 - Loss: 59.478446246394626
Epoch: 217 - Loss: 59.47172605441361
Epoch: 218 - Loss: 59.459978100348174
Epoch: 219 - Loss: 59.44043718975281
Epoch: 220 - Loss: 59.42465951562094
Epoch: 221 - Loss: 59.41317529910355
Epoch: 222 - Loss: 59.39788998826805
Epoch: 223 - Loss: 59.38426235380711
Epoch: 224 - Loss: 59.37315194717093
Epoch: 225 - Loss: 59.363137855870505
Epoch: 226 - Loss: 59.351016624468485
Epoch: 227 - Loss: 59.33757810309288
Epoch: 228 - Loss: 59.325236641407265
Epoch: 229 - Loss: 59.31550412446747
Epoch: 230 - Loss: 59.30179284007209
Epoch: 231 - Loss: 59.2900024760418
Epoch: 232 - Loss: 59.27990291292694
Epoch: 233 - Loss: 59.270597600212305
Epoch: 234 - Loss: 59.26291566741477
Epoch: 235 - Loss: 59.247202174447686
Epoch: 236 - Loss: 59.23494099086776
Epoch: 237 - Loss: 59.228644400618364
Epoch: 238 - Loss: 59.21654539825701
Epoch: 239 - Loss: 59.20291052093913
Epoch: 240 - Loss: 59.19206047774927
Epoch: 241 - Loss: 59.18583066513019
Epoch: 242 - Loss: 59.17469956939127
Epoch: 243 - Loss: 59.168885374465
Epoch: 244 - Loss: 59.16789275423501
Epoch: 245 - Loss: 59.16880402857468
Epoch: 246 - Loss: 59.183042679744915
Epoch: 247 - Loss: 59.17742970890446
Epoch: 248 - Loss: 59.19501105343314
Epoch: 249 - Loss: 59.151846309934626
Epoch: 250 - Loss: 59.12578216169707
Epoch: 251 - Loss: 59.086957895144664
Epoch: 252 - Loss: 59.065606511048536
Epoch: 253 - Loss: 59.05989701790507
Epoch: 254 - Loss: 59.061489811549215
Epoch: 255 - Loss: 59.06747487187568
Epoch: 256 - Loss: 59.052277594330526
Epoch: 257 - Loss: 59.037966195360255
Epoch: 258 - Loss: 59.01229783383283
Too slow optimization
Epoch: 1 - Loss: 184.04830228396614
Epoch: 2 - Loss: 181.29886289877976
Epoch: 3 - Loss: 177.32949310900926
Epoch: 4 - Loss: 181.89360276950742
Epoch: 5 - Loss: 173.42025413581166
Epoch: 6 - Loss: 174.15558478180483
Epoch: 7 - Loss: 173.96070054430564
Epoch: 8 - Loss: 173.05723180472273
Epoch: 9 - Loss: 173.39800344890762
Epoch: 10 - Loss: 173.0131075222365
Epoch: 11 - Loss: 173.80015209894933
Epoch: 12 - Loss: 174.09786002380676
Epoch: 13 - Loss: 174.04986101509414
Epoch: 14 - Loss: 173.72039365088355
Epoch: 15 - Loss: 173.13178988949318
Epoch: 16 - Loss: 172.27239010231185
Epoch: 17 - Loss: 171.1273829336045
Epoch: 18 - Loss: 172.0470857569412
Epoch: 19 - Loss: 170.60369912380133
Epoch: 20 - Loss: 171.08998070471586
Epoch: 21 - Loss: 171.27030187102068
Epoch: 22 - Loss: 171.16896245733307
Epoch: 23 - Loss: 170.82146836597275
Epoch: 24 - Loss: 170.2431914259085
Epoch: 25 - Loss: 169.48388897671526
Epoch: 26 - Loss: 169.54746016580992
Epoch: 27 - Loss: 168.95693253659314
Epoch: 28 - Loss: 168.86107479201635
Epoch: 29 - Loss: 168.88913521225692
Epoch: 30 - Loss: 168.70919432985656
Epoch: 31 - Loss: 168.33591807365372
Epoch: 32 - Loss: 167.94718139713098
Epoch: 33 - Loss: 168.4965817550829
Epoch: 34 - Loss: 167.70752148173244
Epoch: 35 - Loss: 167.92135367284973
Epoch: 36 - Loss: 167.92469976465696
Epoch: 37 - Loss: 167.7393054151456
Epoch: 38 - Loss: 167.36087628812143
Epoch: 39 - Loss: 166.86664782272413
Epoch: 40 - Loss: 167.2619736501476
Epoch: 41 - Loss: 166.47186075918225
Epoch: 42 - Loss: 166.49598094735035
Epoch: 43 - Loss: 166.4092580072511
Epoch: 44 - Loss: 166.17580547878939
Epoch: 45 - Loss: 165.86239911220733
Epoch: 46 - Loss: 165.90702029458487
Epoch: 47 - Loss: 165.50703006058546
Epoch: 48 - Loss: 165.3889966564837
Epoch: 49 - Loss: 165.22487059833026
Epoch: 50 - Loss: 164.97970993383728
Epoch: 51 - Loss: 164.7539437415217
Epoch: 52 - Loss: 164.5490751155332
Epoch: 53 - Loss: 164.33835215811598
Epoch: 54 - Loss: 164.15000932689048
Epoch: 55 - Loss: 163.90698022317252
Epoch: 56 - Loss: 163.65554892651372
Epoch: 57 - Loss: 163.53783777513334
Epoch: 58 - Loss: 163.20197976484135
Epoch: 59 - Loss: 163.01968999460067
Epoch: 60 - Loss: 162.73113120751597
Epoch: 61 - Loss: 162.365601175673
Epoch: 62 - Loss: 162.17905829182936
Epoch: 63 - Loss: 161.7625193069553
Epoch: 64 - Loss: 161.48984133245628
Epoch: 65 - Loss: 161.1489201390299
Epoch: 66 - Loss: 160.74980672063364
Epoch: 67 - Loss: 160.45498542810984
Epoch: 68 - Loss: 159.99840779066835
Epoch: 69 - Loss: 159.6540489138522
Epoch: 70 - Loss: 159.28640040812888
Epoch: 71 - Loss: 159.07741612404564
Epoch: 72 - Loss: 159.1694598139372
Epoch: 73 - Loss: 158.74871974280666
Epoch: 74 - Loss: 158.49311125452715
Epoch: 75 - Loss: 158.20895945570874
Epoch: 76 - Loss: 157.91990792197868
Epoch: 77 - Loss: 157.95479746764087
Epoch: 78 - Loss: 157.63235574315527
Epoch: 79 - Loss: 157.59285773493983
Epoch: 80 - Loss: 157.40152116945396
Epoch: 81 - Loss: 157.09091982039806
Epoch: 82 - Loss: 157.07419768022638
Epoch: 83 - Loss: 156.6907350100897
Epoch: 84 - Loss: 156.56667195191824
Epoch: 85 - Loss: 156.31127287250618
Epoch: 86 - Loss: 155.97280392643643
Epoch: 87 - Loss: 155.96972386923784
Epoch: 88 - Loss: 155.5811358366028
Epoch: 89 - Loss: 155.5107230391709
Epoch: 90 - Loss: 155.20517835680542
Epoch: 91 - Loss: 154.69040848735781
Epoch: 92 - Loss: 154.6125873985774
Epoch: 93 - Loss: 153.9577490431746
Epoch: 94 - Loss: 153.69032170130225
Epoch: 95 - Loss: 153.0756508421218
Epoch: 96 - Loss: 152.1085616551746
Epoch: 97 - Loss: 151.61566723052778
Epoch: 98 - Loss: 149.77072378031633
Epoch: 99 - Loss: 147.98678789978
Epoch: 100 - Loss: 151.0605261103315
Epoch: 101 - Loss: 148.0935040542669
Epoch: 102 - Loss: 149.6720007646518
Epoch: 103 - Loss: 150.18069300381427
Epoch: 104 - Loss: 149.98470838734394
Epoch: 105 - Loss: 149.20755493179348
Epoch: 106 - Loss: 147.4487915672
Epoch: 107 - Loss: 145.90588881726686
Epoch: 108 - Loss: 154.27312319633302
Epoch: 109 - Loss: 149.893668245007
Epoch: 110 - Loss: 153.4855985867096
Epoch: 111 - Loss: 155.7514583451177
Epoch: 112 - Loss: 157.24466186666635
Epoch: 113 - Loss: 158.36168796401893
Epoch: 114 - Loss: 159.21145826196317
Epoch: 115 - Loss: 159.82459842693186
Epoch: 116 - Loss: 160.25320800766764
Epoch: 117 - Loss: 160.5408509911765
Epoch: 118 - Loss: 160.71625969050487
Epoch: 119 - Loss: 160.81047042249563
Epoch: 120 - Loss: 160.84885324792654
Epoch: 121 - Loss: 160.84556182126448
Epoch: 122 - Loss: 160.8034499484333
Epoch: 123 - Loss: 160.71831876810603
Epoch: 124 - Loss: 160.58360134621492
Epoch: 125 - Loss: 160.39338907575095
Epoch: 126 - Loss: 160.1442690219684
Epoch: 127 - Loss: 159.83719966123897
Epoch: 128 - Loss: 159.479885476434
Epoch: 129 - Loss: 159.0861472845137
Epoch: 130 - Loss: 158.65842866298289
Epoch: 131 - Loss: 158.1618604544258
Epoch: 132 - Loss: 157.5852784439675
Epoch: 133 - Loss: 156.9791450043668
Epoch: 134 - Loss: 156.2850920789876
Epoch: 135 - Loss: 155.45561449100265
Epoch: 136 - Loss: 154.6057461989445
Epoch: 137 - Loss: 153.58422005261806
Epoch: 138 - Loss: 152.55129113203344
Epoch: 139 - Loss: 151.304594421054
Epoch: 140 - Loss: 149.98663709376495
Epoch: 141 - Loss: 148.69508906745924
Epoch: 142 - Loss: 147.3927839028266
Epoch: 143 - Loss: 145.72889294785776
Epoch: 144 - Loss: 143.99844235144445
Epoch: 145 - Loss: 137.83471128153383
Epoch: 146 - Loss: 123.0910880745606
Epoch: 147 - Loss: 120.63160778483324
Epoch: 148 - Loss: 121.8261955829012
Epoch: 149 - Loss: 122.25912024540614
Epoch: 150 - Loss: 123.22847523235106
Epoch: 151 - Loss: 124.98057255694619
Epoch: 152 - Loss: 125.26234785940949
Epoch: 153 - Loss: 124.14998651635374
Epoch: 154 - Loss: 123.56614225499322
Epoch: 155 - Loss: 123.60192881288663
Epoch: 156 - Loss: 123.76422640265179
Epoch: 157 - Loss: 123.73066041793865
Epoch: 158 - Loss: 123.41441199251715
Epoch: 159 - Loss: 122.83223800946632
Epoch: 160 - Loss: 122.11782251814145
Epoch: 161 - Loss: 121.45929236012138
Epoch: 162 - Loss: 121.05549613214055
Epoch: 163 - Loss: 120.92899384619393
Epoch: 164 - Loss: 120.73560261588563
Epoch: 165 - Loss: 120.12639418265485
Epoch: 166 - Loss: 118.83680624493729
Epoch: 167 - Loss: 98.51694589238085
Epoch: 168 - Loss: 78.08025566150582
Epoch: 169 - Loss: 75.55938074042447
Epoch: 170 - Loss: 74.67454354995724
Epoch: 171 - Loss: 74.2811088779836
Epoch: 172 - Loss: 75.15195583153796
Epoch: 173 - Loss: 75.0947085615501
Epoch: 174 - Loss: 74.3819179343963
Epoch: 175 - Loss: 74.51172734327453
Epoch: 176 - Loss: 74.55396476080674
Epoch: 177 - Loss: 74.2503688792146
Epoch: 178 - Loss: 73.78604078346551
Epoch: 179 - Loss: 73.5318588278823
Epoch: 180 - Loss: 73.74963228669836
Epoch: 181 - Loss: 73.9162393679969
Epoch: 182 - Loss: 73.51076681297268
Epoch: 183 - Loss: 73.15729826194395
Epoch: 184 - Loss: 73.10911360760744
Epoch: 185 - Loss: 73.11276814519101
Epoch: 186 - Loss: 72.97219066604198
Epoch: 187 - Loss: 72.67364918794554
Epoch: 188 - Loss: 72.36506493570933
Epoch: 189 - Loss: 72.41096786124471
Epoch: 190 - Loss: 72.30422028230987
Epoch: 191 - Loss: 71.83707442113008
Epoch: 192 - Loss: 71.65081151808663
Epoch: 193 - Loss: 71.52414491405817
Epoch: 194 - Loss: 71.28309977323785
Epoch: 195 - Loss: 70.9250279924381
Epoch: 196 - Loss: 70.53188189750219
Epoch: 197 - Loss: 70.16841766202789
Epoch: 198 - Loss: 69.76860264814066
Epoch: 199 - Loss: 69.2012670866385
Epoch: 200 - Loss: 68.48072605074745
Epoch: 201 - Loss: 67.67353880685536
Epoch: 202 - Loss: 66.7199491859914
Epoch: 203 - Loss: 65.51066551516507
Epoch: 204 - Loss: 64.15724882527878
Epoch: 205 - Loss: 64.03782231482664
Epoch: 206 - Loss: 66.93300136356864
Epoch: 207 - Loss: 68.17759430394753
Epoch: 208 - Loss: 67.41179133533109
Epoch: 209 - Loss: 65.32638572950545
Epoch: 210 - Loss: 63.63452574427263
Epoch: 211 - Loss: 64.89844548479034
Epoch: 212 - Loss: 65.88857316194462
Epoch: 213 - Loss: 66.4996861696065
Epoch: 214 - Loss: 66.83390351179483
Epoch: 215 - Loss: 66.95930381777397
Epoch: 216 - Loss: 66.90479821169495
Epoch: 217 - Loss: 66.68298060124786
Epoch: 218 - Loss: 66.32694166587882
Epoch: 219 - Loss: 65.74403528807724
Epoch: 220 - Loss: 64.95941889310616
Epoch: 221 - Loss: 63.97414949894849
Epoch: 222 - Loss: 62.975132489638575
Epoch: 223 - Loss: 63.215855156121314
Epoch: 224 - Loss: 65.2469941946612
Epoch: 225 - Loss: 62.82726437220753
Epoch: 226 - Loss: 62.84610634284404
Epoch: 227 - Loss: 63.41220678957733
Epoch: 228 - Loss: 63.80084153763408
Epoch: 229 - Loss: 63.90908007134712
Epoch: 230 - Loss: 63.75281538545421
Epoch: 231 - Loss: 63.38971146332455
Epoch: 232 - Loss: 62.825231769797846
Epoch: 233 - Loss: 62.38439483984674
Epoch: 234 - Loss: 62.626542900857984
Epoch: 235 - Loss: 63.194960056155715
Epoch: 236 - Loss: 62.48008199819
Epoch: 237 - Loss: 62.24452680290963
Epoch: 238 - Loss: 62.453481921730955
Epoch: 239 - Loss: 62.64666556978558
Epoch: 240 - Loss: 62.64396093399711
Epoch: 241 - Loss: 62.47160907431706
Epoch: 242 - Loss: 62.20735923151958
Epoch: 243 - Loss: 62.06674375102543
Epoch: 244 - Loss: 62.252739051719814
Epoch: 245 - Loss: 62.32743587702304
Epoch: 246 - Loss: 62.065737645709994
Epoch: 247 - Loss: 61.98313551840643
Epoch: 248 - Loss: 62.07074178649139
Epoch: 249 - Loss: 62.13006901305417
Epoch: 250 - Loss: 62.08495116474777
Epoch: 251 - Loss: 61.96209288742513
Epoch: 252 - Loss: 61.895591956963884
Epoch: 253 - Loss: 61.923722863335115
Epoch: 254 - Loss: 61.98095491106753
Epoch: 255 - Loss: 61.89158670972827
Epoch: 256 - Loss: 61.814972398008734
Epoch: 257 - Loss: 61.85484559831067
Epoch: 258 - Loss: 61.861086873659886
Epoch: 259 - Loss: 61.84886969697813
Epoch: 260 - Loss: 61.789252624992585
Epoch: 261 - Loss: 61.74197116158282
Epoch: 262 - Loss: 61.78484009976825
Epoch: 263 - Loss: 61.76538169782132
Epoch: 264 - Loss: 61.73172509533372
Epoch: 265 - Loss: 61.69311841904089
Epoch: 266 - Loss: 61.68661970600689
Epoch: 267 - Loss: 61.69176659021768
Epoch: 268 - Loss: 61.67306338227268
Epoch: 269 - Loss: 61.63929289166399
Epoch: 270 - Loss: 61.62420814047729
Epoch: 271 - Loss: 61.62507403340543
Epoch: 272 - Loss: 61.610129155749824
Epoch: 273 - Loss: 61.59391694312354
Epoch: 274 - Loss: 61.56107873680895
Epoch: 275 - Loss: 61.556904941205325
Epoch: 276 - Loss: 61.542765145683724
Epoch: 277 - Loss: 61.52903055519792
Epoch: 278 - Loss: 61.49831488830368
Epoch: 279 - Loss: 61.484264897829426
Epoch: 280 - Loss: 61.468008692871514
Epoch: 281 - Loss: 61.46548225881288
Epoch: 282 - Loss: 61.42970112097655
Epoch: 283 - Loss: 61.416145897408214
Epoch: 284 - Loss: 61.39339032619903
Epoch: 285 - Loss: 61.37590715585637
Epoch: 286 - Loss: 61.34858183079283
Epoch: 287 - Loss: 61.327224362343934
Epoch: 288 - Loss: 61.30154894923007
Epoch: 289 - Loss: 61.27879300988877
Epoch: 290 - Loss: 61.25470744704895
Epoch: 291 - Loss: 61.23010474123643
Epoch: 292 - Loss: 61.194558308370794
Epoch: 293 - Loss: 61.16920524739657
Epoch: 294 - Loss: 61.13443461075384
Epoch: 295 - Loss: 61.10505071014928
Epoch: 296 - Loss: 61.06245057615533
Epoch: 297 - Loss: 61.021160840632376
Epoch: 298 - Loss: 60.99886004781372
Epoch: 299 - Loss: 60.944800283419134
Epoch: 300 - Loss: 60.92034772202129
Epoch: 1 - Loss: 197.608067634353
Epoch: 2 - Loss: 197.241491506811
Epoch: 3 - Loss: 196.87559789136756
Epoch: 4 - Loss: 196.51275373478157
Epoch: 5 - Loss: 196.15689799620907
Epoch: 6 - Loss: 195.8144066490603
Epoch: 7 - Loss: 195.49568701468908
Epoch: 8 - Loss: 195.2165695101382
Epoch: 9 - Loss: 194.99733219595237
Epoch: 10 - Loss: 194.85109226902273
Epoch: 11 - Loss: 194.75874731400822
Epoch: 12 - Loss: 194.68141248343954
Epoch: 13 - Loss: 194.5862834375597
Epoch: 14 - Loss: 194.45477424727497
Epoch: 15 - Loss: 194.2914830377608
Epoch: 16 - Loss: 194.11522113459884
Epoch: 17 - Loss: 193.93958643443472
Epoch: 18 - Loss: 193.77744494715796
Epoch: 19 - Loss: 193.63264442192616
Epoch: 20 - Loss: 193.502238501635
Epoch: 21 - Loss: 193.38138653071334
Epoch: 22 - Loss: 193.26543708291678
Epoch: 23 - Loss: 193.15062495468945
Epoch: 24 - Loss: 193.03492164330282
Epoch: 25 - Loss: 192.91755585205436
Epoch: 26 - Loss: 192.79881253112717
Epoch: 27 - Loss: 192.6796788465052
Epoch: 28 - Loss: 192.5614119773689
Epoch: 29 - Loss: 192.44525610326113
Epoch: 30 - Loss: 192.33209586307248
Epoch: 31 - Loss: 192.22253794325684
Epoch: 32 - Loss: 192.11713442926725
Epoch: 33 - Loss: 192.01631733843436
Epoch: 34 - Loss: 191.9202039543661
Epoch: 35 - Loss: 191.82838170360347
Epoch: 36 - Loss: 191.739723134497
Epoch: 37 - Loss: 191.65308240723766
Epoch: 38 - Loss: 191.56699605791167
Epoch: 39 - Loss: 191.4818821148954
Epoch: 40 - Loss: 191.39760284926726
Epoch: 41 - Loss: 191.31272907140686
Epoch: 42 - Loss: 191.2230819655385
Epoch: 43 - Loss: 191.13365705330278
Epoch: 44 - Loss: 191.04402842116062
Epoch: 45 - Loss: 190.953572797525
Epoch: 46 - Loss: 190.86182772669594
Epoch: 47 - Loss: 190.76852348534794
Epoch: 48 - Loss: 190.67366123021446
Epoch: 49 - Loss: 190.57709180219675
Epoch: 50 - Loss: 190.47920998013643
Epoch: 51 - Loss: 190.3803744718542
Epoch: 52 - Loss: 190.2808480152042
Epoch: 53 - Loss: 190.1810589572256
Epoch: 54 - Loss: 190.08093113022267
Epoch: 55 - Loss: 189.98030011785974
Epoch: 56 - Loss: 189.87910637245835
Epoch: 57 - Loss: 189.77632480303672
Epoch: 58 - Loss: 189.67250376020985
Epoch: 59 - Loss: 189.56674752635774
Epoch: 60 - Loss: 189.45912321773054
Epoch: 61 - Loss: 189.34950038980918
Epoch: 62 - Loss: 189.23775059229462
Epoch: 63 - Loss: 189.12368865827904
Epoch: 64 - Loss: 189.00726018231708
Epoch: 65 - Loss: 188.88815058890808
Epoch: 66 - Loss: 188.76613200189857
Epoch: 67 - Loss: 188.64089171388764
Epoch: 68 - Loss: 188.51225925370548
Epoch: 69 - Loss: 188.37997288322202
Epoch: 70 - Loss: 188.24377888908003
Epoch: 71 - Loss: 188.1034419770167
Epoch: 72 - Loss: 187.9586929840383
Epoch: 73 - Loss: 187.8092759554935
Epoch: 74 - Loss: 187.65489138102663
Epoch: 75 - Loss: 187.4952217702944
Epoch: 76 - Loss: 187.32995442372817
Epoch: 77 - Loss: 187.15871489450456
Epoch: 78 - Loss: 186.98108102359305
Epoch: 79 - Loss: 186.79662388127434
Epoch: 80 - Loss: 186.60483110660408
Epoch: 81 - Loss: 186.40516425385616
Epoch: 82 - Loss: 186.19702438017734
Epoch: 83 - Loss: 185.97966145716612
Epoch: 84 - Loss: 185.75226551758186
Epoch: 85 - Loss: 185.51389018221715
Epoch: 86 - Loss: 185.2634376672521
Epoch: 87 - Loss: 184.99984175775577
Epoch: 88 - Loss: 184.72229269615616
Epoch: 89 - Loss: 184.43113052986695
Epoch: 90 - Loss: 184.1300418834543
Epoch: 91 - Loss: 183.8325195898296
Epoch: 92 - Loss: 183.58128551669617
Epoch: 93 - Loss: 183.49800403500205
Epoch: 94 - Loss: 183.51936444430785
Epoch: 95 - Loss: 183.29085220339988
Epoch: 96 - Loss: 183.0154468516876
Epoch: 97 - Loss: 182.80383800153896
Epoch: 98 - Loss: 182.6479680566969
Epoch: 99 - Loss: 182.51129752104376
Epoch: 100 - Loss: 182.35330060004176
Epoch: 101 - Loss: 182.0917331293764
Epoch: 102 - Loss: 181.42016225652907
Epoch: 103 - Loss: 179.77504475487356
Epoch: 104 - Loss: 178.14607740466124
Epoch: 105 - Loss: 177.2725783255662
Epoch: 106 - Loss: 177.91423125883725
Epoch: 107 - Loss: 178.21530659514252
Epoch: 108 - Loss: 177.63270306405613
Epoch: 109 - Loss: 176.35837301458514
Epoch: 110 - Loss: 176.19340119317405
Epoch: 111 - Loss: 174.80235630100202
Epoch: 112 - Loss: 175.57989750263638
Epoch: 113 - Loss: 176.09906893276164
Epoch: 114 - Loss: 176.07212397261048
Epoch: 115 - Loss: 175.88305825100673
Epoch: 116 - Loss: 175.56226965287775
Epoch: 117 - Loss: 175.1267701627376
Epoch: 118 - Loss: 174.5770411871981
Epoch: 119 - Loss: 173.9027311314972
Epoch: 120 - Loss: 173.09281983558276
Epoch: 121 - Loss: 172.14907583590298
Epoch: 122 - Loss: 171.13134697742518
Epoch: 123 - Loss: 170.3096674154957
Epoch: 124 - Loss: 169.45678393734565
Epoch: 125 - Loss: 169.4346750902619
Epoch: 126 - Loss: 169.92112774957604
Epoch: 127 - Loss: 170.13461433468066
Epoch: 128 - Loss: 169.75266536216486
Epoch: 129 - Loss: 169.07452781197162
Epoch: 130 - Loss: 168.5189129615065
Epoch: 131 - Loss: 168.266928970392
Epoch: 132 - Loss: 168.25179900605357
Epoch: 133 - Loss: 168.30568105716938
Epoch: 134 - Loss: 168.28559128337267
Epoch: 135 - Loss: 168.13184298795878
Epoch: 136 - Loss: 167.86448653233077
Epoch: 137 - Loss: 167.55017868965027
Epoch: 138 - Loss: 167.26399908587754
Epoch: 139 - Loss: 167.05556499242869
Epoch: 140 - Loss: 166.93001384293882
Epoch: 141 - Loss: 166.85311239675858
Epoch: 142 - Loss: 166.7787552330891
Epoch: 143 - Loss: 166.67553239340234
Epoch: 144 - Loss: 166.5415519454486
Epoch: 145 - Loss: 166.39377004547939
Epoch: 146 - Loss: 166.257172277507
Epoch: 147 - Loss: 166.14668993579508
Epoch: 148 - Loss: 166.05785645617468
Epoch: 149 - Loss: 165.9723637394286
Epoch: 150 - Loss: 165.87074613018996
Epoch: 151 - Loss: 165.74326266529326
Epoch: 152 - Loss: 165.59128896027647
Epoch: 153 - Loss: 165.42223814019772
Epoch: 154 - Loss: 165.2423149155311
Epoch: 155 - Loss: 165.05009513591753
Epoch: 156 - Loss: 164.83529417115744
Epoch: 157 - Loss: 164.5824482037098
Epoch: 158 - Loss: 164.28014565096925
Epoch: 159 - Loss: 163.93092354289024
Epoch: 160 - Loss: 163.5534140285804
Epoch: 161 - Loss: 163.16308424598645
Epoch: 162 - Loss: 162.7346900379424
Epoch: 163 - Loss: 162.23758073795094
Epoch: 164 - Loss: 161.71700565911956
Epoch: 165 - Loss: 161.18135807162744
Epoch: 166 - Loss: 160.53584741779048
Epoch: 167 - Loss: 159.82339720738815
Epoch: 168 - Loss: 159.08952266713956
Epoch: 169 - Loss: 158.2280753718947
Epoch: 170 - Loss: 157.34066630514045
Epoch: 171 - Loss: 156.42100644570263
Epoch: 172 - Loss: 155.34736508356553
Epoch: 173 - Loss: 154.20668991279533
Epoch: 174 - Loss: 152.93836216943626
Epoch: 175 - Loss: 138.19119674904653
Epoch: 176 - Loss: 131.8724599128159
Epoch: 177 - Loss: 132.59070122686427
Epoch: 178 - Loss: 133.9609341040853
Epoch: 179 - Loss: 134.96622023348507
Epoch: 180 - Loss: 135.66668658075315
Epoch: 181 - Loss: 136.15216444536657
Epoch: 182 - Loss: 136.4864741490012
Epoch: 183 - Loss: 136.71206454663874
Epoch: 184 - Loss: 136.85468746713312
Epoch: 185 - Loss: 136.9330318386077
Epoch: 186 - Loss: 136.9592571873801
Epoch: 187 - Loss: 136.94188850143578
Epoch: 188 - Loss: 136.89371495546803
Epoch: 189 - Loss: 136.91418334229704
Epoch: 190 - Loss: 136.03313620914534
Epoch: 191 - Loss: 123.1121185586186
Epoch: 192 - Loss: 97.37478769716655
Epoch: 193 - Loss: 94.56516309347602
Epoch: 194 - Loss: 93.92175382254273
Epoch: 195 - Loss: 93.61397008537539
Epoch: 196 - Loss: 93.39480922802034
Epoch: 197 - Loss: 93.20099597115217
Epoch: 198 - Loss: 93.00880215917961
Epoch: 199 - Loss: 92.8066544911
Epoch: 200 - Loss: 92.58738653776433
Epoch: 201 - Loss: 92.34552185709914
Epoch: 202 - Loss: 92.07603091059917
Epoch: 203 - Loss: 91.77322376672613
Epoch: 204 - Loss: 91.43086879894332
Epoch: 205 - Loss: 91.04012880250191
Epoch: 206 - Loss: 90.58946063157927
Epoch: 207 - Loss: 90.06359469608068
Epoch: 208 - Loss: 89.44262277526335
Epoch: 209 - Loss: 88.70068723474827
Epoch: 210 - Loss: 87.81151158369225
Epoch: 211 - Loss: 86.77141572232502
Epoch: 212 - Loss: 85.71800076109639
Epoch: 213 - Loss: 85.43407019775276
Epoch: 214 - Loss: 87.79356346493152
Epoch: 215 - Loss: 86.50824900696095
Epoch: 216 - Loss: 85.20435130428037
Epoch: 217 - Loss: 85.3706536969366
Epoch: 218 - Loss: 85.80563114929689
Epoch: 219 - Loss: 86.12654715595939
Epoch: 220 - Loss: 86.26177396457129
Epoch: 221 - Loss: 86.21160307998568
Epoch: 222 - Loss: 85.9906934214668
Epoch: 223 - Loss: 85.6238274916368
Epoch: 224 - Loss: 85.16950274913243
Epoch: 225 - Loss: 84.78035471315413
Epoch: 226 - Loss: 84.76865043889177
Epoch: 227 - Loss: 85.24237448883254
Epoch: 228 - Loss: 85.18503422191593
Epoch: 229 - Loss: 84.6450934881877
Epoch: 230 - Loss: 84.49808963972161
Epoch: 231 - Loss: 84.61452996428393
Epoch: 232 - Loss: 84.73487372515895
Epoch: 233 - Loss: 84.74886339427984
Epoch: 234 - Loss: 84.6389997331923
Epoch: 235 - Loss: 84.44266801478443
Epoch: 236 - Loss: 84.251657775164
Epoch: 237 - Loss: 84.20005642968097
Epoch: 238 - Loss: 84.31850549091219
Epoch: 239 - Loss: 84.34115897746084
Epoch: 240 - Loss: 84.1603300783686
Epoch: 241 - Loss: 84.04185569398567
Epoch: 242 - Loss: 84.05365701585679
Epoch: 243 - Loss: 84.0951008365054
Epoch: 244 - Loss: 84.0894278967537
Epoch: 245 - Loss: 84.02199557490516
Epoch: 246 - Loss: 83.9284156246558
Epoch: 247 - Loss: 83.87225146891143
Epoch: 248 - Loss: 83.88756287432842
Epoch: 249 - Loss: 83.90912030316657
Epoch: 250 - Loss: 83.8584762955343
Epoch: 251 - Loss: 83.7881368948381
Epoch: 252 - Loss: 83.7646841489481
Epoch: 253 - Loss: 83.77215684840729
Epoch: 254 - Loss: 83.76888639038987
Epoch: 255 - Loss: 83.73772516997573
Epoch: 256 - Loss: 83.69270555547013
Epoch: 257 - Loss: 83.66277978277371
Epoch: 258 - Loss: 83.6594513933145
Epoch: 259 - Loss: 83.65673251976199
Epoch: 260 - Loss: 83.62943030260068
Epoch: 261 - Loss: 83.59461744775719
Epoch: 262 - Loss: 83.57623015336402
Epoch: 263 - Loss: 83.56975880468104
Epoch: 264 - Loss: 83.55849514227324
Epoch: 265 - Loss: 83.53580462912336
Epoch: 266 - Loss: 83.50945904161979
Epoch: 267 - Loss: 83.49109843807118
Epoch: 268 - Loss: 83.48124479281789
Epoch: 269 - Loss: 83.46823085464733
Epoch: 270 - Loss: 83.44660221268492
Epoch: 271 - Loss: 83.42463636272787
Epoch: 272 - Loss: 83.40913237790951
Epoch: 273 - Loss: 83.39665668223081
Epoch: 274 - Loss: 83.38093724988045
Epoch: 275 - Loss: 83.36106754671978
Epoch: 276 - Loss: 83.34146319265544
Epoch: 277 - Loss: 83.32562195409533
Epoch: 278 - Loss: 83.31142305296125
Epoch: 279 - Loss: 83.29459883317966
Epoch: 280 - Loss: 83.27532906199426
Epoch: 281 - Loss: 83.25717643176954
Epoch: 282 - Loss: 83.24129082683281
Epoch: 283 - Loss: 83.2254540155982
Epoch: 284 - Loss: 83.20782723105356
Epoch: 285 - Loss: 83.18917382128296
Epoch: 286 - Loss: 83.17140800220874
Epoch: 287 - Loss: 83.15485724084847
Epoch: 288 - Loss: 83.13798801342547
Epoch: 289 - Loss: 83.11984640684607
Epoch: 290 - Loss: 83.10135299390693
Epoch: 291 - Loss: 83.08367106299247
Epoch: 292 - Loss: 83.06641050676912
Epoch: 293 - Loss: 83.04861987488715
Epoch: 294 - Loss: 83.03009799596106
Epoch: 295 - Loss: 83.01152830760779
Epoch: 296 - Loss: 82.99340260571938
Epoch: 297 - Loss: 82.97532522739016
Epoch: 298 - Loss: 82.95672675343
Epoch: 299 - Loss: 82.93767637887031
Epoch: 300 - Loss: 82.91865690623816
Epoch: 1 - Loss: 192.98608963011026
Epoch: 2 - Loss: 189.2259865923188
Epoch: 3 - Loss: 186.34387155937338
Epoch: 4 - Loss: 177.0689991212739
Epoch: 5 - Loss: 171.04004463560887
Epoch: 6 - Loss: 171.85967337026298
Epoch: 7 - Loss: 173.80370742907388
Epoch: 8 - Loss: 179.7810931343785
Epoch: 9 - Loss: 171.8554114785422
Epoch: 10 - Loss: 168.98956883827594
Epoch: 11 - Loss: 165.80050172074576
Epoch: 12 - Loss: 162.18177265527328
Epoch: 13 - Loss: 158.20658978896262
Epoch: 14 - Loss: 163.68617178578074
Epoch: 15 - Loss: 152.79892529517173
Epoch: 16 - Loss: 111.87933117551633
Epoch: 17 - Loss: 107.5560036127985
Epoch: 18 - Loss: 105.83138307907052
Epoch: 19 - Loss: 100.90673157563535
Epoch: 20 - Loss: 94.48029362419963
Epoch: 21 - Loss: 82.36984386438941
Epoch: 22 - Loss: 79.18183933117795
Epoch: 23 - Loss: 81.5634976353832
Epoch: 24 - Loss: 82.25753407043867
Epoch: 25 - Loss: 83.55261028554004
Epoch: 26 - Loss: 83.41681261139584
Epoch: 27 - Loss: 83.21563220397546
Epoch: 28 - Loss: 82.95806109200623
Epoch: 29 - Loss: 82.63439702138162
Epoch: 30 - Loss: 82.25383698603014
Epoch: 31 - Loss: 81.11294709056193
Epoch: 32 - Loss: 90.37576276575359
Epoch: 33 - Loss: 91.89195479629466
Epoch: 34 - Loss: 92.07179591882881
Epoch: 35 - Loss: 91.4580073577305
Epoch: 36 - Loss: 79.7925289620518
Epoch: 37 - Loss: 86.08934712924582
Epoch: 38 - Loss: 90.22971766903123
Epoch: 39 - Loss: 92.888298292983
Epoch: 40 - Loss: 93.33888710841443
Epoch: 41 - Loss: 91.58587989192448
Epoch: 42 - Loss: 130.3933408038876
Epoch: 43 - Loss: 131.0174732922634
Epoch: 44 - Loss: 128.00410137950436
Epoch: 45 - Loss: 87.78041126998265
Epoch: 46 - Loss: 86.67143437964027
Epoch: 47 - Loss: 91.10886783665232
Epoch: 48 - Loss: 86.46196005556087
Epoch: 49 - Loss: 79.14470513410488
Epoch: 50 - Loss: 98.2035195475981
Epoch: 51 - Loss: 91.63858982203392
Epoch: 52 - Loss: 73.51008927055364
Epoch: 53 - Loss: 127.56675830550988
Epoch: 54 - Loss: 132.0000231407486
Epoch: 55 - Loss: 132.76204109672997
Epoch: 56 - Loss: 131.4494665778135
Epoch: 57 - Loss: 126.94716423345409
Epoch: 58 - Loss: 93.42865648794854
Epoch: 59 - Loss: 92.52645647974428
Epoch: 60 - Loss: 92.07851903097252
Epoch: 61 - Loss: 91.27530307623921
Epoch: 62 - Loss: 89.72398257968953
Epoch: 63 - Loss: 87.30717967089318
Epoch: 64 - Loss: 83.20307937917828
Epoch: 65 - Loss: 76.05840510986056
Epoch: 66 - Loss: 75.10891450671386
Epoch: 67 - Loss: 77.17533815398966
Epoch: 68 - Loss: 77.04588185118142
Epoch: 69 - Loss: 75.80840136144546
Epoch: 70 - Loss: 73.520657229972
Epoch: 71 - Loss: 72.31931875577791
Epoch: 72 - Loss: 76.28108197002877
Epoch: 73 - Loss: 71.48975298115646
Epoch: 74 - Loss: 72.95200174189056
Epoch: 75 - Loss: 73.1380793945155
Epoch: 76 - Loss: 72.26556095793214
Epoch: 77 - Loss: 70.38793988395729
Epoch: 78 - Loss: 67.88506949411226
Epoch: 79 - Loss: 69.00543208892083
Epoch: 80 - Loss: 70.98891406358419
Epoch: 81 - Loss: 66.99618566154767
Epoch: 82 - Loss: 68.67477817715816
Epoch: 83 - Loss: 67.84702369784107
Epoch: 84 - Loss: 65.26739433440449
Epoch: 85 - Loss: 54.028874871385995
NON-FINITE LOSS: retcode=Unstable npoints=6 expected=6
NON-FINITE LOSS: retcode=Unstable npoints=5 expected=6
Epoch: 86 - Loss: 1.0e6
NON-FINITE LOSS: retcode=Unstable npoints=6 expected=6
NON-FINITE LOSS: retcode=Unstable npoints=5 expected=6
Epoch: 87 - Loss: 1.0e6
NON-FINITE LOSS: retcode=Unstable npoints=6 expected=6
NON-FINITE LOSS: retcode=Unstable npoints=5 expected=6
Epoch: 88 - Loss: 1.0e6
NON-FINITE LOSS: retcode=Unstable npoints=6 expected=6
NON-FINITE LOSS: retcode=Unstable npoints=5 expected=6
Epoch: 89 - Loss: 1.0e6
NON-FINITE LOSS: retcode=Unstable npoints=6 expected=6
NON-FINITE LOSS: retcode=Unstable npoints=5 expected=6
Epoch: 90 - Loss: 1.0e6
NON-FINITE LOSS: retcode=Unstable npoints=6 expected=6
NON-FINITE LOSS: retcode=Unstable npoints=5 expected=6
Epoch: 91 - Loss: 1.0e6
Epoch: 1 - Loss: 191.881566496089
Epoch: 2 - Loss: 191.09097212148515
Epoch: 3 - Loss: 190.44296303575595
Epoch: 4 - Loss: 189.90759005083348
Epoch: 5 - Loss: 189.45900382346588
Epoch: 6 - Loss: 189.0765766339556
Epoch: 7 - Loss: 188.7442809054297
Epoch: 8 - Loss: 188.44980510280402
Epoch: 9 - Loss: 188.18367062034696
Epoch: 10 - Loss: 187.93878049815368
Epoch: 11 - Loss: 187.70964093174737
Epoch: 12 - Loss: 187.49215255116954
Epoch: 13 - Loss: 187.2831247225633
Epoch: 14 - Loss: 187.0601947437921
Epoch: 15 - Loss: 186.84002144836367
Epoch: 16 - Loss: 186.6216126717162
Epoch: 17 - Loss: 186.40414437122737
Epoch: 18 - Loss: 186.18716214936396
Epoch: 19 - Loss: 185.9703558033972
Epoch: 20 - Loss: 185.75348658495724
Epoch: 21 - Loss: 185.53651684072364
Epoch: 22 - Loss: 185.31947117193917
Epoch: 23 - Loss: 185.10233984564573
Epoch: 24 - Loss: 184.8852206100543
Epoch: 25 - Loss: 184.6681922235345
Epoch: 26 - Loss: 184.45139070512695
Epoch: 27 - Loss: 184.23483510429057
Epoch: 28 - Loss: 184.01858850217957
Epoch: 29 - Loss: 183.80268220586933
Epoch: 30 - Loss: 183.58710287597137
Epoch: 31 - Loss: 183.37182525073774
Epoch: 32 - Loss: 183.15671649050415
Epoch: 33 - Loss: 182.94163445786396
Epoch: 34 - Loss: 182.72639928510102
Epoch: 35 - Loss: 182.51074109147655
Epoch: 36 - Loss: 182.29437207873625
Epoch: 37 - Loss: 182.0769599343105
Epoch: 38 - Loss: 181.85808926901143
Epoch: 39 - Loss: 181.63733853720626
Epoch: 40 - Loss: 181.41424461554368
Epoch: 41 - Loss: 181.18834139871643
Epoch: 42 - Loss: 180.95915922969323
Epoch: 43 - Loss: 180.72620252490475
Epoch: 44 - Loss: 180.48897545290208
Epoch: 45 - Loss: 180.24705178356123
Epoch: 46 - Loss: 180.00002983131057
Epoch: 47 - Loss: 179.7474772429658
Epoch: 48 - Loss: 179.48911502689728
Epoch: 49 - Loss: 179.2246750594197
Epoch: 50 - Loss: 178.95391290711294
Epoch: 51 - Loss: 178.67675210962548
Epoch: 52 - Loss: 178.3930667804057
Epoch: 53 - Loss: 178.10290117687214
Epoch: 54 - Loss: 177.80630442651184
Epoch: 55 - Loss: 177.5034033874581
Epoch: 56 - Loss: 177.19430829531566
Epoch: 57 - Loss: 176.87904417412557
Epoch: 58 - Loss: 176.5575056927499
Epoch: 59 - Loss: 176.22930315936026
Epoch: 60 - Loss: 175.89347318560723
Epoch: 61 - Loss: 175.54828418796367
Epoch: 62 - Loss: 175.19070122084622
Epoch: 63 - Loss: 174.81562669424397
Epoch: 64 - Loss: 174.41462131214286
Epoch: 65 - Loss: 173.97326353179162
Epoch: 66 - Loss: 173.46449478626843
Epoch: 67 - Loss: 172.82781206351152
Epoch: 68 - Loss: 171.8867774639645
Epoch: 69 - Loss: 169.0437571188533
Epoch: 70 - Loss: 160.93477831110113
Epoch: 71 - Loss: 141.41422942377798
Epoch: 72 - Loss: 127.46880540310212
Epoch: 73 - Loss: 126.19800467017375
Epoch: 74 - Loss: 124.16750598850396
Epoch: 75 - Loss: 122.99869276596716
Epoch: 76 - Loss: 122.13283876607781
Epoch: 77 - Loss: 121.422585635474
Epoch: 78 - Loss: 120.83518800090405
Epoch: 79 - Loss: 120.39388976078183
Epoch: 80 - Loss: 120.14446765665214
Epoch: 81 - Loss: 120.09802264920312
Epoch: 82 - Loss: 120.15830492431989
Epoch: 83 - Loss: 120.16497430258791
Epoch: 84 - Loss: 120.0009852462969
Epoch: 85 - Loss: 119.6299463419898
Epoch: 86 - Loss: 119.01384506465533
Epoch: 87 - Loss: 117.9464508863282
Epoch: 88 - Loss: 113.6473933150825
Epoch: 89 - Loss: 116.51557163264505
Epoch: 90 - Loss: 116.74758312724126
Epoch: 91 - Loss: 116.74610333992601
Epoch: 92 - Loss: 116.64812672207874
Epoch: 93 - Loss: 116.5085259649475
Epoch: 94 - Loss: 116.35401095498547
Epoch: 95 - Loss: 116.21655830544618
Epoch: 96 - Loss: 116.11565785873866
Epoch: 97 - Loss: 116.00731260865608
Epoch: 98 - Loss: 115.8008703439715
Epoch: 99 - Loss: 115.4709891056036
Epoch: 100 - Loss: 115.06379484893358
Epoch: 101 - Loss: 114.61496104892025
Epoch: 102 - Loss: 114.10109236282354
Epoch: 103 - Loss: 113.42820938002177
Epoch: 104 - Loss: 112.2545132661578
Epoch: 105 - Loss: 117.06394862701968
Epoch: 106 - Loss: 119.97054135768715
Epoch: 107 - Loss: 120.6743098773275
Epoch: 108 - Loss: 120.78410540234901
Epoch: 109 - Loss: 120.62034282870937
Epoch: 110 - Loss: 120.28559919164091
Epoch: 111 - Loss: 119.83516628777333
Epoch: 112 - Loss: 119.27592966637008
Epoch: 113 - Loss: 118.54548573194337
Epoch: 114 - Loss: 117.54292578882051
Epoch: 115 - Loss: 116.21295792370668
Epoch: 116 - Loss: 114.80842589742595
Epoch: 117 - Loss: 113.83707761142684
Epoch: 118 - Loss: 111.62567853741876
Epoch: 119 - Loss: 110.16186937095837
Epoch: 120 - Loss: 108.52960495394272
Epoch: 121 - Loss: 104.62273742195815
Epoch: 122 - Loss: 91.6250019878053
Epoch: 123 - Loss: 85.39597240231123
Epoch: 124 - Loss: 85.34724450538052
Epoch: 125 - Loss: 85.28610054934416
Epoch: 126 - Loss: 83.46471087560549
Epoch: 127 - Loss: 77.97241322201423
Epoch: 128 - Loss: 82.20217726498011
Epoch: 129 - Loss: 83.27797397400504
Epoch: 130 - Loss: 83.894184684903
Epoch: 131 - Loss: 84.2735665145746
Epoch: 132 - Loss: 84.49459964156948
Epoch: 133 - Loss: 84.59105541192014
Epoch: 134 - Loss: 84.5842878106798
Epoch: 135 - Loss: 84.49126153072586
Epoch: 136 - Loss: 84.33267998466333
Epoch: 137 - Loss: 84.12158392343827
Epoch: 138 - Loss: 83.86661331742002
Epoch: 139 - Loss: 83.62324413505243
Epoch: 140 - Loss: 83.24518326345346
Epoch: 141 - Loss: 82.8386610014635
Epoch: 142 - Loss: 82.37619536855362
Epoch: 143 - Loss: 81.84158206605274
Epoch: 144 - Loss: 81.20112705408665
Epoch: 145 - Loss: 80.42101802985933
Epoch: 146 - Loss: 79.47225698069651
Epoch: 147 - Loss: 78.3320714630564
Epoch: 148 - Loss: 77.07604821679652
Epoch: 149 - Loss: 76.34483004323087
Epoch: 150 - Loss: 77.54084367187662
Epoch: 151 - Loss: 78.92688451516482
Epoch: 152 - Loss: 79.4723868761615
Epoch: 153 - Loss: 78.27629147510682
Epoch: 154 - Loss: 77.34541980948093
Epoch: 155 - Loss: 76.23459334754331
Epoch: 156 - Loss: 76.32020653701628
Epoch: 157 - Loss: 76.74415355866415
Epoch: 158 - Loss: 77.05391226399826
Epoch: 159 - Loss: 77.15835024627233
Epoch: 160 - Loss: 77.05954333547432
Epoch: 161 - Loss: 76.78775489525609
Epoch: 162 - Loss: 76.40094231651975
Epoch: 163 - Loss: 76.03480353725985
Epoch: 164 - Loss: 75.94923182713406
Epoch: 165 - Loss: 76.30355991385042
Epoch: 166 - Loss: 76.40671168538347
Epoch: 167 - Loss: 75.98067721669152
Epoch: 168 - Loss: 75.77100242402922
Epoch: 169 - Loss: 75.82988700252521
Epoch: 170 - Loss: 75.94039564624792
Epoch: 171 - Loss: 75.97474853959307
Epoch: 172 - Loss: 75.90344317363153
Epoch: 173 - Loss: 75.75543137553412
Epoch: 174 - Loss: 75.59165200388132
Epoch: 175 - Loss: 75.50594266068062
Epoch: 176 - Loss: 75.54454074199336
Epoch: 177 - Loss: 75.60075440427251
Epoch: 178 - Loss: 75.5130847393747
Epoch: 179 - Loss: 75.37540534858546
Epoch: 180 - Loss: 75.30517915783506
Epoch: 181 - Loss: 75.30261634893115
Epoch: 182 - Loss: 75.30417488808075
Epoch: 183 - Loss: 75.27037932094125
Epoch: 184 - Loss: 75.19252097841357
Epoch: 185 - Loss: 75.10743438029812
Epoch: 186 - Loss: 75.03694443891226
Epoch: 187 - Loss: 75.0063177758003
Epoch: 188 - Loss: 74.98592292111064
Epoch: 189 - Loss: 74.93492224621892
Epoch: 190 - Loss: 74.85505643524844
Epoch: 191 - Loss: 74.78775872818795
Epoch: 192 - Loss: 74.7390467482413
Epoch: 193 - Loss: 74.70142858570142
Epoch: 194 - Loss: 74.65385018276685
Epoch: 195 - Loss: 74.5912641233793
Epoch: 196 - Loss: 74.51685691793487
Epoch: 197 - Loss: 74.45226666309264
Epoch: 198 - Loss: 74.39987930614913
Epoch: 199 - Loss: 74.35071377651308
Epoch: 200 - Loss: 74.29213925769878
Epoch: 201 - Loss: 74.22280933445973
Epoch: 202 - Loss: 74.15356120328798
Epoch: 203 - Loss: 74.09008810195454
Epoch: 204 - Loss: 74.03435780051092
Epoch: 205 - Loss: 73.9722619865388
Epoch: 206 - Loss: 73.90534900144225
Epoch: 207 - Loss: 73.83557936311189
Epoch: 208 - Loss: 73.76652743663179
Epoch: 209 - Loss: 73.70170959682771
Epoch: 210 - Loss: 73.63769212580173
Epoch: 211 - Loss: 73.57100471106722
Epoch: 212 - Loss: 73.49890947883297
Epoch: 213 - Loss: 73.42815140731017
Epoch: 214 - Loss: 73.35984148824838
Epoch: 215 - Loss: 73.2928254279048
Epoch: 216 - Loss: 73.22572362793163
Epoch: 217 - Loss: 73.15705877129174
Epoch: 218 - Loss: 73.08854873502229
Epoch: 219 - Loss: 73.02226586652726
Epoch: 220 - Loss: 72.95733295831477
Epoch: 221 - Loss: 72.89208857120491
Epoch: 222 - Loss: 72.8235663434925
Epoch: 223 - Loss: 72.75229992674637
Epoch: 224 - Loss: 72.6803516142468
Epoch: 225 - Loss: 72.6103471062593
Epoch: 226 - Loss: 72.53854890118723
Epoch: 227 - Loss: 72.46687103151496
Epoch: 228 - Loss: 72.39401264189974
Epoch: 229 - Loss: 72.32050931408767
Epoch: 230 - Loss: 72.24645877074953
Epoch: 231 - Loss: 72.1729919417639
Epoch: 232 - Loss: 72.09795719620416
Epoch: 233 - Loss: 72.02151237588494
Epoch: 234 - Loss: 71.94260637191056
Epoch: 235 - Loss: 71.86211072892807
Epoch: 236 - Loss: 71.77895759820042
Epoch: 237 - Loss: 71.69796779234679
Epoch: 238 - Loss: 71.61383788619865
Epoch: 239 - Loss: 71.52859675301116
Epoch: 240 - Loss: 71.44287168985393
Epoch: 241 - Loss: 71.36016246515803
Epoch: 242 - Loss: 71.27445580748159
Epoch: 243 - Loss: 71.19050057449999
Epoch: 244 - Loss: 71.10334548221455
Epoch: 245 - Loss: 71.01640271099089
Epoch: 246 - Loss: 70.93218983273285
Epoch: 247 - Loss: 70.84643713053889
Epoch: 248 - Loss: 70.76171447132467
Epoch: 249 - Loss: 70.67801624835108
Epoch: 250 - Loss: 70.59375408040502
Epoch: 251 - Loss: 70.51125689260854
Epoch: 252 - Loss: 70.42729921469962
Epoch: 253 - Loss: 70.34362122015227
Epoch: 254 - Loss: 70.26408324717991
Epoch: 255 - Loss: 70.19356452458337
Epoch: 256 - Loss: 70.1284296547531
Epoch: 257 - Loss: 70.06507245401815
Epoch: 258 - Loss: 70.00388037441097
Epoch: 259 - Loss: 69.9408949353874
Epoch: 260 - Loss: 69.88182929390761
Epoch: 261 - Loss: 69.82157058711395
Epoch: 262 - Loss: 69.76269018989089
Epoch: 263 - Loss: 69.70255192822444
Epoch: 264 - Loss: 69.64399252437744
Epoch: 265 - Loss: 69.58294213445777
Epoch: 266 - Loss: 69.52305565103187
Epoch: 267 - Loss: 69.46134122541645
Epoch: 268 - Loss: 69.398395928536
Epoch: 269 - Loss: 69.33185529316464
Epoch: 270 - Loss: 69.26501947519992
Epoch: 271 - Loss: 69.18977213841428
Epoch: 272 - Loss: 69.11750390169453
Epoch: 273 - Loss: 69.03635430177069
Epoch: 274 - Loss: 68.94634537689399
Epoch: 275 - Loss: 68.84303208600592
Epoch: 276 - Loss: 68.73086141168035
Epoch: 277 - Loss: 68.59731674398361
Epoch: 278 - Loss: 68.44103248800954
Epoch: 279 - Loss: 68.2501272145555
Epoch: 280 - Loss: 67.97119626815942
Epoch: 281 - Loss: 66.97851960094323
Epoch: 282 - Loss: 63.35997830768953
Epoch: 283 - Loss: 68.19160182260575
Epoch: 284 - Loss: 71.49379115100847
Too slow optimization
Epoch: 1 - Loss: 191.54729678437374
Epoch: 2 - Loss: 191.01228680387848
Epoch: 3 - Loss: 190.70328663891843
Epoch: 4 - Loss: 190.42614392316779
Epoch: 5 - Loss: 190.16116555397141
Epoch: 6 - Loss: 189.90555599293268
Epoch: 7 - Loss: 189.65778735321743
Epoch: 8 - Loss: 189.4147226095037
Epoch: 9 - Loss: 189.1711701460024
Epoch: 10 - Loss: 188.92180572945068
Epoch: 11 - Loss: 188.66344255739813
Epoch: 12 - Loss: 188.3937309102765
Epoch: 13 - Loss: 188.11127448850254
Epoch: 14 - Loss: 187.81335367569136
Epoch: 15 - Loss: 187.49679655319414
Epoch: 16 - Loss: 187.15888460971254
Epoch: 17 - Loss: 186.79489415964804
Epoch: 18 - Loss: 186.40126757417357
Epoch: 19 - Loss: 185.9675058317439
Epoch: 20 - Loss: 185.49125434795815
Epoch: 21 - Loss: 184.9733949469568
Epoch: 22 - Loss: 184.40109584061662
Epoch: 23 - Loss: 178.2550580923432
Epoch: 24 - Loss: 177.2399192411822
Epoch: 25 - Loss: 175.7866177808879
Epoch: 26 - Loss: 175.06748786422753
Epoch: 27 - Loss: 174.47248925551668
Epoch: 28 - Loss: 172.85951626336785
Epoch: 29 - Loss: 171.79632299413
Epoch: 30 - Loss: 170.27963642204128
Epoch: 31 - Loss: 174.22921051927435
Epoch: 32 - Loss: 174.2348788435891
Epoch: 33 - Loss: 173.7691641543492
Epoch: 34 - Loss: 173.32063941888134
Epoch: 35 - Loss: 172.9405140099991
Epoch: 36 - Loss: 172.62289214647177
Epoch: 37 - Loss: 172.3662404582686
Epoch: 38 - Loss: 172.15915801420107
Epoch: 39 - Loss: 171.9110404747566
Epoch: 40 - Loss: 171.52230336395968
Epoch: 41 - Loss: 171.0071226501833
Epoch: 42 - Loss: 170.45001802676958
Epoch: 43 - Loss: 169.9142102788828
Epoch: 44 - Loss: 169.53792265073017
Epoch: 45 - Loss: 169.1734978635317
Epoch: 46 - Loss: 168.8375407488326
Epoch: 47 - Loss: 168.52840216642116
Epoch: 48 - Loss: 168.24207790619428
Epoch: 49 - Loss: 167.9703356567023
Epoch: 50 - Loss: 167.70183927097654
Epoch: 51 - Loss: 167.4275264210193
Epoch: 52 - Loss: 167.142132021329
Epoch: 53 - Loss: 166.84354085259335
Epoch: 54 - Loss: 166.531686549884
Epoch: 55 - Loss: 166.2083118465766
Epoch: 56 - Loss: 165.87646240566406
Epoch: 57 - Loss: 165.539493985612
Epoch: 58 - Loss: 165.20094579939038
Epoch: 59 - Loss: 164.86422838073406
Epoch: 60 - Loss: 164.5326469867788
Epoch: 61 - Loss: 164.20812406896766
Epoch: 62 - Loss: 163.8916651399897
Epoch: 63 - Loss: 163.58222402001599
Epoch: 64 - Loss: 163.2768015281094
Epoch: 65 - Loss: 162.9726332928196
Epoch: 66 - Loss: 162.66812507022448
Epoch: 67 - Loss: 162.36601491469574
Epoch: 68 - Loss: 162.07141385130777
Epoch: 69 - Loss: 161.7868740962425
Epoch: 70 - Loss: 161.42203208624653
Epoch: 71 - Loss: 160.21655814432225
Epoch: 72 - Loss: 158.39342925976337
Epoch: 73 - Loss: 157.36515566799562
Epoch: 74 - Loss: 158.35428821611507
Epoch: 75 - Loss: 158.1002984629702
Epoch: 76 - Loss: 156.25677114721873
Epoch: 77 - Loss: 155.1351522915012
Epoch: 78 - Loss: 154.60367145719601
Epoch: 79 - Loss: 148.16973978499246
Epoch: 80 - Loss: 137.0769633701777
Epoch: 81 - Loss: 114.57551436096007
Epoch: 82 - Loss: 112.7127020652008
Epoch: 83 - Loss: 110.61496114660142
Epoch: 84 - Loss: 110.05354838277208
Epoch: 85 - Loss: 109.85743025610587
Epoch: 86 - Loss: 109.13400124182235
Epoch: 87 - Loss: 108.4377418712473
Epoch: 88 - Loss: 108.17551123462178
Epoch: 89 - Loss: 108.09716872059504
Epoch: 90 - Loss: 107.90646759356382
Epoch: 91 - Loss: 107.51246886494705
Epoch: 92 - Loss: 107.02004190695669
Epoch: 93 - Loss: 106.65832091480868
Epoch: 94 - Loss: 106.5487606168519
Epoch: 95 - Loss: 106.3498890136153
Epoch: 96 - Loss: 105.96072770758198
Epoch: 97 - Loss: 105.82915801880641
Epoch: 98 - Loss: 105.91754197761848
Epoch: 99 - Loss: 105.88034804001279
Epoch: 100 - Loss: 105.61644130297428
Epoch: 101 - Loss: 105.27952136925097
Epoch: 102 - Loss: 105.0566737062337
Epoch: 103 - Loss: 104.98205977847329
Epoch: 104 - Loss: 104.88935914551888
Epoch: 105 - Loss: 104.7210360933628
Epoch: 106 - Loss: 104.58794615609021
Epoch: 107 - Loss: 104.51825773044519
Epoch: 108 - Loss: 104.43789982896223
Epoch: 109 - Loss: 104.30482393379775
Epoch: 110 - Loss: 104.14931201067367
Epoch: 111 - Loss: 104.0221830363637
Epoch: 112 - Loss: 103.90892703619683
Epoch: 113 - Loss: 103.73446853317353
Epoch: 114 - Loss: 103.49531687627095
Epoch: 115 - Loss: 103.25056902115372
Epoch: 116 - Loss: 103.01346428618365
Epoch: 117 - Loss: 102.75284285494418
Epoch: 118 - Loss: 102.45994976199985
Epoch: 119 - Loss: 102.14597077343097
Epoch: 120 - Loss: 101.80304712013259
Epoch: 121 - Loss: 101.39253614794485
Epoch: 122 - Loss: 100.9022484218296
Epoch: 123 - Loss: 100.43627005893669
Epoch: 124 - Loss: 99.95246282027406
Epoch: 125 - Loss: 99.31533137726584
Epoch: 126 - Loss: 98.70117830546666
Epoch: 127 - Loss: 98.02109851115834
Epoch: 128 - Loss: 97.20638963073661
Epoch: 129 - Loss: 96.39808583371438
Epoch: 130 - Loss: 95.49382213002168
Epoch: 131 - Loss: 94.38586168889141
Epoch: 132 - Loss: 93.74562961749383
Epoch: 133 - Loss: 92.62768587753213
Epoch: 134 - Loss: 91.66352560496331
Epoch: 135 - Loss: 88.72056525343517
Epoch: 136 - Loss: 72.82365115864428
Epoch: 137 - Loss: 69.19490573748789
Epoch: 138 - Loss: 70.88536389496313
Epoch: 139 - Loss: 72.21239059413817
Epoch: 140 - Loss: 73.12031057034082
Epoch: 141 - Loss: 73.74770539305835
Epoch: 142 - Loss: 74.19000066579252
Epoch: 143 - Loss: 74.49598148192004
Epoch: 144 - Loss: 74.71835275403943
Epoch: 145 - Loss: 74.8686355805628
Epoch: 146 - Loss: 74.96811985641126
Epoch: 147 - Loss: 75.01628180392343
Epoch: 148 - Loss: 75.03094432118732
Epoch: 149 - Loss: 75.01685925913189
Epoch: 150 - Loss: 74.977170645263
Epoch: 151 - Loss: 74.9126248127124
Epoch: 152 - Loss: 74.82287760606238
Epoch: 153 - Loss: 74.71422297539475
Epoch: 154 - Loss: 74.58445988448638
Epoch: 155 - Loss: 74.43737285727936
Epoch: 156 - Loss: 74.26213780247235
Epoch: 157 - Loss: 74.06284855358948
Epoch: 158 - Loss: 73.83803870812312
Epoch: 159 - Loss: 73.58185691575878
Epoch: 160 - Loss: 73.28977088611474
Epoch: 161 - Loss: 72.94981244603552
Epoch: 162 - Loss: 72.55714871756497
Epoch: 163 - Loss: 72.09229151778207
Epoch: 164 - Loss: 71.53540668278433
Epoch: 165 - Loss: 70.85177522299547
Epoch: 166 - Loss: 69.99282020317465
Epoch: 167 - Loss: 68.89330307538964
Epoch: 168 - Loss: 67.49517532218442
Epoch: 169 - Loss: 65.98798047857012
Epoch: 170 - Loss: 66.9091590396575
Epoch: 171 - Loss: 69.0659669123461
Epoch: 172 - Loss: 65.59401718666373
Epoch: 173 - Loss: 66.34049697872474
Epoch: 174 - Loss: 67.23429705338934
Epoch: 175 - Loss: 67.7758870310819
Epoch: 176 - Loss: 68.02015167323746
Epoch: 177 - Loss: 68.01316320514256
Epoch: 178 - Loss: 67.74919077724844
Epoch: 179 - Loss: 67.25689316568635
Epoch: 180 - Loss: 66.55152553225733
Epoch: 181 - Loss: 65.70000049758661
Epoch: 182 - Loss: 65.11630905274804
Epoch: 183 - Loss: 66.00346666226056
Epoch: 184 - Loss: 66.3189714896611
Epoch: 185 - Loss: 65.02077384881643
Epoch: 186 - Loss: 65.09711898482554
Epoch: 187 - Loss: 65.49657833323099
Epoch: 188 - Loss: 65.74380690861615
Epoch: 189 - Loss: 65.78704510416055
Too slow optimization
Epoch: 1 - Loss: 197.16187575905744
Epoch: 2 - Loss: 193.8387289758478
Epoch: 3 - Loss: 190.5619855351908
Epoch: 4 - Loss: 187.12821794931048
Epoch: 5 - Loss: 183.5721753881876
Epoch: 6 - Loss: 180.0041608769769
Epoch: 7 - Loss: 173.7260825617085
Epoch: 8 - Loss: 181.1382288384553
Epoch: 9 - Loss: 180.9047183757029
Epoch: 10 - Loss: 172.5188964128385
Epoch: 11 - Loss: 169.36105872216365
Epoch: 12 - Loss: 171.24731756353864
Epoch: 13 - Loss: 171.32328559515122
Epoch: 14 - Loss: 170.58229637553939
Epoch: 15 - Loss: 169.43228290053835
Epoch: 16 - Loss: 167.8632194786939
Epoch: 17 - Loss: 160.6940778746258
Epoch: 18 - Loss: 148.36658947905696
Epoch: 19 - Loss: 129.8147417808604
Epoch: 20 - Loss: 119.78252036623242
Epoch: 21 - Loss: 118.32767432163912
Epoch: 22 - Loss: 113.10364120402595
Epoch: 23 - Loss: 122.59967368349558
Epoch: 24 - Loss: 112.08133564504232
Epoch: 25 - Loss: 109.71099405879555
Epoch: 26 - Loss: 108.85952100211667
Epoch: 27 - Loss: 110.53252224830264
Epoch: 28 - Loss: 107.73303240768492
Epoch: 29 - Loss: 106.73606137106184
Epoch: 30 - Loss: 98.20582469020545
Epoch: 31 - Loss: 84.83813445549117
Epoch: 32 - Loss: 83.37724893532743
Epoch: 33 - Loss: 84.35022331282447
Epoch: 34 - Loss: 86.14600383506117
Epoch: 35 - Loss: 84.5388312109049
Epoch: 36 - Loss: 84.57321360191901
Epoch: 37 - Loss: 84.47618124624738
Epoch: 38 - Loss: 83.98694797788123
Epoch: 39 - Loss: 83.0264227698176
Epoch: 40 - Loss: 81.95806661336997
Epoch: 41 - Loss: 81.25107432328275
Epoch: 42 - Loss: 80.38350167488524
Epoch: 43 - Loss: 78.84189880283202
Epoch: 44 - Loss: 77.95976770201023
Epoch: 45 - Loss: 83.45492063944577
Epoch: 46 - Loss: 77.7555699155498
Epoch: 47 - Loss: 79.79904888372666
Epoch: 48 - Loss: 79.06995454756395
Epoch: 49 - Loss: 78.90198614745415
Epoch: 50 - Loss: 79.45601022874541
Epoch: 51 - Loss: 79.78678358416083
Epoch: 52 - Loss: 79.70088690301225
Epoch: 53 - Loss: 78.85351212246896
Epoch: 54 - Loss: 77.52727679308735
Epoch: 55 - Loss: 75.92420277928059
Epoch: 56 - Loss: 73.33246171949854
Epoch: 57 - Loss: 69.92100845714639
Epoch: 58 - Loss: 69.15574169725616
Epoch: 59 - Loss: 71.94008396753127
Epoch: 60 - Loss: 67.68754462603005
Epoch: 61 - Loss: 62.882282002454986
Epoch: 62 - Loss: 63.046207000638034
Epoch: 63 - Loss: 62.26805852135078
Epoch: 64 - Loss: 61.14230764982613
Epoch: 65 - Loss: 58.4452549117048
Epoch: 66 - Loss: 54.819119809923826
Epoch: 67 - Loss: 52.37853507757066
Epoch: 68 - Loss: 53.339072656351334
Epoch: 69 - Loss: 52.85433796991324
Epoch: 70 - Loss: 53.163541975296816
Epoch: 71 - Loss: 52.2462012724526
Epoch: 72 - Loss: 49.977341635006155
Epoch: 73 - Loss: 51.979499818439564
Epoch: 74 - Loss: 49.23536346651846
Epoch: 75 - Loss: 50.29507042907681
Epoch: 76 - Loss: 50.83863678587105
Epoch: 77 - Loss: 50.30044606874104
Epoch: 78 - Loss: 49.24937169167585
Epoch: 79 - Loss: 48.54438077179158
Epoch: 80 - Loss: 51.73907427063361
Epoch: 81 - Loss: 48.82706690980234
Epoch: 82 - Loss: 50.83147051812491
Epoch: 83 - Loss: 52.017775354545776
Epoch: 84 - Loss: 52.42552307484233
Epoch: 85 - Loss: 52.337749028999674
Epoch: 86 - Loss: 52.200413104575226
Epoch: 87 - Loss: 52.15097825359376
Epoch: 88 - Loss: 52.0509156436793
Epoch: 89 - Loss: 51.91577723298954
Epoch: 90 - Loss: 51.679202224732975
Epoch: 91 - Loss: 51.20743491012748
Epoch: 92 - Loss: 50.44073102808472
Epoch: 93 - Loss: 49.48871446920649
Epoch: 94 - Loss: 48.4178216605878
Epoch: 95 - Loss: 47.335109430921946
Epoch: 96 - Loss: 47.44228865785917
Epoch: 97 - Loss: 48.71814645523252
Epoch: 98 - Loss: 46.20890845537368
Epoch: 99 - Loss: 46.7094408625395
Epoch: 100 - Loss: 47.203720584134906
Epoch: 101 - Loss: 47.14244599252118
Epoch: 102 - Loss: 46.40932182991809
Epoch: 103 - Loss: 45.16879038745166
Epoch: 104 - Loss: 45.00075885111547
Epoch: 105 - Loss: 45.41442918168468
Epoch: 106 - Loss: 45.308026879998835
Epoch: 107 - Loss: 45.0064914914402
Epoch: 108 - Loss: 44.93899982365438
Epoch: 109 - Loss: 45.67409068595
Epoch: 110 - Loss: 45.76749560984164
Epoch: 111 - Loss: 45.20992535941992
Epoch: 112 - Loss: 44.40229419019685
Epoch: 113 - Loss: 44.63878737282674
Epoch: 114 - Loss: 45.268465990783255
Epoch: 115 - Loss: 44.567805452166844
Epoch: 116 - Loss: 43.926949952599244
Epoch: 117 - Loss: 44.23091762093129
Epoch: 118 - Loss: 44.440001065812105
Epoch: 119 - Loss: 44.06236965088289
Epoch: 120 - Loss: 43.50584038968672
Epoch: 121 - Loss: 43.87311794921654
Epoch: 122 - Loss: 43.46269115867136
Epoch: 123 - Loss: 43.31525856226913
Epoch: 124 - Loss: 43.483816301178265
Epoch: 125 - Loss: 43.430103650228304
Epoch: 126 - Loss: 43.18733452684628
Epoch: 127 - Loss: 43.10418264276187
Epoch: 128 - Loss: 43.223333886936494
Epoch: 129 - Loss: 42.94357263710621
Epoch: 130 - Loss: 42.87886320664114
Epoch: 131 - Loss: 42.90179625886359
Epoch: 132 - Loss: 42.77582942290006
Epoch: 133 - Loss: 42.59413322575676
Epoch: 134 - Loss: 42.59718700172202
Epoch: 135 - Loss: 42.512520639400684
Epoch: 136 - Loss: 42.351855698641444
Epoch: 137 - Loss: 42.340552743734115
Epoch: 138 - Loss: 42.27173957823553
Epoch: 139 - Loss: 42.13580130606512
Epoch: 140 - Loss: 42.09953339354828
Epoch: 141 - Loss: 42.04910457156259
Epoch: 142 - Loss: 41.92677430369498
Epoch: 143 - Loss: 41.89114602866607
Epoch: 144 - Loss: 41.821036711950384
Epoch: 145 - Loss: 41.70720327300367
Epoch: 146 - Loss: 41.65615554146414
Epoch: 147 - Loss: 41.580345427637575
Epoch: 148 - Loss: 41.48160306015389
Epoch: 149 - Loss: 41.4301380314783
Epoch: 150 - Loss: 41.34640857407921
Epoch: 151 - Loss: 41.2543993828602
Epoch: 152 - Loss: 41.19848304446337
Epoch: 153 - Loss: 41.110485526161035
Epoch: 154 - Loss: 41.032728150455995
Epoch: 155 - Loss: 40.97141268423394
Epoch: 156 - Loss: 40.886985497962606
Epoch: 157 - Loss: 40.81151608610216
Epoch: 158 - Loss: 40.745279502442116
Epoch: 159 - Loss: 40.659768188593326
Epoch: 160 - Loss: 40.589352873648
Epoch: 161 - Loss: 40.517776929258694
Epoch: 162 - Loss: 40.43653574010841
Epoch: 163 - Loss: 40.368238978896784
Epoch: 164 - Loss: 40.29408853647175
Epoch: 165 - Loss: 40.21917646679252
Epoch: 166 - Loss: 40.15385331293188
Epoch: 167 - Loss: 40.08151390515879
Epoch: 168 - Loss: 40.01574534475073
Epoch: 169 - Loss: 39.95361346852616
Epoch: 170 - Loss: 39.88874085900054
Epoch: 171 - Loss: 39.83301584838438
Epoch: 172 - Loss: 39.774056195623345
Epoch: 173 - Loss: 39.72014864607857
Epoch: 174 - Loss: 39.58444601429614
Epoch: 175 - Loss: 38.73517329938585
Epoch: 176 - Loss: 38.88614883540809
Epoch: 177 - Loss: 37.77334331851573
Epoch: 178 - Loss: 37.95805600088783
Epoch: 179 - Loss: 37.286264186162136
Epoch: 180 - Loss: 39.676656311755224
Epoch: 181 - Loss: 40.23837832606336
Epoch: 182 - Loss: 39.994958009711254
Epoch: 183 - Loss: 41.929444408640244
Epoch: 184 - Loss: 41.60824898882634
Epoch: 185 - Loss: 42.69492881733814
Epoch: 186 - Loss: 43.576853296281264
Epoch: 187 - Loss: 44.02919547532999
Epoch: 188 - Loss: 44.01666662919473
Epoch: 189 - Loss: 43.547216028592075
Epoch: 190 - Loss: 43.034822196185516
Epoch: 191 - Loss: 44.286215904538224
Epoch: 192 - Loss: 45.252941863119915
Epoch: 193 - Loss: 44.217483748771286
Epoch: 194 - Loss: 42.86922589283411
Epoch: 195 - Loss: 43.01989397437878
Epoch: 196 - Loss: 43.46348483483436
Epoch: 197 - Loss: 43.398258175193895
Epoch: 198 - Loss: 42.847112270764626
Epoch: 199 - Loss: 41.986855180934114
Epoch: 200 - Loss: 41.806240381108104
Epoch: 201 - Loss: 42.15432683871359
Epoch: 202 - Loss: 42.175348806479185
Epoch: 203 - Loss: 41.98737349545618
Epoch: 204 - Loss: 42.452784089418735
Epoch: 205 - Loss: 42.15094099019622
Epoch: 206 - Loss: 45.44230342596862
Epoch: 207 - Loss: 46.85595612988842
Epoch: 208 - Loss: 49.555538039386086
Epoch: 209 - Loss: 48.21088776234598
Epoch: 210 - Loss: 46.11838395256405
Epoch: 211 - Loss: 45.80000137040047
Epoch: 212 - Loss: 45.79426257571465
Epoch: 213 - Loss: 41.64419321230751
Epoch: 214 - Loss: 53.331414836410715
Epoch: 215 - Loss: 43.261181832318776
Epoch: 216 - Loss: 45.4040533386532
Epoch: 217 - Loss: 46.242869716301634
Epoch: 218 - Loss: 46.56282619914047
Epoch: 219 - Loss: 45.37923695549818
Epoch: 220 - Loss: 44.621226349317276
Epoch: 221 - Loss: 44.771761179631376
Epoch: 222 - Loss: 44.45233442415308
Epoch: 223 - Loss: 45.0158625642181
Epoch: 224 - Loss: 44.19864034615328
Epoch: 225 - Loss: 42.99743094896007
Epoch: 226 - Loss: 42.74637954288099
Epoch: 227 - Loss: 41.931143911412384
Epoch: 228 - Loss: 42.179272407304715
Epoch: 229 - Loss: 41.95870322545568
Epoch: 230 - Loss: 41.031395410613996
Epoch: 231 - Loss: 40.6449218765071
Epoch: 232 - Loss: 39.83660574776755
Epoch: 233 - Loss: 39.111914397325606
Epoch: 234 - Loss: 38.96992501013153
Epoch: 235 - Loss: 38.17445319662732
Epoch: 236 - Loss: 37.20429774749479
Epoch: 237 - Loss: 37.00139773042619
Epoch: 238 - Loss: 38.52084450526441
Epoch: 239 - Loss: 38.487922427653935
Epoch: 240 - Loss: 37.3832381432004
Epoch: 241 - Loss: 36.22369752634161
Epoch: 242 - Loss: 36.54415987692263
Epoch: 243 - Loss: 37.046550604863114
NON-FINITE LOSS: retcode=Unstable npoints=6 expected=6
NON-FINITE LOSS: retcode=Unstable npoints=5 expected=6
Epoch: 244 - Loss: 1.0e6
NON-FINITE LOSS: retcode=Unstable npoints=6 expected=6
NON-FINITE LOSS: retcode=Unstable npoints=4 expected=6
Epoch: 245 - Loss: 1.0e6
NON-FINITE LOSS: retcode=Unstable npoints=6 expected=6
NON-FINITE LOSS: retcode=Unstable npoints=3 expected=6
Epoch: 246 - Loss: 1.0e6
NON-FINITE LOSS: retcode=Unstable npoints=6 expected=6
NON-FINITE LOSS: retcode=Unstable npoints=3 expected=6
Epoch: 247 - Loss: 1.0e6
NON-FINITE LOSS: retcode=Unstable npoints=6 expected=6
NON-FINITE LOSS: retcode=Unstable npoints=2 expected=6
Epoch: 248 - Loss: 1.0e6
NON-FINITE LOSS: retcode=Unstable npoints=6 expected=6
NON-FINITE LOSS: retcode=Unstable npoints=2 expected=6
Epoch: 249 - Loss: 1.0e6
Epoch: 1 - Loss: 191.92194026504117
Epoch: 2 - Loss: 190.6890976152337
Epoch: 3 - Loss: 189.15413142279868
Epoch: 4 - Loss: 188.2748282529146
Epoch: 5 - Loss: 187.54440052842654
Epoch: 6 - Loss: 186.87822947603996
Epoch: 7 - Loss: 186.26005830955302
Epoch: 8 - Loss: 185.70028661452534
Epoch: 9 - Loss: 185.19210692107077
Epoch: 10 - Loss: 184.65732899303165
Epoch: 11 - Loss: 184.14378802234964
Epoch: 12 - Loss: 183.65249334272264
Epoch: 13 - Loss: 183.161381575715
Epoch: 14 - Loss: 182.66020246602724
Epoch: 15 - Loss: 182.09449603683345
Epoch: 16 - Loss: 181.50868986735426
Epoch: 17 - Loss: 180.91630102772177
Epoch: 18 - Loss: 180.29906181624207
Epoch: 19 - Loss: 179.39478623272396
Epoch: 20 - Loss: 173.45117780880446
Epoch: 21 - Loss: 172.26190443425918
Epoch: 22 - Loss: 171.27106542533753
Epoch: 23 - Loss: 170.75346424092592
Epoch: 24 - Loss: 170.572463352749
Epoch: 25 - Loss: 170.1211974884953
Epoch: 26 - Loss: 169.3307116829623
Epoch: 27 - Loss: 168.33773593102498
Epoch: 28 - Loss: 167.25586783238788
Epoch: 29 - Loss: 166.18238810737125
Epoch: 30 - Loss: 165.18221554090005
Epoch: 31 - Loss: 164.32529841877678
Epoch: 32 - Loss: 163.94865509705016
Epoch: 33 - Loss: 163.28515830066655
Epoch: 34 - Loss: 162.5007419391811
Epoch: 35 - Loss: 161.73706109999037
Epoch: 36 - Loss: 160.8262079309615
Epoch: 37 - Loss: 159.62490963606865
Epoch: 38 - Loss: 158.25441387787234
Epoch: 39 - Loss: 156.37938913419805
Epoch: 40 - Loss: 153.05637983910012
Epoch: 41 - Loss: 152.63372568632835
Epoch: 42 - Loss: 152.5204263109246
Epoch: 43 - Loss: 151.12718287491043
Epoch: 44 - Loss: 150.2256224260011
Epoch: 45 - Loss: 150.44747907372295
Epoch: 46 - Loss: 148.5960137504523
Epoch: 47 - Loss: 148.4785283858675
Epoch: 48 - Loss: 143.65192376419103
Epoch: 49 - Loss: 137.6227797029697
Epoch: 50 - Loss: 132.56242730048555
Epoch: 51 - Loss: 126.46987143560699
Epoch: 52 - Loss: 119.16920690052605
Epoch: 53 - Loss: 118.17548599158516
Epoch: 54 - Loss: 117.8624913564491
Epoch: 55 - Loss: 118.70473035008737
Epoch: 56 - Loss: 117.93415479235935
Epoch: 57 - Loss: 117.98427486888882
Epoch: 58 - Loss: 116.89205104015974
Epoch: 59 - Loss: 115.73417950815836
Epoch: 60 - Loss: 113.57593673543943
Epoch: 61 - Loss: 110.28823070599051
Epoch: 62 - Loss: 108.49926157546305
Epoch: 63 - Loss: 116.64557635631621
Epoch: 64 - Loss: 108.0462091739002
Epoch: 65 - Loss: 108.34650147498375
Epoch: 66 - Loss: 110.33111564144045
Epoch: 67 - Loss: 111.2091078281858
Epoch: 68 - Loss: 111.8256943321115
Epoch: 69 - Loss: 111.80614065098266
Epoch: 70 - Loss: 111.85947425780809
Epoch: 71 - Loss: 111.44545588111244
Epoch: 72 - Loss: 110.96994180242463
Epoch: 73 - Loss: 110.01193983275127
Epoch: 74 - Loss: 108.88221362622714
Epoch: 75 - Loss: 107.33434532472455
Epoch: 76 - Loss: 106.93067189827423
Epoch: 77 - Loss: 108.98916470267616
Epoch: 78 - Loss: 108.88817069758575
Epoch: 79 - Loss: 106.86025590958063
Epoch: 80 - Loss: 106.28101595327712
Epoch: 81 - Loss: 106.93377448131439
Epoch: 82 - Loss: 107.39770280253835
Epoch: 83 - Loss: 107.38546153518213
Epoch: 84 - Loss: 107.0352975852661
Epoch: 85 - Loss: 106.30128285651742
Epoch: 86 - Loss: 105.68010079419085
Epoch: 87 - Loss: 106.26897149327218
Epoch: 88 - Loss: 106.20656559662477
Epoch: 89 - Loss: 105.51260965219544
Epoch: 90 - Loss: 105.74478920411278
Epoch: 91 - Loss: 105.95774105002462
Epoch: 92 - Loss: 105.96882281258097
Epoch: 93 - Loss: 105.66666109426863
Epoch: 94 - Loss: 105.28591732713545
Epoch: 95 - Loss: 105.39854293619877
Epoch: 96 - Loss: 105.64796186135067
Epoch: 97 - Loss: 105.1920360209244
Epoch: 98 - Loss: 105.15738032630746
Epoch: 99 - Loss: 105.2723592181741
Epoch: 100 - Loss: 105.17536822304594
Epoch: 101 - Loss: 105.13031335591015
Epoch: 102 - Loss: 104.96424259641803
Epoch: 103 - Loss: 104.69958803618601
Epoch: 104 - Loss: 105.03277893160275
Epoch: 105 - Loss: 105.04843607693074
Epoch: 106 - Loss: 104.47791472819394
Epoch: 107 - Loss: 105.92952405676584
Epoch: 108 - Loss: 106.13226530818784
Epoch: 109 - Loss: 106.56449144059914
Epoch: 110 - Loss: 94.76345356608478
Epoch: 111 - Loss: 63.17234291043969
Epoch: 112 - Loss: 60.87289002360232
Epoch: 113 - Loss: 62.8136485581982
Epoch: 114 - Loss: 62.36453694799225
Epoch: 115 - Loss: 64.30027710186361
Epoch: 116 - Loss: 65.24613985981209
Epoch: 117 - Loss: 65.5987599537055
Epoch: 118 - Loss: 65.63419787553096
Epoch: 119 - Loss: 65.55351740242664
Epoch: 120 - Loss: 65.41469957156342
Epoch: 121 - Loss: 65.30908778529357
Epoch: 122 - Loss: 65.33968642803839
Epoch: 123 - Loss: 65.39465080444974
Epoch: 124 - Loss: 65.3279921676649
Epoch: 125 - Loss: 64.95434559745537
Epoch: 126 - Loss: 64.33950158500247
Epoch: 127 - Loss: 63.36553369288778
Epoch: 128 - Loss: 61.795795953218835
Epoch: 129 - Loss: 59.88899585618079
Epoch: 130 - Loss: 67.10320666353132
Epoch: 131 - Loss: 62.42865462857549
Epoch: 132 - Loss: 65.65886862564697
Epoch: 133 - Loss: 67.67010810299074
Epoch: 134 - Loss: 68.43985412611035
Epoch: 135 - Loss: 68.37106938464777
Epoch: 136 - Loss: 67.7051428687377
Epoch: 137 - Loss: 66.88515614276633
Epoch: 138 - Loss: 66.25746510310849
Epoch: 139 - Loss: 65.97073115651759
Epoch: 140 - Loss: 66.00551161685337
Epoch: 141 - Loss: 66.23185598163761
Epoch: 142 - Loss: 66.53218647834437
Epoch: 143 - Loss: 66.7800581087936
Epoch: 144 - Loss: 66.93790082031744
Epoch: 145 - Loss: 66.98056972473553
Epoch: 146 - Loss: 66.9086271339506
Epoch: 147 - Loss: 66.75178655691971
Epoch: 148 - Loss: 66.55301081565122
Epoch: 149 - Loss: 66.34579421084251
Epoch: 150 - Loss: 66.16196008266586
Epoch: 151 - Loss: 66.0406768819069
Epoch: 152 - Loss: 65.99315623055818
Epoch: 153 - Loss: 66.00206732056627
Epoch: 154 - Loss: 66.04852699911947
Epoch: 155 - Loss: 66.10317519236318
Epoch: 156 - Loss: 66.13035435547263
Epoch: 157 - Loss: 66.11604476728358
Epoch: 158 - Loss: 66.05480946708728
Epoch: 159 - Loss: 65.96500621477549
Epoch: 160 - Loss: 65.86762203626118
Epoch: 161 - Loss: 65.77728294762572
Epoch: 162 - Loss: 65.71629088784928
Epoch: 163 - Loss: 65.6849794498011
Epoch: 164 - Loss: 65.67336058519571
Epoch: 165 - Loss: 65.67954879715444
Epoch: 166 - Loss: 65.68240531195983
Epoch: 167 - Loss: 65.67541428296805
Epoch: 168 - Loss: 65.6558488261656
Epoch: 169 - Loss: 65.61931821411449
Epoch: 170 - Loss: 65.5689950878493
Epoch: 171 - Loss: 65.51428678262769
Epoch: 172 - Loss: 65.46459417001957
Epoch: 173 - Loss: 65.42318252076113
Epoch: 174 - Loss: 65.3867897229976
Epoch: 175 - Loss: 65.36413562557715
Epoch: 176 - Loss: 65.34386622282595
Epoch: 177 - Loss: 65.32342247749172
Epoch: 178 - Loss: 65.30145372260333
Epoch: 179 - Loss: 65.2748753160498
Epoch: 180 - Loss: 65.24143678273153
Epoch: 181 - Loss: 65.20811070042977
Epoch: 182 - Loss: 65.17207350113208
Epoch: 183 - Loss: 65.13733534495036
Epoch: 184 - Loss: 65.10452041210435
Epoch: 185 - Loss: 65.0779073891618
Epoch: 186 - Loss: 65.05209612391066
Epoch: 187 - Loss: 65.0234576841262
Epoch: 188 - Loss: 64.99822013849476
Epoch: 189 - Loss: 64.97200267290529
Epoch: 190 - Loss: 64.93920025321327
Epoch: 191 - Loss: 64.90325693005857
Epoch: 192 - Loss: 64.86973793717917
Epoch: 193 - Loss: 64.83260548670343
Epoch: 194 - Loss: 64.79659176356263
Epoch: 195 - Loss: 64.76286724402463
Epoch: 196 - Loss: 64.72883472055152
Epoch: 197 - Loss: 64.6959043462554
Epoch: 198 - Loss: 64.66141398014065
Epoch: 199 - Loss: 64.62412000440698
Epoch: 200 - Loss: 64.58679063732208
Epoch: 201 - Loss: 64.55173990333931
Epoch: 202 - Loss: 64.51161581870576
Epoch: 203 - Loss: 64.4719114502837
Epoch: 204 - Loss: 64.42727035974131
Epoch: 205 - Loss: 64.38937396100457
Epoch: 206 - Loss: 64.34639200843931
Epoch: 207 - Loss: 64.30494500695198
Epoch: 208 - Loss: 64.260407630625
Epoch: 209 - Loss: 64.21444589730751
Epoch: 210 - Loss: 64.16206880437029
Epoch: 211 - Loss: 64.11443873141964
Epoch: 212 - Loss: 64.06456030534972
Epoch: 213 - Loss: 64.00996114977751
Epoch: 214 - Loss: 63.95602652876721
Epoch: 215 - Loss: 63.89919416172791
Epoch: 216 - Loss: 63.834781980865046
Epoch: 217 - Loss: 63.77843095555401
Epoch: 218 - Loss: 63.71351620037659
Epoch: 219 - Loss: 63.64791901557231
Epoch: 220 - Loss: 63.576873582477226
Epoch: 221 - Loss: 63.50974532115498
Epoch: 222 - Loss: 63.370081905789135
Epoch: 223 - Loss: 63.05468099685601
Epoch: 224 - Loss: 62.61202564749329
Epoch: 225 - Loss: 61.996423802378175
Epoch: 226 - Loss: 61.13753464480226
Epoch: 227 - Loss: 59.917404429362506
Epoch: 228 - Loss: 58.43190133274482
Too slow optimization
Epoch: 1 - Loss: 198.53773836131984
Epoch: 2 - Loss: 197.02902997102638
Epoch: 3 - Loss: 195.77737267158963
Epoch: 4 - Loss: 194.73922981204856
Epoch: 5 - Loss: 193.87431869072537
Epoch: 6 - Loss: 193.1478030922736
Epoch: 7 - Loss: 192.53068381320713
Epoch: 8 - Loss: 192.00060577954807
Epoch: 9 - Loss: 191.53979165796108
Epoch: 10 - Loss: 191.13438344051355
Epoch: 11 - Loss: 190.7737489147329
Epoch: 12 - Loss: 190.44998449816748
Epoch: 13 - Loss: 190.15674581920126
Epoch: 14 - Loss: 189.88911298553134
Epoch: 15 - Loss: 189.64297255234507
Epoch: 16 - Loss: 189.41534567491482
Epoch: 17 - Loss: 189.2035460502835
Epoch: 18 - Loss: 189.00548640968216
Epoch: 19 - Loss: 188.81938731059012
Epoch: 20 - Loss: 188.64374190200817
Epoch: 21 - Loss: 188.4773026351838
Epoch: 22 - Loss: 188.31901260407633
Epoch: 23 - Loss: 188.1679236084104
Epoch: 24 - Loss: 188.02325867438634
Epoch: 25 - Loss: 187.88357418633635
Epoch: 26 - Loss: 187.7407452379242
Epoch: 27 - Loss: 187.60159354296377
Epoch: 28 - Loss: 187.4658162219136
Epoch: 29 - Loss: 187.3331511435805
Epoch: 30 - Loss: 187.20333238854917
Epoch: 31 - Loss: 187.0761313115441
Epoch: 32 - Loss: 186.95132643061837
Epoch: 33 - Loss: 186.82875771178314
Epoch: 34 - Loss: 186.70821596011444
Epoch: 35 - Loss: 186.58954949933369
Epoch: 36 - Loss: 186.47261030767265
Epoch: 37 - Loss: 186.3572694811563
Epoch: 38 - Loss: 186.24339003862255
Epoch: 39 - Loss: 186.13086229113233
Epoch: 40 - Loss: 186.01958819757417
Epoch: 41 - Loss: 185.90945077366635
Epoch: 42 - Loss: 185.80036615750507
Epoch: 43 - Loss: 185.69224396829256
Epoch: 44 - Loss: 185.5850058379499
Epoch: 45 - Loss: 185.4785727560166
Epoch: 46 - Loss: 185.37287273698908
Epoch: 47 - Loss: 185.26783167422727
Epoch: 48 - Loss: 185.1633846324121
Epoch: 49 - Loss: 185.05945804426466
Epoch: 50 - Loss: 184.95600458459052
Epoch: 51 - Loss: 184.85295596965142
Epoch: 52 - Loss: 184.75025090204542
Epoch: 53 - Loss: 184.64783379825462
Epoch: 54 - Loss: 184.54564691478902
Epoch: 55 - Loss: 184.44362824847101
Epoch: 56 - Loss: 184.341722266769
Epoch: 57 - Loss: 184.23987914338002
Epoch: 58 - Loss: 184.13803938081298
Epoch: 59 - Loss: 184.0361455941449
Epoch: 60 - Loss: 183.93413915219926
Epoch: 61 - Loss: 183.83196343214797
Epoch: 62 - Loss: 183.72955815791767
Epoch: 63 - Loss: 183.6268340898245
Epoch: 64 - Loss: 183.5238177650714
Epoch: 65 - Loss: 183.42036443985322
Epoch: 66 - Loss: 183.31643281802232
Epoch: 67 - Loss: 183.21195373720153
Epoch: 68 - Loss: 183.1068721103386
Epoch: 69 - Loss: 183.00110964096714
Epoch: 70 - Loss: 182.8945933395161
Epoch: 71 - Loss: 182.7872324655162
Epoch: 72 - Loss: 182.67899866857496
Epoch: 73 - Loss: 182.5697477116187
Epoch: 74 - Loss: 182.45945269558524
Epoch: 75 - Loss: 182.3479973351722
Epoch: 76 - Loss: 182.23530752927695
Epoch: 77 - Loss: 182.1212965630068
Epoch: 78 - Loss: 182.005848094346
Epoch: 79 - Loss: 181.88885050696345
Epoch: 80 - Loss: 181.77026170130713
Epoch: 81 - Loss: 181.6499400664311
Epoch: 82 - Loss: 181.52782086626493
Epoch: 83 - Loss: 181.40373381437405
Epoch: 84 - Loss: 181.2775869162895
Epoch: 85 - Loss: 181.14927129988976
Epoch: 86 - Loss: 181.01863038201955
Epoch: 87 - Loss: 180.8856513802182
Epoch: 88 - Loss: 180.75008923234094
Epoch: 89 - Loss: 180.6119055652282
Epoch: 90 - Loss: 180.47095285965358
Epoch: 91 - Loss: 180.32710889542417
Epoch: 92 - Loss: 180.18026906914423
Epoch: 93 - Loss: 180.0302530830184
Epoch: 94 - Loss: 179.8769663611999
Epoch: 95 - Loss: 179.72027856390832
Epoch: 96 - Loss: 179.5600577545212
Epoch: 97 - Loss: 179.39614006107297
Epoch: 98 - Loss: 179.22843332216456
Epoch: 99 - Loss: 179.05674310289288
Epoch: 100 - Loss: 178.88090237662476
Epoch: 101 - Loss: 178.70069138437452
Epoch: 102 - Loss: 178.51585149680423
Epoch: 103 - Loss: 178.32610995931302
Epoch: 104 - Loss: 178.13089800757697
Epoch: 105 - Loss: 177.92986576527704
Epoch: 106 - Loss: 177.7221621148895
Epoch: 107 - Loss: 177.5068659083505
Epoch: 108 - Loss: 177.2826785428943
Epoch: 109 - Loss: 177.04784489704593
Epoch: 110 - Loss: 176.79998219968343
Epoch: 111 - Loss: 176.53584970396108
Epoch: 112 - Loss: 176.25121973453327
Epoch: 113 - Loss: 175.94056630560027
Epoch: 114 - Loss: 175.59773788423703
Epoch: 115 - Loss: 175.21954500805913
Epoch: 116 - Loss: 174.82526894960222
Epoch: 117 - Loss: 174.57599468592778
Epoch: 118 - Loss: 172.69604216435036
Epoch: 119 - Loss: 169.00728784064577
Epoch: 120 - Loss: 164.26313743989314
Epoch: 121 - Loss: 154.67913087326292
Epoch: 122 - Loss: 138.71591206833156
Epoch: 123 - Loss: 133.74198573960098
Epoch: 124 - Loss: 133.00381723459384
Epoch: 125 - Loss: 132.62448973872634
Epoch: 126 - Loss: 131.59686611010187
Epoch: 127 - Loss: 130.94766100697484
Epoch: 128 - Loss: 130.49122233559268
Epoch: 129 - Loss: 130.14351168887666
Epoch: 130 - Loss: 129.86191712414254
Epoch: 131 - Loss: 129.62279121569165
Epoch: 132 - Loss: 129.4121095841498
Epoch: 133 - Loss: 129.22097953002753
Epoch: 134 - Loss: 129.04354068828138
Epoch: 135 - Loss: 128.87564702208255
Epoch: 136 - Loss: 128.71438947523495
Epoch: 137 - Loss: 128.55741634608523
Epoch: 138 - Loss: 128.402954302578
Epoch: 139 - Loss: 128.24948998877315
Epoch: 140 - Loss: 128.0957402103181
Epoch: 141 - Loss: 127.9405641967278
Epoch: 142 - Loss: 127.7828957038274
Epoch: 143 - Loss: 127.62176672916007
Epoch: 144 - Loss: 127.45629457811246
Epoch: 145 - Loss: 127.28575701185802
Epoch: 146 - Loss: 127.10948212361482
Epoch: 147 - Loss: 126.9271226406191
Epoch: 148 - Loss: 126.73873800643298
Epoch: 149 - Loss: 126.54505789863364
Epoch: 150 - Loss: 126.34789004011928
Epoch: 151 - Loss: 126.15071149102482
Epoch: 152 - Loss: 125.95937614010435
Epoch: 153 - Loss: 125.78273188556739
Epoch: 154 - Loss: 125.63182633158993
Epoch: 155 - Loss: 125.51512094894746
Epoch: 156 - Loss: 125.42672236846296
Epoch: 157 - Loss: 125.33884573087613
Epoch: 158 - Loss: 125.21985249337123
Epoch: 159 - Loss: 125.06042969720136
Epoch: 160 - Loss: 124.87199753821771
Epoch: 161 - Loss: 124.66138438532126
Epoch: 162 - Loss: 124.36853038248412
Epoch: 163 - Loss: 123.35147212483616
Epoch: 164 - Loss: 121.32638644883276
Epoch: 165 - Loss: 120.6017678621375
Epoch: 166 - Loss: 120.11270715752809
Epoch: 167 - Loss: 119.62882877920646
Epoch: 168 - Loss: 119.13236120080177
Epoch: 169 - Loss: 118.61892168139651
Epoch: 170 - Loss: 118.14550527186674
Epoch: 171 - Loss: 117.79737999010995
Epoch: 172 - Loss: 117.47800704745825
Epoch: 173 - Loss: 117.17185163833079
Epoch: 174 - Loss: 116.89141019551718
Epoch: 175 - Loss: 116.65529319412711
Epoch: 176 - Loss: 116.47199162422538
Epoch: 177 - Loss: 116.33981326850429
Epoch: 178 - Loss: 116.2390792672351
Epoch: 179 - Loss: 116.15849527746842
Epoch: 180 - Loss: 116.09490420799686
Epoch: 181 - Loss: 116.03028535267818
Epoch: 182 - Loss: 115.96261064488155
Epoch: 183 - Loss: 115.8871853873836
Epoch: 184 - Loss: 115.80312588568256
Epoch: 185 - Loss: 115.69964823588923
Epoch: 186 - Loss: 115.57477026707728
Epoch: 187 - Loss: 115.42877341420845
Epoch: 188 - Loss: 115.24286813402648
Epoch: 189 - Loss: 115.00578093988896
Epoch: 190 - Loss: 114.70699659988738
Epoch: 191 - Loss: 114.27184055254439
Epoch: 192 - Loss: 113.6311196224256
Epoch: 193 - Loss: 112.06486290493218
Epoch: 194 - Loss: 111.59303559527221
Epoch: 195 - Loss: 109.72134299863751
Epoch: 196 - Loss: 110.38230405815696
Epoch: 197 - Loss: 110.34741207379386
Epoch: 198 - Loss: 109.45539770503696
Epoch: 199 - Loss: 109.5681712171197
Epoch: 200 - Loss: 109.44831111828104
Epoch: 201 - Loss: 108.83258912439946
Epoch: 202 - Loss: 109.04399982932576
Epoch: 203 - Loss: 108.81462515024477
Epoch: 204 - Loss: 108.2289151291126
Epoch: 205 - Loss: 108.21078661315818
Epoch: 206 - Loss: 107.98596562341118
Epoch: 207 - Loss: 107.47154909446198
Epoch: 208 - Loss: 107.4113790998457
Epoch: 209 - Loss: 107.11996962901411
Epoch: 210 - Loss: 106.59851256762717
Epoch: 211 - Loss: 106.3800450135001
Epoch: 212 - Loss: 106.04886259273289
Epoch: 213 - Loss: 105.51845738842117
Epoch: 214 - Loss: 105.2318624237707
Epoch: 215 - Loss: 104.7948757659267
Epoch: 216 - Loss: 104.22501482783431
Epoch: 217 - Loss: 103.80990157645087
Epoch: 218 - Loss: 103.27557933065235
Epoch: 219 - Loss: 102.65890645297362
Epoch: 220 - Loss: 102.19122658114944
Epoch: 221 - Loss: 101.58516265003944
Epoch: 222 - Loss: 100.75441009480699
Epoch: 223 - Loss: 100.42874742964005
Epoch: 224 - Loss: 99.43766036661813
Epoch: 225 - Loss: 98.85500483794397
Epoch: 226 - Loss: 97.60957742558908
Epoch: 227 - Loss: 95.51934612914503
Epoch: 228 - Loss: 80.20188594642637
Epoch: 229 - Loss: 74.07187044036722
Epoch: 230 - Loss: 74.69088474966863
Epoch: 231 - Loss: 75.8753769179951
Epoch: 232 - Loss: 76.7474496382422
Epoch: 233 - Loss: 77.3343081912674
Epoch: 234 - Loss: 77.70660047239193
Epoch: 235 - Loss: 77.96339839793737
Epoch: 236 - Loss: 78.09532054107923
Epoch: 237 - Loss: 78.1652560356659
Epoch: 238 - Loss: 78.19300373308747
Epoch: 239 - Loss: 78.17818879410842
Epoch: 240 - Loss: 78.14320574735987
Epoch: 241 - Loss: 78.09010862472047
Epoch: 242 - Loss: 78.01440418722959
Epoch: 243 - Loss: 77.92808908447971
Epoch: 244 - Loss: 77.82303263638828
Epoch: 245 - Loss: 77.70292494316301
Epoch: 246 - Loss: 77.57574505183909
Epoch: 247 - Loss: 77.41848464820477
Epoch: 248 - Loss: 77.24116344055022
Epoch: 249 - Loss: 77.03173894264164
Epoch: 250 - Loss: 76.82920611572816
Epoch: 251 - Loss: 76.59483288400688
Epoch: 252 - Loss: 76.35561276941881
Epoch: 253 - Loss: 76.10944224766716
Epoch: 254 - Loss: 75.84187705533375
Epoch: 255 - Loss: 75.57599053976372
Epoch: 256 - Loss: 75.27619133334748
Epoch: 257 - Loss: 74.9631013693943
Epoch: 258 - Loss: 74.61003711468095
Epoch: 259 - Loss: 74.22345231225914
Epoch: 260 - Loss: 73.79406847814185
Epoch: 261 - Loss: 73.31720817961177
Epoch: 262 - Loss: 72.7844673860582
Epoch: 263 - Loss: 72.18026815928637
Epoch: 264 - Loss: 71.5086364545742
Epoch: 265 - Loss: 70.72191486582004
Epoch: 266 - Loss: 69.83764970079946
Epoch: 267 - Loss: 68.8628118573515
Epoch: 268 - Loss: 67.9966614295618
Epoch: 269 - Loss: 67.92559961714583
Epoch: 270 - Loss: 69.56748580932681
Epoch: 271 - Loss: 68.7389331142044
Epoch: 272 - Loss: 67.34199331796383
Epoch: 273 - Loss: 67.17689709221511
Epoch: 274 - Loss: 67.39972261859089
Epoch: 275 - Loss: 67.59351251520246
Epoch: 276 - Loss: 67.65713920980365
Epoch: 277 - Loss: 67.56550955890812
Epoch: 278 - Loss: 67.33134211554605
Epoch: 279 - Loss: 66.96620384326815
Epoch: 280 - Loss: 66.5093123187171
Epoch: 281 - Loss: 66.04359506871472
Epoch: 282 - Loss: 65.76515274089691
Epoch: 283 - Loss: 65.90869617010463
Epoch: 284 - Loss: 66.11868566527937
Epoch: 285 - Loss: 65.68409628229836
Epoch: 286 - Loss: 65.24425588640959
Epoch: 287 - Loss: 65.14597948072988
Epoch: 288 - Loss: 65.17635846808817
Epoch: 289 - Loss: 65.16388007985537
Epoch: 290 - Loss: 65.0439658244671
Epoch: 291 - Loss: 64.82002228083505
Epoch: 292 - Loss: 64.54837822051189
Epoch: 293 - Loss: 64.33639729772068
Epoch: 294 - Loss: 64.2916739161549
Epoch: 295 - Loss: 64.3128473150834
Epoch: 296 - Loss: 64.14564411883043
Too slow optimization
Epoch: 1 - Loss: 199.87491969703316
Epoch: 2 - Loss: 199.8309654721182
Epoch: 3 - Loss: 199.78693289938596
Epoch: 4 - Loss: 199.74281947271788
Epoch: 5 - Loss: 199.69862347028393
Epoch: 6 - Loss: 199.65434120954936
Epoch: 7 - Loss: 199.6099736427913
Epoch: 8 - Loss: 199.56551707592325
Epoch: 9 - Loss: 199.52096971663929
Epoch: 10 - Loss: 199.47632866759153
Epoch: 11 - Loss: 199.4315920016239
Epoch: 12 - Loss: 199.38675754018323
Epoch: 13 - Loss: 199.34182232944454
Epoch: 14 - Loss: 199.2967841774225
Epoch: 15 - Loss: 199.251640680106
Epoch: 16 - Loss: 199.20638906616662
Epoch: 17 - Loss: 199.1610267641073
Epoch: 18 - Loss: 199.11555091374316
Epoch: 19 - Loss: 199.06995896098468
Epoch: 20 - Loss: 199.02424721024875
Epoch: 21 - Loss: 198.97841344165664
Epoch: 22 - Loss: 198.93245328498213
Epoch: 23 - Loss: 198.88636426173446
Epoch: 24 - Loss: 198.84014229309287
Epoch: 25 - Loss: 198.79378290586172
Epoch: 26 - Loss: 198.7472848009237
Epoch: 27 - Loss: 198.70064339235196
Epoch: 28 - Loss: 198.65385483540416
Epoch: 29 - Loss: 198.60691527567863
Epoch: 30 - Loss: 198.5598225524354
Epoch: 31 - Loss: 198.51257010213706
Epoch: 32 - Loss: 198.46515551153112
Epoch: 33 - Loss: 198.417575275379
Epoch: 34 - Loss: 198.3698258374327
Epoch: 35 - Loss: 198.321903539403
Epoch: 36 - Loss: 198.27380486124667
Epoch: 37 - Loss: 198.2255265490632
Epoch: 38 - Loss: 198.17706409963913
Epoch: 39 - Loss: 198.12841530124155
Epoch: 40 - Loss: 198.0795749362628
Epoch: 41 - Loss: 198.03054026482513
Epoch: 42 - Loss: 197.98130740614127
Epoch: 43 - Loss: 197.93187242121553
Epoch: 44 - Loss: 197.88223291338846
Epoch: 45 - Loss: 197.83238242159206
Epoch: 46 - Loss: 197.78231823969944
Epoch: 47 - Loss: 197.7320361826466
Epoch: 48 - Loss: 197.68153195198525
Epoch: 49 - Loss: 197.63080153304347
Epoch: 50 - Loss: 197.5798398399201
Epoch: 51 - Loss: 197.5286438980779
Epoch: 52 - Loss: 197.47720838615845
Epoch: 53 - Loss: 197.42552872555228
Epoch: 54 - Loss: 197.373600570653
Epoch: 55 - Loss: 197.32141907510416
Epoch: 56 - Loss: 197.26897956893666
Epoch: 57 - Loss: 197.21627741836718
Epoch: 58 - Loss: 197.16330839633875
Epoch: 59 - Loss: 197.11006523435984
Epoch: 60 - Loss: 197.05654523806592
Epoch: 61 - Loss: 197.00274184072882
Epoch: 62 - Loss: 196.94865054803023
Epoch: 63 - Loss: 196.894265900465
Epoch: 64 - Loss: 196.8395825345733
Epoch: 65 - Loss: 196.78459519656093
Epoch: 66 - Loss: 196.72929855586239
Epoch: 67 - Loss: 196.67368680928686
Epoch: 68 - Loss: 196.61775432733526
Epoch: 69 - Loss: 196.56149591873813
Epoch: 70 - Loss: 196.50490606765467
Epoch: 71 - Loss: 196.4479783153408
Epoch: 72 - Loss: 196.39070733710008
Epoch: 73 - Loss: 196.3330865783838
Epoch: 74 - Loss: 196.27511108989606
Epoch: 75 - Loss: 196.21677374042545
Epoch: 76 - Loss: 196.1580682844467
Epoch: 77 - Loss: 196.09898865749045
Epoch: 78 - Loss: 196.0395291966548
Epoch: 79 - Loss: 195.97968250208345
Epoch: 80 - Loss: 195.9194428748155
Epoch: 81 - Loss: 195.85880313976787
Epoch: 82 - Loss: 195.7977569118663
Epoch: 83 - Loss: 195.73629717159068
Epoch: 84 - Loss: 195.67441711087153
Epoch: 85 - Loss: 195.6121095599771
Epoch: 86 - Loss: 195.5493675509886
Epoch: 87 - Loss: 195.48618391761158
Epoch: 88 - Loss: 195.42255068280105
Epoch: 89 - Loss: 195.35846040614618
Epoch: 90 - Loss: 195.29390537917547
Epoch: 91 - Loss: 195.22887908519377
Epoch: 92 - Loss: 195.1633733207404
Epoch: 93 - Loss: 195.09737949480154
Epoch: 94 - Loss: 195.03088963472217
Epoch: 95 - Loss: 194.96389564244146
Epoch: 96 - Loss: 194.8963894325498
Epoch: 97 - Loss: 194.82836329740206
Epoch: 98 - Loss: 194.7598075686763
Epoch: 99 - Loss: 194.69071386621164
Epoch: 100 - Loss: 194.62107365171397
Epoch: 101 - Loss: 194.55087822741854
Epoch: 102 - Loss: 194.480118112775
Epoch: 103 - Loss: 194.40878424410235
Epoch: 104 - Loss: 194.33686792780236
Epoch: 105 - Loss: 194.26435925737462
Epoch: 106 - Loss: 194.19124902610605
Epoch: 107 - Loss: 194.1175272109613
Epoch: 108 - Loss: 194.04318446910563
Epoch: 109 - Loss: 193.96821102020536
Epoch: 110 - Loss: 193.89259620664112
Epoch: 111 - Loss: 193.8163305141946
Epoch: 112 - Loss: 193.73940470647662
Epoch: 113 - Loss: 193.66180684924527
Epoch: 114 - Loss: 193.5835275376961
Epoch: 115 - Loss: 193.50455613777868
Epoch: 116 - Loss: 193.42488241290067
Epoch: 117 - Loss: 193.34449583823763
Epoch: 118 - Loss: 193.26338501779415
Epoch: 119 - Loss: 193.18154037554362
Epoch: 120 - Loss: 193.0989507583915
Epoch: 121 - Loss: 193.01560555126653
Epoch: 122 - Loss: 192.92947657294803
Epoch: 123 - Loss: 192.84064795278556
Epoch: 124 - Loss: 192.75072612267505
Epoch: 125 - Loss: 192.65973379582746
Epoch: 126 - Loss: 192.5676889891157
Epoch: 127 - Loss: 192.4746071697239
Epoch: 128 - Loss: 192.38050084278794
Epoch: 129 - Loss: 192.28537996563276
Epoch: 130 - Loss: 192.18925206543742
Epoch: 131 - Loss: 192.0921235709113
Epoch: 132 - Loss: 191.99399835706203
Epoch: 133 - Loss: 191.8948791520842
Epoch: 134 - Loss: 191.79476683839383
Epoch: 135 - Loss: 191.69366159573318
Epoch: 136 - Loss: 191.59156291831206
Epoch: 137 - Loss: 191.48846811776218
Epoch: 138 - Loss: 191.38437534898068
Epoch: 139 - Loss: 191.27928107230076
Epoch: 140 - Loss: 191.173181229612
Epoch: 141 - Loss: 191.0660716858033
Epoch: 142 - Loss: 190.95794802901898
Epoch: 143 - Loss: 190.84880476346095
Epoch: 144 - Loss: 190.73863648646832
Epoch: 145 - Loss: 190.62743827176158
Epoch: 146 - Loss: 190.515204956628
Epoch: 147 - Loss: 190.4019304116764
Epoch: 148 - Loss: 190.287609201843
Epoch: 149 - Loss: 190.17223618992728
Epoch: 150 - Loss: 190.05580571918637
Epoch: 151 - Loss: 189.93831304326275
Epoch: 152 - Loss: 189.81975231311023
Epoch: 153 - Loss: 189.7001194612646
Epoch: 154 - Loss: 189.57940889829896
Epoch: 155 - Loss: 189.45761722586593
Epoch: 156 - Loss: 189.33473975371558
Epoch: 157 - Loss: 189.21077250094322
Epoch: 158 - Loss: 189.0857114805983
Epoch: 159 - Loss: 188.9595529012003
Epoch: 160 - Loss: 188.83229341921364
Epoch: 161 - Loss: 188.70392993407614
Epoch: 162 - Loss: 188.5744585397489
Epoch: 163 - Loss: 188.44387577239215
Epoch: 164 - Loss: 188.31217735523242
Epoch: 165 - Loss: 188.17936019694787
Epoch: 166 - Loss: 188.0454184531244
Epoch: 167 - Loss: 187.91034700119837
Epoch: 168 - Loss: 187.77413918458768
Epoch: 169 - Loss: 187.6367866120535
Epoch: 170 - Loss: 187.49827819399465
Epoch: 171 - Loss: 187.35860336719512
Epoch: 172 - Loss: 187.2177452482007
Epoch: 173 - Loss: 187.07568532854182
Epoch: 174 - Loss: 186.93239914422008
Epoch: 175 - Loss: 186.78785723954437
Epoch: 176 - Loss: 186.64202353045494
Epoch: 177 - Loss: 186.49485263666918
Epoch: 178 - Loss: 186.34628952721326
Epoch: 179 - Loss: 186.19626752083866
Epoch: 180 - Loss: 186.04470291244596
Epoch: 181 - Loss: 185.8914958832866
Epoch: 182 - Loss: 185.73577847847724
Epoch: 183 - Loss: 185.57774485408223
Epoch: 184 - Loss: 185.41747303797524
Epoch: 185 - Loss: 185.25476392050734
Epoch: 186 - Loss: 185.08936651867342
Epoch: 187 - Loss: 184.9209700839748
Epoch: 188 - Loss: 184.74919196445165
Epoch: 189 - Loss: 184.57356110907233
Epoch: 190 - Loss: 184.39349613563303
Epoch: 191 - Loss: 184.20828378166138
Epoch: 192 - Loss: 184.01704039906443
Epoch: 193 - Loss: 183.81867141079678
Epoch: 194 - Loss: 183.61181858890183
Epoch: 195 - Loss: 183.39477692720556
Epoch: 196 - Loss: 183.16541259938734
Epoch: 197 - Loss: 182.92101404327062
Epoch: 198 - Loss: 182.6581382076009
Epoch: 199 - Loss: 182.37235789661815
Epoch: 200 - Loss: 182.01115577695955
Epoch: 201 - Loss: 181.55725163671414
Epoch: 202 - Loss: 181.04320459673977
Epoch: 203 - Loss: 180.45512160961994
Epoch: 204 - Loss: 179.77467792362808
Epoch: 205 - Loss: 178.97852857189062
Epoch: 206 - Loss: 178.038459977491
Epoch: 207 - Loss: 176.92328663830938
Epoch: 208 - Loss: 175.5178518179887
Epoch: 209 - Loss: 173.68152348892502
Epoch: 210 - Loss: 171.56978177115835
Epoch: 211 - Loss: 173.98937566134944
Epoch: 212 - Loss: 170.18624753618195
Epoch: 213 - Loss: 170.64055802564573
Epoch: 214 - Loss: 171.15150758356512
Epoch: 215 - Loss: 171.53610213677038
Epoch: 216 - Loss: 171.79888887808264
Epoch: 217 - Loss: 171.95765184874853
Epoch: 218 - Loss: 172.0272105788477
Epoch: 219 - Loss: 172.01869872048348
Epoch: 220 - Loss: 171.94034309294415
Epoch: 221 - Loss: 171.7981322107896
Epoch: 222 - Loss: 171.59631313267238
Epoch: 223 - Loss: 171.33793424051586
Epoch: 224 - Loss: 171.026012109868
Epoch: 225 - Loss: 170.66707111226273
Epoch: 226 - Loss: 170.2831848410718
Epoch: 227 - Loss: 169.95428023266896
Epoch: 228 - Loss: 170.03915437274324
Epoch: 229 - Loss: 170.7546043391535
Epoch: 230 - Loss: 170.01063251386526
Epoch: 231 - Loss: 169.83690870309172
Epoch: 232 - Loss: 169.97840702456844
Epoch: 233 - Loss: 170.1182707013802
Epoch: 234 - Loss: 170.1990364227926
Epoch: 235 - Loss: 170.21057206743032
Epoch: 236 - Loss: 170.1565470455092
Epoch: 237 - Loss: 170.04654396628803
Epoch: 238 - Loss: 169.89704336621267
Epoch: 239 - Loss: 169.73849710442047
Epoch: 240 - Loss: 169.6278298291804
Epoch: 241 - Loss: 169.68794734284083
Epoch: 242 - Loss: 169.81268155228173
Epoch: 243 - Loss: 169.5901342798145
Epoch: 244 - Loss: 169.54346602961695
Epoch: 245 - Loss: 169.57800181583585
Epoch: 246 - Loss: 169.6140868748219
Epoch: 247 - Loss: 169.6204133504927
Epoch: 248 - Loss: 169.58955328769127
Epoch: 249 - Loss: 169.52759173543734
Epoch: 250 - Loss: 169.45095741978275
Epoch: 251 - Loss: 169.38563635290683
Epoch: 252 - Loss: 169.3598972067327
Epoch: 253 - Loss: 169.4200419925457
Epoch: 254 - Loss: 169.3572892496998
Epoch: 255 - Loss: 169.28554498395798
Epoch: 256 - Loss: 169.27732543488037
Epoch: 257 - Loss: 169.2826015908199
Epoch: 258 - Loss: 169.2777521506013
Epoch: 259 - Loss: 169.25369158655073
Epoch: 260 - Loss: 169.21281494076644
Epoch: 261 - Loss: 169.16575009097343
Epoch: 262 - Loss: 169.127516967629
Epoch: 263 - Loss: 169.10939046343705
Epoch: 264 - Loss: 169.1131281379524
Epoch: 265 - Loss: 169.07519705216373
Epoch: 266 - Loss: 169.04627006563396
Epoch: 267 - Loss: 169.0272433481331
Epoch: 268 - Loss: 169.01551795405183
Epoch: 269 - Loss: 169.00482121645894
Epoch: 270 - Loss: 168.9909233729627
Epoch: 271 - Loss: 168.9734724384237
Epoch: 272 - Loss: 168.95524395606444
Epoch: 273 - Loss: 168.9399027760998
Epoch: 274 - Loss: 168.92906751151722
Epoch: 275 - Loss: 168.920494787576
Epoch: 276 - Loss: 168.90982403793225
Epoch: 277 - Loss: 168.894992471596
Epoch: 278 - Loss: 168.87798692529483
Epoch: 279 - Loss: 168.86188691650642
Epoch: 280 - Loss: 168.84769658152828
Epoch: 281 - Loss: 168.83426298197898
Epoch: 282 - Loss: 168.82000831812212
Epoch: 283 - Loss: 168.80433429490222
Epoch: 284 - Loss: 168.78791501824105
Epoch: 285 - Loss: 168.77204959045994
Epoch: 286 - Loss: 168.7576096656934
Epoch: 287 - Loss: 168.74433629320785
Epoch: 288 - Loss: 168.73113969487565
Epoch: 289 - Loss: 168.71720017889126
Epoch: 290 - Loss: 168.7026994806666
Epoch: 291 - Loss: 168.68841250269992
Epoch: 292 - Loss: 168.67480227777904
Epoch: 293 - Loss: 168.66165250800782
Epoch: 294 - Loss: 168.64840561903543
Epoch: 295 - Loss: 168.63468828218473
Epoch: 296 - Loss: 168.6205607522078
Epoch: 297 - Loss: 168.60638115625227
Epoch: 298 - Loss: 168.5924583674464
Epoch: 299 - Loss: 168.57879079816317
Epoch: 300 - Loss: 168.56511110225821
Epoch: 1 - Loss: 198.07612718793908
Epoch: 2 - Loss: 196.1254992393868
Epoch: 3 - Loss: 194.166355156518
Epoch: 4 - Loss: 192.16715151373378
Epoch: 5 - Loss: 190.10222756417545
Epoch: 6 - Loss: 188.00241080660464
Epoch: 7 - Loss: 185.76759425674314
Epoch: 8 - Loss: 183.37123527533083
Epoch: 9 - Loss: 180.79606621379418
Epoch: 10 - Loss: 177.81273802748294
Epoch: 11 - Loss: 170.53527269406416
Epoch: 12 - Loss: 180.99889169753706
Epoch: 13 - Loss: 182.65974707436354
Epoch: 14 - Loss: 180.90591021616623
Epoch: 15 - Loss: 177.38389922071826
Epoch: 16 - Loss: 165.32102612580312
Epoch: 17 - Loss: 168.5660435769256
Epoch: 18 - Loss: 169.53061159545035
Epoch: 19 - Loss: 169.58924933800023
Epoch: 20 - Loss: 169.15097517914901
Epoch: 21 - Loss: 168.3785555152003
Epoch: 22 - Loss: 167.34076984010588
Epoch: 23 - Loss: 166.0580040138802
Epoch: 24 - Loss: 164.52988206821394
Epoch: 25 - Loss: 163.2026769159147
Epoch: 26 - Loss: 160.96327930045098
Epoch: 27 - Loss: 158.0073657184445
Epoch: 28 - Loss: 154.46284897172063
Epoch: 29 - Loss: 156.17775455513052
Epoch: 30 - Loss: 158.90433799897656
Epoch: 31 - Loss: 156.31700417646775
Epoch: 32 - Loss: 151.9745834706445
Epoch: 33 - Loss: 152.77243117797252
Epoch: 34 - Loss: 153.39590552196358
Epoch: 35 - Loss: 153.78650022604185
Epoch: 36 - Loss: 154.00413836320092
Epoch: 37 - Loss: 154.1184109847703
Epoch: 38 - Loss: 154.20669602669554
Epoch: 39 - Loss: 151.6004650895035
Epoch: 40 - Loss: 147.23221281110847
Epoch: 41 - Loss: 140.62645706411897
Epoch: 42 - Loss: 133.37336662551147
Epoch: 43 - Loss: 123.8278318866141
Epoch: 44 - Loss: 121.87329727694389
Epoch: 45 - Loss: 128.50141651437696
Epoch: 46 - Loss: 121.53740748193835
Epoch: 47 - Loss: 123.62895080359671
Epoch: 48 - Loss: 124.6285757893612
Epoch: 49 - Loss: 124.95760621834329
Epoch: 50 - Loss: 124.81809358826843
Epoch: 51 - Loss: 124.33940148168908
Epoch: 52 - Loss: 123.56536996715118
Epoch: 53 - Loss: 122.49139354215667
Epoch: 54 - Loss: 121.09688369471084
Epoch: 55 - Loss: 119.44009743242083
Epoch: 56 - Loss: 117.72903165052766
Epoch: 57 - Loss: 113.6250083735557
Epoch: 58 - Loss: 116.03251517563261
Epoch: 59 - Loss: 110.63577719445144
Epoch: 60 - Loss: 111.61417464362658
Epoch: 61 - Loss: 113.18307483841136
Epoch: 62 - Loss: 113.4374865146505
Epoch: 63 - Loss: 112.33639187392248
Epoch: 64 - Loss: 112.53310094774528
Epoch: 65 - Loss: 114.42325844982206
Epoch: 66 - Loss: 111.35388394710898
Epoch: 67 - Loss: 110.77387498375803
Epoch: 68 - Loss: 110.14654961708922
Epoch: 69 - Loss: 108.03873901764346
Epoch: 70 - Loss: 107.1454549830079
Epoch: 71 - Loss: 111.05329331452307
Epoch: 72 - Loss: 107.28366307561672
Epoch: 73 - Loss: 105.57406818612219
Epoch: 74 - Loss: 105.6883828761778
Epoch: 75 - Loss: 106.9124435348077
Epoch: 76 - Loss: 107.71488642357555
Epoch: 77 - Loss: 106.49539097480829
Epoch: 78 - Loss: 104.0038926863191
Epoch: 79 - Loss: 101.53056104664162
Epoch: 80 - Loss: 100.02313996694866
Epoch: 81 - Loss: 100.37099411798756
Epoch: 82 - Loss: 101.4944201327819
Epoch: 83 - Loss: 100.62482777991396
Epoch: 84 - Loss: 99.58931465379021
Epoch: 85 - Loss: 100.09033036340806
Epoch: 86 - Loss: 101.07950750077306
Epoch: 87 - Loss: 101.5367206389176
Epoch: 88 - Loss: 101.00364759219536
Epoch: 89 - Loss: 100.0477110153733
Epoch: 90 - Loss: 99.25973342768376
Epoch: 91 - Loss: 99.76330445910015
Epoch: 92 - Loss: 100.0060226752009
Epoch: 93 - Loss: 99.34992508262627
Epoch: 94 - Loss: 98.32543772284846
Epoch: 95 - Loss: 98.04880203633192
Epoch: 96 - Loss: 98.76053296012512
Epoch: 97 - Loss: 96.95036136980333
Epoch: 98 - Loss: 58.29043168692463
Epoch: 99 - Loss: 54.484796455410944
Epoch: 100 - Loss: 53.46627781937883
Epoch: 101 - Loss: 53.97725820859624
Epoch: 102 - Loss: 54.33460740008107
Epoch: 103 - Loss: 53.790234822507415
Epoch: 104 - Loss: 52.939580525885766
Epoch: 105 - Loss: 52.75472420497135
Epoch: 106 - Loss: 53.60691012549722
Epoch: 107 - Loss: 53.96972850190923
Epoch: 108 - Loss: 53.768076705964454
Epoch: 109 - Loss: 53.107884910331016
Epoch: 110 - Loss: 52.167786798119984
Epoch: 111 - Loss: 51.81006760937403
Epoch: 112 - Loss: 52.418556123601434
Epoch: 113 - Loss: 52.660146598449685
Epoch: 114 - Loss: 52.36286236242157
Epoch: 115 - Loss: 51.70451025426282
Epoch: 116 - Loss: 51.353341095331245
Epoch: 117 - Loss: 51.906574616242864
Epoch: 118 - Loss: 52.0830912000685
Epoch: 119 - Loss: 51.81400915109166
Epoch: 120 - Loss: 51.12283468456238
Epoch: 121 - Loss: 50.49949406831238
Epoch: 122 - Loss: 51.161240171649304
Epoch: 123 - Loss: 50.606400751247946
Epoch: 124 - Loss: 50.193140122168735
Epoch: 125 - Loss: 50.3920879784879
Epoch: 126 - Loss: 50.40767299658655
Epoch: 127 - Loss: 50.13161628033182
Epoch: 128 - Loss: 49.72577949106678
Epoch: 129 - Loss: 49.70717462920981
Epoch: 130 - Loss: 49.84756154111623
Epoch: 131 - Loss: 49.37864001482522
Epoch: 132 - Loss: 49.335147689217656
Epoch: 133 - Loss: 49.37965957803271
Epoch: 134 - Loss: 49.259311601131806
Epoch: 135 - Loss: 49.00406759976355
Epoch: 136 - Loss: 48.891207361222826
Epoch: 137 - Loss: 48.94543325593744
Epoch: 138 - Loss: 48.71827769576448
Epoch: 139 - Loss: 48.58319974332939
Epoch: 140 - Loss: 48.58286133542655
Epoch: 141 - Loss: 48.502139469059024
Epoch: 142 - Loss: 48.33611281485073
Epoch: 143 - Loss: 48.22768154130283
Epoch: 144 - Loss: 48.214556094978654
Epoch: 145 - Loss: 48.081011311284605
Epoch: 146 - Loss: 47.96626757672526
Epoch: 147 - Loss: 47.931068133099714
Epoch: 148 - Loss: 47.858954418352724
Epoch: 149 - Loss: 47.739195967928744
Epoch: 150 - Loss: 47.65718736123264
Epoch: 151 - Loss: 47.618385624771356
Epoch: 152 - Loss: 47.52405940240494
Epoch: 153 - Loss: 47.438790154775376
Epoch: 154 - Loss: 47.39522072009517
Epoch: 155 - Loss: 47.366736647972616
Epoch: 156 - Loss: 47.96275534147591
Epoch: 157 - Loss: 52.45988483460338
Epoch: 158 - Loss: 54.480820709351185
Epoch: 159 - Loss: 54.7476162122171
Epoch: 160 - Loss: 54.32138229417157
Epoch: 161 - Loss: 55.593394628147315
Epoch: 162 - Loss: 54.80408288784544
Epoch: 163 - Loss: 55.01811003729723
Epoch: 164 - Loss: 55.34296050082359
Epoch: 165 - Loss: 55.00611136183075
Epoch: 166 - Loss: 54.29414408947652
Epoch: 167 - Loss: 54.550358181995165
Epoch: 168 - Loss: 53.64285077955699
Epoch: 169 - Loss: 53.26347113210318
Epoch: 170 - Loss: 52.71723531362707
Epoch: 171 - Loss: 51.057345542701086
Epoch: 172 - Loss: 48.98819798487042
Epoch: 173 - Loss: 49.309787584831795
Epoch: 174 - Loss: 48.73777555713501
Epoch: 175 - Loss: 51.020760221946446
Epoch: 176 - Loss: 51.1801431864804
Epoch: 177 - Loss: 50.67202703046839
Epoch: 178 - Loss: 50.208888258882375
Epoch: 179 - Loss: 49.861365069525974
Epoch: 180 - Loss: 48.71789782629367
Epoch: 181 - Loss: 48.057055187511004
Epoch: 182 - Loss: 49.4911276488087
Epoch: 183 - Loss: 51.043734794632094
Epoch: 184 - Loss: 51.09590232115846
Epoch: 185 - Loss: 51.448057410208754
Epoch: 186 - Loss: 50.820689387659606
Epoch: 187 - Loss: 49.31056183408606
Epoch: 188 - Loss: 44.34211553801693
Epoch: 189 - Loss: 42.84883383722335
Epoch: 190 - Loss: 55.289381535001844
Epoch: 191 - Loss: 58.37789568513403
Epoch: 192 - Loss: 59.32944865948973
Epoch: 193 - Loss: 59.96568237321491
Epoch: 194 - Loss: 60.29105932610162
Epoch: 195 - Loss: 60.270785118239274
Epoch: 196 - Loss: 58.93756130973686
Epoch: 197 - Loss: 59.56290684776877
Epoch: 198 - Loss: 62.48957936791991
Epoch: 199 - Loss: 65.42562808101407
Epoch: 200 - Loss: 65.66755187836571
Epoch: 201 - Loss: 63.98937351938301
Epoch: 202 - Loss: 58.960487849603346
Epoch: 203 - Loss: 58.097803830247045
Epoch: 204 - Loss: 55.911728660879184
Epoch: 205 - Loss: 54.9201630265109
Epoch: 206 - Loss: 53.89870158689559
Epoch: 207 - Loss: 57.92816811571624
Epoch: 208 - Loss: 63.03255030603186
Epoch: 209 - Loss: 63.19584637949401
Epoch: 210 - Loss: 66.2414026921091
Epoch: 211 - Loss: 65.68677703895706
Epoch: 212 - Loss: 68.7012604344809
Epoch: 213 - Loss: 67.0964781835319
Epoch: 214 - Loss: 61.89605036808814
Epoch: 215 - Loss: 54.36081960064102
Epoch: 216 - Loss: 58.43788433630693
Epoch: 217 - Loss: 61.12895305527879
Epoch: 218 - Loss: 62.95258515449164
Epoch: 219 - Loss: 63.52858889118253
Epoch: 220 - Loss: 63.264431731435856
Epoch: 221 - Loss: 62.441654057024465
Epoch: 222 - Loss: 61.02820422509282
Epoch: 223 - Loss: 58.40648832682822
Epoch: 224 - Loss: 51.452931483280516
Epoch: 225 - Loss: 52.47358077040726
Epoch: 226 - Loss: 56.75205948006463
Epoch: 227 - Loss: 57.77941959754994
Epoch: 228 - Loss: 57.440260749938716
Epoch: 229 - Loss: 57.98087135234605
Epoch: 230 - Loss: 56.61491999676826
Epoch: 231 - Loss: 55.366026464410396
Epoch: 232 - Loss: 54.69484256812452
Epoch: 233 - Loss: 54.83633814505939
Epoch: 234 - Loss: 55.83030632577216
Epoch: 235 - Loss: 56.934468327111695
Epoch: 236 - Loss: 58.14115368890867
Epoch: 237 - Loss: 59.3381707792108
Epoch: 238 - Loss: 60.282388053717064
Epoch: 239 - Loss: 60.812722894512916
Epoch: 240 - Loss: 60.85527039226282
Epoch: 241 - Loss: 60.37644570731395
Epoch: 242 - Loss: 59.59421667962381
Epoch: 243 - Loss: 58.75250518342469
Epoch: 244 - Loss: 57.9429525656259
Epoch: 245 - Loss: 57.27044092731585
Epoch: 246 - Loss: 56.80960713548091
Epoch: 247 - Loss: 56.52630057057581
Epoch: 248 - Loss: 56.50987578283411
Epoch: 249 - Loss: 62.1685118288031
Epoch: 250 - Loss: 56.18962346543642
Epoch: 251 - Loss: 95.4276790707219
NON-FINITE LOSS: retcode=Unstable npoints=6 expected=6
NON-FINITE LOSS: retcode=Unstable npoints=5 expected=6
Epoch: 252 - Loss: 1.0e6
NON-FINITE LOSS: retcode=Unstable npoints=6 expected=6
NON-FINITE LOSS: retcode=Unstable npoints=5 expected=6
Epoch: 253 - Loss: 1.0e6
NON-FINITE LOSS: retcode=Unstable npoints=6 expected=6
NON-FINITE LOSS: retcode=Unstable npoints=5 expected=6
Epoch: 254 - Loss: 1.0e6
NON-FINITE LOSS: retcode=Unstable npoints=6 expected=6
NON-FINITE LOSS: retcode=Unstable npoints=5 expected=6
Epoch: 255 - Loss: 1.0e6
NON-FINITE LOSS: retcode=Unstable npoints=6 expected=6
NON-FINITE LOSS: retcode=Unstable npoints=5 expected=6
Epoch: 256 - Loss: 1.0e6
NON-FINITE LOSS: retcode=Unstable npoints=6 expected=6
NON-FINITE LOSS: retcode=Unstable npoints=4 expected=6
Epoch: 257 - Loss: 1.0e6
Epoch: 1 - Loss: 190.7396610201304
Epoch: 2 - Loss: 191.02219391083827
Epoch: 3 - Loss: 169.98834790580997
Epoch: 4 - Loss: 189.1722846707834
Epoch: 5 - Loss: 187.95659269899963
Epoch: 6 - Loss: 186.87506126599854
Epoch: 7 - Loss: 185.93189476925014
Epoch: 8 - Loss: 184.97951471686483
Epoch: 9 - Loss: 183.98994240477043
Epoch: 10 - Loss: 183.07290076678004
Epoch: 11 - Loss: 181.9737183431324
Epoch: 12 - Loss: 180.4657263519375
Epoch: 13 - Loss: 178.92880864076423
Epoch: 14 - Loss: 177.55024848399736
Epoch: 15 - Loss: 176.05155560604211
Epoch: 16 - Loss: 174.11228130288293
Epoch: 17 - Loss: 166.0425012795649
Epoch: 18 - Loss: 141.38690444769074
Epoch: 19 - Loss: 134.98008159358872
Epoch: 20 - Loss: 132.43013995907083
Epoch: 21 - Loss: 130.5375428671003
Epoch: 22 - Loss: 129.73923806685235
Epoch: 23 - Loss: 128.89681879981973
Epoch: 24 - Loss: 120.69563874619884
Epoch: 25 - Loss: 111.53236188471143
Epoch: 26 - Loss: 99.8124093129428
Epoch: 27 - Loss: 100.5599064752881
Epoch: 28 - Loss: 102.05418414366295
Epoch: 29 - Loss: 102.41660019516402
Epoch: 30 - Loss: 101.833967364029
Epoch: 31 - Loss: 101.65715025208137
Epoch: 32 - Loss: 101.8779634846647
Epoch: 33 - Loss: 101.23688468296726
Epoch: 34 - Loss: 99.12801540534076
Epoch: 35 - Loss: 97.39569615964378
Epoch: 36 - Loss: 95.36755136640834
Epoch: 37 - Loss: 95.0477319275066
Epoch: 38 - Loss: 94.44326801368815
Epoch: 39 - Loss: 94.39341957971729
Epoch: 40 - Loss: 94.4803180508214
Epoch: 41 - Loss: 91.82526601415832
Epoch: 42 - Loss: 85.90102330563121
Epoch: 43 - Loss: 76.36726450819982
Epoch: 44 - Loss: 69.51805009995932
Epoch: 45 - Loss: 95.3927649291021
Epoch: 46 - Loss: 87.59129861984283
Epoch: 47 - Loss: 66.8044833097312
Epoch: 48 - Loss: 72.07907142556154
Epoch: 49 - Loss: 74.65379591702907
Epoch: 50 - Loss: 76.25447460671607
Epoch: 51 - Loss: 77.35415001774264
Epoch: 52 - Loss: 77.04468424742673
Epoch: 53 - Loss: 77.09417400101265
Epoch: 54 - Loss: 75.70150009466867
Epoch: 55 - Loss: 75.66585724856427
Epoch: 56 - Loss: 82.77182235022023
Epoch: 57 - Loss: 87.00924470084668
Epoch: 58 - Loss: 88.44308167040137
Epoch: 59 - Loss: 88.90694327189173
Epoch: 60 - Loss: 88.75815482444575
Epoch: 61 - Loss: 88.0701149668847
Epoch: 62 - Loss: 86.71571928166473
Epoch: 63 - Loss: 84.31082212862795
Epoch: 64 - Loss: 81.65292638972703
Epoch: 65 - Loss: 85.111141910692
Epoch: 66 - Loss: 80.03636211304139
Epoch: 67 - Loss: 81.31711023495544
Epoch: 68 - Loss: 81.29980381245292
Epoch: 69 - Loss: 81.22895633237333
Epoch: 70 - Loss: 81.06077728329032
Epoch: 71 - Loss: 79.74242186821917
Epoch: 72 - Loss: 77.51086200694859
Epoch: 73 - Loss: 78.68735296594004
Epoch: 74 - Loss: 79.94879447448639
Epoch: 75 - Loss: 77.20636112862657
Epoch: 76 - Loss: 77.50599102311723
Epoch: 77 - Loss: 78.25231760085549
Epoch: 78 - Loss: 78.60365694906686
Epoch: 79 - Loss: 78.09624268771219
Epoch: 80 - Loss: 76.56059456863167
Epoch: 81 - Loss: 74.43733758743491
Epoch: 82 - Loss: 75.40439287365231
Epoch: 83 - Loss: 70.82109248305028
Epoch: 84 - Loss: 66.11062379421
Epoch: 85 - Loss: 69.58719476552164
Epoch: 86 - Loss: 70.31737404217078
Epoch: 87 - Loss: 70.0924172909312
Epoch: 88 - Loss: 69.76960794556103
Epoch: 89 - Loss: 71.11289026632689
Epoch: 90 - Loss: 69.70200634594453
Epoch: 91 - Loss: 70.28382752406887
Epoch: 92 - Loss: 70.50901653370099
Epoch: 93 - Loss: 70.18972429547416
Epoch: 94 - Loss: 69.61092921975072
Epoch: 95 - Loss: 69.83277334135393
Epoch: 96 - Loss: 70.35174797460803
Epoch: 97 - Loss: 69.69810763630379
Epoch: 98 - Loss: 69.99253717907088
Epoch: 99 - Loss: 69.92410286919487
Epoch: 100 - Loss: 69.45750736212645
Epoch: 101 - Loss: 69.08475851152204
Epoch: 102 - Loss: 69.68580433331314
Epoch: 103 - Loss: 69.13252252133975
Epoch: 104 - Loss: 69.29137171106127
Epoch: 105 - Loss: 69.44024214058109
Epoch: 106 - Loss: 69.23346529072437
Epoch: 107 - Loss: 68.96023768035309
Epoch: 108 - Loss: 69.14214609275719
NON-FINITE LOSS: retcode=Unstable npoints=6 expected=6
NON-FINITE LOSS: retcode=Unstable npoints=5 expected=6
Epoch: 109 - Loss: 1.0e6
NON-FINITE LOSS: retcode=Unstable npoints=6 expected=6
NON-FINITE LOSS: retcode=Unstable npoints=4 expected=6
Epoch: 110 - Loss: 1.0e6
NON-FINITE LOSS: retcode=Unstable npoints=6 expected=6
NON-FINITE LOSS: retcode=Unstable npoints=3 expected=6
Epoch: 111 - Loss: 1.0e6
NON-FINITE LOSS: retcode=Unstable npoints=6 expected=6
NON-FINITE LOSS: retcode=Unstable npoints=3 expected=6
Epoch: 112 - Loss: 1.0e6
NON-FINITE LOSS: retcode=Unstable npoints=6 expected=6
NON-FINITE LOSS: retcode=Unstable npoints=3 expected=6
Epoch: 113 - Loss: 1.0e6
NON-FINITE LOSS: retcode=Unstable npoints=6 expected=6
NON-FINITE LOSS: retcode=Unstable npoints=2 expected=6
Epoch: 114 - Loss: 1.0e6
Epoch: 1 - Loss: 192.192516511237
Epoch: 2 - Loss: 188.003378640944
Epoch: 3 - Loss: 186.18208301794323
Epoch: 4 - Loss: 184.73740658168907
Epoch: 5 - Loss: 184.32708373316706
Epoch: 6 - Loss: 182.24225099817625
Epoch: 7 - Loss: 180.62155127613738
Epoch: 8 - Loss: 178.89186431996418
Epoch: 9 - Loss: 172.7055593316218
Epoch: 10 - Loss: 170.68235770031262
Epoch: 11 - Loss: 173.96418346061682
Epoch: 12 - Loss: 172.53539971722546
Epoch: 13 - Loss: 170.50490522652558
Epoch: 14 - Loss: 168.53968623970104
Epoch: 15 - Loss: 166.77163133895368
Epoch: 16 - Loss: 164.47895377955228
Epoch: 17 - Loss: 168.24747779702744
Epoch: 18 - Loss: 159.65349556823833
Epoch: 19 - Loss: 161.2149151138283
Epoch: 20 - Loss: 155.4783360857792
Epoch: 21 - Loss: 154.14302311322496
Epoch: 22 - Loss: 151.85632670438267
Epoch: 23 - Loss: 152.64183070306547
Epoch: 24 - Loss: 145.2374178354414
Epoch: 25 - Loss: 122.36130188578177
Epoch: 26 - Loss: 119.50883319021503
Epoch: 27 - Loss: 124.7253562005026
Epoch: 28 - Loss: 129.35481654795302
Epoch: 29 - Loss: 88.38007748600091
Epoch: 30 - Loss: 85.0351942498765
Epoch: 31 - Loss: 80.67274734445759
Epoch: 32 - Loss: 84.43503310357045
Epoch: 33 - Loss: 83.86667070451168
Epoch: 34 - Loss: 83.40741114276331
Epoch: 35 - Loss: 81.41648444178318
Epoch: 36 - Loss: 89.20877311615607
Epoch: 37 - Loss: 81.6750030437942
Epoch: 38 - Loss: 90.5737803760216
Epoch: 39 - Loss: 90.77993136249727
Epoch: 40 - Loss: 90.79325248438634
Epoch: 41 - Loss: 90.71480104217915
Epoch: 42 - Loss: 90.56069842508204
Epoch: 43 - Loss: 90.34614338072419
Epoch: 44 - Loss: 90.09114159749295
Epoch: 45 - Loss: 89.82100831727001
Epoch: 46 - Loss: 89.56023223235644
Epoch: 47 - Loss: 89.3085662842055
Epoch: 48 - Loss: 89.04418867146157
Epoch: 49 - Loss: 88.77596044622794
Epoch: 50 - Loss: 88.50328376718372
Epoch: 51 - Loss: 88.20027732315825
Epoch: 52 - Loss: 87.85260913309291
Epoch: 53 - Loss: 87.47215001304825
Epoch: 54 - Loss: 87.0827029233274
Epoch: 55 - Loss: 86.72029190434608
Epoch: 56 - Loss: 86.39457075311171
Epoch: 57 - Loss: 86.08730880371337
Epoch: 58 - Loss: 85.7446481882407
Epoch: 59 - Loss: 85.19128667936454
NON-FINITE LOSS: retcode=Unstable npoints=6 expected=6
NON-FINITE LOSS: retcode=Unstable npoints=5 expected=6
Epoch: 60 - Loss: 1.0e6
Epoch: 61 - Loss: 73.98713171525262
NON-FINITE LOSS: retcode=Unstable npoints=6 expected=6
NON-FINITE LOSS: retcode=Unstable npoints=5 expected=6
Epoch: 62 - Loss: 1.0e6
Epoch: 63 - Loss: 81.79456769183344
Epoch: 64 - Loss: 81.55837603647022
Epoch: 65 - Loss: 79.24236000718983
Epoch: 66 - Loss: 82.8582237539661
Epoch: 67 - Loss: 78.19726356679942
Epoch: 68 - Loss: 79.538429151998
Epoch: 69 - Loss: 80.42809652040563
Epoch: 70 - Loss: 79.75831877292049
Epoch: 71 - Loss: 79.54370352915025
Epoch: 72 - Loss: 79.93074342943393
Epoch: 73 - Loss: 80.6454619261315
Epoch: 74 - Loss: 81.34848320313039
Epoch: 75 - Loss: 82.80438569633138
Epoch: 76 - Loss: 85.0864917236444
Epoch: 77 - Loss: 85.70998013186644
Epoch: 78 - Loss: 86.5618745897079
Epoch: 79 - Loss: 88.60214114932019
Epoch: 80 - Loss: 91.240432325548
Epoch: 81 - Loss: 93.53951615122303
Epoch: 82 - Loss: 95.152912452689
Epoch: 83 - Loss: 97.45293816907717
Epoch: 84 - Loss: 99.01600358315795
Epoch: 85 - Loss: 92.63802957679421
Epoch: 86 - Loss: 113.26813201821803
Epoch: 87 - Loss: 122.9875079049229
Epoch: 88 - Loss: 130.7345013189676
Epoch: 89 - Loss: 141.88059195581695
Epoch: 90 - Loss: 154.17043760096087
NON-FINITE LOSS: retcode=Unstable npoints=6 expected=6
NON-FINITE LOSS: retcode=Unstable npoints=5 expected=6
Epoch: 91 - Loss: 1.0e6
NON-FINITE LOSS: retcode=Unstable npoints=6 expected=6
NON-FINITE LOSS: retcode=Unstable npoints=5 expected=6
Epoch: 92 - Loss: 1.0e6
NON-FINITE LOSS: retcode=Unstable npoints=6 expected=6
NON-FINITE LOSS: retcode=Unstable npoints=5 expected=6
Epoch: 93 - Loss: 1.0e6
NON-FINITE LOSS: retcode=Unstable npoints=6 expected=6
NON-FINITE LOSS: retcode=Unstable npoints=5 expected=6
Epoch: 94 - Loss: 1.0e6
NON-FINITE LOSS: retcode=Unstable npoints=6 expected=6
NON-FINITE LOSS: retcode=Unstable npoints=5 expected=6
Epoch: 95 - Loss: 1.0e6
NON-FINITE LOSS: retcode=Unstable npoints=6 expected=6
NON-FINITE LOSS: retcode=Unstable npoints=5 expected=6
Epoch: 96 - Loss: 1.0e6
Epoch: 1 - Loss: 195.36262101948427
Epoch: 2 - Loss: 195.34899027165065
Epoch: 3 - Loss: 195.33559661933577
Epoch: 4 - Loss: 195.3224589753833
Epoch: 5 - Loss: 195.30955741810135
Epoch: 6 - Loss: 195.2968724385898
Epoch: 7 - Loss: 195.28432759888216
Epoch: 8 - Loss: 195.27185126199188
Epoch: 9 - Loss: 195.25934097334576
Epoch: 10 - Loss: 195.24675837831188
Epoch: 11 - Loss: 195.2340943851444
Epoch: 12 - Loss: 195.22138898767878
Epoch: 13 - Loss: 195.2086774164553
Epoch: 14 - Loss: 195.1959996835699
Epoch: 15 - Loss: 195.18336407286446
Epoch: 16 - Loss: 195.17078289275105
Epoch: 17 - Loss: 195.15824345767322
Epoch: 18 - Loss: 195.14572911419117
Epoch: 19 - Loss: 195.13322214237388
Epoch: 20 - Loss: 195.12070146033864
Epoch: 21 - Loss: 195.10816214307707
Epoch: 22 - Loss: 195.09560279768894
Epoch: 23 - Loss: 195.0830351380716
Epoch: 24 - Loss: 195.07046777516095
Epoch: 25 - Loss: 195.0579137908411
Epoch: 26 - Loss: 195.04537655692218
Epoch: 27 - Loss: 195.03285516911356
Epoch: 28 - Loss: 195.02035824688602
Epoch: 29 - Loss: 195.00786813381845
Epoch: 30 - Loss: 194.99539367515771
Epoch: 31 - Loss: 194.98291715114308
Epoch: 32 - Loss: 194.97043790636806
Epoch: 33 - Loss: 194.95795689771836
Epoch: 34 - Loss: 194.94547786044822
Epoch: 35 - Loss: 194.9330036594104
Epoch: 36 - Loss: 194.9205493072931
Epoch: 37 - Loss: 194.90810068037723
Epoch: 38 - Loss: 194.89566379739773
Epoch: 39 - Loss: 194.88323691571802
Epoch: 40 - Loss: 194.8708164617385
Epoch: 41 - Loss: 194.85839956710038
Epoch: 42 - Loss: 194.8459846524041
Epoch: 43 - Loss: 194.83357224345454
Epoch: 44 - Loss: 194.8211643255038
Epoch: 45 - Loss: 194.80876337004378
Epoch: 46 - Loss: 194.7963706818543
Epoch: 47 - Loss: 194.78398155975353
Epoch: 48 - Loss: 194.77160861865286
Epoch: 49 - Loss: 194.75924168403301
Epoch: 50 - Loss: 194.7468802678528
Epoch: 51 - Loss: 194.73452380240056
Epoch: 52 - Loss: 194.7221721892203
Epoch: 53 - Loss: 194.70982623330585
Epoch: 54 - Loss: 194.69748674493133
Epoch: 55 - Loss: 194.68515449012622
Epoch: 56 - Loss: 194.67282984565148
Epoch: 57 - Loss: 194.66051262259865
Epoch: 58 - Loss: 194.64820210684437
Epoch: 59 - Loss: 194.63589768896105
Epoch: 60 - Loss: 194.62359915662338
Epoch: 61 - Loss: 194.61130582791301
Epoch: 62 - Loss: 194.59901834121652
Epoch: 63 - Loss: 194.58673717078764
Epoch: 64 - Loss: 194.57445750937464
Epoch: 65 - Loss: 194.56218992781606
Epoch: 66 - Loss: 194.5499292432525
Epoch: 67 - Loss: 194.53767486968508
Epoch: 68 - Loss: 194.52542671980225
Epoch: 69 - Loss: 194.51318452083657
Epoch: 70 - Loss: 194.5009496119217
Epoch: 71 - Loss: 194.48872038195623
Epoch: 72 - Loss: 194.4764968157079
Epoch: 73 - Loss: 194.46428002319502
Epoch: 74 - Loss: 194.4520694353798
Epoch: 75 - Loss: 194.43986461741082
Epoch: 76 - Loss: 194.427667677429
Epoch: 77 - Loss: 194.4154753725146
Epoch: 78 - Loss: 194.403289063501
Epoch: 79 - Loss: 194.39111327622192
Epoch: 80 - Loss: 194.3789395195601
Epoch: 81 - Loss: 194.36677194194735
Epoch: 82 - Loss: 194.35461063342345
Epoch: 83 - Loss: 194.3424553841145
Epoch: 84 - Loss: 194.33030631293244
Epoch: 85 - Loss: 194.31816326982167
Epoch: 86 - Loss: 194.30602626534517
Epoch: 87 - Loss: 194.2938952691639
Epoch: 88 - Loss: 194.28177035394282
Epoch: 89 - Loss: 194.26965151447777
Epoch: 90 - Loss: 194.25753867676053
Epoch: 91 - Loss: 194.24543181914225
Epoch: 92 - Loss: 194.233330901898
Epoch: 93 - Loss: 194.2212350888893
Epoch: 94 - Loss: 194.20914590655553
Epoch: 95 - Loss: 194.1970625832101
Epoch: 96 - Loss: 194.18498523940187
Epoch: 97 - Loss: 194.17291380190017
Epoch: 98 - Loss: 194.16084818823282
Epoch: 99 - Loss: 194.1487884033508
Epoch: 100 - Loss: 194.13673450163768
Epoch: 101 - Loss: 194.12468627191714
Epoch: 102 - Loss: 194.1126438223851
Epoch: 103 - Loss: 194.10060723578462
Epoch: 104 - Loss: 194.08857627930615
Epoch: 105 - Loss: 194.0765509597878
Epoch: 106 - Loss: 194.06453132602178
Epoch: 107 - Loss: 194.05251730685785
Epoch: 108 - Loss: 194.04050886687716
Epoch: 109 - Loss: 194.02850603969324
Epoch: 110 - Loss: 194.01650879460564
Epoch: 111 - Loss: 194.00451708037
Epoch: 112 - Loss: 193.9925310098804
Epoch: 113 - Loss: 193.98055038532118
Epoch: 114 - Loss: 193.968575290923
Epoch: 115 - Loss: 193.95660618818997
Epoch: 116 - Loss: 193.9446420805209
Epoch: 117 - Loss: 193.93268323778983
Epoch: 118 - Loss: 193.92072955329547
Epoch: 119 - Loss: 193.90878138208785
Epoch: 120 - Loss: 193.89683877045823
Epoch: 121 - Loss: 193.88490141054976
Epoch: 122 - Loss: 193.87296931165224
Epoch: 123 - Loss: 193.86104241177776
Epoch: 124 - Loss: 193.8491208055145
Epoch: 125 - Loss: 193.83720491179355
Epoch: 126 - Loss: 193.82529371168465
Epoch: 127 - Loss: 193.8133876522949
Epoch: 128 - Loss: 193.80148668965973
Epoch: 129 - Loss: 193.78959086105027
Epoch: 130 - Loss: 193.7777000818821
Epoch: 131 - Loss: 193.76581436530049
Epoch: 132 - Loss: 193.75393362599598
Epoch: 133 - Loss: 193.74205789604733
Epoch: 134 - Loss: 193.73018709777142
Epoch: 135 - Loss: 193.7183205411747
Epoch: 136 - Loss: 193.7064596142841
Epoch: 137 - Loss: 193.69460410255112
Epoch: 138 - Loss: 193.6827529136249
Epoch: 139 - Loss: 193.67090659569988
Epoch: 140 - Loss: 193.65906507084816
Epoch: 141 - Loss: 193.6472283471079
Epoch: 142 - Loss: 193.63539636561674
Epoch: 143 - Loss: 193.6235702025262
Epoch: 144 - Loss: 193.61174776052852
Epoch: 145 - Loss: 193.5999297897632
Epoch: 146 - Loss: 193.58811660343363
Epoch: 147 - Loss: 193.5763075525088
Epoch: 148 - Loss: 193.56450344940663
Epoch: 149 - Loss: 193.55270397817296
Epoch: 150 - Loss: 193.54090841691982
Epoch: 151 - Loss: 193.52911895938232
Epoch: 152 - Loss: 193.51733317123887
Epoch: 153 - Loss: 193.50555185174946
Epoch: 154 - Loss: 193.49377579316123
Epoch: 155 - Loss: 193.48200373374166
Epoch: 156 - Loss: 193.47023568793477
Epoch: 157 - Loss: 193.45847270376368
Epoch: 158 - Loss: 193.44671279830263
Epoch: 159 - Loss: 193.43495842007601
Epoch: 160 - Loss: 193.423207477555
Epoch: 161 - Loss: 193.41146158726082
Epoch: 162 - Loss: 193.39972004486705
Epoch: 163 - Loss: 193.38798449738601
Epoch: 164 - Loss: 193.37625147033563
Epoch: 165 - Loss: 193.3645227702926
Epoch: 166 - Loss: 193.35279840797358
Epoch: 167 - Loss: 193.34107834103025
Epoch: 168 - Loss: 193.32936244858172
Epoch: 169 - Loss: 193.3176507495467
Epoch: 170 - Loss: 193.30594332967823
Epoch: 171 - Loss: 193.29424010065364
Epoch: 172 - Loss: 193.2825410117106
Epoch: 173 - Loss: 193.2708460698814
Epoch: 174 - Loss: 193.25915533252416
Epoch: 175 - Loss: 193.2474687410553
Epoch: 176 - Loss: 193.23579885715998
Epoch: 177 - Loss: 193.2241176281823
Epoch: 178 - Loss: 193.21244333599773
Epoch: 179 - Loss: 193.20077373841661
Epoch: 180 - Loss: 193.1891077131858
Epoch: 181 - Loss: 193.17744576690706
Epoch: 182 - Loss: 193.1657878463692
Epoch: 183 - Loss: 193.15413396704264
Epoch: 184 - Loss: 193.14247023282252
Epoch: 185 - Loss: 193.13082434819054
Epoch: 186 - Loss: 193.1191815052273
Epoch: 187 - Loss: 193.10754454457535
Epoch: 188 - Loss: 193.09591060961762
Epoch: 189 - Loss: 193.0842804753706
Epoch: 190 - Loss: 193.0726544249366
Epoch: 191 - Loss: 193.06103219648713
Epoch: 192 - Loss: 193.04941500380733
Epoch: 193 - Loss: 193.03780073837535
Epoch: 194 - Loss: 193.02619033584534
Epoch: 195 - Loss: 193.01458386488167
Epoch: 196 - Loss: 193.00298117977735
Epoch: 197 - Loss: 192.9913824349293
Epoch: 198 - Loss: 192.97978756564112
Epoch: 199 - Loss: 192.9682087156989
Epoch: 200 - Loss: 192.9566215404704
Epoch: 201 - Loss: 192.94503815506215
Epoch: 202 - Loss: 192.93345856087004
Epoch: 203 - Loss: 192.92188276683575
Epoch: 204 - Loss: 192.91031069532906
Epoch: 205 - Loss: 192.8987424615426
Epoch: 206 - Loss: 192.8871779387843
Epoch: 207 - Loss: 192.8756172033463
Epoch: 208 - Loss: 192.86405601783667
Epoch: 209 - Loss: 192.8525031031437
Epoch: 210 - Loss: 192.84095358013076
Epoch: 211 - Loss: 192.82940726380238
Epoch: 212 - Loss: 192.81786505507344
Epoch: 213 - Loss: 192.80632641407624
Epoch: 214 - Loss: 192.7947856636172
Epoch: 215 - Loss: 192.78325437116982
Epoch: 216 - Loss: 192.7717266734782
Epoch: 217 - Loss: 192.76020244853495
Epoch: 218 - Loss: 192.7486819497366
Epoch: 219 - Loss: 192.73716502297586
Epoch: 220 - Loss: 192.72565170052857
Epoch: 221 - Loss: 192.71414186531626
Epoch: 222 - Loss: 192.70263561629852
Epoch: 223 - Loss: 192.6911328970064
Epoch: 224 - Loss: 192.679633693302
Epoch: 225 - Loss: 192.66813798556396
Epoch: 226 - Loss: 192.65664579153392
Epoch: 227 - Loss: 192.64515724162965
Epoch: 228 - Loss: 192.63367197560075
Epoch: 229 - Loss: 192.62219012309546
Epoch: 230 - Loss: 192.6107116542713
Epoch: 231 - Loss: 192.59923659544532
Epoch: 232 - Loss: 192.58776494701394
Epoch: 233 - Loss: 192.5762965573995
Epoch: 234 - Loss: 192.56483157784336
Epoch: 235 - Loss: 192.55336996543772
Epoch: 236 - Loss: 192.54191168331246
Epoch: 237 - Loss: 192.53045671897019
Epoch: 238 - Loss: 192.51900523103856
Epoch: 239 - Loss: 192.50755680330406
Epoch: 240 - Loss: 192.49611164123334
Epoch: 241 - Loss: 192.48466974445998
Epoch: 242 - Loss: 192.4732307313792
Epoch: 243 - Loss: 192.46179554099592
Epoch: 244 - Loss: 192.4503631774549
Epoch: 245 - Loss: 192.43893407717493
Epoch: 246 - Loss: 192.42750805368271
Epoch: 247 - Loss: 192.4160851043514
Epoch: 248 - Loss: 192.40466531596584
Epoch: 249 - Loss: 192.39324854007953
Epoch: 250 - Loss: 192.38183489019255
Epoch: 251 - Loss: 192.37042444450412
Epoch: 252 - Loss: 192.35901681827576
Epoch: 253 - Loss: 192.34761106194858
Epoch: 254 - Loss: 192.3362093633485
Epoch: 255 - Loss: 192.32481066726717
Epoch: 256 - Loss: 192.31341494369752
Epoch: 257 - Loss: 192.30202210734683
Epoch: 258 - Loss: 192.2906319745505
Epoch: 259 - Loss: 192.27924496366194
Epoch: 260 - Loss: 192.26786080047307
Epoch: 261 - Loss: 192.25647963480475
Epoch: 262 - Loss: 192.24510236698708
Epoch: 263 - Loss: 192.23372765991874
Epoch: 264 - Loss: 192.2223553367234
Epoch: 265 - Loss: 192.2109851260195
Epoch: 266 - Loss: 192.19961761353267
Epoch: 267 - Loss: 192.1882527951325
Epoch: 268 - Loss: 192.17689060895887
Epoch: 269 - Loss: 192.1655310700267
Epoch: 270 - Loss: 192.1541741404428
Epoch: 271 - Loss: 192.1428197836585
Epoch: 272 - Loss: 192.13146798012792
Epoch: 273 - Loss: 192.12011866565044
Epoch: 274 - Loss: 192.10877190310927
Epoch: 275 - Loss: 192.0974272880094
Epoch: 276 - Loss: 192.08608476945258
Epoch: 277 - Loss: 192.07474534751793
Epoch: 278 - Loss: 192.06340832090552
Epoch: 279 - Loss: 192.05207365370273
Epoch: 280 - Loss: 192.04074132046944
Epoch: 281 - Loss: 192.02941129566975
Epoch: 282 - Loss: 192.0180835369896
Epoch: 283 - Loss: 192.00675790963845
Epoch: 284 - Loss: 191.9954342808294
Epoch: 285 - Loss: 191.98411318965236
Epoch: 286 - Loss: 191.97279447487242
Epoch: 287 - Loss: 191.9614776559336
Epoch: 288 - Loss: 191.9501627662749
Epoch: 289 - Loss: 191.93885004363776
Epoch: 290 - Loss: 191.92753962790215
Epoch: 291 - Loss: 191.9162308635925
Epoch: 292 - Loss: 191.90492397208624
Epoch: 293 - Loss: 191.89361970919583
Epoch: 294 - Loss: 191.88231669151264
Epoch: 295 - Loss: 191.8710155992038
Epoch: 296 - Loss: 191.8597161504768
Epoch: 297 - Loss: 191.8484185373887
Epoch: 298 - Loss: 191.83712259960996
Epoch: 299 - Loss: 191.82582828649672
Epoch: 300 - Loss: 191.8145356832393
Epoch: 1 - Loss: 196.72900349494554
Epoch: 2 - Loss: 194.3736104312263
Epoch: 3 - Loss: 193.01927764214142
Epoch: 4 - Loss: 191.65095920271997
Epoch: 5 - Loss: 191.5584389025019
Epoch: 6 - Loss: 190.3488584193397
Epoch: 7 - Loss: 189.21687065604343
Epoch: 8 - Loss: 188.52532517831142
Epoch: 9 - Loss: 187.71643966862015
Epoch: 10 - Loss: 186.58549991320743
Epoch: 11 - Loss: 185.4212433113876
Epoch: 12 - Loss: 184.24573522354075
Epoch: 13 - Loss: 182.95215512099702
Epoch: 14 - Loss: 181.99847825234002
Epoch: 15 - Loss: 179.04686208942604
Epoch: 16 - Loss: 170.5664717170619
Epoch: 17 - Loss: 145.3950251601862
Epoch: 18 - Loss: 122.44558464686875
Epoch: 19 - Loss: 120.42577047058293
Epoch: 20 - Loss: 120.64659860556439
Epoch: 21 - Loss: 113.2511921415581
Epoch: 22 - Loss: 114.00241255419354
Epoch: 23 - Loss: 119.18969908556299
Epoch: 24 - Loss: 114.16088178967883
NON-FINITE LOSS: retcode=Unstable npoints=6 expected=6
NON-FINITE LOSS: retcode=Unstable npoints=5 expected=6
Epoch: 25 - Loss: 1.0e6
NON-FINITE LOSS: retcode=Unstable npoints=6 expected=6
NON-FINITE LOSS: retcode=Unstable npoints=5 expected=6
Epoch: 26 - Loss: 1.0e6
NON-FINITE LOSS: retcode=Unstable npoints=6 expected=6
NON-FINITE LOSS: retcode=Unstable npoints=4 expected=6
Epoch: 27 - Loss: 1.0e6
NON-FINITE LOSS: retcode=Unstable npoints=6 expected=6
NON-FINITE LOSS: retcode=Unstable npoints=4 expected=6
Epoch: 28 - Loss: 1.0e6
NON-FINITE LOSS: retcode=Unstable npoints=6 expected=6
NON-FINITE LOSS: retcode=Unstable npoints=4 expected=6
Epoch: 29 - Loss: 1.0e6
NON-FINITE LOSS: retcode=Unstable npoints=6 expected=6
NON-FINITE LOSS: retcode=Unstable npoints=4 expected=6
Epoch: 30 - Loss: 1.0e6
Epoch: 1 - Loss: 194.0259176307515
Epoch: 2 - Loss: 190.88389414798365
Epoch: 3 - Loss: 189.21064738416635
Epoch: 4 - Loss: 187.70761344614644
Epoch: 5 - Loss: 187.30881024031046
Epoch: 6 - Loss: 182.3185839084171
Epoch: 7 - Loss: 172.40549961212403
Epoch: 8 - Loss: 174.38501374807325
Epoch: 9 - Loss: 174.04738335911026
Epoch: 10 - Loss: 172.16225174714754
Epoch: 11 - Loss: 168.8738979590874
Epoch: 12 - Loss: 171.0434968110287
Epoch: 13 - Loss: 177.6557017828034
Epoch: 14 - Loss: 178.9037116644633
Epoch: 15 - Loss: 179.5353109266865
Epoch: 16 - Loss: 177.97186736561738
Epoch: 17 - Loss: 177.88782997874867
Epoch: 18 - Loss: 175.42220405006069
Epoch: 19 - Loss: 168.4521503423767
Epoch: 20 - Loss: 151.03396018463073
Epoch: 21 - Loss: 136.79730491610755
Epoch: 22 - Loss: 134.39072421134347
Epoch: 23 - Loss: 133.96119585653847
Epoch: 24 - Loss: 132.58937807624713
Epoch: 25 - Loss: 131.4095441728429
Epoch: 26 - Loss: 130.68169427344426
Epoch: 27 - Loss: 130.14832442825843
Epoch: 28 - Loss: 129.26417497323652
Epoch: 29 - Loss: 128.28892857849536
Epoch: 30 - Loss: 126.56342020108481
Epoch: 31 - Loss: 119.3757923106293
Epoch: 32 - Loss: 109.47915202826965
Epoch: 33 - Loss: 100.0456709065654
Epoch: 34 - Loss: 100.80058013541304
Epoch: 35 - Loss: 101.2671975567047
Epoch: 36 - Loss: 101.50987074321534
Epoch: 37 - Loss: 101.52500094626431
Epoch: 38 - Loss: 101.30931525736705
Epoch: 39 - Loss: 100.4121420704632
Epoch: 40 - Loss: 104.02165415810634
Epoch: 41 - Loss: 93.72030435614614
Epoch: 42 - Loss: 104.4309532507298
Epoch: 43 - Loss: 105.00944017826595
Epoch: 44 - Loss: 104.78727754637312
Epoch: 45 - Loss: 104.24057342090576
Epoch: 46 - Loss: 103.38583628908825
Epoch: 47 - Loss: 102.10771603237868
Epoch: 48 - Loss: 100.13991452699038
Epoch: 49 - Loss: 96.70346241530672
Epoch: 50 - Loss: 90.61962297786867
Epoch: 51 - Loss: 111.20339813590407
Epoch: 52 - Loss: 96.86620417212748
Epoch: 53 - Loss: 90.62948685644211
Epoch: 54 - Loss: 92.97624622930061
Epoch: 55 - Loss: 92.18173021950618
Epoch: 56 - Loss: 87.20705218844262
Epoch: 57 - Loss: 85.44637361780742
Epoch: 58 - Loss: 88.57136721912241
Epoch: 59 - Loss: 89.80529372666723
Epoch: 60 - Loss: 90.23375361212226
Epoch: 61 - Loss: 90.22191319113068
Epoch: 62 - Loss: 89.73096029159223
Epoch: 63 - Loss: 88.6367219413421
Epoch: 64 - Loss: 86.65546675601246
Epoch: 65 - Loss: 85.0389429206812
Epoch: 66 - Loss: 86.90634469172676
Epoch: 67 - Loss: 85.5099676233339
Epoch: 68 - Loss: 89.37509981417438
Epoch: 69 - Loss: 90.39895416317968
Epoch: 70 - Loss: 90.21280715555099
Epoch: 71 - Loss: 89.15618051491361
Epoch: 72 - Loss: 86.93877055219745
Epoch: 73 - Loss: 84.32700156799625
Epoch: 74 - Loss: 87.08297622995066
Epoch: 75 - Loss: 82.60333568297096
Epoch: 76 - Loss: 79.47488018057595
Epoch: 77 - Loss: 76.02271420327685
Epoch: 78 - Loss: 70.9799249876579
Epoch: 79 - Loss: 76.28769875783131
Epoch: 80 - Loss: 76.66786484958196
Epoch: 81 - Loss: 76.84799637939588
Epoch: 82 - Loss: 77.30642451432297
Epoch: 83 - Loss: 77.35287526044237
Epoch: 84 - Loss: 76.79020894628262
Epoch: 85 - Loss: 75.45118893468334
Epoch: 86 - Loss: 73.09439844296402
Epoch: 87 - Loss: 72.36542935319409
Epoch: 88 - Loss: 75.21027935956052
Epoch: 89 - Loss: 70.83534232764904
Epoch: 90 - Loss: 71.47864666261486
Epoch: 91 - Loss: 71.70969589909532
Epoch: 92 - Loss: 70.43519534821897
Epoch: 93 - Loss: 69.92111701701238
Epoch: 94 - Loss: 68.03846856576067
Epoch: 95 - Loss: 72.58430554283603
Epoch: 96 - Loss: 73.63482522385867
Epoch: 97 - Loss: 74.76703133794703
Epoch: 98 - Loss: 74.52894889537534
Epoch: 99 - Loss: 74.53123508129597
Epoch: 100 - Loss: 76.02898376133761
Epoch: 101 - Loss: 76.4055532939889
Epoch: 102 - Loss: 77.58134270229665
Epoch: 103 - Loss: 77.64709591243177
Epoch: 104 - Loss: 77.0380295919432
Epoch: 105 - Loss: 75.26612704838361
Epoch: 106 - Loss: 76.68725465562659
Epoch: 107 - Loss: 76.03452917144318
Epoch: 108 - Loss: 74.58229149153044
Epoch: 109 - Loss: 75.56730682581086
Epoch: 110 - Loss: 75.3461290489903
Epoch: 111 - Loss: 74.13327918470834
Epoch: 112 - Loss: 74.3316227379758
Epoch: 113 - Loss: 75.59875437922314
Epoch: 114 - Loss: 73.16032443353716
Epoch: 115 - Loss: 73.99983953158991
Epoch: 116 - Loss: 74.34362112223037
Epoch: 117 - Loss: 73.50150480819387
Epoch: 118 - Loss: 71.7232769967676
Epoch: 119 - Loss: 71.90526315334458
Epoch: 120 - Loss: 71.84259295792971
Epoch: 121 - Loss: 69.27424586093798
Epoch: 122 - Loss: 68.88802126846015
Epoch: 123 - Loss: 67.1392536662257
Epoch: 124 - Loss: 62.441087022308636
Epoch: 125 - Loss: 61.02732029382163
Epoch: 126 - Loss: 66.67442114582
Epoch: 127 - Loss: 59.8617281859939
Epoch: 128 - Loss: 62.270899014969906
Epoch: 129 - Loss: 61.730664779018895
Epoch: 130 - Loss: 59.790315636287
Epoch: 131 - Loss: 60.31001756481335
Epoch: 132 - Loss: 60.52886417035393
Epoch: 133 - Loss: 60.407052828479635
Epoch: 134 - Loss: 60.56458022797786
Epoch: 135 - Loss: 59.875761478259044
Epoch: 136 - Loss: 59.78764117449053
Epoch: 137 - Loss: 59.264508941990144
Epoch: 138 - Loss: 60.20662592313663
Epoch: 139 - Loss: 58.91364761732985
Epoch: 140 - Loss: 59.300014196034084
Epoch: 141 - Loss: 61.08107734467144
Epoch: 142 - Loss: 57.888609627373555
Epoch: 143 - Loss: 59.8467059641723
Epoch: 144 - Loss: 61.20745593059235
Epoch: 145 - Loss: 61.48413245193452
Epoch: 146 - Loss: 61.186152373664925
Epoch: 147 - Loss: 59.62412483478206
Epoch: 148 - Loss: 57.55824556616494
Epoch: 149 - Loss: 58.88869983551993
Epoch: 150 - Loss: 60.318213113017926
Epoch: 151 - Loss: 57.79511162118425
Epoch: 152 - Loss: 58.681016175209905
Epoch: 153 - Loss: 59.2751029901274
Epoch: 154 - Loss: 59.347235707369045
Epoch: 155 - Loss: 58.749630016410954
Epoch: 156 - Loss: 57.54312158102518
Epoch: 157 - Loss: 58.56437522826655
Epoch: 158 - Loss: 59.841844174558595
Epoch: 159 - Loss: 57.164196975252345
Epoch: 160 - Loss: 58.21417791030654
Epoch: 161 - Loss: 59.54024789251886
Epoch: 162 - Loss: 59.854290412559
Epoch: 163 - Loss: 59.37363256807681
Epoch: 164 - Loss: 58.296550995409554
Epoch: 165 - Loss: 56.91709369718815
Epoch: 166 - Loss: 58.40479555720176
Epoch: 167 - Loss: 59.50847837428128
Epoch: 168 - Loss: 56.92358893404927
Epoch: 169 - Loss: 57.82963043313438
Epoch: 170 - Loss: 58.932484457792725
Epoch: 171 - Loss: 59.260324726011824
Epoch: 172 - Loss: 58.87605876411246
Epoch: 173 - Loss: 57.78186420065987
Epoch: 174 - Loss: 56.55846415599964
Epoch: 175 - Loss: 58.086910580819136
Epoch: 176 - Loss: 58.656659907634996
Epoch: 177 - Loss: 56.76261582301779
Epoch: 178 - Loss: 57.42644549344765
Epoch: 179 - Loss: 58.42716834308765
Epoch: 180 - Loss: 58.672832765836255
Epoch: 181 - Loss: 58.25491581934266
Epoch: 182 - Loss: 57.20225748207952
Epoch: 183 - Loss: 56.42440349662754
Epoch: 184 - Loss: 57.665231035485654
Epoch: 185 - Loss: 57.81780045234306
Epoch: 186 - Loss: 56.63896899021633
Epoch: 187 - Loss: 56.96596745265193
Epoch: 188 - Loss: 57.866072531214805
Epoch: 189 - Loss: 58.03329004346668
Epoch: 190 - Loss: 57.53245282045667
Epoch: 191 - Loss: 56.518172769432375
Epoch: 192 - Loss: 56.75173164317253
Epoch: 193 - Loss: 56.68755158486918
Epoch: 194 - Loss: 56.302431805746885
Epoch: 195 - Loss: 56.87110391961096
Epoch: 196 - Loss: 56.89936397622908
Epoch: 197 - Loss: 56.3948400662338
Epoch: 198 - Loss: 56.000738091874986
Epoch: 199 - Loss: 56.8934027718343
Epoch: 200 - Loss: 55.96486015273159
Epoch: 201 - Loss: 56.42490185223611
Epoch: 202 - Loss: 56.562447087557715
Epoch: 203 - Loss: 56.22572050488734
Epoch: 204 - Loss: 55.8474471946235
Epoch: 205 - Loss: 56.41231737646777
Epoch: 206 - Loss: 55.83668657667723
Epoch: 207 - Loss: 55.94718204293424
Epoch: 208 - Loss: 56.099232491675814
Epoch: 209 - Loss: 55.9488770480248
Epoch: 210 - Loss: 55.730510269328214
Epoch: 211 - Loss: 55.94025237667835
Epoch: 212 - Loss: 55.770091553921155
Epoch: 213 - Loss: 55.69584881748699
Epoch: 214 - Loss: 55.79933584048
Epoch: 215 - Loss: 55.74220006588074
Epoch: 216 - Loss: 55.607116310851126
Epoch: 217 - Loss: 55.673238116639524
Epoch: 218 - Loss: 55.62219106112467
Epoch: 219 - Loss: 55.53350314708449
Epoch: 220 - Loss: 55.58504552948763
Epoch: 221 - Loss: 55.55122839573536
Epoch: 222 - Loss: 55.463283641354195
Epoch: 223 - Loss: 55.49158560745773
Epoch: 224 - Loss: 55.462296535968214
Epoch: 225 - Loss: 55.40083502321892
Epoch: 226 - Loss: 55.421080332829725
Epoch: 227 - Loss: 55.39249019848409
Epoch: 228 - Loss: 55.337716254755755
Epoch: 229 - Loss: 55.34850136687013
Epoch: 230 - Loss: 55.31806855705415
Epoch: 231 - Loss: 55.27927341143068
Epoch: 232 - Loss: 55.28222622082704
Epoch: 233 - Loss: 55.25362286235548
Epoch: 234 - Loss: 55.21809470564107
Epoch: 235 - Loss: 55.21678042558549
Epoch: 236 - Loss: 55.186356045045954
Epoch: 237 - Loss: 55.16013437257154
Epoch: 238 - Loss: 55.15256221489689
Epoch: 239 - Loss: 55.12488568540459
Epoch: 240 - Loss: 55.09996368359489
Epoch: 241 - Loss: 55.09016569443351
Epoch: 242 - Loss: 55.06290185643287
Epoch: 243 - Loss: 55.04262580106047
Epoch: 244 - Loss: 55.02909238678671
Epoch: 245 - Loss: 55.003873125332795
Epoch: 246 - Loss: 54.984099016326354
Epoch: 247 - Loss: 54.96936020844287
Epoch: 248 - Loss: 54.94528067925991
Epoch: 249 - Loss: 54.92741821173497
Epoch: 250 - Loss: 54.910876900449914
Epoch: 251 - Loss: 54.88857045562908
Epoch: 252 - Loss: 54.871017770098426
Epoch: 253 - Loss: 54.85392369125794
Epoch: 254 - Loss: 54.83269287189764
Epoch: 255 - Loss: 54.81571004844889
Epoch: 256 - Loss: 54.79803756651066
Epoch: 257 - Loss: 54.77798324263481
Epoch: 258 - Loss: 54.761142385321676
Epoch: 259 - Loss: 54.74330874187464
Epoch: 260 - Loss: 54.72422040926593
Epoch: 261 - Loss: 54.70760982018134
Epoch: 262 - Loss: 54.68982977675035
Epoch: 263 - Loss: 54.67157595930737
Epoch: 264 - Loss: 54.655137010613885
Epoch: 265 - Loss: 54.63760198770104
Epoch: 266 - Loss: 54.62016403154569
Epoch: 267 - Loss: 54.60392702344086
Epoch: 268 - Loss: 54.586791588855434
Epoch: 269 - Loss: 54.570027960915326
Epoch: 270 - Loss: 54.55417060192292
Epoch: 271 - Loss: 54.53992358762463
Epoch: 272 - Loss: 54.528623086819834
Epoch: 273 - Loss: 54.51519552966237
Epoch: 274 - Loss: 54.48974312234296
Epoch: 275 - Loss: 54.47486448626757
Epoch: 276 - Loss: 54.4592556765148
Epoch: 277 - Loss: 54.44351164431603
Epoch: 278 - Loss: 54.42863334574146
Epoch: 279 - Loss: 54.41388846136024
Epoch: 280 - Loss: 54.39912847421416
Epoch: 281 - Loss: 54.385028746403655
Epoch: 282 - Loss: 54.373473417663284
Epoch: 283 - Loss: 54.3567336430356
Epoch: 284 - Loss: 54.34304505379172
Epoch: 285 - Loss: 54.329475116155706
Epoch: 286 - Loss: 54.31613407529478
Epoch: 287 - Loss: 54.303164516096665
Epoch: 288 - Loss: 54.290401594526514
Epoch: 289 - Loss: 54.27860932038013
Epoch: 290 - Loss: 54.269214261607424
Epoch: 291 - Loss: 54.26328002388781
Epoch: 292 - Loss: 54.24147966049853
Epoch: 293 - Loss: 54.22979307783997
Epoch: 294 - Loss: 54.21835660615939
Epoch: 295 - Loss: 54.20723047949951
Epoch: 296 - Loss: 54.196331137533925
Epoch: 297 - Loss: 54.1856288506284
Epoch: 298 - Loss: 54.17517969744539
Epoch: 299 - Loss: 54.16499969921464
Epoch: 300 - Loss: 54.154999185612816
Epoch: 1 - Loss: 197.7866953813311
Epoch: 2 - Loss: 197.0019874768587
Epoch: 3 - Loss: 196.32687715346458
Epoch: 4 - Loss: 195.93557185980347
Epoch: 5 - Loss: 195.94213719580975
Epoch: 6 - Loss: 195.69743457343372
Epoch: 7 - Loss: 195.30442337567516
Epoch: 8 - Loss: 194.98430029369865
Epoch: 9 - Loss: 194.75487570172902
Epoch: 10 - Loss: 194.55303484939859
Epoch: 11 - Loss: 194.3672931070931
Epoch: 12 - Loss: 194.16233807110132
Epoch: 13 - Loss: 193.92031675140888
Epoch: 14 - Loss: 193.63838302655213
Epoch: 15 - Loss: 193.319982481868
Epoch: 16 - Loss: 192.96743980890466
Epoch: 17 - Loss: 192.57412734468227
Epoch: 18 - Loss: 192.1245339606532
Epoch: 19 - Loss: 191.64250394326297
Epoch: 20 - Loss: 191.35912834708935
Epoch: 21 - Loss: 191.31669244732788
Epoch: 22 - Loss: 190.9712426270581
Epoch: 23 - Loss: 190.64030278631284
Epoch: 24 - Loss: 190.4798061879128
Epoch: 25 - Loss: 190.4233841399249
Epoch: 26 - Loss: 190.35419093535754
Epoch: 27 - Loss: 190.21318001724558
Epoch: 28 - Loss: 189.99640849418853
Epoch: 29 - Loss: 189.73150916261528
Epoch: 30 - Loss: 189.46448451686223
Epoch: 31 - Loss: 189.24038156729742
Epoch: 32 - Loss: 189.0637907160159
Epoch: 33 - Loss: 188.88579309374583
Epoch: 34 - Loss: 188.67517143335778
Epoch: 35 - Loss: 188.45843117698317
Epoch: 36 - Loss: 188.24912205396626
Epoch: 37 - Loss: 188.04875314244492
Epoch: 38 - Loss: 187.83574831798649
Epoch: 39 - Loss: 187.59242132722096
Epoch: 40 - Loss: 187.3144096143355
Epoch: 41 - Loss: 187.00933364918268
Epoch: 42 - Loss: 186.69341710120074
Epoch: 43 - Loss: 186.38425259033798
Epoch: 44 - Loss: 186.08499691887505
Epoch: 45 - Loss: 185.77405979730855
Epoch: 46 - Loss: 185.4253831500494
Epoch: 47 - Loss: 185.03903188701486
Epoch: 48 - Loss: 184.6341493109467
Epoch: 49 - Loss: 184.22165934195945
Epoch: 50 - Loss: 183.7989732614407
Epoch: 51 - Loss: 183.36680366662728
Epoch: 52 - Loss: 182.95228192832946
Epoch: 53 - Loss: 182.64674146621337
Epoch: 54 - Loss: 182.56556076600017
Epoch: 55 - Loss: 182.2887468057345
Epoch: 56 - Loss: 181.90753268376199
Epoch: 57 - Loss: 181.58259434215012
Epoch: 58 - Loss: 181.33277507106516
Epoch: 59 - Loss: 181.12949253721806
Epoch: 60 - Loss: 180.92421710573342
Epoch: 61 - Loss: 180.5106085949539
Epoch: 62 - Loss: 178.6755080735619
Epoch: 63 - Loss: 176.14357340283868
Epoch: 64 - Loss: 176.77995632871733
Epoch: 65 - Loss: 175.12568247112145
Epoch: 66 - Loss: 176.1303185465661
Epoch: 67 - Loss: 177.6557960429474
Epoch: 68 - Loss: 178.28483077686178
Epoch: 69 - Loss: 178.22973308432825
Epoch: 70 - Loss: 177.77106107004855
Epoch: 71 - Loss: 177.05582582895542
Epoch: 72 - Loss: 175.9352637372529
Epoch: 73 - Loss: 173.99221122838065
Epoch: 74 - Loss: 171.9764576897736
Epoch: 75 - Loss: 175.86645103996082
Epoch: 76 - Loss: 164.86228335867415
Epoch: 77 - Loss: 159.99128278802695
Epoch: 78 - Loss: 160.0599877506006
Epoch: 79 - Loss: 162.00718156835043
Epoch: 80 - Loss: 163.92978801892468
Epoch: 81 - Loss: 164.96936593071598
Epoch: 82 - Loss: 165.30258449660565
Epoch: 83 - Loss: 165.28325093946745
Epoch: 84 - Loss: 165.16915423775137
Epoch: 85 - Loss: 165.14632655856184
Epoch: 86 - Loss: 165.18130988013826
Epoch: 87 - Loss: 164.99041315320275
Epoch: 88 - Loss: 164.58899924921238
NON-FINITE LOSS: retcode=Unstable npoints=6 expected=6
NON-FINITE LOSS: retcode=Unstable npoints=5 expected=6
Epoch: 89 - Loss: 1.0e6
NON-FINITE LOSS: retcode=Unstable npoints=6 expected=6
NON-FINITE LOSS: retcode=Unstable npoints=5 expected=6
Epoch: 90 - Loss: 1.0e6
NON-FINITE LOSS: retcode=Unstable npoints=6 expected=6
NON-FINITE LOSS: retcode=Unstable npoints=5 expected=6
Epoch: 91 - Loss: 1.0e6
NON-FINITE LOSS: retcode=Unstable npoints=6 expected=6
NON-FINITE LOSS: retcode=Unstable npoints=5 expected=6
Epoch: 92 - Loss: 1.0e6
NON-FINITE LOSS: retcode=Unstable npoints=6 expected=6
NON-FINITE LOSS: retcode=Unstable npoints=5 expected=6
Epoch: 93 - Loss: 1.0e6
NON-FINITE LOSS: retcode=Unstable npoints=6 expected=6
NON-FINITE LOSS: retcode=Unstable npoints=5 expected=6
Epoch: 94 - Loss: 1.0e6
Epoch: 1 - Loss: 187.4521164146208
Epoch: 2 - Loss: 187.68849479137214
Epoch: 3 - Loss: 186.8251805342282
Epoch: 4 - Loss: 187.05882730183754
Epoch: 5 - Loss: 186.0676349449778
Epoch: 6 - Loss: 185.66869735996315
Epoch: 7 - Loss: 185.52416839739072
Epoch: 8 - Loss: 185.35240498282482
Epoch: 9 - Loss: 185.10088115275198
Epoch: 10 - Loss: 184.80367149660972
Epoch: 11 - Loss: 184.44930996521398
Epoch: 12 - Loss: 184.0993816948915
Epoch: 13 - Loss: 183.75939601063982
Epoch: 14 - Loss: 183.46312225105677
Epoch: 15 - Loss: 183.22403903370198
Epoch: 16 - Loss: 183.01015265700116
Epoch: 17 - Loss: 182.73428008635463
Epoch: 18 - Loss: 182.38117025555917
Epoch: 19 - Loss: 182.0272861083659
Epoch: 20 - Loss: 181.72412775038305
Epoch: 21 - Loss: 181.46534249526078
Epoch: 22 - Loss: 181.2129873433465
Epoch: 23 - Loss: 180.9323008515928
Epoch: 24 - Loss: 180.61451209428347
Epoch: 25 - Loss: 180.22261575805445
Epoch: 26 - Loss: 179.8106584210017
Epoch: 27 - Loss: 179.39438775973088
Epoch: 28 - Loss: 178.98219995355302
Epoch: 29 - Loss: 178.56808099772311
Epoch: 30 - Loss: 178.13386976753745
Epoch: 31 - Loss: 177.66812667867265
Epoch: 32 - Loss: 177.17927218184624
Epoch: 33 - Loss: 176.6840129576938
Epoch: 34 - Loss: 176.18955103777816
Epoch: 35 - Loss: 175.68925755018302
Epoch: 36 - Loss: 175.17025065846565
Epoch: 37 - Loss: 174.62384805047105
Epoch: 38 - Loss: 174.0492242011998
Epoch: 39 - Loss: 173.4484580672527
Epoch: 40 - Loss: 172.82000169589733
Epoch: 41 - Loss: 172.15433640046993
Epoch: 42 - Loss: 171.43308531491255
Epoch: 43 - Loss: 170.6424272603996
Epoch: 44 - Loss: 169.87868875815818
Epoch: 45 - Loss: 166.39609802841406
Epoch: 46 - Loss: 160.6155429245683
Epoch: 47 - Loss: 151.54671271816315
Epoch: 48 - Loss: 131.41328393574005
Epoch: 49 - Loss: 126.66801740844805
Epoch: 50 - Loss: 125.99078910347274
Epoch: 51 - Loss: 123.79042623247518
Epoch: 52 - Loss: 119.4241568842936
Epoch: 53 - Loss: 122.67314843398485
Epoch: 54 - Loss: 122.41681552842222
Epoch: 55 - Loss: 120.48058601500624
Epoch: 56 - Loss: 121.69957304554262
Epoch: 57 - Loss: 118.47036717829975
Epoch: 58 - Loss: 119.91660933461522
Epoch: 59 - Loss: 120.41965137971992
Epoch: 60 - Loss: 120.79306451414146
Epoch: 61 - Loss: 120.05495835620471
Epoch: 62 - Loss: 117.41348352319929
Epoch: 63 - Loss: 112.88206213463832
Epoch: 64 - Loss: 106.74487901193793
Epoch: 65 - Loss: 100.94741487486878
Epoch: 66 - Loss: 93.28342211462628
Epoch: 67 - Loss: 92.61966715332899
Epoch: 68 - Loss: 92.80140961402377
Epoch: 69 - Loss: 93.1096281406082
Epoch: 70 - Loss: 93.32214870705347
Epoch: 71 - Loss: 93.3768173171964
Epoch: 72 - Loss: 93.24939103410735
Epoch: 73 - Loss: 92.93623191021341
Epoch: 74 - Loss: 92.34817706278466
Epoch: 75 - Loss: 91.33002695045154
Epoch: 76 - Loss: 89.43744958415462
Epoch: 77 - Loss: 85.90669021505937
Epoch: 78 - Loss: 82.2948527941858
Epoch: 79 - Loss: 85.40343124430773
Epoch: 80 - Loss: 86.34481290264821
Epoch: 81 - Loss: 86.31983393381697
Epoch: 82 - Loss: 85.67792821690412
Epoch: 83 - Loss: 84.79198137179344
Epoch: 84 - Loss: 84.02259080076072
Epoch: 85 - Loss: 83.30375243776099
Epoch: 86 - Loss: 82.18635325558606
Epoch: 87 - Loss: 80.2674422540112
Epoch: 88 - Loss: 77.43759007502439
Epoch: 89 - Loss: 77.50347235880012
Epoch: 90 - Loss: 76.64599517662708
Epoch: 91 - Loss: 76.18501769736388
Epoch: 92 - Loss: 76.62880233476209
Epoch: 93 - Loss: 76.79750337534563
Epoch: 94 - Loss: 76.69273181825982
Epoch: 95 - Loss: 76.25259781405872
Epoch: 96 - Loss: 75.71554234189497
Epoch: 97 - Loss: 76.06587139031853
Epoch: 98 - Loss: 76.0543605091666
Epoch: 99 - Loss: 75.40165736058117
Epoch: 100 - Loss: 75.57518338049356
Epoch: 101 - Loss: 75.7080651942745
Epoch: 102 - Loss: 75.54536165684611
Epoch: 103 - Loss: 75.10912222603332
Epoch: 104 - Loss: 74.55742788201199
Epoch: 105 - Loss: 74.33883871799854
Epoch: 106 - Loss: 75.40699565871058
Epoch: 107 - Loss: 76.33442869862608
Epoch: 108 - Loss: 77.26733846336428
Epoch: 109 - Loss: 77.46499223213755
Epoch: 110 - Loss: 76.8949764987284
Epoch: 111 - Loss: 76.18619291343765
Epoch: 112 - Loss: 75.94299973136545
Epoch: 113 - Loss: 75.83696725287965
Epoch: 114 - Loss: 75.60821060704038
Epoch: 115 - Loss: 75.48962209450674
Epoch: 116 - Loss: 75.39615743493405
Epoch: 117 - Loss: 75.30074603090065
Epoch: 118 - Loss: 75.28960950341845
Epoch: 119 - Loss: 75.43941600694274
Epoch: 120 - Loss: 75.60276212675109
Epoch: 121 - Loss: 75.60169460585574
Epoch: 122 - Loss: 75.57809277038724
Epoch: 123 - Loss: 75.54408203527335
Epoch: 124 - Loss: 75.44372079813078
Epoch: 125 - Loss: 75.31821333383984
Epoch: 126 - Loss: 75.26061320309886
Epoch: 127 - Loss: 75.25345615440285
Epoch: 128 - Loss: 75.20541108582267
Epoch: 129 - Loss: 75.13907475498868
Epoch: 130 - Loss: 75.08608265996709
Epoch: 131 - Loss: 75.00843339092403
Epoch: 132 - Loss: 74.92494973413808
Epoch: 133 - Loss: 74.88492662712014
Epoch: 134 - Loss: 74.89521453880664
Epoch: 135 - Loss: 74.8995638990524
Epoch: 136 - Loss: 74.89969379745104
Epoch: 137 - Loss: 74.90756197138428
Epoch: 138 - Loss: 74.89872005714038
Epoch: 139 - Loss: 74.87011336877654
Epoch: 140 - Loss: 74.84813102010615
Epoch: 141 - Loss: 74.83603761462842
Epoch: 142 - Loss: 74.82118535983399
Epoch: 143 - Loss: 74.79581712524809
Epoch: 144 - Loss: 74.77378976059775
Epoch: 145 - Loss: 74.74811818300621
Epoch: 146 - Loss: 74.71638632920444
Epoch: 147 - Loss: 74.69182584364472
Epoch: 148 - Loss: 74.67781760657523
Epoch: 149 - Loss: 74.66642415704061
Epoch: 150 - Loss: 74.64980001220881
Epoch: 151 - Loss: 74.63775393605013
Epoch: 152 - Loss: 74.62272537204622
Epoch: 153 - Loss: 74.60442593708399
Epoch: 154 - Loss: 74.5850616771552
Epoch: 155 - Loss: 74.56875756625422
Epoch: 156 - Loss: 74.55218385582549
Epoch: 157 - Loss: 74.5358907798956
Epoch: 158 - Loss: 74.52195547980102
Epoch: 159 - Loss: 74.50738710485847
Epoch: 160 - Loss: 74.49031104949346
Epoch: 161 - Loss: 74.47426429076226
Epoch: 162 - Loss: 74.46036468794573
Epoch: 163 - Loss: 74.44656020381585
Epoch: 164 - Loss: 74.4313745212389
Epoch: 165 - Loss: 74.41824950679954
Epoch: 166 - Loss: 74.40505926950031
Epoch: 167 - Loss: 74.3889502060932
Epoch: 168 - Loss: 74.37173207614634
Epoch: 169 - Loss: 74.35973978842107
Epoch: 170 - Loss: 74.34264392886975
Epoch: 171 - Loss: 74.32932514301815
Epoch: 172 - Loss: 74.31724746629844
Epoch: 173 - Loss: 74.3001287741138
Epoch: 174 - Loss: 74.28744536803299
Epoch: 175 - Loss: 74.27006385744708
Epoch: 176 - Loss: 74.2563207067814
Epoch: 177 - Loss: 74.24027273729547
Epoch: 178 - Loss: 74.22351392100003
Epoch: 179 - Loss: 74.20838958171832
Epoch: 180 - Loss: 74.19445462115723
Epoch: 181 - Loss: 74.1762196317198
Epoch: 182 - Loss: 74.16018416306856
Epoch: 183 - Loss: 74.14359594458763
Epoch: 184 - Loss: 74.12702487527656
Epoch: 185 - Loss: 74.11016358564697
Epoch: 186 - Loss: 74.09500566883376
Epoch: 187 - Loss: 74.07631744567378
Epoch: 188 - Loss: 74.05941080511192
Epoch: 189 - Loss: 74.04201148328434
Epoch: 190 - Loss: 74.02712219657343
Epoch: 191 - Loss: 74.00934249022585
Epoch: 192 - Loss: 73.99153991924358
Epoch: 193 - Loss: 73.97451061348936
Epoch: 194 - Loss: 73.95626232809738
Epoch: 195 - Loss: 73.94088628067081
Epoch: 196 - Loss: 73.92370636301739
Epoch: 197 - Loss: 73.90414243736869
Epoch: 198 - Loss: 73.88719927630116
Epoch: 199 - Loss: 73.86992022250375
Epoch: 200 - Loss: 73.84943714955402
Epoch: 201 - Loss: 73.832970203474
Epoch: 202 - Loss: 73.81283548567704
Epoch: 203 - Loss: 73.79265346202838
Epoch: 204 - Loss: 73.76991377087944
Epoch: 205 - Loss: 73.75020221345574
Epoch: 206 - Loss: 73.72625455198593
Epoch: 207 - Loss: 73.70482172142053
Epoch: 208 - Loss: 73.68186648630817
Epoch: 209 - Loss: 73.65629546023968
Epoch: 210 - Loss: 73.63181680708921
Epoch: 211 - Loss: 73.60716632150829
Epoch: 212 - Loss: 73.58172194519435
Epoch: 213 - Loss: 73.55736552064707
Epoch: 214 - Loss: 73.53051560742308
Epoch: 215 - Loss: 73.50217671055854
Epoch: 216 - Loss: 73.47706521379669
Epoch: 217 - Loss: 73.44731670868833
Epoch: 218 - Loss: 73.42171087763033
Epoch: 219 - Loss: 73.39215318447776
Epoch: 220 - Loss: 73.36285414784089
Epoch: 221 - Loss: 73.33311591072284
Epoch: 222 - Loss: 73.301414000886
Epoch: 223 - Loss: 73.26931552234394
Epoch: 224 - Loss: 73.23791850807669
Epoch: 225 - Loss: 73.20798097674667
Epoch: 226 - Loss: 73.17415680488455
Epoch: 227 - Loss: 73.1403403602632
Epoch: 228 - Loss: 73.10685887569822
Epoch: 229 - Loss: 73.0733449773619
Epoch: 230 - Loss: 73.04220114849565
Epoch: 231 - Loss: 73.00549363378796
Epoch: 232 - Loss: 72.97193033373595
Epoch: 233 - Loss: 72.93754381422775
Epoch: 234 - Loss: 72.901492930702
Epoch: 235 - Loss: 72.864990086286
Epoch: 236 - Loss: 72.83096406852275
Epoch: 237 - Loss: 72.83456456788636
Epoch: 238 - Loss: 73.22916357076589
Epoch: 239 - Loss: 73.33228905122975
Epoch: 240 - Loss: 74.08800861561954
Epoch: 241 - Loss: 73.47211914872898
Epoch: 242 - Loss: 73.06063294461474
Epoch: 243 - Loss: 72.89236504052626
Epoch: 244 - Loss: 72.8634453180787
Epoch: 245 - Loss: 72.82542015759626
Epoch: 246 - Loss: 72.85511803245409
Epoch: 247 - Loss: 72.91002867829451
Epoch: 248 - Loss: 72.91523547320595
Epoch: 249 - Loss: 72.8843047053935
Epoch: 250 - Loss: 72.83349960222412
Epoch: 251 - Loss: 72.76573798156626
Epoch: 252 - Loss: 72.66353703020323
Epoch: 253 - Loss: 72.6476028991845
Epoch: 254 - Loss: 72.54217239428165
Epoch: 255 - Loss: 72.50698119597962
Epoch: 256 - Loss: 72.47706547190218
Epoch: 257 - Loss: 72.40708895464783
Epoch: 258 - Loss: 72.37737172951488
Epoch: 259 - Loss: 72.31564817581005
Epoch: 260 - Loss: 72.29607042927799
Epoch: 261 - Loss: 72.26225959769714
Epoch: 262 - Loss: 72.2404004644907
Epoch: 263 - Loss: 72.20079391811905
Epoch: 264 - Loss: 72.17975494449855
Epoch: 265 - Loss: 72.14810351533492
Epoch: 266 - Loss: 72.11598295717702
Epoch: 267 - Loss: 72.08659280359024
Epoch: 268 - Loss: 72.046166670094
Epoch: 269 - Loss: 72.00522313623854
Epoch: 270 - Loss: 71.9658724090086
Epoch: 271 - Loss: 71.92482058139574
Epoch: 272 - Loss: 71.88817754466932
Epoch: 273 - Loss: 71.84448251306219
Epoch: 274 - Loss: 71.84653555504856
Epoch: 275 - Loss: 71.75316073379527
Epoch: 276 - Loss: 71.7424993474281
Epoch: 277 - Loss: 71.70753900835615
Epoch: 278 - Loss: 71.96678191646954
Epoch: 279 - Loss: 71.98544687008821
Epoch: 280 - Loss: 71.69802027702619
Epoch: 281 - Loss: 73.04291589616054
Epoch: 282 - Loss: 71.52345886487494
Epoch: 283 - Loss: 71.65682996302655
Epoch: 284 - Loss: 71.48570739209066
Epoch: 285 - Loss: 72.22045492817995
Epoch: 286 - Loss: 72.25885254922844
Epoch: 287 - Loss: 72.77578842668935
Epoch: 288 - Loss: 72.91544499858212
Epoch: 289 - Loss: 73.1226068661983
Epoch: 290 - Loss: 73.05550166410877
Epoch: 291 - Loss: 72.74044433980576
Epoch: 292 - Loss: 72.53122110924053
Epoch: 293 - Loss: 72.2935475397764
Epoch: 294 - Loss: 72.33805599331924
Epoch: 295 - Loss: 72.24593623329166
Epoch: 296 - Loss: 72.3445525786522
Epoch: 297 - Loss: 72.36809859928546
Epoch: 298 - Loss: 72.31481005773234
Epoch: 299 - Loss: 72.33637203532591
Epoch: 300 - Loss: 72.24864289031595
Epoch: 1 - Loss: 198.51953864927603
Epoch: 2 - Loss: 197.50207774064853
Epoch: 3 - Loss: 196.47531943103553
Epoch: 4 - Loss: 195.44872665783842
Epoch: 5 - Loss: 194.4700766026593
Epoch: 6 - Loss: 193.52973657464378
Epoch: 7 - Loss: 192.56105873506476
Epoch: 8 - Loss: 191.55398602105046
Epoch: 9 - Loss: 190.53716483361194
Epoch: 10 - Loss: 189.51406683987955
Epoch: 11 - Loss: 188.52232278563622
Epoch: 12 - Loss: 187.5075286257273
Epoch: 13 - Loss: 186.49934290544167
Epoch: 14 - Loss: 185.50703360238077
Epoch: 15 - Loss: 184.54169005849533
Epoch: 16 - Loss: 183.6142828607907
Epoch: 17 - Loss: 182.7349623184764
Epoch: 18 - Loss: 181.91178145895157
Epoch: 19 - Loss: 181.14316846395317
Epoch: 20 - Loss: 180.40549450778087
Epoch: 21 - Loss: 179.6751206868098
Epoch: 22 - Loss: 178.91632515657105
Epoch: 23 - Loss: 178.156710124685
Epoch: 24 - Loss: 177.3893216529075
Epoch: 25 - Loss: 176.6006074273939
Epoch: 26 - Loss: 175.77807808813864
Epoch: 27 - Loss: 174.90962960610673
Epoch: 28 - Loss: 173.84089437393413
Epoch: 29 - Loss: 172.6295930738108
Epoch: 30 - Loss: 171.3107017343865
Epoch: 31 - Loss: 169.85376835656558
Epoch: 32 - Loss: 168.22120508712902
Epoch: 33 - Loss: 166.3910453770528
Epoch: 34 - Loss: 164.14133850380904
Epoch: 35 - Loss: 161.8082344320961
Epoch: 36 - Loss: 159.50535034785423
Epoch: 37 - Loss: 158.6871691940104
Epoch: 38 - Loss: 158.53655939696165
Epoch: 39 - Loss: 156.83698322490088
Epoch: 40 - Loss: 156.70953206508702
Epoch: 41 - Loss: 156.83016031156092
Epoch: 42 - Loss: 153.03227629839526
Epoch: 43 - Loss: 147.330195013148
Epoch: 44 - Loss: 141.0088379110346
Epoch: 45 - Loss: 119.60532189565352
Epoch: 46 - Loss: 112.1422433385975
Epoch: 47 - Loss: 108.46138671612309
Epoch: 48 - Loss: 109.1751837806592
Epoch: 49 - Loss: 108.64671354226937
Epoch: 50 - Loss: 107.06708007454735
Epoch: 51 - Loss: 107.65576851307557
Epoch: 52 - Loss: 105.77555857335243
Epoch: 53 - Loss: 105.30506085017588
Epoch: 54 - Loss: 105.20468848272819
Epoch: 55 - Loss: 104.78672764518723
Epoch: 56 - Loss: 104.38728554406576
Epoch: 57 - Loss: 104.1860298673119
Epoch: 58 - Loss: 103.58054012376321
Epoch: 59 - Loss: 102.93542881136783
Epoch: 60 - Loss: 102.56628130718876
Epoch: 61 - Loss: 102.31909526401539
Epoch: 62 - Loss: 100.57433914355968
Epoch: 63 - Loss: 96.63727962808936
Epoch: 64 - Loss: 91.46495838295269
Epoch: 65 - Loss: 85.53557435052667
Epoch: 66 - Loss: 78.91196915298835
Epoch: 67 - Loss: 74.10988574854575
Epoch: 68 - Loss: 75.09041766653364
Epoch: 69 - Loss: 75.13067941587354
Epoch: 70 - Loss: 75.44882284068063
Epoch: 71 - Loss: 75.71316935655086
Epoch: 72 - Loss: 75.87829229715983
Epoch: 73 - Loss: 76.08111539634899
Epoch: 74 - Loss: 76.18136898689411
Epoch: 75 - Loss: 76.1557641621042
Epoch: 76 - Loss: 76.12996788736629
Epoch: 77 - Loss: 76.06674808294585
Epoch: 78 - Loss: 75.9337043174737
Epoch: 79 - Loss: 75.84706709334611
Epoch: 80 - Loss: 75.76308879905568
Epoch: 81 - Loss: 75.6231922613919
Epoch: 82 - Loss: 75.45180829909295
Epoch: 83 - Loss: 75.23350996134762
Epoch: 84 - Loss: 74.97427548666523
Epoch: 85 - Loss: 74.72620772690637
Epoch: 86 - Loss: 74.46466747369317
Epoch: 87 - Loss: 74.16494230529977
Epoch: 88 - Loss: 73.83739789460881
Epoch: 89 - Loss: 73.47885673923537
Epoch: 90 - Loss: 73.11189000805707
Epoch: 91 - Loss: 72.80025210674975
Epoch: 92 - Loss: 72.60572438216293
Epoch: 93 - Loss: 71.24701444369774
Epoch: 94 - Loss: 69.81366826044535
Epoch: 95 - Loss: 68.35539754680907
Epoch: 96 - Loss: 66.95985765725152
Epoch: 97 - Loss: 65.82541205031237
Epoch: 98 - Loss: 65.16843572410922
Epoch: 99 - Loss: 65.00721644551417
Epoch: 100 - Loss: 65.07969247860318
Epoch: 101 - Loss: 65.09688159179737
Epoch: 102 - Loss: 64.95440977483179
Epoch: 103 - Loss: 64.58433294048515
Epoch: 104 - Loss: 63.95627133333604
Epoch: 105 - Loss: 63.03251705360878
Epoch: 106 - Loss: 61.81861376986539
Epoch: 107 - Loss: 60.448031607640175
Epoch: 108 - Loss: 59.16358002202921
Epoch: 109 - Loss: 57.599151738562796
Epoch: 110 - Loss: 55.5831869612624
Epoch: 111 - Loss: 55.67396464423501
Epoch: 112 - Loss: 57.10524289608817
Epoch: 113 - Loss: 54.69129558665582
Epoch: 114 - Loss: 55.29859341418814
Epoch: 115 - Loss: 55.976389036925276
Epoch: 116 - Loss: 56.175597029358784
Epoch: 117 - Loss: 56.13866694119332
Epoch: 118 - Loss: 55.60114542335086
Epoch: 119 - Loss: 54.97758946488321
Epoch: 120 - Loss: 53.965601692989324
Epoch: 121 - Loss: 52.671319512225224
Epoch: 122 - Loss: 52.21704484169518
Epoch: 123 - Loss: 54.86241212233904
Epoch: 124 - Loss: 51.753008636142894
Epoch: 125 - Loss: 52.49753800061729
Epoch: 126 - Loss: 53.21259701082114
Epoch: 127 - Loss: 53.5031573396189
Epoch: 128 - Loss: 53.361897515537734
Epoch: 129 - Loss: 52.92701711488829
Epoch: 130 - Loss: 52.15309915438165
Epoch: 131 - Loss: 51.15474663078372
Epoch: 132 - Loss: 50.62916607212614
Epoch: 133 - Loss: 52.19910958850238
Epoch: 134 - Loss: 52.7685149425329
Epoch: 135 - Loss: 52.32072700288819
Epoch: 136 - Loss: 51.35717705989359
Epoch: 137 - Loss: 50.221651053187756
Epoch: 138 - Loss: 50.299582380231286
Epoch: 139 - Loss: 50.69216111591046
Epoch: 140 - Loss: 50.801317350021996
Epoch: 141 - Loss: 50.45779443905728
Epoch: 142 - Loss: 50.048393055932905
Epoch: 143 - Loss: 50.02404411256549
Epoch: 144 - Loss: 50.23480530885601
Epoch: 145 - Loss: 50.31821242075208
Epoch: 146 - Loss: 50.32141872731809
Epoch: 147 - Loss: 50.13224182992589
Epoch: 148 - Loss: 50.396043112928695
Epoch: 149 - Loss: 49.51221966670687
Epoch: 150 - Loss: 52.63554508388217
Epoch: 151 - Loss: 55.37126878114637
Epoch: 152 - Loss: 59.40188808544792
Epoch: 153 - Loss: 61.1068998312845
Epoch: 154 - Loss: 61.6578766714618
Epoch: 155 - Loss: 61.612508095187344
Epoch: 156 - Loss: 60.527951353327374
Epoch: 157 - Loss: 61.65547875472654
Epoch: 158 - Loss: 60.00395244067832
Epoch: 159 - Loss: 59.394079729796395
Epoch: 160 - Loss: 59.194496202337525
Epoch: 161 - Loss: 58.63071962709693
Epoch: 162 - Loss: 58.01105383461614
Epoch: 163 - Loss: 57.408543040388246
Epoch: 164 - Loss: 56.43540493238223
Epoch: 165 - Loss: 53.795242724592775
Epoch: 166 - Loss: 51.67025945746952
Epoch: 167 - Loss: 51.66149621422083
Epoch: 168 - Loss: 52.81638405661078
Epoch: 169 - Loss: 51.36806917683883
Epoch: 170 - Loss: 48.63634890297437
Epoch: 171 - Loss: 49.231340907994166
Epoch: 172 - Loss: 50.60192154052277
Epoch: 173 - Loss: 48.120457879677566
Epoch: 174 - Loss: 48.96845141355071
Epoch: 175 - Loss: 49.722607549338406
Epoch: 176 - Loss: 48.92512752428532
Epoch: 177 - Loss: 47.390881966086454
Epoch: 178 - Loss: 48.424194262485884
Epoch: 179 - Loss: 47.28804312983808
Epoch: 180 - Loss: 47.90612435454402
Epoch: 181 - Loss: 48.10890332915266
Epoch: 182 - Loss: 47.90497216634211
Epoch: 183 - Loss: 47.67182598261486
Epoch: 184 - Loss: 47.1414213298628
Epoch: 185 - Loss: 47.49956397715434
Epoch: 186 - Loss: 47.66188058973167
Epoch: 187 - Loss: 46.95404452207243
Epoch: 188 - Loss: 47.07417805708284
Epoch: 189 - Loss: 47.37172652563716
Epoch: 190 - Loss: 47.366503687408546
Epoch: 191 - Loss: 47.05296412294506
Epoch: 192 - Loss: 46.80872241699448
Epoch: 193 - Loss: 47.10442716171331
Epoch: 194 - Loss: 47.00428752043767
Epoch: 195 - Loss: 46.84114262779368
Epoch: 196 - Loss: 46.802531241490726
Epoch: 197 - Loss: 46.94646453914836
Epoch: 198 - Loss: 46.826205919767034
Epoch: 199 - Loss: 46.673769006852375
Epoch: 200 - Loss: 46.77464523176073
Epoch: 201 - Loss: 46.789368130059806
Epoch: 202 - Loss: 46.65310844310401
Epoch: 203 - Loss: 46.622986583435
Epoch: 204 - Loss: 46.675055116487
Epoch: 205 - Loss: 46.6572033851222
Epoch: 206 - Loss: 46.56763998881549
Epoch: 207 - Loss: 46.54875406775255
Epoch: 208 - Loss: 46.599239603521795
Epoch: 209 - Loss: 46.532261721118985
Epoch: 210 - Loss: 46.4844288669198
Epoch: 211 - Loss: 46.50690799819079
Epoch: 212 - Loss: 46.49467368904831
Epoch: 213 - Loss: 46.44692981600325
Epoch: 214 - Loss: 46.42347453878638
Epoch: 215 - Loss: 46.42993214525593
Epoch: 216 - Loss: 46.41256217390872
Epoch: 217 - Loss: 46.37352468274571
Epoch: 218 - Loss: 46.36069806251867
Epoch: 219 - Loss: 46.363612288072694
Epoch: 220 - Loss: 46.33154511330431
Epoch: 221 - Loss: 46.306080521044166
Epoch: 222 - Loss: 46.3035912450275
Epoch: 223 - Loss: 46.28815428946548
Epoch: 224 - Loss: 46.26211575886998
Epoch: 225 - Loss: 46.247198534819354
Epoch: 226 - Loss: 46.23791621121458
Epoch: 227 - Loss: 46.22118843829155
Epoch: 228 - Loss: 46.19825958282081
Epoch: 229 - Loss: 46.18580959642011
Epoch: 230 - Loss: 46.17561824088295
Epoch: 231 - Loss: 46.15389713811208
Epoch: 232 - Loss: 46.13780845498869
Epoch: 233 - Loss: 46.1269297392763
Epoch: 234 - Loss: 46.1109275879306
Epoch: 235 - Loss: 46.09309955944627
Epoch: 236 - Loss: 46.07869112750538
Epoch: 237 - Loss: 46.06633149050164
Epoch: 238 - Loss: 46.04967252158529
Epoch: 239 - Loss: 46.033048543300744
Epoch: 240 - Loss: 46.020830148409864
Epoch: 241 - Loss: 46.00603273247573
Epoch: 242 - Loss: 45.98982560742042
Epoch: 243 - Loss: 45.97570392865358
Epoch: 244 - Loss: 45.96217543201729
Epoch: 245 - Loss: 45.94731962221922
Epoch: 246 - Loss: 45.93188182415769
Epoch: 247 - Loss: 45.918556842625556
Epoch: 248 - Loss: 45.904570695439254
Epoch: 249 - Loss: 45.88939773036236
Epoch: 250 - Loss: 45.875482168295356
Epoch: 251 - Loss: 45.861851863403466
Epoch: 252 - Loss: 45.847624308795865
Epoch: 253 - Loss: 45.83314360026249
Epoch: 254 - Loss: 45.81963851825946
Epoch: 255 - Loss: 45.80593974186381
Epoch: 256 - Loss: 45.79161806085117
Epoch: 257 - Loss: 45.77793857224777
Epoch: 258 - Loss: 45.764415477222514
Epoch: 259 - Loss: 45.75066672440653
Epoch: 260 - Loss: 45.73677039066879
Epoch: 261 - Loss: 45.72340628887672
Epoch: 262 - Loss: 45.70993081927661
Epoch: 263 - Loss: 45.696231980234664
Epoch: 264 - Loss: 45.68281859250578
Epoch: 265 - Loss: 45.66952469771496
Epoch: 266 - Loss: 45.65612315253685
Epoch: 267 - Loss: 45.642680465576134
Epoch: 268 - Loss: 45.62954479200972
Epoch: 269 - Loss: 45.61631169757383
Epoch: 270 - Loss: 45.60305871303282
Epoch: 271 - Loss: 45.589906685316016
Epoch: 272 - Loss: 45.57688753731408
Epoch: 273 - Loss: 45.56376907669886
Epoch: 274 - Loss: 45.55071108804864
Epoch: 275 - Loss: 45.537769381782425
Epoch: 276 - Loss: 45.524831016735845
Epoch: 277 - Loss: 45.51187509896241
Epoch: 278 - Loss: 45.499008481617345
Epoch: 279 - Loss: 45.48619900755157
Epoch: 280 - Loss: 45.47336479898458
Epoch: 281 - Loss: 45.46057865387073
Epoch: 282 - Loss: 45.44785442211175
Epoch: 283 - Loss: 45.43514228749897
Epoch: 284 - Loss: 45.42243374689692
Epoch: 285 - Loss: 45.409786440583325
Epoch: 286 - Loss: 45.397163007664325
Epoch: 287 - Loss: 45.384541272268926
Epoch: 288 - Loss: 45.37194936789456
Epoch: 289 - Loss: 45.35939319823689
Epoch: 290 - Loss: 45.346839006435424
Epoch: 291 - Loss: 45.33429278472792
Epoch: 292 - Loss: 45.32177490161754
Epoch: 293 - Loss: 45.30926179793071
Epoch: 294 - Loss: 45.29674466129593
Epoch: 295 - Loss: 45.28423264140954
Epoch: 296 - Loss: 45.27172711835933
Epoch: 297 - Loss: 45.259200875893605
Epoch: 298 - Loss: 45.24666181355551
Epoch: 299 - Loss: 45.23410617406074
Epoch: 300 - Loss: 45.221521968977875
Epoch: 1 - Loss: 189.29895098948208
Epoch: 2 - Loss: 178.6493753846039
Epoch: 3 - Loss: 191.99923222534457
Epoch: 4 - Loss: 191.1812005402628
Epoch: 5 - Loss: 195.50753296054197
Epoch: 6 - Loss: 189.38215030473242
Epoch: 7 - Loss: 188.67841493347524
Epoch: 8 - Loss: 188.0269899020837
Epoch: 9 - Loss: 187.34335366051255
Epoch: 10 - Loss: 186.56719086289888
Epoch: 11 - Loss: 185.69958313818213
Epoch: 12 - Loss: 184.77311938394303
Epoch: 13 - Loss: 183.8058982211239
Epoch: 14 - Loss: 182.8542994635065
Epoch: 15 - Loss: 181.83683889808856
Epoch: 16 - Loss: 180.65117767856682
Epoch: 17 - Loss: 175.28423486303015
Epoch: 18 - Loss: 172.52292734352315
Epoch: 19 - Loss: 170.30527782096877
Epoch: 20 - Loss: 168.0912232903032
Epoch: 21 - Loss: 166.30129635474017
Epoch: 22 - Loss: 165.23881171368524
Epoch: 23 - Loss: 162.6825406334949
Epoch: 24 - Loss: 154.84290455710416
Epoch: 25 - Loss: 148.61712466369704
Epoch: 26 - Loss: 124.37193746934932
Epoch: 27 - Loss: 118.3389898482561
Epoch: 28 - Loss: 116.41547610581206
Epoch: 29 - Loss: 126.2355523284033
Epoch: 30 - Loss: 122.20332094062303
Epoch: 31 - Loss: 122.73822433791497
Epoch: 32 - Loss: 121.47010921766042
Epoch: 33 - Loss: 121.0215027140465
Epoch: 34 - Loss: 120.56783124825694
Epoch: 35 - Loss: 119.66944142612527
Epoch: 36 - Loss: 118.84911988448738
Epoch: 37 - Loss: 116.49645817941449
Epoch: 38 - Loss: 108.25703253453877
Epoch: 39 - Loss: 98.9770305257282
Epoch: 40 - Loss: 90.98998832269656
Epoch: 41 - Loss: 91.57007189411422
Epoch: 42 - Loss: 92.01590175099437
Epoch: 43 - Loss: 92.27796118464492
Epoch: 44 - Loss: 92.37997572299822
Epoch: 45 - Loss: 92.37606715643645
Epoch: 46 - Loss: 92.28174651628645
Epoch: 47 - Loss: 92.09212877848677
Epoch: 48 - Loss: 91.83128698590355
Epoch: 49 - Loss: 91.50311287002518
Epoch: 50 - Loss: 91.09115113127177
Epoch: 51 - Loss: 90.57540086016036
Epoch: 52 - Loss: 89.92883139183297
Epoch: 53 - Loss: 89.10343210999795
Epoch: 54 - Loss: 87.99710376186098
Epoch: 55 - Loss: 86.37468415746423
Epoch: 56 - Loss: 83.65404557121117
Epoch: 57 - Loss: 78.32922734061432
Epoch: 58 - Loss: 94.13421732032882
Epoch: 59 - Loss: 76.05368882208194
Epoch: 60 - Loss: 78.52788092595344
Epoch: 61 - Loss: 80.48309232630808
Epoch: 62 - Loss: 81.31873955325388
Epoch: 63 - Loss: 81.49216308704449
Epoch: 64 - Loss: 81.09819507667318
Epoch: 65 - Loss: 79.82895813544386
Epoch: 66 - Loss: 77.67850186422004
Epoch: 67 - Loss: 80.98490526234924
Epoch: 68 - Loss: 77.37250825140698
Epoch: 69 - Loss: 77.65065125819282
Epoch: 70 - Loss: 78.90687990457523
Epoch: 71 - Loss: 78.81941596609474
Epoch: 72 - Loss: 77.34149782930632
Epoch: 73 - Loss: 76.2250255185655
Epoch: 74 - Loss: 77.80417163132799
Epoch: 75 - Loss: 75.82604605403188
Epoch: 76 - Loss: 75.72998501994172
Epoch: 77 - Loss: 76.06298188075276
Epoch: 78 - Loss: 75.85247540362354
Epoch: 79 - Loss: 75.09335783952366
Epoch: 80 - Loss: 74.2822696016871
Epoch: 81 - Loss: 74.48615011001914
Epoch: 82 - Loss: 74.11478085282042
Epoch: 83 - Loss: 73.36109204098962
Epoch: 84 - Loss: 73.37621268636858
Epoch: 85 - Loss: 73.20384783696547
Epoch: 86 - Loss: 72.60809425266618
Epoch: 87 - Loss: 72.01631867429592
Epoch: 88 - Loss: 72.08807002080523
Epoch: 89 - Loss: 71.4058208165549
Epoch: 90 - Loss: 71.01854547057349
Epoch: 91 - Loss: 70.8284559682259
Epoch: 92 - Loss: 70.2643546749355
Epoch: 93 - Loss: 69.55197930643293
Epoch: 94 - Loss: 69.14670933176491
Epoch: 95 - Loss: 68.1609448925446
Epoch: 96 - Loss: 67.33413612674573
Epoch: 97 - Loss: 66.5835990508364
Epoch: 98 - Loss: 65.7143366652222
Epoch: 99 - Loss: 65.151417254479
Epoch: 100 - Loss: 64.86749407437841
Epoch: 101 - Loss: 64.55767899639518
Epoch: 102 - Loss: 64.585628715372
Epoch: 103 - Loss: 64.5840099182864
Epoch: 104 - Loss: 64.5904392520399
Epoch: 105 - Loss: 64.74981905782481
Epoch: 106 - Loss: 64.72529202336344
Epoch: 107 - Loss: 64.80331949491573
Epoch: 108 - Loss: 64.80491406878669
Epoch: 109 - Loss: 64.72472876418969
Epoch: 110 - Loss: 64.71519502059905
Epoch: 111 - Loss: 64.56272610768262
Epoch: 112 - Loss: 64.47255437853147
Epoch: 113 - Loss: 64.31492722767365
Epoch: 114 - Loss: 64.14018512682587
Epoch: 115 - Loss: 63.99432876761919
Epoch: 116 - Loss: 63.79178438963939
Epoch: 117 - Loss: 63.64971008703492
Epoch: 118 - Loss: 63.46703898554809
Epoch: 119 - Loss: 63.33424204126726
Epoch: 120 - Loss: 63.20350008080079
Epoch: 121 - Loss: 63.10079763136064
Epoch: 122 - Loss: 63.024144594158955
Epoch: 123 - Loss: 62.94849213469497
Epoch: 124 - Loss: 62.9095297868519
Epoch: 125 - Loss: 62.85164719138138
Epoch: 126 - Loss: 62.82006751975464
Epoch: 127 - Loss: 62.760859080325005
Epoch: 128 - Loss: 62.71501144457253
Epoch: 129 - Loss: 62.639778086684004
Epoch: 130 - Loss: 62.57134325442304
Epoch: 131 - Loss: 62.479622333333936
Epoch: 132 - Loss: 62.39297143645364
Epoch: 133 - Loss: 62.296820791334255
Epoch: 134 - Loss: 62.20086727733556
Epoch: 135 - Loss: 62.1018142698678
Epoch: 136 - Loss: 62.01272255230964
Epoch: 137 - Loss: 61.92055121442445
Epoch: 138 - Loss: 61.83863579419084
Epoch: 139 - Loss: 61.75328271269944
Epoch: 140 - Loss: 61.67564695288737
Epoch: 141 - Loss: 61.59249103032876
Epoch: 142 - Loss: 61.51504040792297
Epoch: 143 - Loss: 61.431133845531384
Epoch: 144 - Loss: 61.349924021438845
Epoch: 145 - Loss: 61.26274814083469
Epoch: 146 - Loss: 61.18281010793805
Epoch: 147 - Loss: 61.08638731828414
Epoch: 148 - Loss: 60.99468178657296
Epoch: 149 - Loss: 60.90411886410066
Epoch: 150 - Loss: 60.811368903843025
Epoch: 151 - Loss: 60.72244126716083
Epoch: 152 - Loss: 60.632986364100866
Epoch: 153 - Loss: 60.549264501246675
Epoch: 154 - Loss: 60.47009775923506
Epoch: 155 - Loss: 60.400347419873356
Epoch: 156 - Loss: 60.34013103629008
Epoch: 157 - Loss: 60.282470916731405
Epoch: 158 - Loss: 60.224664126255895
Epoch: 159 - Loss: 60.16969325709733
Epoch: 160 - Loss: 60.11730508059453
Epoch: 161 - Loss: 60.065021509226916
Epoch: 162 - Loss: 60.017001079301046
Epoch: 163 - Loss: 59.96312030795912
Epoch: 164 - Loss: 59.91417716670279
Epoch: 165 - Loss: 59.86685537967647
Epoch: 166 - Loss: 59.820993226310655
Epoch: 167 - Loss: 59.77939923261285
Epoch: 168 - Loss: 59.74955028755755
Epoch: 169 - Loss: 59.788093713552314
Epoch: 170 - Loss: 60.17768190588761
Epoch: 171 - Loss: 60.8281416370314
Epoch: 172 - Loss: 61.87539681562752
Epoch: 173 - Loss: 59.91920159098181
Epoch: 174 - Loss: 64.40710455362411
Epoch: 175 - Loss: 65.87839421481323
Epoch: 176 - Loss: 66.77670573270221
Epoch: 177 - Loss: 65.58123310875115
Epoch: 178 - Loss: 68.027755650239
Epoch: 179 - Loss: 68.5646261571228
Epoch: 180 - Loss: 64.43761439220164
Epoch: 181 - Loss: 67.53584458512867
Epoch: 182 - Loss: 68.85121956071103
Epoch: 183 - Loss: 69.30077869464768
Epoch: 184 - Loss: 69.03744885198097
Epoch: 185 - Loss: 68.23810724743622
Epoch: 186 - Loss: 67.25073819180912
Epoch: 187 - Loss: 65.15489380431485
Epoch: 188 - Loss: 67.78690321228355
Epoch: 189 - Loss: 68.5780558432113
Epoch: 190 - Loss: 67.55668941604362
Epoch: 191 - Loss: 65.73705558878751
Epoch: 192 - Loss: 64.70955846767126
Epoch: 193 - Loss: 65.61146388845779
Epoch: 194 - Loss: 66.47697931986217
Epoch: 195 - Loss: 65.98632147235398
Epoch: 196 - Loss: 65.13933446769576
Epoch: 197 - Loss: 64.85872605355459
Epoch: 198 - Loss: 65.1120293821015
Epoch: 199 - Loss: 65.4661716913232
Epoch: 200 - Loss: 65.60461121387632
Epoch: 201 - Loss: 65.4852104893718
Epoch: 202 - Loss: 65.20844202969738
Epoch: 203 - Loss: 64.95331623915702
Epoch: 204 - Loss: 64.85121364675712
Epoch: 205 - Loss: 64.9130916600085
Epoch: 206 - Loss: 65.04132739312352
Epoch: 207 - Loss: 65.10693134463042
Epoch: 208 - Loss: 65.05299773427737
Epoch: 209 - Loss: 64.91239485580257
Epoch: 210 - Loss: 64.77112668508414
Epoch: 211 - Loss: 64.69179652360395
Epoch: 212 - Loss: 64.68318849371316
Epoch: 213 - Loss: 64.70941997168825
Epoch: 214 - Loss: 64.72792864067723
Epoch: 215 - Loss: 64.70748452287744
Epoch: 216 - Loss: 64.64744448647517
Epoch: 217 - Loss: 64.56955636105843
Epoch: 218 - Loss: 64.50300483738734
Epoch: 219 - Loss: 64.46695851242178
Epoch: 220 - Loss: 64.45953951299207
Epoch: 221 - Loss: 64.46115286562159
Epoch: 222 - Loss: 64.44836678851811
Epoch: 223 - Loss: 64.41194581651868
Epoch: 224 - Loss: 64.35895734117412
Epoch: 225 - Loss: 64.30799927274396
Epoch: 226 - Loss: 64.2713911684627
Epoch: 227 - Loss: 64.25093413549534
Epoch: 228 - Loss: 64.23681213138786
Epoch: 229 - Loss: 64.21634783497377
Epoch: 230 - Loss: 64.1825516838172
Epoch: 231 - Loss: 64.14020082962834
Epoch: 232 - Loss: 64.09836035293506
Epoch: 233 - Loss: 64.06617101224967
Epoch: 234 - Loss: 64.04461713589683
Epoch: 235 - Loss: 64.02662779664438
Epoch: 236 - Loss: 64.00339407380471
Epoch: 237 - Loss: 63.97214230671942
Epoch: 238 - Loss: 63.93688764700502
Epoch: 239 - Loss: 63.90572939999869
Epoch: 240 - Loss: 63.88128376739776
Epoch: 241 - Loss: 63.86111618473527
Too slow optimization
Epoch: 1 - Loss: 195.4645631601408
Epoch: 2 - Loss: 194.49603726367346
Epoch: 3 - Loss: 193.74415889581897
Epoch: 4 - Loss: 193.14593758446378
Epoch: 5 - Loss: 192.6670666192136
Epoch: 6 - Loss: 192.29598265116553
Epoch: 7 - Loss: 192.03689828789274
Epoch: 8 - Loss: 191.89516873818908
Epoch: 9 - Loss: 191.84842635048182
Epoch: 10 - Loss: 191.82341420564126
Epoch: 11 - Loss: 191.73656127022292
Epoch: 12 - Loss: 191.5648983761385
Epoch: 13 - Loss: 191.34287865085506
Epoch: 14 - Loss: 191.1183920606902
Epoch: 15 - Loss: 190.92868405552093
Epoch: 16 - Loss: 190.79922513964257
Epoch: 17 - Loss: 190.7178098794591
Epoch: 18 - Loss: 190.64814243234886
Epoch: 19 - Loss: 190.5794928858705
Epoch: 20 - Loss: 190.48670850062527
Epoch: 21 - Loss: 190.37542018916832
Epoch: 22 - Loss: 190.25795817216726
Epoch: 23 - Loss: 190.1366768888854
Epoch: 24 - Loss: 189.9992504240787
Epoch: 25 - Loss: 189.87620197437937
Epoch: 26 - Loss: 189.76589829367487
Epoch: 27 - Loss: 189.66637929444803
Epoch: 28 - Loss: 189.5766739928446
Epoch: 29 - Loss: 189.4957203422128
Epoch: 30 - Loss: 189.42100023310462
Epoch: 31 - Loss: 189.34837004919586
Epoch: 32 - Loss: 189.27304531662574
Epoch: 33 - Loss: 189.1915590878736
Epoch: 34 - Loss: 189.1031355740144
Epoch: 35 - Loss: 189.00991806646854
Epoch: 36 - Loss: 188.91573113167024
Epoch: 37 - Loss: 188.82431004490053
Epoch: 38 - Loss: 188.73780707645946
Epoch: 39 - Loss: 188.65580283515317
Epoch: 40 - Loss: 188.5752833509091
Epoch: 41 - Loss: 188.49213453612165
Epoch: 42 - Loss: 188.40366607657836
Epoch: 43 - Loss: 188.3098834677542
Epoch: 44 - Loss: 188.21248714521406
Epoch: 45 - Loss: 188.1132242953766
Epoch: 46 - Loss: 188.01309529825213
Epoch: 47 - Loss: 187.91228724286816
Epoch: 48 - Loss: 187.81041617804965
Epoch: 49 - Loss: 187.7067109194785
Epoch: 50 - Loss: 187.60005046771252
Epoch: 51 - Loss: 187.48924077660428
Epoch: 52 - Loss: 187.37326909921322
Epoch: 53 - Loss: 187.25157054063868
Epoch: 54 - Loss: 187.124071237898
Epoch: 55 - Loss: 186.97839771491292
Epoch: 56 - Loss: 186.8242488050488
Epoch: 57 - Loss: 186.66217337952816
Epoch: 58 - Loss: 186.4919172133417
Epoch: 59 - Loss: 186.31284691306882
Epoch: 60 - Loss: 186.12420888218392
Epoch: 61 - Loss: 185.92540470990568
Epoch: 62 - Loss: 185.7160923889584
Epoch: 63 - Loss: 185.49608760970528
Epoch: 64 - Loss: 185.26516876053358
Epoch: 65 - Loss: 185.0229273153732
Epoch: 66 - Loss: 184.76871144940554
Epoch: 67 - Loss: 184.5018239304518
Epoch: 68 - Loss: 184.22150649788725
Epoch: 69 - Loss: 183.9277821543784
Epoch: 70 - Loss: 183.62261319479524
Epoch: 71 - Loss: 183.31363206113755
Epoch: 72 - Loss: 183.02438069259844
Epoch: 73 - Loss: 182.82508815470084
Epoch: 74 - Loss: 182.8380418159883
Epoch: 75 - Loss: 182.7124070553559
Epoch: 76 - Loss: 182.44176869252533
Epoch: 77 - Loss: 182.20037287591387
Epoch: 78 - Loss: 182.02721355470646
Epoch: 79 - Loss: 181.89961417626665
Epoch: 80 - Loss: 181.79254911744005
Epoch: 81 - Loss: 181.69179655732873
Epoch: 82 - Loss: 181.59083228512202
Epoch: 83 - Loss: 181.4869336579894
Epoch: 84 - Loss: 181.37911110077093
Epoch: 85 - Loss: 181.26709493743002
Epoch: 86 - Loss: 181.15112335344935
Epoch: 87 - Loss: 181.03203211493928
Epoch: 88 - Loss: 180.9116765898692
Epoch: 89 - Loss: 180.79341156014962
Epoch: 90 - Loss: 180.68224114124143
Epoch: 91 - Loss: 180.58369271509193
Epoch: 92 - Loss: 180.49939032126235
Epoch: 93 - Loss: 180.42016002754795
Epoch: 94 - Loss: 180.3277479043856
Epoch: 95 - Loss: 180.21314499199278
Epoch: 96 - Loss: 180.08552502476243
Epoch: 97 - Loss: 179.95426880602224
Epoch: 98 - Loss: 179.7748933807343
Epoch: 99 - Loss: 179.0385312163837
Epoch: 100 - Loss: 174.8154715056838
Epoch: 101 - Loss: 162.98605357911703
Epoch: 102 - Loss: 159.17900861426756
Epoch: 103 - Loss: 157.94231011728516
Epoch: 104 - Loss: 158.03072875956977
Epoch: 105 - Loss: 161.38881123702492
Epoch: 106 - Loss: 163.86077095627599
Epoch: 107 - Loss: 164.38723103420236
Epoch: 108 - Loss: 163.78197743304608
Epoch: 109 - Loss: 162.09321047420045
Epoch: 110 - Loss: 159.187945274267
Epoch: 111 - Loss: 156.5424672953597
Epoch: 112 - Loss: 155.75152903625334
Epoch: 113 - Loss: 156.08979364089524
Epoch: 114 - Loss: 156.4453761171692
Epoch: 115 - Loss: 156.69220336168192
Epoch: 116 - Loss: 156.92888630715657
Epoch: 117 - Loss: 157.14962327021746
Epoch: 118 - Loss: 157.23739022046564
Epoch: 119 - Loss: 157.08257871106866
Epoch: 120 - Loss: 156.70594359549477
Epoch: 121 - Loss: 156.2301449498805
Epoch: 122 - Loss: 155.7403579336271
Epoch: 123 - Loss: 155.25391392903674
Epoch: 124 - Loss: 154.7513970833414
Epoch: 125 - Loss: 154.20310931773727
Epoch: 126 - Loss: 153.62369896859343
Epoch: 127 - Loss: 156.5420512416281
Epoch: 128 - Loss: 160.76976381443492
NON-FINITE LOSS: retcode=Unstable npoints=6 expected=6
NON-FINITE LOSS: retcode=Unstable npoints=5 expected=6
Epoch: 129 - Loss: 1.0e6
NON-FINITE LOSS: retcode=Unstable npoints=6 expected=6
NON-FINITE LOSS: retcode=Unstable npoints=5 expected=6
Epoch: 130 - Loss: 1.0e6
NON-FINITE LOSS: retcode=Unstable npoints=6 expected=6
NON-FINITE LOSS: retcode=Unstable npoints=5 expected=6
Epoch: 131 - Loss: 1.0e6
NON-FINITE LOSS: retcode=Unstable npoints=6 expected=6
NON-FINITE LOSS: retcode=Unstable npoints=5 expected=6
Epoch: 132 - Loss: 1.0e6
NON-FINITE LOSS: retcode=Unstable npoints=6 expected=6
NON-FINITE LOSS: retcode=Unstable npoints=5 expected=6
Epoch: 133 - Loss: 1.0e6
NON-FINITE LOSS: retcode=Unstable npoints=6 expected=6
NON-FINITE LOSS: retcode=Unstable npoints=5 expected=6
Epoch: 134 - Loss: 1.0e6
Epoch: 1 - Loss: 192.83713110755153
Epoch: 2 - Loss: 191.65456617260682
Epoch: 3 - Loss: 190.7726993751317
Epoch: 4 - Loss: 190.07388262902512
Epoch: 5 - Loss: 189.5069860012029
Epoch: 6 - Loss: 189.0385565053203
Epoch: 7 - Loss: 188.63605531750136
Epoch: 8 - Loss: 188.26677199048763
Epoch: 9 - Loss: 187.92971600993286
Epoch: 10 - Loss: 187.6254839815142
Epoch: 11 - Loss: 187.34539674005518
Epoch: 12 - Loss: 187.08081510143285
Epoch: 13 - Loss: 186.82740323138916
Epoch: 14 - Loss: 186.58412503101945
Epoch: 15 - Loss: 186.351494742468
Epoch: 16 - Loss: 186.12813196713375
Epoch: 17 - Loss: 185.9090766938391
Epoch: 18 - Loss: 185.6914735802073
Epoch: 19 - Loss: 185.47726330015442
Epoch: 20 - Loss: 185.26727433243053
Epoch: 21 - Loss: 185.0595675483821
Epoch: 22 - Loss: 184.85206281540314
Epoch: 23 - Loss: 184.64415923860724
Epoch: 24 - Loss: 184.43663012218326
Epoch: 25 - Loss: 184.2301123019405
Epoch: 26 - Loss: 184.02368140724457
Epoch: 27 - Loss: 183.81561005943857
Epoch: 28 - Loss: 183.6058198433443
Epoch: 29 - Loss: 183.39514616172238
Epoch: 30 - Loss: 183.18337175657447
Epoch: 31 - Loss: 182.96913163877554
Epoch: 32 - Loss: 182.75192014855477
Epoch: 33 - Loss: 182.5315980533632
Epoch: 34 - Loss: 182.30821517376123
Epoch: 35 - Loss: 182.0810769090929
Epoch: 36 - Loss: 181.84906036778168
Epoch: 37 - Loss: 181.6112572165847
Epoch: 38 - Loss: 181.36745050248686
Epoch: 39 - Loss: 181.10991133085685
Epoch: 40 - Loss: 180.82484077172646
Epoch: 41 - Loss: 180.5265281548549
Epoch: 42 - Loss: 180.21327507193
Epoch: 43 - Loss: 179.87640016774165
Epoch: 44 - Loss: 179.3880711853357
Epoch: 45 - Loss: 177.04013702342095
Epoch: 46 - Loss: 173.84721615087219
Epoch: 47 - Loss: 172.81331788789996
Epoch: 48 - Loss: 172.09760608228953
Epoch: 49 - Loss: 171.38219379065853
Epoch: 50 - Loss: 170.7300313892819
Epoch: 51 - Loss: 170.1462325892501
Epoch: 52 - Loss: 169.62102753062476
Epoch: 53 - Loss: 169.15582170203774
Epoch: 54 - Loss: 168.74425666006795
Epoch: 55 - Loss: 168.3689206379245
Epoch: 56 - Loss: 168.00486962040108
Epoch: 57 - Loss: 167.64187134908914
Epoch: 58 - Loss: 167.34173062394643
Epoch: 59 - Loss: 167.290823109892
Epoch: 60 - Loss: 166.93494243487203
Epoch: 61 - Loss: 166.44662212082648
Epoch: 62 - Loss: 166.0330680257293
Epoch: 63 - Loss: 165.70013906230872
Epoch: 64 - Loss: 165.4130691661982
Epoch: 65 - Loss: 165.15088684598786
Epoch: 66 - Loss: 164.90339986893736
Epoch: 67 - Loss: 164.66370819381467
Epoch: 68 - Loss: 164.42586712250383
Epoch: 69 - Loss: 164.18378097179985
Epoch: 70 - Loss: 163.93420969337856
Epoch: 71 - Loss: 163.67654061300843
Epoch: 72 - Loss: 163.41513444410154
Epoch: 73 - Loss: 163.1600884344864
Epoch: 74 - Loss: 162.92300486595843
Epoch: 75 - Loss: 162.69802053472364
Epoch: 76 - Loss: 162.43440483398646
Epoch: 77 - Loss: 162.1022281607883
Epoch: 78 - Loss: 161.72303896597938
Epoch: 79 - Loss: 161.32477707510975
Epoch: 80 - Loss: 160.90706720604024
Epoch: 81 - Loss: 160.455513842662
Epoch: 82 - Loss: 159.95670137966195
Epoch: 83 - Loss: 159.4048735354419
Epoch: 84 - Loss: 158.81499820455696
Epoch: 85 - Loss: 158.28419986422722
Epoch: 86 - Loss: 155.9947546441577
Epoch: 87 - Loss: 157.42601707811093
Epoch: 88 - Loss: 153.61187378538722
Epoch: 89 - Loss: 154.29902524263676
Epoch: 90 - Loss: 155.54169769655692
Epoch: 91 - Loss: 155.71038973002578
Epoch: 92 - Loss: 154.94715994617064
Epoch: 93 - Loss: 153.69142804132485
Epoch: 94 - Loss: 153.0195759426295
Epoch: 95 - Loss: 154.21033051902432
Epoch: 96 - Loss: 153.56996154659336
Epoch: 97 - Loss: 152.47894207967903
Epoch: 98 - Loss: 152.6285108816641
Epoch: 99 - Loss: 152.9307468031741
Epoch: 100 - Loss: 152.76989391272147
Epoch: 101 - Loss: 152.12947451661861
Epoch: 102 - Loss: 151.4423854054941
Epoch: 103 - Loss: 151.50221363223196
Epoch: 104 - Loss: 151.72909140050422
Epoch: 105 - Loss: 150.92042123698212
Epoch: 106 - Loss: 150.69262177422087
Epoch: 107 - Loss: 150.8241382256993
Epoch: 108 - Loss: 150.66534472214306
Epoch: 109 - Loss: 150.16121461157545
Epoch: 110 - Loss: 149.7598861186312
Epoch: 111 - Loss: 149.81163455577646
Epoch: 112 - Loss: 149.45441175744833
Epoch: 113 - Loss: 148.94092871002582
Epoch: 114 - Loss: 148.79385966756527
Epoch: 115 - Loss: 148.58134143520306
Epoch: 116 - Loss: 148.11857575907914
Epoch: 117 - Loss: 147.666576734205
Epoch: 118 - Loss: 147.4387060760693
Epoch: 119 - Loss: 146.97806405046515
Epoch: 120 - Loss: 146.43309964945885
Epoch: 121 - Loss: 146.0724071224711
Epoch: 122 - Loss: 145.58928939103527
Epoch: 123 - Loss: 144.97068817592358
Epoch: 124 - Loss: 144.40752044866792
Epoch: 125 - Loss: 143.84296869209297
Epoch: 126 - Loss: 143.1016583801145
Epoch: 127 - Loss: 142.3787563847314
Epoch: 128 - Loss: 141.59477565051512
Epoch: 129 - Loss: 140.80127868456702
Epoch: 130 - Loss: 140.00412050171582
Epoch: 131 - Loss: 138.8082715977088
Epoch: 132 - Loss: 139.0719618081377
Epoch: 133 - Loss: 137.3845422813872
Epoch: 134 - Loss: 137.92694777217827
Epoch: 135 - Loss: 136.76822423192758
Epoch: 136 - Loss: 133.93550275270633
Epoch: 137 - Loss: 122.57158825879135
Epoch: 138 - Loss: 112.24489299907653
Epoch: 139 - Loss: 114.00786584329806
Epoch: 140 - Loss: 115.55460044297426
Epoch: 141 - Loss: 116.50316301489808
Epoch: 142 - Loss: 117.06294296416837
Epoch: 143 - Loss: 117.36210006242266
Epoch: 144 - Loss: 117.53306816609503
Epoch: 145 - Loss: 117.63496802528421
Epoch: 146 - Loss: 117.54943422615979
Epoch: 147 - Loss: 117.49369943120128
Epoch: 148 - Loss: 117.28273062531437
Epoch: 149 - Loss: 117.0966969229854
Epoch: 150 - Loss: 116.87098641947216
Epoch: 151 - Loss: 113.7458393487386
Epoch: 152 - Loss: 77.70356281436281
Epoch: 153 - Loss: 74.22582882969833
Epoch: 154 - Loss: 73.4330094779391
Epoch: 155 - Loss: 73.02382147591975
Epoch: 156 - Loss: 72.6675262307583
Epoch: 157 - Loss: 72.30580029172773
Epoch: 158 - Loss: 71.91780455720286
Epoch: 159 - Loss: 71.48723512753975
Epoch: 160 - Loss: 71.00606094205766
Epoch: 161 - Loss: 70.45015593434142
Epoch: 162 - Loss: 69.79911031512826
Epoch: 163 - Loss: 69.0041867575753
Epoch: 164 - Loss: 68.00056650904841
Epoch: 165 - Loss: 66.67158112287802
Epoch: 166 - Loss: 64.86186675701097
Epoch: 167 - Loss: 62.92157856608758
Epoch: 168 - Loss: 66.60609435922824
Epoch: 169 - Loss: 71.00340976015423
Epoch: 170 - Loss: 66.37050201216238
Epoch: 171 - Loss: 62.59802072085194
Epoch: 172 - Loss: 63.340710963489286
Epoch: 173 - Loss: 64.27548741804755
Epoch: 174 - Loss: 64.75013453076332
Epoch: 175 - Loss: 64.8151179471123
Epoch: 176 - Loss: 64.51413193106363
Epoch: 177 - Loss: 63.86850053168278
Epoch: 178 - Loss: 62.934600831643245
Epoch: 179 - Loss: 62.19853570576799
Epoch: 180 - Loss: 63.572264214707324
Epoch: 181 - Loss: 62.5520420686668
Epoch: 182 - Loss: 62.07764363765414
Epoch: 183 - Loss: 62.470928002761255
Epoch: 184 - Loss: 62.72244656192393
Epoch: 185 - Loss: 62.64718683043343
Epoch: 186 - Loss: 62.27294505669348
Epoch: 187 - Loss: 61.81253722525011
Epoch: 188 - Loss: 61.831654940200146
Epoch: 189 - Loss: 62.273203395570484
Epoch: 190 - Loss: 61.684426920089884
Epoch: 191 - Loss: 61.618266246348355
Epoch: 192 - Loss: 61.8129077416318
Epoch: 193 - Loss: 61.852657982787306
Epoch: 194 - Loss: 61.674243042560754
Epoch: 195 - Loss: 61.42918615550202
Epoch: 196 - Loss: 61.44454995591401
Epoch: 197 - Loss: 61.611385976716896
Epoch: 198 - Loss: 61.36421211510565
Epoch: 199 - Loss: 61.2922640794075
Epoch: 200 - Loss: 61.38176932798466
Epoch: 201 - Loss: 61.38722036016409
Epoch: 202 - Loss: 61.27056180323997
Epoch: 203 - Loss: 61.16813306227944
Epoch: 204 - Loss: 61.225824359628156
Epoch: 205 - Loss: 61.23310872807626
Epoch: 206 - Loss: 61.11115205840165
Epoch: 207 - Loss: 61.105143708100634
Epoch: 208 - Loss: 61.1379756768774
Epoch: 209 - Loss: 61.104342456535534
Epoch: 210 - Loss: 61.03061345117945
Epoch: 211 - Loss: 61.015048800372355
Epoch: 212 - Loss: 61.039322024510504
Epoch: 213 - Loss: 60.98997288169963
Epoch: 214 - Loss: 60.94480230888155
Epoch: 215 - Loss: 60.95182962223762
Epoch: 216 - Loss: 60.94295194140101
Epoch: 217 - Loss: 60.90039035869009
Epoch: 218 - Loss: 60.87072250143572
Epoch: 219 - Loss: 60.873347674678335
Epoch: 220 - Loss: 60.85286236176173
Epoch: 221 - Loss: 60.81553200241249
Epoch: 222 - Loss: 60.80381827136747
Epoch: 223 - Loss: 60.795858052040536
Epoch: 224 - Loss: 60.769246405669136
Epoch: 225 - Loss: 60.7414938537117
Epoch: 226 - Loss: 60.731146701530825
Epoch: 227 - Loss: 60.71611422981571
Epoch: 228 - Loss: 60.688156804710744
Epoch: 229 - Loss: 60.66925141324515
Epoch: 230 - Loss: 60.65689394318363
Epoch: 231 - Loss: 60.6361995136117
Epoch: 232 - Loss: 60.61203605133679
Epoch: 233 - Loss: 60.59583130360444
Epoch: 234 - Loss: 60.580274282409725
Epoch: 235 - Loss: 60.55761076657654
Epoch: 236 - Loss: 60.53747792799356
Epoch: 237 - Loss: 60.52184633868363
Epoch: 238 - Loss: 60.50291118956148
Epoch: 239 - Loss: 60.48342937152725
Epoch: 240 - Loss: 60.46336526638339
Epoch: 241 - Loss: 60.44646023432868
Epoch: 242 - Loss: 60.42565423156493
Epoch: 243 - Loss: 60.40555578794849
Epoch: 244 - Loss: 60.38828616838276
Epoch: 245 - Loss: 60.369402531864736
Epoch: 246 - Loss: 60.349197819685045
Epoch: 247 - Loss: 60.329764120876256
Epoch: 248 - Loss: 60.313946587533565
Epoch: 249 - Loss: 60.29188310717566
Epoch: 250 - Loss: 60.27244726237655
Epoch: 251 - Loss: 60.253841611315224
Epoch: 252 - Loss: 60.23434778821587
Epoch: 253 - Loss: 60.214220917555366
Epoch: 254 - Loss: 60.19509436676984
Too slow optimization
Epoch: 1 - Loss: 198.0158384559342
Epoch: 2 - Loss: 193.0231326026347
Epoch: 3 - Loss: 190.86792268187207
Epoch: 4 - Loss: 189.47147570861438
Epoch: 5 - Loss: 188.47557076588888
Epoch: 6 - Loss: 187.68140170115927
Epoch: 7 - Loss: 186.98559781691995
Epoch: 8 - Loss: 186.3071819827526
Epoch: 9 - Loss: 185.56848952199456
Epoch: 10 - Loss: 179.79232578452533
Epoch: 11 - Loss: 176.34368120006957
Epoch: 12 - Loss: 174.24481848683007
Epoch: 13 - Loss: 171.761848269403
Epoch: 14 - Loss: 170.34855319587587
Epoch: 15 - Loss: 168.91517870184367
Epoch: 16 - Loss: 177.66060880937138
Epoch: 17 - Loss: 177.44384214107427
Epoch: 18 - Loss: 177.20959134531074
Epoch: 19 - Loss: 176.85731405514161
Epoch: 20 - Loss: 176.19605686774062
Epoch: 21 - Loss: 175.409814238195
Epoch: 22 - Loss: 174.72394595388934
Epoch: 23 - Loss: 173.99359373781897
Epoch: 24 - Loss: 172.85659100979848
Epoch: 25 - Loss: 171.4946560538404
Epoch: 26 - Loss: 169.36884344793245
Epoch: 27 - Loss: 142.64886790754088
Epoch: 28 - Loss: 127.71857926072143
Epoch: 29 - Loss: 125.33315083399202
Epoch: 30 - Loss: 124.34117998019907
Epoch: 31 - Loss: 123.54588759287225
Epoch: 32 - Loss: 122.80249750808845
Epoch: 33 - Loss: 122.2394859374763
Epoch: 34 - Loss: 121.425381024682
Epoch: 35 - Loss: 120.0842615697291
Epoch: 36 - Loss: 118.41547225455547
Epoch: 37 - Loss: 114.35452718491254
Epoch: 38 - Loss: 103.56455044147691
Epoch: 39 - Loss: 89.203628759091
Epoch: 40 - Loss: 89.95710655840186
Epoch: 41 - Loss: 90.92183126891437
Epoch: 42 - Loss: 90.06708868127926
TRIAL 74 CRASHED (caught, continuing to next trial):
DomainError with 695.4348496052353:
integrand produced NaN in the interval (695.434849605208, 695.4348496052626)
Epoch: 1 - Loss: 190.8113365985844
Epoch: 2 - Loss: 184.92942164843757
Epoch: 3 - Loss: 175.94405519185378
Epoch: 4 - Loss: 185.8705543957022
Epoch: 5 - Loss: 185.536553351137
Epoch: 6 - Loss: 185.84516012060942
Epoch: 7 - Loss: 184.5048220684694
Epoch: 8 - Loss: 182.78168519073742
Epoch: 9 - Loss: 181.70473945347834
Epoch: 10 - Loss: 180.46749691605217
Epoch: 11 - Loss: 178.3685495563389
Epoch: 12 - Loss: 174.74138935325203
Epoch: 13 - Loss: 162.6261782618654
Epoch: 14 - Loss: 165.96300875266004
Epoch: 15 - Loss: 147.8636714775932
Epoch: 16 - Loss: 129.757240650523
Epoch: 17 - Loss: 130.66659639035456
Epoch: 18 - Loss: 123.50071380904603
Epoch: 19 - Loss: 124.76774636380136
Epoch: 20 - Loss: 124.64598085668892
Epoch: 21 - Loss: 123.55782035187374
Epoch: 22 - Loss: 122.28278308571414
Epoch: 23 - Loss: 120.97920854669243
Epoch: 24 - Loss: 118.72461747776755
Epoch: 25 - Loss: 102.90432635123952
Epoch: 26 - Loss: 93.57479321148418
Epoch: 27 - Loss: 95.13006878556274
Epoch: 28 - Loss: 95.10820377028578
Epoch: 29 - Loss: 94.56432352338516
Epoch: 30 - Loss: 94.07515512917186
Epoch: 31 - Loss: 92.62605983676316
Epoch: 32 - Loss: 89.94119415610234
Epoch: 33 - Loss: 89.63323610653782
Epoch: 34 - Loss: 81.0733088966397
Epoch: 35 - Loss: 87.45113816380218
Epoch: 36 - Loss: 88.91928152230368
Epoch: 37 - Loss: 87.02877565907595
Epoch: 38 - Loss: 115.62112404859943
Epoch: 39 - Loss: 94.78448651166389
Epoch: 40 - Loss: 86.06991327342249
Epoch: 41 - Loss: 84.9867342488573
Epoch: 42 - Loss: 89.46269677913082
Epoch: 43 - Loss: 91.64586903822999
Epoch: 44 - Loss: 90.70336695336803
Epoch: 45 - Loss: 88.24015396922138
Epoch: 46 - Loss: 82.03405015352696
Epoch: 47 - Loss: 80.81918453671422
Epoch: 48 - Loss: 84.3646591501847
Epoch: 49 - Loss: 80.82604512043714
Epoch: 50 - Loss: 92.180614843344
Epoch: 51 - Loss: 103.26007751260549
Epoch: 52 - Loss: 100.2052239417305
Epoch: 53 - Loss: 83.40231193904089
Epoch: 54 - Loss: 86.4524123616469
Epoch: 55 - Loss: 90.54911700884628
Epoch: 56 - Loss: 96.02357799694462
Epoch: 57 - Loss: 98.56247628601527
Epoch: 58 - Loss: 99.84693785399364
Epoch: 59 - Loss: 100.97660923143457
Epoch: 60 - Loss: 101.59916247398658
Epoch: 61 - Loss: 101.65458669372578
Epoch: 62 - Loss: 100.97052825889784
Epoch: 63 - Loss: 99.93915834136422
Epoch: 64 - Loss: 98.69279010402796
Epoch: 65 - Loss: 97.5645661643428
Epoch: 66 - Loss: 94.11763029743476
Epoch: 67 - Loss: 88.91895825994605
Epoch: 68 - Loss: 86.36021344994788
Epoch: 69 - Loss: 83.18754911474004
Epoch: 70 - Loss: 73.1433863274797
NON-FINITE LOSS: retcode=Unstable npoints=6 expected=6
NON-FINITE LOSS: retcode=Unstable npoints=5 expected=6
Epoch: 71 - Loss: 1.0e6
Epoch: 72 - Loss: 81.81186467690407
Epoch: 73 - Loss: 89.5027068500775
Epoch: 74 - Loss: 84.9603587462274
Epoch: 75 - Loss: 84.4716937120785
Epoch: 76 - Loss: 82.80448920528639
Epoch: 77 - Loss: 101.35050083322382
Epoch: 78 - Loss: 112.14414443523889
NON-FINITE LOSS: retcode=Unstable npoints=6 expected=6
NON-FINITE LOSS: retcode=Unstable npoints=5 expected=6
Epoch: 79 - Loss: 1.0e6
NON-FINITE LOSS: retcode=Unstable npoints=6 expected=6
NON-FINITE LOSS: retcode=Unstable npoints=5 expected=6
Epoch: 80 - Loss: 1.0e6
NON-FINITE LOSS: retcode=Unstable npoints=6 expected=6
NON-FINITE LOSS: retcode=Unstable npoints=5 expected=6
Epoch: 81 - Loss: 1.0e6
NON-FINITE LOSS: retcode=Unstable npoints=6 expected=6
NON-FINITE LOSS: retcode=Unstable npoints=5 expected=6
Epoch: 82 - Loss: 1.0e6
NON-FINITE LOSS: retcode=Unstable npoints=6 expected=6
NON-FINITE LOSS: retcode=Unstable npoints=5 expected=6
Epoch: 83 - Loss: 1.0e6
NON-FINITE LOSS: retcode=Unstable npoints=6 expected=6
NON-FINITE LOSS: retcode=Unstable npoints=5 expected=6
Epoch: 84 - Loss: 1.0e6
Epoch: 1 - Loss: 194.1818343281609
Epoch: 2 - Loss: 193.8827294783186
Epoch: 3 - Loss: 193.56967359407872
Epoch: 4 - Loss: 193.2980035035638
Epoch: 5 - Loss: 193.2207117969484
Epoch: 6 - Loss: 193.18425583259233
Epoch: 7 - Loss: 193.02821007917254
Epoch: 8 - Loss: 192.84717161123498
Epoch: 9 - Loss: 192.7117892943689
Epoch: 10 - Loss: 192.60002589947382
Epoch: 11 - Loss: 192.47245783895391
Epoch: 12 - Loss: 192.32146474647874
Epoch: 13 - Loss: 192.16927181013733
Epoch: 14 - Loss: 192.0474822294815
Epoch: 15 - Loss: 191.96042914999467
Epoch: 16 - Loss: 191.8628126835672
Epoch: 17 - Loss: 191.72816638872473
Epoch: 18 - Loss: 191.5866530813593
Epoch: 19 - Loss: 191.46510040180559
Epoch: 20 - Loss: 191.3580435294781
Epoch: 21 - Loss: 191.24807020879996
Epoch: 22 - Loss: 191.12800442367262
Epoch: 23 - Loss: 191.00389475750293
Epoch: 24 - Loss: 190.8857680824121
Epoch: 25 - Loss: 190.77641914604843
Epoch: 26 - Loss: 190.6670845508968
Epoch: 27 - Loss: 190.5478820987591
Epoch: 28 - Loss: 190.420619805644
Epoch: 29 - Loss: 190.29585750589118
Epoch: 30 - Loss: 190.1799545296415
Epoch: 31 - Loss: 190.07163772124633
Epoch: 32 - Loss: 189.96985935486222
Epoch: 33 - Loss: 189.8826298891585
Epoch: 34 - Loss: 189.82373832788565
Epoch: 35 - Loss: 189.75523761864153
Epoch: 36 - Loss: 189.6860519550821
Epoch: 37 - Loss: 189.6113415322441
Epoch: 38 - Loss: 189.5266746259302
Epoch: 39 - Loss: 189.43872173126243
Epoch: 40 - Loss: 189.35483269869735
Epoch: 41 - Loss: 189.2698214324964
Epoch: 42 - Loss: 189.17450241465207
Epoch: 43 - Loss: 189.08709962232848
Epoch: 44 - Loss: 189.00734309825515
Epoch: 45 - Loss: 188.93278063473954
Epoch: 46 - Loss: 188.8600037366393
Epoch: 47 - Loss: 188.7857332468259
Epoch: 48 - Loss: 188.70858236991313
Epoch: 49 - Loss: 188.62909249620938
Epoch: 50 - Loss: 188.5478174568645
Epoch: 51 - Loss: 188.46419156815642
Epoch: 52 - Loss: 188.37762738474132
Epoch: 53 - Loss: 188.28870617112057
Epoch: 54 - Loss: 188.19893874651112
Epoch: 55 - Loss: 188.10940416396386
Epoch: 56 - Loss: 188.0201049199544
Epoch: 57 - Loss: 187.92447123786138
Epoch: 58 - Loss: 187.8187427349012
Epoch: 59 - Loss: 187.7089695313296
Epoch: 60 - Loss: 187.59378410095042
Epoch: 61 - Loss: 187.47234233252055
Epoch: 62 - Loss: 187.34515592046733
Epoch: 63 - Loss: 187.21351202893644
Epoch: 64 - Loss: 187.07834185597974
Epoch: 65 - Loss: 186.93961572968806
Epoch: 66 - Loss: 186.79678769479224
Epoch: 67 - Loss: 186.64938456658064
Epoch: 68 - Loss: 186.49705849702696
Epoch: 69 - Loss: 186.33934039136844
Epoch: 70 - Loss: 186.17577463441964
Epoch: 71 - Loss: 186.00612435347415
Epoch: 72 - Loss: 185.83036622190744
Epoch: 73 - Loss: 185.64841555174294
Epoch: 74 - Loss: 185.4599557487898
Epoch: 75 - Loss: 185.26463040164774
Epoch: 76 - Loss: 185.06225492698618
Epoch: 77 - Loss: 184.85188327300216
Epoch: 78 - Loss: 184.63285218941678
Epoch: 79 - Loss: 184.40421638509744
Epoch: 80 - Loss: 184.16508291468804
Epoch: 81 - Loss: 183.9147791288971
Epoch: 82 - Loss: 183.65300238135845
Epoch: 83 - Loss: 183.3805319641304
Epoch: 84 - Loss: 183.10113188685176
Epoch: 85 - Loss: 182.8265156009886
Epoch: 86 - Loss: 182.59034855587095
Epoch: 87 - Loss: 182.4817298274377
Epoch: 88 - Loss: 182.5016748839866
Epoch: 89 - Loss: 182.32064124566892
Epoch: 90 - Loss: 182.06633463365006
Epoch: 91 - Loss: 181.85745848377732
Epoch: 92 - Loss: 181.70546101165016
Epoch: 93 - Loss: 181.58678832665387
Epoch: 94 - Loss: 181.48144728660384
Epoch: 95 - Loss: 181.37853647995146
Epoch: 96 - Loss: 181.27311277687576
Epoch: 97 - Loss: 181.16327026807355
Epoch: 98 - Loss: 181.0484637466354
Epoch: 99 - Loss: 180.92859938124892
Epoch: 100 - Loss: 180.8032570740885
Epoch: 101 - Loss: 180.66952968837015
Epoch: 102 - Loss: 180.51180364107694
Epoch: 103 - Loss: 180.16921271828153
Epoch: 104 - Loss: 179.51144301606746
Epoch: 105 - Loss: 179.09761800497412
Epoch: 106 - Loss: 178.90250245096783
Epoch: 107 - Loss: 178.91464102316456
Epoch: 108 - Loss: 178.658711982931
Epoch: 109 - Loss: 178.40768196258853
Epoch: 110 - Loss: 178.45089850864298
Epoch: 111 - Loss: 178.17549435719113
Epoch: 112 - Loss: 177.92847620839467
Epoch: 113 - Loss: 178.00462441835532
Epoch: 114 - Loss: 177.7156184982768
Epoch: 115 - Loss: 177.47541585209848
Epoch: 116 - Loss: 177.5458059357038
Epoch: 117 - Loss: 177.220836961727
Epoch: 118 - Loss: 176.95170924088202
Epoch: 119 - Loss: 177.00407192249435
Epoch: 120 - Loss: 176.65828269708467
Epoch: 121 - Loss: 176.39451053351402
Epoch: 122 - Loss: 176.47727925079303
Epoch: 123 - Loss: 176.13709555208345
Epoch: 124 - Loss: 175.94377725537666
Epoch: 125 - Loss: 176.0867641017329
Epoch: 126 - Loss: 175.80552517267694
Epoch: 127 - Loss: 175.68763373617324
Epoch: 128 - Loss: 175.81661868688425
Epoch: 129 - Loss: 175.5010929115936
Epoch: 130 - Loss: 175.31945967959888
Epoch: 131 - Loss: 175.385134087601
Epoch: 132 - Loss: 175.0765247620952
Epoch: 133 - Loss: 174.88234144850858
Epoch: 134 - Loss: 175.00845346648356
Epoch: 135 - Loss: 174.76037545070028
Epoch: 136 - Loss: 174.54689026797635
Epoch: 137 - Loss: 174.7789776677587
Epoch: 138 - Loss: 174.52284964433565
Epoch: 139 - Loss: 174.2963198807766
Epoch: 140 - Loss: 174.60405234085167
Epoch: 141 - Loss: 174.20176743423656
Epoch: 142 - Loss: 174.07395609586604
Epoch: 143 - Loss: 174.18437833588325
Epoch: 144 - Loss: 173.72099507546062
Epoch: 145 - Loss: 173.70032592146364
Epoch: 146 - Loss: 173.61431995392667
Epoch: 147 - Loss: 173.30595126580005
Epoch: 148 - Loss: 173.23473940964462
Epoch: 149 - Loss: 173.0841193032998
Epoch: 150 - Loss: 172.83427697395564
Epoch: 151 - Loss: 172.66324944532067
Epoch: 152 - Loss: 172.5293024901263
Epoch: 153 - Loss: 172.33362041983023
Epoch: 154 - Loss: 172.06296786092415
Epoch: 155 - Loss: 171.90053138989109
Epoch: 156 - Loss: 171.76720391556964
Epoch: 157 - Loss: 171.3653464215682
Epoch: 158 - Loss: 171.02623427137706
Epoch: 159 - Loss: 170.76677415727778
Epoch: 160 - Loss: 170.5279892098531
Epoch: 161 - Loss: 170.34514493027913
Epoch: 162 - Loss: 169.78247362137904
Epoch: 163 - Loss: 169.34529281329898
Epoch: 164 - Loss: 168.91796141327603
Epoch: 165 - Loss: 168.45414373289407
Epoch: 166 - Loss: 167.96974095070024
Epoch: 167 - Loss: 167.48957346327404
Epoch: 168 - Loss: 166.94263793901652
Epoch: 169 - Loss: 166.5538673284732
Epoch: 170 - Loss: 166.82525028912568
Epoch: 171 - Loss: 165.13485707096228
Epoch: 172 - Loss: 168.85999939494943
Epoch: 173 - Loss: 166.6973675366417
Epoch: 174 - Loss: 166.63822156572795
Epoch: 175 - Loss: 166.00427875846609
Epoch: 176 - Loss: 165.3091488852525
Epoch: 177 - Loss: 164.87126096411734
Epoch: 178 - Loss: 163.80201015634634
Epoch: 179 - Loss: 162.93313974525304
Epoch: 180 - Loss: 159.81296285689896
Epoch: 181 - Loss: 145.31825113165374
Epoch: 182 - Loss: 140.66467237440696
Epoch: 183 - Loss: 143.11591148789952
Epoch: 184 - Loss: 144.2971017138655
Epoch: 185 - Loss: 144.42151075214255
Epoch: 186 - Loss: 145.0157620455431
Epoch: 187 - Loss: 145.63195484676143
Epoch: 188 - Loss: 146.10267441833466
Epoch: 189 - Loss: 146.4530559988641
Epoch: 190 - Loss: 146.68872711414136
Epoch: 191 - Loss: 146.77896303420113
Epoch: 192 - Loss: 146.74409620972253
Epoch: 193 - Loss: 146.58142437251456
Epoch: 194 - Loss: 146.32601114414555
Epoch: 195 - Loss: 146.03581211367188
Epoch: 196 - Loss: 145.87096412658732
Epoch: 197 - Loss: 145.9223349908693
Epoch: 198 - Loss: 145.89413295049786
Epoch: 199 - Loss: 145.57587165850262
Epoch: 200 - Loss: 145.22768904202383
Epoch: 201 - Loss: 144.92867563851286
Epoch: 202 - Loss: 144.62492945461577
Epoch: 203 - Loss: 144.28949905774914
Epoch: 204 - Loss: 143.89808341510894
Epoch: 205 - Loss: 143.43042306839072
Epoch: 206 - Loss: 142.8728264646046
Epoch: 207 - Loss: 142.28517965877253
Epoch: 208 - Loss: 141.39229210638416
Epoch: 209 - Loss: 137.68164921909926
Epoch: 210 - Loss: 109.85620632174592
Epoch: 211 - Loss: 96.88862384328642
Epoch: 212 - Loss: 94.4416636131989
Epoch: 213 - Loss: 96.37251440872524
Epoch: 214 - Loss: 95.60049710685956
Epoch: 215 - Loss: 93.63971900395055
Epoch: 216 - Loss: 93.82640423718564
Epoch: 217 - Loss: 94.36252215235247
Epoch: 218 - Loss: 94.72845568455752
Epoch: 219 - Loss: 94.85837693292117
Epoch: 220 - Loss: 94.7727643847346
Epoch: 221 - Loss: 94.48885741056836
Epoch: 222 - Loss: 94.03074256528168
Epoch: 223 - Loss: 93.47462209057093
Epoch: 224 - Loss: 93.04006008357891
Epoch: 225 - Loss: 93.17110062137846
Epoch: 226 - Loss: 93.77913074196245
Epoch: 227 - Loss: 93.36030042908668
Epoch: 228 - Loss: 92.81364243855155
Epoch: 229 - Loss: 92.81231850001652
Epoch: 230 - Loss: 92.990544595037
Epoch: 231 - Loss: 93.09440062104437
Epoch: 232 - Loss: 93.04626333377996
Epoch: 233 - Loss: 92.85954852187753
Epoch: 234 - Loss: 92.60697960459743
Epoch: 235 - Loss: 92.42113566690885
Epoch: 236 - Loss: 92.44815588794371
Epoch: 237 - Loss: 92.5889806339349
Epoch: 238 - Loss: 92.48006349852051
Epoch: 239 - Loss: 92.25183702712066
Epoch: 240 - Loss: 92.1771102204443
Epoch: 241 - Loss: 92.18199575480367
Epoch: 242 - Loss: 92.17390187128281
Epoch: 243 - Loss: 92.10052410484424
Epoch: 244 - Loss: 91.96013908746839
Epoch: 245 - Loss: 91.82094627782372
Epoch: 246 - Loss: 91.74122396600922
Epoch: 247 - Loss: 91.71233775542827
Epoch: 248 - Loss: 91.65938165844611
Epoch: 249 - Loss: 91.53443493043783
Epoch: 250 - Loss: 91.40400627126435
Epoch: 251 - Loss: 91.32444205160176
Epoch: 252 - Loss: 91.28131561764235
Epoch: 253 - Loss: 91.19763442479535
Epoch: 254 - Loss: 91.08096409809006
Epoch: 255 - Loss: 90.96664724716906
Epoch: 256 - Loss: 90.85795627402291
Epoch: 257 - Loss: 90.78401807731315
Epoch: 258 - Loss: 90.69511741972276
Epoch: 259 - Loss: 90.5729997825692
Epoch: 260 - Loss: 90.45389520434836
Epoch: 261 - Loss: 90.34031313965859
Epoch: 262 - Loss: 90.24289741967081
Epoch: 263 - Loss: 90.13018783898661
Epoch: 264 - Loss: 89.99885988326633
Epoch: 265 - Loss: 89.8717266818926
Epoch: 266 - Loss: 89.73626561418337
Epoch: 267 - Loss: 89.6021100109384
Epoch: 268 - Loss: 89.47934831105572
Epoch: 269 - Loss: 89.35926076842158
Epoch: 270 - Loss: 89.1595130769077
Epoch: 271 - Loss: 89.00613451746133
Epoch: 272 - Loss: 88.91427435222803
Epoch: 273 - Loss: 88.68845398205545
Epoch: 274 - Loss: 88.48040313268035
Epoch: 275 - Loss: 88.27142472591211
Epoch: 276 - Loss: 88.0761090245869
Epoch: 277 - Loss: 87.96807741292123
Epoch: 278 - Loss: 87.8049985289354
Epoch: 279 - Loss: 87.90416691798367
Epoch: 280 - Loss: 87.42162671184371
Epoch: 281 - Loss: 87.6500901754785
Epoch: 282 - Loss: 87.20749682947091
Epoch: 283 - Loss: 87.50972814212314
Epoch: 284 - Loss: 86.6029699678819
Epoch: 285 - Loss: 86.77203220757599
Epoch: 286 - Loss: 89.01460432736079
Epoch: 287 - Loss: 86.91566584945375
Epoch: 288 - Loss: 88.48311281143265
Epoch: 289 - Loss: 89.81605390985939
Epoch: 290 - Loss: 90.13974466644252
Epoch: 291 - Loss: 89.31013526309889
Epoch: 292 - Loss: 87.96621266809252
Epoch: 293 - Loss: 85.70022311761761
Epoch: 294 - Loss: 86.21383452768012
Epoch: 295 - Loss: 85.2879629606393
Epoch: 296 - Loss: 84.63411833420385
Epoch: 297 - Loss: 85.5910451409366
Epoch: 298 - Loss: 85.47691790191575
Epoch: 299 - Loss: 84.73122257537793
Epoch: 300 - Loss: 83.77030371060403
Epoch: 1 - Loss: 198.11393753781488
Epoch: 2 - Loss: 196.95398893772605
Epoch: 3 - Loss: 195.92558806134028
Epoch: 4 - Loss: 195.71958366741072
Epoch: 5 - Loss: 194.36080057723822
Epoch: 6 - Loss: 193.64565518505168
Epoch: 7 - Loss: 192.95125045694718
Epoch: 8 - Loss: 192.05437196492468
Epoch: 9 - Loss: 191.13177752962818
Epoch: 10 - Loss: 190.01760785599984
Epoch: 11 - Loss: 185.7997710025648
Epoch: 12 - Loss: 182.48301093983906
Epoch: 13 - Loss: 179.48933977867804
Epoch: 14 - Loss: 178.78144010015365
Epoch: 15 - Loss: 177.54072332753518
Epoch: 16 - Loss: 176.37487237398392
Epoch: 17 - Loss: 174.98228639895473
Epoch: 18 - Loss: 173.47293636280324
Epoch: 19 - Loss: 172.00114999951555
Epoch: 20 - Loss: 170.88032127469123
Epoch: 21 - Loss: 169.64363566568343
Epoch: 22 - Loss: 165.35686131168634
Epoch: 23 - Loss: 156.83601192236344
Epoch: 24 - Loss: 129.8625322048717
Epoch: 25 - Loss: 125.50267834838982
Epoch: 26 - Loss: 123.35399766846433
Epoch: 27 - Loss: 122.2691853454952
Epoch: 28 - Loss: 120.95292613689526
Epoch: 29 - Loss: 120.35138567382837
Epoch: 30 - Loss: 119.28176339496892
Epoch: 31 - Loss: 118.38965223979187
Epoch: 32 - Loss: 117.42902687989186
Epoch: 33 - Loss: 116.82996782402029
Epoch: 34 - Loss: 115.8924809689731
Epoch: 35 - Loss: 114.4474690070548
Epoch: 36 - Loss: 112.79661470015988
Epoch: 37 - Loss: 110.79648689822372
Epoch: 38 - Loss: 108.19129692060082
Epoch: 39 - Loss: 104.90664025493619
Epoch: 40 - Loss: 101.1634820333766
Epoch: 41 - Loss: 85.69825783654423
Epoch: 42 - Loss: 77.76294329585882
Epoch: 43 - Loss: 79.67639529678915
Epoch: 44 - Loss: 80.84355017416668
Epoch: 45 - Loss: 80.81960842801436
Epoch: 46 - Loss: 80.59666849761548
Epoch: 47 - Loss: 80.32893050327334
Epoch: 48 - Loss: 79.70464359068072
Epoch: 49 - Loss: 79.65848215101695
Epoch: 50 - Loss: 79.01232694237048
Epoch: 51 - Loss: 78.77690413689217
Epoch: 52 - Loss: 77.92860713133749
Epoch: 53 - Loss: 77.57144899295166
Epoch: 54 - Loss: 76.39531386051912
Epoch: 55 - Loss: 75.40065859481886
Epoch: 56 - Loss: 73.41783355489775
Epoch: 57 - Loss: 71.57686748199151
Epoch: 58 - Loss: 70.19396581464224
Epoch: 59 - Loss: 74.40817102726986
Epoch: 60 - Loss: 69.40968737092336
Epoch: 61 - Loss: 70.66474509514657
Epoch: 62 - Loss: 71.03372007082112
Epoch: 63 - Loss: 73.52819200299261
Epoch: 64 - Loss: 73.14275141380517
Epoch: 65 - Loss: 70.1926365596228
Epoch: 66 - Loss: 67.49081512319886
Epoch: 67 - Loss: 70.71583964409028
Epoch: 68 - Loss: 71.21076080330292
Epoch: 69 - Loss: 73.50717485775621
Epoch: 70 - Loss: 73.80177339942324
Epoch: 71 - Loss: 75.60056147814997
Epoch: 72 - Loss: 74.66865391465439
Epoch: 73 - Loss: 73.25057156859836
Epoch: 74 - Loss: 71.27896675851851
Epoch: 75 - Loss: 69.36127649537191
Epoch: 76 - Loss: 69.67379698490588
Epoch: 77 - Loss: 69.12779766334326
Epoch: 78 - Loss: 69.51548670301551
Epoch: 79 - Loss: 70.47559663720352
Epoch: 80 - Loss: 70.85092642753843
Epoch: 81 - Loss: 70.50177912455514
Epoch: 82 - Loss: 69.9719595343562
Epoch: 83 - Loss: 69.986645559691
Epoch: 84 - Loss: 68.92136738900557
Epoch: 85 - Loss: 68.54105326460017
Epoch: 86 - Loss: 68.3127578802971
Epoch: 87 - Loss: 67.90008449634738
Epoch: 88 - Loss: 67.51731901795625
Epoch: 89 - Loss: 67.62562053877639
Epoch: 90 - Loss: 67.41642376218503
Epoch: 91 - Loss: 67.27895886626233
Epoch: 92 - Loss: 67.3256392571054
Epoch: 93 - Loss: 67.18014881284111
Epoch: 94 - Loss: 66.91588813782361
Epoch: 95 - Loss: 66.8284310394781
Epoch: 96 - Loss: 66.60890834072461
Epoch: 97 - Loss: 66.30576252314175
Epoch: 98 - Loss: 66.13958307303368
Epoch: 99 - Loss: 65.88679241605308
Epoch: 100 - Loss: 65.57395381276123
Epoch: 101 - Loss: 65.38405671757414
Epoch: 102 - Loss: 65.15447879297355
Epoch: 103 - Loss: 64.89807239296061
Epoch: 104 - Loss: 64.75221633072817
Epoch: 105 - Loss: 64.6116050730159
Epoch: 106 - Loss: 63.84161209733617
Epoch: 107 - Loss: 62.70229073072397
Epoch: 108 - Loss: 64.83408298357486
Epoch: 109 - Loss: 62.6221054331988
Epoch: 110 - Loss: 62.465329701436566
Epoch: 111 - Loss: 63.10593362335485
Epoch: 112 - Loss: 63.236879564892604
Epoch: 113 - Loss: 62.806621707348775
Epoch: 114 - Loss: 62.139106169585766
Epoch: 115 - Loss: 61.9651631201772
Epoch: 116 - Loss: 62.51336944807751
Epoch: 117 - Loss: 62.51676395133165
Epoch: 118 - Loss: 62.02133132134904
Epoch: 119 - Loss: 61.98383748115925
Epoch: 120 - Loss: 62.21909554463981
Epoch: 121 - Loss: 62.33154431755159
Epoch: 122 - Loss: 62.18817756292861
Epoch: 123 - Loss: 61.923901486337606
Epoch: 124 - Loss: 61.84137101272688
Epoch: 125 - Loss: 61.98775589478371
Epoch: 126 - Loss: 62.00380346276446
Epoch: 127 - Loss: 61.78568976862109
Epoch: 128 - Loss: 61.67024594090705
Epoch: 129 - Loss: 61.715757011643085
Epoch: 130 - Loss: 61.76471202576836
Epoch: 131 - Loss: 61.698977032047736
Epoch: 132 - Loss: 61.577933062721904
Epoch: 133 - Loss: 61.54017685584275
Epoch: 134 - Loss: 61.59639056677905
Epoch: 135 - Loss: 61.60031944035169
Epoch: 136 - Loss: 61.511936679265276
Epoch: 137 - Loss: 61.46530226990965
Epoch: 138 - Loss: 61.49022322577305
Epoch: 139 - Loss: 61.4939131583786
Epoch: 140 - Loss: 61.43797856684575
Epoch: 141 - Loss: 61.38065541357008
Epoch: 142 - Loss: 61.37357721130543
Epoch: 143 - Loss: 61.370946837881526
Epoch: 144 - Loss: 61.327196745550964
Epoch: 145 - Loss: 61.27226850360287
Epoch: 146 - Loss: 61.2566443506788
Epoch: 147 - Loss: 61.24831055309101
Epoch: 148 - Loss: 61.2161886044031
Epoch: 149 - Loss: 61.174257743239465
Epoch: 150 - Loss: 61.15296135896062
Epoch: 151 - Loss: 61.14320788080294
Epoch: 152 - Loss: 61.11983001069101
Epoch: 153 - Loss: 61.083647677014056
Epoch: 154 - Loss: 61.06385310607181
Epoch: 155 - Loss: 61.05087433047587
Epoch: 156 - Loss: 61.02778861905899
Epoch: 157 - Loss: 60.99781081182945
Epoch: 158 - Loss: 60.97390540819819
Epoch: 159 - Loss: 60.95733585673065
Epoch: 160 - Loss: 60.93423812930443
Epoch: 161 - Loss: 60.906184057669684
Epoch: 162 - Loss: 60.8875833432286
Epoch: 163 - Loss: 60.85832246817613
Epoch: 164 - Loss: 60.836105546136935
Epoch: 165 - Loss: 60.814849054866016
Epoch: 166 - Loss: 60.794886859930756
Epoch: 167 - Loss: 60.77451610384251
Epoch: 168 - Loss: 60.75317669979517
Epoch: 169 - Loss: 60.731051922262765
Epoch: 170 - Loss: 60.708193539590354
Epoch: 171 - Loss: 60.68428813341127
Epoch: 172 - Loss: 60.658619210743105
Epoch: 173 - Loss: 60.63251324069593
Epoch: 174 - Loss: 60.605554451983345
Epoch: 175 - Loss: 60.58646690543576
Epoch: 176 - Loss: 60.54180603428103
Epoch: 177 - Loss: 60.51081151548224
Epoch: 178 - Loss: 60.47667362750659
Epoch: 179 - Loss: 60.441487879789676
Epoch: 180 - Loss: 60.40645892563509
Epoch: 181 - Loss: 60.36952804358797
Epoch: 182 - Loss: 60.33059582725922
Epoch: 183 - Loss: 60.292613027397486
Epoch: 184 - Loss: 60.25431038867511
Epoch: 185 - Loss: 60.21515541488374
Epoch: 186 - Loss: 60.176207140137855
Epoch: 187 - Loss: 60.13818055949428
Epoch: 188 - Loss: 60.10036953095562
Epoch: 189 - Loss: 60.06313167587044
Epoch: 190 - Loss: 60.02736985373805
Epoch: 191 - Loss: 59.99269973398937
Epoch: 192 - Loss: 59.958826634958896
Epoch: 193 - Loss: 59.926763743358016
Epoch: 194 - Loss: 59.895724359029856
Epoch: 195 - Loss: 59.86458842140073
Epoch: 196 - Loss: 59.83472102882569
Epoch: 197 - Loss: 59.805484236764016
Epoch: 198 - Loss: 59.77661312606534
Epoch: 199 - Loss: 59.748618304899225
Epoch: 200 - Loss: 59.72052440269521
Epoch: 201 - Loss: 59.69242638767327
Epoch: 202 - Loss: 59.66466392680725
Epoch: 203 - Loss: 59.636540133730946
Epoch: 204 - Loss: 59.60837373999052
Epoch: 205 - Loss: 59.580623251994325
Epoch: 206 - Loss: 59.55217708551877
Epoch: 207 - Loss: 59.52349598323004
Epoch: 208 - Loss: 59.494480785409905
Epoch: 209 - Loss: 59.46498596460039
Epoch: 210 - Loss: 59.435508725725505
Epoch: 211 - Loss: 59.40547927332407
Epoch: 212 - Loss: 59.37548952802537
Epoch: 213 - Loss: 59.34556244590309
Epoch: 214 - Loss: 59.31561895766433
Epoch: 215 - Loss: 59.28617382714533
Epoch: 216 - Loss: 59.25694668805279
Epoch: 217 - Loss: 59.22866261528421
Epoch: 218 - Loss: 59.20105953722468
Epoch: 219 - Loss: 59.174319862489824
Epoch: 220 - Loss: 59.148943673965995
Epoch: 221 - Loss: 59.12484218857002
Epoch: 222 - Loss: 59.10226098137214
Epoch: 223 - Loss: 59.08123212930224
Too slow optimization
Epoch: 1 - Loss: 195.8936043191988
Epoch: 2 - Loss: 195.45171912179325
Epoch: 3 - Loss: 195.0432676536707
Epoch: 4 - Loss: 194.66520337809
Epoch: 5 - Loss: 194.31566672977704
Epoch: 6 - Loss: 193.99289985467533
Epoch: 7 - Loss: 193.69510995505576
Epoch: 8 - Loss: 193.42054568840874
Epoch: 9 - Loss: 193.16736375305476
Epoch: 10 - Loss: 192.93406497105636
Epoch: 11 - Loss: 192.71900854305855
Epoch: 12 - Loss: 192.52060984963074
Epoch: 13 - Loss: 192.33745664805346
Epoch: 14 - Loss: 192.16817185228538
Epoch: 15 - Loss: 192.01151612863717
Epoch: 16 - Loss: 191.8663189213234
Epoch: 17 - Loss: 191.7315614143405
Epoch: 18 - Loss: 191.60620437215474
Epoch: 19 - Loss: 191.48935184844115
Epoch: 20 - Loss: 191.3802246107367
Epoch: 21 - Loss: 191.2780579323706
Epoch: 22 - Loss: 191.1821958007987
Epoch: 23 - Loss: 191.09202406656073
Epoch: 24 - Loss: 191.006990359873
Epoch: 25 - Loss: 190.92662259758245
Epoch: 26 - Loss: 190.85045636473905
Epoch: 27 - Loss: 190.77809840766704
Epoch: 28 - Loss: 190.70920472179378
Epoch: 29 - Loss: 190.6434049430928
Epoch: 30 - Loss: 190.58045032202995
Epoch: 31 - Loss: 190.52008053688184
Epoch: 32 - Loss: 190.4620396283769
Epoch: 33 - Loss: 190.4061291222626
Epoch: 34 - Loss: 190.35215648369999
Epoch: 35 - Loss: 190.29996085422158
Epoch: 36 - Loss: 190.24936961931994
Epoch: 37 - Loss: 190.2002584364981
Epoch: 38 - Loss: 190.15250676671144
Epoch: 39 - Loss: 190.10599986424316
Epoch: 40 - Loss: 190.060641910903
Epoch: 41 - Loss: 190.0163339810395
Epoch: 42 - Loss: 189.97299527571545
Epoch: 43 - Loss: 189.93055909944323
Epoch: 44 - Loss: 189.88896777450645
Epoch: 45 - Loss: 189.84814800071788
Epoch: 46 - Loss: 189.8080505510623
Epoch: 47 - Loss: 189.76863556741762
Epoch: 48 - Loss: 189.72984904745326
Epoch: 49 - Loss: 189.69165165889592
Epoch: 50 - Loss: 189.65400915307163
Epoch: 51 - Loss: 189.6168927883666
Epoch: 52 - Loss: 189.58027083088888
Epoch: 53 - Loss: 189.54411753023598
Epoch: 54 - Loss: 189.50840489234807
Epoch: 55 - Loss: 189.47311751829704
Epoch: 56 - Loss: 189.43823338162596
Epoch: 57 - Loss: 189.40373676358215
Epoch: 58 - Loss: 189.3695980431817
Epoch: 59 - Loss: 189.3358125717925
Epoch: 60 - Loss: 189.30236521301345
Epoch: 61 - Loss: 189.26924261327525
Epoch: 62 - Loss: 189.23643132549074
Epoch: 63 - Loss: 189.2039204862452
Epoch: 64 - Loss: 189.17169594476857
Epoch: 65 - Loss: 189.13975631656928
Epoch: 66 - Loss: 189.10808837899302
Epoch: 67 - Loss: 189.07669017516952
Epoch: 68 - Loss: 189.04553078081807
Epoch: 69 - Loss: 189.01463005411208
Epoch: 70 - Loss: 188.98397011522613
Epoch: 71 - Loss: 188.953541739869
Epoch: 72 - Loss: 188.92333798132648
Epoch: 73 - Loss: 188.89336060224895
Epoch: 74 - Loss: 188.86359828484896
Epoch: 75 - Loss: 188.8340416547772
Epoch: 76 - Loss: 188.8046924097585
Epoch: 77 - Loss: 188.77554146863972
Epoch: 78 - Loss: 188.74658441904037
Epoch: 79 - Loss: 188.71781631756534
Epoch: 80 - Loss: 188.68923115023793
Epoch: 81 - Loss: 188.66082672823944
Epoch: 82 - Loss: 188.63259644912912
Epoch: 83 - Loss: 188.6045420293758
Epoch: 84 - Loss: 188.57664951774285
Epoch: 85 - Loss: 188.54892052028552
Epoch: 86 - Loss: 188.52134752706192
Epoch: 87 - Loss: 188.49393084314897
Epoch: 88 - Loss: 188.46666291712907
Epoch: 89 - Loss: 188.4395431658296
Epoch: 90 - Loss: 188.4125694108279
Epoch: 91 - Loss: 188.38573016906886
Epoch: 92 - Loss: 188.3590310328907
Epoch: 93 - Loss: 188.33246659190144
Epoch: 94 - Loss: 188.3060295883171
Epoch: 95 - Loss: 188.2797252709664
Epoch: 96 - Loss: 188.25354351872795
Epoch: 97 - Loss: 188.22748116104617
Epoch: 98 - Loss: 188.20154343786362
Epoch: 99 - Loss: 188.17572533205364
Epoch: 100 - Loss: 188.15002221716307
Epoch: 101 - Loss: 188.12443396283837
Epoch: 102 - Loss: 188.09895915919466
Epoch: 103 - Loss: 188.0735951517753
Epoch: 104 - Loss: 188.04834379259322
Epoch: 105 - Loss: 188.02320272826807
Epoch: 106 - Loss: 187.99817146514573
Epoch: 107 - Loss: 187.97324959962174
Epoch: 108 - Loss: 187.94843622041427
Epoch: 109 - Loss: 187.92373384143883
Epoch: 110 - Loss: 187.89914001562366
Epoch: 111 - Loss: 187.87465678851026
Epoch: 112 - Loss: 187.8502855720494
Epoch: 113 - Loss: 187.82602664504094
Epoch: 114 - Loss: 187.80188261568927
Epoch: 115 - Loss: 187.77785440285098
Epoch: 116 - Loss: 187.75394147953554
Epoch: 117 - Loss: 187.73015372769314
Epoch: 118 - Loss: 187.70649268229346
Epoch: 119 - Loss: 187.68295067591413
Epoch: 120 - Loss: 187.65954319699028
Epoch: 121 - Loss: 187.63626997083637
Epoch: 122 - Loss: 187.61313902069514
Epoch: 123 - Loss: 187.5901466796081
Epoch: 124 - Loss: 187.56730108040628
Epoch: 125 - Loss: 187.54460737227413
Epoch: 126 - Loss: 187.52207225462087
Epoch: 127 - Loss: 187.49969887324224
Epoch: 128 - Loss: 187.47749372561304
Epoch: 129 - Loss: 187.4554632406905
Epoch: 130 - Loss: 187.43361129462994
Epoch: 131 - Loss: 187.41194006248676
Epoch: 132 - Loss: 187.39046162168748
Epoch: 133 - Loss: 187.36917907629862
Epoch: 134 - Loss: 187.34809515448453
Epoch: 135 - Loss: 187.32721534026265
Epoch: 136 - Loss: 187.30654383125264
Epoch: 137 - Loss: 187.28608469527458
Epoch: 138 - Loss: 187.26583251160523
Epoch: 139 - Loss: 187.24580171430208
Epoch: 140 - Loss: 187.22597876851205
Epoch: 141 - Loss: 187.206367898438
Epoch: 142 - Loss: 187.18696952844135
Epoch: 143 - Loss: 187.16777662906574
Epoch: 144 - Loss: 187.14878363396187
Epoch: 145 - Loss: 187.12998176612376
Epoch: 146 - Loss: 187.1113628571634
Epoch: 147 - Loss: 187.09291768524696
Epoch: 148 - Loss: 187.07463412429806
Epoch: 149 - Loss: 187.05649418549731
Epoch: 150 - Loss: 187.03849824855334
Epoch: 151 - Loss: 187.02062222549708
Epoch: 152 - Loss: 187.00285560787117
Epoch: 153 - Loss: 186.98518435475088
Epoch: 154 - Loss: 186.96759807964156
Epoch: 155 - Loss: 186.9500796200098
Epoch: 156 - Loss: 186.93262750267957
Epoch: 157 - Loss: 186.91522982937096
Epoch: 158 - Loss: 186.8978775442118
Epoch: 159 - Loss: 186.88056571577468
Epoch: 160 - Loss: 186.86330430068026
Epoch: 161 - Loss: 186.84606325913467
Epoch: 162 - Loss: 186.82885507984196
Epoch: 163 - Loss: 186.81167963344814
Epoch: 164 - Loss: 186.79453769805815
Epoch: 165 - Loss: 186.77743059043107
Epoch: 166 - Loss: 186.7603623496381
Epoch: 167 - Loss: 186.74332863655616
Epoch: 168 - Loss: 186.72517039134235
Epoch: 169 - Loss: 186.70647535902333
Epoch: 170 - Loss: 186.68759405162447
Epoch: 171 - Loss: 186.66855412229512
Epoch: 172 - Loss: 186.64938203136063
Epoch: 173 - Loss: 186.63009542289345
Epoch: 174 - Loss: 186.61070659996807
Epoch: 175 - Loss: 186.5912492782183
Epoch: 176 - Loss: 186.57172899345866
Epoch: 177 - Loss: 186.5521587569791
Epoch: 178 - Loss: 186.53254993095683
Epoch: 179 - Loss: 186.51291172046157
Epoch: 180 - Loss: 186.49324618057932
Epoch: 181 - Loss: 186.47357131730493
Epoch: 182 - Loss: 186.4538900633152
Epoch: 183 - Loss: 186.43420474833007
Epoch: 184 - Loss: 186.4145299548312
Epoch: 185 - Loss: 186.3948542155008
Epoch: 186 - Loss: 186.37518831258942
Epoch: 187 - Loss: 186.35553613815964
Epoch: 188 - Loss: 186.3359014636946
Epoch: 189 - Loss: 186.3162840768677
Epoch: 190 - Loss: 186.2966875937126
Epoch: 191 - Loss: 186.27711388660057
Epoch: 192 - Loss: 186.2575622435517
Epoch: 193 - Loss: 186.23803905652403
Epoch: 194 - Loss: 186.21854328316462
Epoch: 195 - Loss: 186.1990758105242
Epoch: 196 - Loss: 186.17963780172894
Epoch: 197 - Loss: 186.16023156077534
Epoch: 198 - Loss: 186.14085449875373
Epoch: 199 - Loss: 186.12150838705813
Epoch: 200 - Loss: 186.10219016633988
Epoch: 201 - Loss: 186.08290748479243
Epoch: 202 - Loss: 186.06365920299098
Epoch: 203 - Loss: 186.04444262449582
Epoch: 204 - Loss: 186.02525993893414
Epoch: 205 - Loss: 186.00610915768812
Epoch: 206 - Loss: 185.98699126023834
Epoch: 207 - Loss: 185.96790465882918
Epoch: 208 - Loss: 185.9488509398071
Epoch: 209 - Loss: 185.92982944075615
Epoch: 210 - Loss: 185.91083973254587
Epoch: 211 - Loss: 185.8918829571667
Epoch: 212 - Loss: 185.8729521290362
Epoch: 213 - Loss: 185.85405692187112
Epoch: 214 - Loss: 185.83519119808003
Epoch: 215 - Loss: 185.8163566266744
Epoch: 216 - Loss: 185.7975492278602
Epoch: 217 - Loss: 185.77877205594402
Epoch: 218 - Loss: 185.76002133849806
Epoch: 219 - Loss: 185.74130044365094
Epoch: 220 - Loss: 185.72260802085023
Epoch: 221 - Loss: 185.70395058895912
Epoch: 222 - Loss: 185.68531365619535
Epoch: 223 - Loss: 185.66670195446457
Epoch: 224 - Loss: 185.64811683131785
Epoch: 225 - Loss: 185.62955661982878
Epoch: 226 - Loss: 185.61100846017766
Epoch: 227 - Loss: 185.59249760730876
Epoch: 228 - Loss: 185.57401319261947
Epoch: 229 - Loss: 185.55554991853558
Epoch: 230 - Loss: 185.53711644090572
Epoch: 231 - Loss: 185.51869848878985
Epoch: 232 - Loss: 185.50030724597357
Epoch: 233 - Loss: 185.48193385899307
Epoch: 234 - Loss: 185.4635819363683
Epoch: 235 - Loss: 185.44525094635324
Epoch: 236 - Loss: 185.42694038638533
Epoch: 237 - Loss: 185.40864920623315
Epoch: 238 - Loss: 185.3903758851192
Epoch: 239 - Loss: 185.37211337744827
Epoch: 240 - Loss: 185.35387849066265
Epoch: 241 - Loss: 185.3356656070364
Epoch: 242 - Loss: 185.3174756811806
Epoch: 243 - Loss: 185.2992950386659
Epoch: 244 - Loss: 185.28113126702553
Epoch: 245 - Loss: 185.2629838577248
Epoch: 246 - Loss: 185.2448537090412
Epoch: 247 - Loss: 185.22673716179784
Epoch: 248 - Loss: 185.20863520123976
Epoch: 249 - Loss: 185.19054882595006
Epoch: 250 - Loss: 185.1724771329074
Epoch: 251 - Loss: 185.1544186106583
Epoch: 252 - Loss: 185.13637353822745
Epoch: 253 - Loss: 185.1183423696593
Epoch: 254 - Loss: 185.10032685884582
Epoch: 255 - Loss: 185.08231725685428
Epoch: 256 - Loss: 185.06431720453614
Epoch: 257 - Loss: 185.04633235428747
Epoch: 258 - Loss: 185.0283582232878
Epoch: 259 - Loss: 185.01039458173136
Epoch: 260 - Loss: 184.9924408641939
Epoch: 261 - Loss: 184.97449672303648
Epoch: 262 - Loss: 184.95656181951398
Epoch: 263 - Loss: 184.93863556680208
Epoch: 264 - Loss: 184.92071769136373
Epoch: 265 - Loss: 184.90280878749323
Epoch: 266 - Loss: 184.88490671776586
Epoch: 267 - Loss: 184.86701140362374
Epoch: 268 - Loss: 184.84912270853354
Epoch: 269 - Loss: 184.83124494403737
Epoch: 270 - Loss: 184.81336835689478
Epoch: 271 - Loss: 184.79549742699348
Epoch: 272 - Loss: 184.7776314890531
Epoch: 273 - Loss: 184.7597702780707
Epoch: 274 - Loss: 184.74191269039127
Epoch: 275 - Loss: 184.72405942420806
Epoch: 276 - Loss: 184.70620987167612
Epoch: 277 - Loss: 184.6883635519813
Epoch: 278 - Loss: 184.67051756167027
Epoch: 279 - Loss: 184.6526772424419
Epoch: 280 - Loss: 184.63483679168914
Epoch: 281 - Loss: 184.61698466181022
Epoch: 282 - Loss: 184.5991476098922
Epoch: 283 - Loss: 184.58131133871686
Epoch: 284 - Loss: 184.563476014562
Epoch: 285 - Loss: 184.54565112980194
Epoch: 286 - Loss: 184.52781466146683
Epoch: 287 - Loss: 184.50997717536526
Epoch: 288 - Loss: 184.49213839319842
Epoch: 289 - Loss: 184.47429802942227
Epoch: 290 - Loss: 184.45645554291787
Epoch: 291 - Loss: 184.4386105566934
Epoch: 292 - Loss: 184.42076270972166
Epoch: 293 - Loss: 184.40291140562005
Epoch: 294 - Loss: 184.38505651047572
Epoch: 295 - Loss: 184.36719753982942
Epoch: 296 - Loss: 184.34933400881718
Epoch: 297 - Loss: 184.33146555348515
Epoch: 298 - Loss: 184.31359174469205
Epoch: 299 - Loss: 184.29571223892194
Epoch: 300 - Loss: 184.27782660545466
Epoch: 1 - Loss: 191.9639027863194
Epoch: 2 - Loss: 189.00527923727623
Epoch: 3 - Loss: 187.27837251995345
Epoch: 4 - Loss: 185.84580615984234
Epoch: 5 - Loss: 185.8251456057308
Epoch: 6 - Loss: 183.99851959548454
Epoch: 7 - Loss: 182.93385563467717
Epoch: 8 - Loss: 181.83651697514068
Epoch: 9 - Loss: 180.51538196589792
Epoch: 10 - Loss: 178.9591230878273
Epoch: 11 - Loss: 177.42212274197374
Epoch: 12 - Loss: 175.9203567914476
Epoch: 13 - Loss: 174.4664734663992
Epoch: 14 - Loss: 173.00406126251414
Epoch: 15 - Loss: 171.22478188981316
Epoch: 16 - Loss: 169.05204459706042
Epoch: 17 - Loss: 172.77141207253476
Epoch: 18 - Loss: 163.68710063290428
Epoch: 19 - Loss: 166.63787511727023
Epoch: 20 - Loss: 161.0028398253607
Epoch: 21 - Loss: 159.85978378833624
Epoch: 22 - Loss: 159.10682355427264
Epoch: 23 - Loss: 161.38683556764212
Epoch: 24 - Loss: 161.01873964563538
Epoch: 25 - Loss: 158.48346541036722
Epoch: 26 - Loss: 156.72007652994765
Epoch: 27 - Loss: 153.8898998122792
Epoch: 28 - Loss: 146.28097188638708
Epoch: 29 - Loss: 137.03460531956617
Epoch: 30 - Loss: 127.73890491311938
Epoch: 31 - Loss: 136.74726324493534
Epoch: 32 - Loss: 139.56720069474346
Epoch: 33 - Loss: 140.53528707574813
Epoch: 34 - Loss: 140.8716281406865
Epoch: 35 - Loss: 140.86426044831543
Epoch: 36 - Loss: 140.70544356281178
Epoch: 37 - Loss: 140.60322378357523
Epoch: 38 - Loss: 140.52127479521357
NON-FINITE LOSS: retcode=Unstable npoints=6 expected=6
NON-FINITE LOSS: retcode=Unstable npoints=5 expected=6
Epoch: 39 - Loss: 1.0e6
NON-FINITE LOSS: retcode=Unstable npoints=6 expected=6
NON-FINITE LOSS: retcode=Unstable npoints=4 expected=6
Epoch: 40 - Loss: 1.0e6
NON-FINITE LOSS: retcode=Unstable npoints=6 expected=6
NON-FINITE LOSS: retcode=Unstable npoints=4 expected=6
Epoch: 41 - Loss: 1.0e6
NON-FINITE LOSS: retcode=Unstable npoints=6 expected=6
NON-FINITE LOSS: retcode=Unstable npoints=4 expected=6
Epoch: 42 - Loss: 1.0e6
NON-FINITE LOSS: retcode=Unstable npoints=6 expected=6
NON-FINITE LOSS: retcode=Unstable npoints=4 expected=6
Epoch: 43 - Loss: 1.0e6
NON-FINITE LOSS: retcode=Unstable npoints=6 expected=6
NON-FINITE LOSS: retcode=Unstable npoints=4 expected=6
Epoch: 44 - Loss: 1.0e6
Epoch: 1 - Loss: 185.94490462795432
Epoch: 2 - Loss: 185.88790674006
Epoch: 3 - Loss: 185.83049975065518
Epoch: 4 - Loss: 185.77266300727663
Epoch: 5 - Loss: 185.7143747775186
Epoch: 6 - Loss: 185.65561191032785
Epoch: 7 - Loss: 185.59634954007035
Epoch: 8 - Loss: 185.5365617964071
Epoch: 9 - Loss: 185.47622099277868
Epoch: 10 - Loss: 185.41529731336752
Epoch: 11 - Loss: 185.35375819578104
Epoch: 12 - Loss: 185.29156988565475
Epoch: 13 - Loss: 185.22869537037417
Epoch: 14 - Loss: 185.16509655697962
Epoch: 15 - Loss: 185.10073326002205
Epoch: 16 - Loss: 185.0355641679878
Epoch: 17 - Loss: 184.96954558019567
Epoch: 18 - Loss: 184.9026315822736
Epoch: 19 - Loss: 184.83477615620143
Epoch: 20 - Loss: 184.76592895017922
Epoch: 21 - Loss: 184.6960380318044
Epoch: 22 - Loss: 184.62504819773417
Epoch: 23 - Loss: 184.55290132068268
Epoch: 24 - Loss: 184.4795359190126
Epoch: 25 - Loss: 184.40488734023734
Epoch: 26 - Loss: 184.32888590770744
Epoch: 27 - Loss: 184.25145960045245
Epoch: 28 - Loss: 184.16479838741878
Epoch: 29 - Loss: 184.06320996405586
Epoch: 30 - Loss: 183.9578481559242
Epoch: 31 - Loss: 183.84895491706035
Epoch: 32 - Loss: 183.73699615118554
Epoch: 33 - Loss: 183.6219957680396
Epoch: 34 - Loss: 183.50394790822438
Epoch: 35 - Loss: 183.3828208479793
Epoch: 36 - Loss: 183.25855922314267
Epoch: 37 - Loss: 183.1310858936592
Epoch: 38 - Loss: 183.0003034408249
Epoch: 39 - Loss: 182.86609510235368
Epoch: 40 - Loss: 182.72832554244928
Epoch: 41 - Loss: 182.58684150268044
Epoch: 42 - Loss: 182.44147111795453
Epoch: 43 - Loss: 182.2920245641058
Epoch: 44 - Loss: 182.1382950586134
Epoch: 45 - Loss: 181.98005623343033
Epoch: 46 - Loss: 181.8170632951165
Epoch: 47 - Loss: 181.64905239247597
Epoch: 48 - Loss: 181.47574031924967
Epoch: 49 - Loss: 181.29682391697062
Epoch: 50 - Loss: 181.11197876590828
Epoch: 51 - Loss: 180.92085991151745
Epoch: 52 - Loss: 180.72310075882254
Epoch: 53 - Loss: 180.5183119783172
Epoch: 54 - Loss: 180.30608210951624
Epoch: 55 - Loss: 180.08508444560283
Epoch: 56 - Loss: 179.85551267133624
Epoch: 57 - Loss: 179.61702277266204
Epoch: 58 - Loss: 179.3691291748716
Epoch: 59 - Loss: 179.1113188192306
Epoch: 60 - Loss: 178.84305233961146
Epoch: 61 - Loss: 178.56376276412357
Epoch: 62 - Loss: 178.27285516867994
Epoch: 63 - Loss: 177.96970043947945
Epoch: 64 - Loss: 177.63921582563796
Epoch: 65 - Loss: 177.2330638095489
Epoch: 66 - Loss: 176.81104723029583
Epoch: 67 - Loss: 176.37307675333955
Epoch: 68 - Loss: 175.9186423813269
Epoch: 69 - Loss: 175.44675216653945
Epoch: 70 - Loss: 174.95584827188662
Epoch: 71 - Loss: 174.44376061801097
Epoch: 72 - Loss: 173.90788228237597
Epoch: 73 - Loss: 173.3461845507458
Epoch: 74 - Loss: 172.76128596239778
Epoch: 75 - Loss: 172.17594247995262
Epoch: 76 - Loss: 171.69607531018042
Epoch: 77 - Loss: 171.9993407741363
Epoch: 78 - Loss: 172.95051612290723
Epoch: 79 - Loss: 172.34313414336037
Epoch: 80 - Loss: 171.6494923846463
Epoch: 81 - Loss: 171.55387199563418
Epoch: 82 - Loss: 171.6399258320472
Epoch: 83 - Loss: 171.75596956636167
Epoch: 84 - Loss: 171.85854682294743
Epoch: 85 - Loss: 171.93217128809104
Epoch: 86 - Loss: 171.9726748014909
Epoch: 87 - Loss: 171.98048469579808
Epoch: 88 - Loss: 171.9579658719098
Epoch: 89 - Loss: 171.90843879068655
Epoch: 90 - Loss: 171.835955129143
Epoch: 91 - Loss: 171.74549104108021
Epoch: 92 - Loss: 171.64344980840278
Epoch: 93 - Loss: 171.53842196209516
Epoch: 94 - Loss: 171.44203450468189
Epoch: 95 - Loss: 171.36922825474318
Epoch: 96 - Loss: 171.3360974851646
Epoch: 97 - Loss: 171.36049106934425
Epoch: 98 - Loss: 171.45231291660306
Epoch: 99 - Loss: 171.43184842018573
Epoch: 100 - Loss: 171.3185543826698
Epoch: 101 - Loss: 171.27015667816673
Epoch: 102 - Loss: 171.25955777264147
Epoch: 103 - Loss: 171.265243934269
Epoch: 104 - Loss: 171.2748163088204
Epoch: 105 - Loss: 171.2800524246895
Epoch: 106 - Loss: 171.27666035902206
Epoch: 107 - Loss: 171.26335921620108
Epoch: 108 - Loss: 171.24106325472016
Epoch: 109 - Loss: 171.21228972470752
Epoch: 110 - Loss: 171.180686514306
Epoch: 111 - Loss: 171.15049916952518
Epoch: 112 - Loss: 171.12578000663206
Epoch: 113 - Loss: 171.109230562742
Epoch: 114 - Loss: 171.10089103602968
Epoch: 115 - Loss: 171.09746061237087
Epoch: 116 - Loss: 171.09334663592537
Epoch: 117 - Loss: 171.0861794949697
Epoch: 118 - Loss: 171.0576092023278
Epoch: 119 - Loss: 171.03485303093666
Epoch: 120 - Loss: 171.01797222371027
Epoch: 121 - Loss: 171.00638720655527
Epoch: 122 - Loss: 170.99779733892944
Epoch: 123 - Loss: 170.98964694229252
Epoch: 124 - Loss: 170.98000487535631
Epoch: 125 - Loss: 170.96790094984
Epoch: 126 - Loss: 170.9533181035334
Epoch: 127 - Loss: 170.9369948240462
Epoch: 128 - Loss: 170.92011826587455
Epoch: 129 - Loss: 170.90394833312428
Epoch: 130 - Loss: 170.88942081096928
Epoch: 131 - Loss: 170.87682283739963
Epoch: 132 - Loss: 170.86567951243902
Epoch: 133 - Loss: 170.85496335764677
Epoch: 134 - Loss: 170.84358751334614
Epoch: 135 - Loss: 170.8309350009144
Epoch: 136 - Loss: 170.81710452590173
Epoch: 137 - Loss: 170.80274064131055
Epoch: 138 - Loss: 170.78860973699497
Epoch: 139 - Loss: 170.77521698625267
Epoch: 140 - Loss: 170.76265202653065
Epoch: 141 - Loss: 170.75066267445183
Epoch: 142 - Loss: 170.73884447649888
Epoch: 143 - Loss: 170.72683077003757
Epoch: 144 - Loss: 170.71441612545908
Epoch: 145 - Loss: 170.7015942228075
Epoch: 146 - Loss: 170.68852199266857
Epoch: 147 - Loss: 170.67543577975366
Epoch: 148 - Loss: 170.6625516364088
Epoch: 149 - Loss: 170.64998328532863
Epoch: 150 - Loss: 170.63770760257452
Epoch: 151 - Loss: 170.62558946699656
Epoch: 152 - Loss: 170.61345423202408
Epoch: 153 - Loss: 170.60117154294315
Epoch: 154 - Loss: 170.5887083722206
Epoch: 155 - Loss: 170.57612788952892
Epoch: 156 - Loss: 170.5635424915123
Epoch: 157 - Loss: 170.551052732072
Epoch: 158 - Loss: 170.53870470575436
Epoch: 159 - Loss: 170.52648135850865
Epoch: 160 - Loss: 170.51432326123958
Epoch: 161 - Loss: 170.50216248243674
Epoch: 162 - Loss: 170.48995241688078
Epoch: 163 - Loss: 170.47768270216443
Epoch: 164 - Loss: 170.46537667257363
Epoch: 165 - Loss: 170.45307561991544
Epoch: 166 - Loss: 170.44081831397784
Epoch: 167 - Loss: 170.42862466138
Epoch: 168 - Loss: 170.41648981341612
Epoch: 169 - Loss: 170.4043900622705
Epoch: 170 - Loss: 170.39229639414864
Epoch: 171 - Loss: 170.38018864092714
Epoch: 172 - Loss: 170.36806321154174
Epoch: 173 - Loss: 170.35593179359267
Epoch: 174 - Loss: 170.3438130702507
Epoch: 175 - Loss: 170.33172267471645
Epoch: 176 - Loss: 170.31966656948188
Epoch: 177 - Loss: 170.30764006865476
Epoch: 178 - Loss: 170.29563201726754
Epoch: 179 - Loss: 170.28363099354954
Epoch: 180 - Loss: 170.27163044429184
Epoch: 181 - Loss: 170.25963067180427
Epoch: 182 - Loss: 170.2476374064769
Epoch: 183 - Loss: 170.23565820088243
Epoch: 184 - Loss: 170.22369861282652
Epoch: 185 - Loss: 170.21175993691477
Epoch: 186 - Loss: 170.19983928038323
Epoch: 187 - Loss: 170.18793159025313
Epoch: 188 - Loss: 170.17603237290245
Epoch: 189 - Loss: 170.16413969348685
Epoch: 190 - Loss: 170.1522546037355
Epoch: 191 - Loss: 170.1403800560974
Epoch: 192 - Loss: 170.12851909902966
Epoch: 193 - Loss: 170.11667335583397
Epoch: 194 - Loss: 170.10484246976478
Epoch: 195 - Loss: 170.0930246042183
Epoch: 196 - Loss: 170.08121755098807
Epoch: 197 - Loss: 170.06941981230472
Epoch: 198 - Loss: 170.05763114700858
Epoch: 199 - Loss: 170.04585241991833
Epoch: 200 - Loss: 170.03408495100615
Epoch: 201 - Loss: 170.02232976113135
Epoch: 202 - Loss: 170.01058708141215
Epoch: 203 - Loss: 169.99885639817157
Epoch: 204 - Loss: 169.98713670360738
Epoch: 205 - Loss: 169.97542713736155
Epoch: 206 - Loss: 169.96372730236544
Epoch: 207 - Loss: 169.95203735283496
Epoch: 208 - Loss: 169.9403577820544
Epoch: 209 - Loss: 169.92868907925788
Epoch: 210 - Loss: 169.91703145008313
Epoch: 211 - Loss: 169.90538473087756
Epoch: 212 - Loss: 169.8937485020969
Epoch: 213 - Loss: 169.88212230896855
Epoch: 214 - Loss: 169.87050586122453
Epoch: 215 - Loss: 169.85889911347772
Epoch: 216 - Loss: 169.84730220940688
Epoch: 217 - Loss: 169.83571534225035
Epoch: 218 - Loss: 169.82413861411257
Epoch: 219 - Loss: 169.81257196797654
Epoch: 220 - Loss: 169.80101521145062
Epoch: 221 - Loss: 169.7894681068362
Epoch: 222 - Loss: 169.77793046731966
Epoch: 223 - Loss: 169.76640220921374
Epoch: 224 - Loss: 169.75488334809543
Epoch: 225 - Loss: 169.74337393180917
Epoch: 226 - Loss: 169.73187398142275
Epoch: 227 - Loss: 169.72038345002963
Epoch: 228 - Loss: 169.70890222592223
Epoch: 229 - Loss: 169.69743016930448
Epoch: 230 - Loss: 169.6859671567794
Epoch: 231 - Loss: 169.67451310935317
Epoch: 232 - Loss: 169.66306799307557
Epoch: 233 - Loss: 169.6516317956487
Epoch: 234 - Loss: 169.64020449674663
Epoch: 235 - Loss: 169.6287860474415
Epoch: 236 - Loss: 169.61737636863458
Epoch: 237 - Loss: 169.60597531805618
Epoch: 238 - Loss: 169.59458290189056
Epoch: 239 - Loss: 169.58319900302178
Epoch: 240 - Loss: 169.57182357155696
Epoch: 241 - Loss: 169.56045656827857
Epoch: 242 - Loss: 169.54909794736048
Epoch: 243 - Loss: 169.5377476603032
Epoch: 244 - Loss: 169.5264056354684
Epoch: 245 - Loss: 169.51507179754026
Epoch: 246 - Loss: 169.50374607356727
Epoch: 247 - Loss: 169.49242840124708
Epoch: 248 - Loss: 169.48111872148922
Epoch: 249 - Loss: 169.46981698805874
Epoch: 250 - Loss: 169.45852314478378
Epoch: 251 - Loss: 169.4472371407592
Epoch: 252 - Loss: 169.43595891131014
Epoch: 253 - Loss: 169.42468839092282
Epoch: 254 - Loss: 169.41342551499739
Epoch: 255 - Loss: 169.4021702226329
Epoch: 256 - Loss: 169.3909224573172
Epoch: 257 - Loss: 169.37968216422223
Epoch: 258 - Loss: 169.36844928820054
Epoch: 259 - Loss: 169.35722377083746
Epoch: 260 - Loss: 169.34600555151795
Epoch: 261 - Loss: 169.33479456843682
Epoch: 262 - Loss: 169.32359076075235
Epoch: 263 - Loss: 169.31239406930607
Epoch: 264 - Loss: 169.30120443708427
Epoch: 265 - Loss: 169.29002180756066
Epoch: 266 - Loss: 169.27884612387834
Epoch: 267 - Loss: 169.26767732811115
Epoch: 268 - Loss: 169.25651536111482
Epoch: 269 - Loss: 169.24536016344345
Epoch: 270 - Loss: 169.2342116760347
Epoch: 271 - Loss: 169.22306984087254
Epoch: 272 - Loss: 169.21193460068966
Epoch: 273 - Loss: 169.20080589814143
Epoch: 274 - Loss: 169.189683675497
Epoch: 275 - Loss: 169.17856787478814
Epoch: 276 - Loss: 169.16745843737866
Epoch: 277 - Loss: 169.1563553044617
Epoch: 278 - Loss: 169.14525841779084
Epoch: 279 - Loss: 169.13416771942005
Epoch: 280 - Loss: 169.1230831519153
Epoch: 281 - Loss: 169.11200465752518
Epoch: 282 - Loss: 169.10093217861012
Epoch: 283 - Loss: 169.08986565705607
Epoch: 284 - Loss: 169.07880503458097
Epoch: 285 - Loss: 169.06775025285086
Epoch: 286 - Loss: 169.05670125384106
Epoch: 287 - Loss: 169.0456579794651
Epoch: 288 - Loss: 169.0346203717577
Epoch: 289 - Loss: 169.02358837264555
Epoch: 290 - Loss: 169.01256192577637
Epoch: 291 - Loss: 169.00154096926158
Epoch: 292 - Loss: 168.99052544659844
Epoch: 293 - Loss: 168.97951529928017
Epoch: 294 - Loss: 168.96851046908182
Epoch: 295 - Loss: 168.95751089774427
Epoch: 296 - Loss: 168.9465165269322
Epoch: 297 - Loss: 168.9355272984165
Epoch: 298 - Loss: 168.92454315242202
Epoch: 299 - Loss: 168.91356403283987
Epoch: 300 - Loss: 168.90258987989
Epoch: 1 - Loss: 189.16732584544152
Epoch: 2 - Loss: 188.9192673954668
Epoch: 3 - Loss: 188.6719467402518
Epoch: 4 - Loss: 188.42509749531223
Epoch: 5 - Loss: 188.178327351463
Epoch: 6 - Loss: 187.93110152451504
Epoch: 7 - Loss: 187.6827497832872
Epoch: 8 - Loss: 187.43244684503944
Epoch: 9 - Loss: 187.17922599283654
Epoch: 10 - Loss: 186.92205742283062
Epoch: 11 - Loss: 186.65986738001996
Epoch: 12 - Loss: 186.3914972128091
Epoch: 13 - Loss: 186.1156543952591
Epoch: 14 - Loss: 185.83086617051686
Epoch: 15 - Loss: 185.53541473603653
Epoch: 16 - Loss: 185.2272566486382
Epoch: 17 - Loss: 184.84940237532237
Epoch: 18 - Loss: 184.4280359729456
Epoch: 19 - Loss: 183.98066025354487
Epoch: 20 - Loss: 183.50259284157426
Epoch: 21 - Loss: 182.987992192677
Epoch: 22 - Loss: 182.42967424796555
Epoch: 23 - Loss: 181.81891310874178
Epoch: 24 - Loss: 181.145211413843
Epoch: 25 - Loss: 180.3961464214752
Epoch: 26 - Loss: 179.55727476497646
Epoch: 27 - Loss: 178.61214101607834
Epoch: 28 - Loss: 177.41283255752617
Epoch: 29 - Loss: 176.01185433090367
Epoch: 30 - Loss: 174.4732936506658
Epoch: 31 - Loss: 172.78013142589978
Epoch: 32 - Loss: 173.14041280212578
Epoch: 33 - Loss: 172.23430961311047
Epoch: 34 - Loss: 171.7608503763062
Epoch: 35 - Loss: 171.93309878068223
Epoch: 36 - Loss: 172.10651988626014
Epoch: 37 - Loss: 172.18500456777275
Epoch: 38 - Loss: 172.15555246055467
Epoch: 39 - Loss: 172.02413564948702
Epoch: 40 - Loss: 171.8096473225274
Epoch: 41 - Loss: 171.53627364756986
Epoch: 42 - Loss: 171.2520555072647
Epoch: 43 - Loss: 171.06083095793332
Epoch: 44 - Loss: 171.1653914739187
Epoch: 45 - Loss: 171.1245205825415
Epoch: 46 - Loss: 170.83454833825377
Epoch: 47 - Loss: 170.78554359309308
Epoch: 48 - Loss: 170.79360276782637
Epoch: 49 - Loss: 170.77714575671024
Epoch: 50 - Loss: 170.70770187913675
Epoch: 51 - Loss: 170.58813129964946
Epoch: 52 - Loss: 170.43653100062954
Epoch: 53 - Loss: 170.28779018040484
Epoch: 54 - Loss: 170.18863074725354
Epoch: 55 - Loss: 170.15928881144995
Epoch: 56 - Loss: 170.12565339482518
Epoch: 57 - Loss: 170.005789301232
Epoch: 58 - Loss: 169.8654440549568
Epoch: 59 - Loss: 169.77258895163015
Epoch: 60 - Loss: 169.71398583168602
Epoch: 61 - Loss: 169.6557032847022
Epoch: 62 - Loss: 169.5781316818744
Epoch: 63 - Loss: 169.47931546795965
Epoch: 64 - Loss: 169.3709760224023
Epoch: 65 - Loss: 169.2722761767629
Epoch: 66 - Loss: 169.19659243043566
Epoch: 67 - Loss: 169.13309312053542
Epoch: 68 - Loss: 169.05333060905883
Epoch: 69 - Loss: 168.953535763101
Epoch: 70 - Loss: 168.85731885515665
Epoch: 71 - Loss: 168.77635599202864
Epoch: 72 - Loss: 168.70275030002742
Epoch: 73 - Loss: 168.62501259694662
Epoch: 74 - Loss: 168.53837291418154
Epoch: 75 - Loss: 168.44622231592942
Epoch: 76 - Loss: 168.35646033918886
Epoch: 77 - Loss: 168.27445738311002
Epoch: 78 - Loss: 168.19666072826556
Epoch: 79 - Loss: 168.1140595428208
Epoch: 80 - Loss: 168.0246071024539
Epoch: 81 - Loss: 167.9351111172881
Epoch: 82 - Loss: 167.8503441095993
Epoch: 83 - Loss: 167.76825016310002
Epoch: 84 - Loss: 167.68438521736718
Epoch: 85 - Loss: 167.59679039763782
Epoch: 86 - Loss: 167.5071492000303
Epoch: 87 - Loss: 167.41864527543484
Epoch: 88 - Loss: 167.3324824027872
Epoch: 89 - Loss: 167.24641423130265
Epoch: 90 - Loss: 167.15766526746407
Epoch: 91 - Loss: 167.06662671293395
Epoch: 92 - Loss: 166.97576153339534
Epoch: 93 - Loss: 166.8860116244639
Epoch: 94 - Loss: 166.79608448692753
Epoch: 95 - Loss: 166.70443697307914
Epoch: 96 - Loss: 166.6109183669413
Epoch: 97 - Loss: 166.51662671143902
Epoch: 98 - Loss: 166.4224818603425
Epoch: 99 - Loss: 166.32809413996793
Epoch: 100 - Loss: 166.23230712919982
Epoch: 101 - Loss: 166.1347401396956
Epoch: 102 - Loss: 166.03611303278495
Epoch: 103 - Loss: 165.93704423260004
Epoch: 104 - Loss: 165.83725402672883
Epoch: 105 - Loss: 165.73605717481044
Epoch: 106 - Loss: 165.63319466189532
Epoch: 107 - Loss: 165.52899789263418
Epoch: 108 - Loss: 165.42384586623092
Epoch: 109 - Loss: 165.31762939922268
Epoch: 110 - Loss: 165.20988785369136
Epoch: 111 - Loss: 165.10040112141306
Epoch: 112 - Loss: 164.98937838998845
Epoch: 113 - Loss: 164.87703526881668
Epoch: 114 - Loss: 164.76324824229118
Epoch: 115 - Loss: 164.64771625620259
Epoch: 116 - Loss: 164.53030363426024
Epoch: 117 - Loss: 164.41110840057132
Epoch: 118 - Loss: 164.29022594441037
Epoch: 119 - Loss: 164.1675449740829
Epoch: 120 - Loss: 164.04283712192776
Epoch: 121 - Loss: 163.91598644863763
Epoch: 122 - Loss: 163.7870181917591
Epoch: 123 - Loss: 163.65591526320108
Epoch: 124 - Loss: 163.52250905507245
Epoch: 125 - Loss: 163.38656966968338
Epoch: 126 - Loss: 163.24792785101357
Epoch: 127 - Loss: 163.1064573977203
Epoch: 128 - Loss: 162.96195377108606
Epoch: 129 - Loss: 162.81407434330575
Epoch: 130 - Loss: 162.66238850473638
Epoch: 131 - Loss: 162.5064382670607
Epoch: 132 - Loss: 162.34568044212935
Epoch: 133 - Loss: 162.1793773765765
Epoch: 134 - Loss: 162.006543600885
Epoch: 135 - Loss: 161.82594389855885
Epoch: 136 - Loss: 161.6360504610399
Epoch: 137 - Loss: 161.43492366597783
Epoch: 138 - Loss: 161.2200772603188
Epoch: 139 - Loss: 160.98843132620226
Epoch: 140 - Loss: 160.73647725953964
Epoch: 141 - Loss: 160.46107312491313
Epoch: 142 - Loss: 160.16257240059636
Epoch: 143 - Loss: 159.85728433577276
Epoch: 144 - Loss: 159.63396234057836
Epoch: 145 - Loss: 159.1786234723629
Epoch: 146 - Loss: 156.20856451426806
Epoch: 147 - Loss: 152.26399371840796
Epoch: 148 - Loss: 148.0674266151968
Epoch: 149 - Loss: 134.63863170391096
Epoch: 150 - Loss: 122.84186129275884
Epoch: 151 - Loss: 118.8767703927676
Epoch: 152 - Loss: 118.20985024360144
Epoch: 153 - Loss: 118.09177441813546
Epoch: 154 - Loss: 117.12366926212064
Epoch: 155 - Loss: 116.4882297064513
Epoch: 156 - Loss: 116.04470773031116
Epoch: 157 - Loss: 115.71269422095708
Epoch: 158 - Loss: 115.4499838389361
Epoch: 159 - Loss: 115.23270315956468
Epoch: 160 - Loss: 115.04650906999294
Epoch: 161 - Loss: 114.88234351408548
Epoch: 162 - Loss: 114.73424272837644
Epoch: 163 - Loss: 114.59814157670047
Epoch: 164 - Loss: 114.47118630934675
Epoch: 165 - Loss: 114.35131827317043
Epoch: 166 - Loss: 114.23701277175732
Epoch: 167 - Loss: 114.12710890981818
Epoch: 168 - Loss: 114.02070594378519
Epoch: 169 - Loss: 113.91708454386844
Epoch: 170 - Loss: 113.81565537356683
Epoch: 171 - Loss: 113.7159189802751
Epoch: 172 - Loss: 113.61744137686698
Epoch: 173 - Loss: 113.51983631970226
Epoch: 174 - Loss: 113.42274909150942
Epoch: 175 - Loss: 113.32584463570261
Epoch: 176 - Loss: 113.22879963966997
Epoch: 177 - Loss: 113.13129846566976
Epoch: 178 - Loss: 113.03302769918349
Epoch: 179 - Loss: 112.93367069494288
Epoch: 180 - Loss: 112.83290807775332
Epoch: 181 - Loss: 112.730416978796
Epoch: 182 - Loss: 112.62587105527415
Epoch: 183 - Loss: 112.51894836216412
Epoch: 184 - Loss: 112.40931207814766
Epoch: 185 - Loss: 112.29665492921242
Epoch: 186 - Loss: 112.18068683288674
Epoch: 187 - Loss: 112.06115225879438
Epoch: 188 - Loss: 111.93785785653944
Epoch: 189 - Loss: 111.8107105570344
Epoch: 190 - Loss: 111.67974494749653
Epoch: 191 - Loss: 111.54514568950884
Epoch: 192 - Loss: 111.40722898121176
Epoch: 193 - Loss: 111.26630247482184
Epoch: 194 - Loss: 111.12247072317038
Epoch: 195 - Loss: 110.9758229158041
Epoch: 196 - Loss: 110.82720243156629
Epoch: 197 - Loss: 110.67857274148014
Epoch: 198 - Loss: 110.53257253465247
Epoch: 199 - Loss: 110.3916346469239
Epoch: 200 - Loss: 110.25664272609693
Epoch: 201 - Loss: 110.12495625109513
Epoch: 202 - Loss: 109.98844913472873
Epoch: 203 - Loss: 109.83343651004277
Epoch: 204 - Loss: 109.64388956009884
Epoch: 205 - Loss: 109.4059054888829
Epoch: 206 - Loss: 109.07164938495532
Epoch: 207 - Loss: 108.61535823447099
Epoch: 208 - Loss: 107.84055649925772
Epoch: 209 - Loss: 106.19084528624686
Epoch: 210 - Loss: 103.66481129831908
Epoch: 211 - Loss: 110.15763397020183
Epoch: 212 - Loss: 104.4575830872234
Epoch: 213 - Loss: 107.08705349417338
Epoch: 214 - Loss: 108.57567473771773
Epoch: 215 - Loss: 109.55367737813093
Epoch: 216 - Loss: 110.1959656076261
Epoch: 217 - Loss: 110.59421319306455
Epoch: 218 - Loss: 110.80139323712513
Epoch: 219 - Loss: 110.85057140640139
Epoch: 220 - Loss: 110.76320267820783
Epoch: 221 - Loss: 110.55301989162587
Epoch: 222 - Loss: 110.22782639388731
Epoch: 223 - Loss: 109.79009158825608
Epoch: 224 - Loss: 109.23669213082464
Epoch: 225 - Loss: 108.55789156847374
Epoch: 226 - Loss: 107.735732022317
Epoch: 227 - Loss: 106.74313889347525
Epoch: 228 - Loss: 105.36328910531948
Epoch: 229 - Loss: 103.94235414838757
Epoch: 230 - Loss: 104.14635350022694
Epoch: 231 - Loss: 106.11262741561609
Epoch: 232 - Loss: 104.37971366602744
Epoch: 233 - Loss: 102.719933952664
Epoch: 234 - Loss: 102.8180114678087
Epoch: 235 - Loss: 103.25483754178647
Epoch: 236 - Loss: 103.31070140461695
Epoch: 237 - Loss: 102.82234888858528
Epoch: 238 - Loss: 102.1040952084034
Epoch: 239 - Loss: 103.88834581235584
Epoch: 240 - Loss: 102.29819744885093
Epoch: 241 - Loss: 102.05301433040336
Epoch: 242 - Loss: 102.33812353301109
Epoch: 243 - Loss: 102.26169346395466
Epoch: 244 - Loss: 101.94445415414513
Epoch: 245 - Loss: 101.71933548039901
Epoch: 246 - Loss: 101.91663545854593
Epoch: 247 - Loss: 102.24526291254823
Epoch: 248 - Loss: 102.01611489919574
Epoch: 249 - Loss: 101.66361661403526
Epoch: 250 - Loss: 101.61108443683831
Epoch: 251 - Loss: 101.67677176476852
Epoch: 252 - Loss: 101.63536929783132
Epoch: 253 - Loss: 101.42863712203305
Epoch: 254 - Loss: 101.18862550273504
Epoch: 255 - Loss: 101.23876876502645
Epoch: 256 - Loss: 101.38140220832594
Epoch: 257 - Loss: 101.07080121661919
Epoch: 258 - Loss: 101.11095013211094
Epoch: 259 - Loss: 101.15899642393762
Epoch: 260 - Loss: 101.09273591469443
Epoch: 261 - Loss: 100.96293017664233
Epoch: 262 - Loss: 100.9084740657027
Epoch: 263 - Loss: 100.95963036462638
Epoch: 264 - Loss: 100.87962348939755
Epoch: 265 - Loss: 100.82080863499485
Epoch: 266 - Loss: 100.8218164084165
Epoch: 267 - Loss: 100.81958559426603
Epoch: 268 - Loss: 100.77481709758834
Epoch: 269 - Loss: 100.71049565556142
Epoch: 270 - Loss: 100.6742182339073
Epoch: 271 - Loss: 100.66535226196083
Epoch: 272 - Loss: 100.63105401048817
Epoch: 273 - Loss: 100.5745452189225
Epoch: 274 - Loss: 100.5426219316109
Epoch: 275 - Loss: 100.52932083493953
Epoch: 276 - Loss: 100.50208806053563
Epoch: 277 - Loss: 100.45828682631627
Epoch: 278 - Loss: 100.42242288173237
Epoch: 279 - Loss: 100.40338215051757
Epoch: 280 - Loss: 100.35092150943026
Epoch: 281 - Loss: 100.32438133252604
Epoch: 282 - Loss: 100.29620573112287
Epoch: 283 - Loss: 100.25331085922095
Epoch: 284 - Loss: 100.20822339740715
Epoch: 285 - Loss: 100.17200373125807
Epoch: 286 - Loss: 100.132572028588
Epoch: 287 - Loss: 100.07742384302347
Epoch: 288 - Loss: 100.01703965759273
Epoch: 289 - Loss: 99.96097748871068
Epoch: 290 - Loss: 99.90194711736572
Epoch: 291 - Loss: 99.83298807925154
Epoch: 292 - Loss: 99.75939194665885
Epoch: 293 - Loss: 99.68737374083248
Epoch: 294 - Loss: 99.61077407888311
Epoch: 295 - Loss: 99.5226063934961
Epoch: 296 - Loss: 99.42790934314748
Epoch: 297 - Loss: 99.33040162765244
Epoch: 298 - Loss: 99.22551101952288
Epoch: 299 - Loss: 99.1111884419433
Epoch: 300 - Loss: 98.9917444086434
Epoch: 1 - Loss: 186.73580993830814
Epoch: 2 - Loss: 192.18931772611575
Epoch: 3 - Loss: 192.63975200469432
Epoch: 4 - Loss: 192.71039522016673
Epoch: 5 - Loss: 192.744853313774
Epoch: 6 - Loss: 192.8395763976943
Epoch: 7 - Loss: 193.01274756116607
Epoch: 8 - Loss: 193.25669464465918
Epoch: 9 - Loss: 193.54671076964283
Epoch: 10 - Loss: 193.84557587087784
Epoch: 11 - Loss: 194.10990382208234
Epoch: 12 - Loss: 194.29772849515513
Epoch: 13 - Loss: 194.3758863676485
Epoch: 14 - Loss: 194.325499788171
Epoch: 15 - Loss: 194.14416800907767
Epoch: 16 - Loss: 193.8442102110013
Epoch: 17 - Loss: 193.4486342918764
Epoch: 18 - Loss: 192.9855750136891
Epoch: 19 - Loss: 192.48333904176053
Epoch: 20 - Loss: 191.96677182164862
Epoch: 21 - Loss: 191.45538235359095
Epoch: 22 - Loss: 190.96285402176142
Epoch: 23 - Loss: 190.4974181948013
Epoch: 24 - Loss: 190.0631258443744
Epoch: 25 - Loss: 189.6608815957666
Epoch: 26 - Loss: 189.28945295952542
Epoch: 27 - Loss: 188.9464274396827
Epoch: 28 - Loss: 188.62873403322496
Epoch: 29 - Loss: 188.33312583784172
Epoch: 30 - Loss: 188.0564732230593
Epoch: 31 - Loss: 187.7958613759121
Epoch: 32 - Loss: 187.54871604809335
Epoch: 33 - Loss: 187.31277552158926
Epoch: 34 - Loss: 187.0861324926912
Epoch: 35 - Loss: 186.8671826065734
Epoch: 36 - Loss: 186.6545703953856
Epoch: 37 - Loss: 186.44717478274583
Epoch: 38 - Loss: 186.24406943603944
Epoch: 39 - Loss: 186.04445080462028
Epoch: 40 - Loss: 185.84765916199842
Epoch: 41 - Loss: 185.65312155656915
Epoch: 42 - Loss: 185.4603236555023
Epoch: 43 - Loss: 185.2688113236912
Epoch: 44 - Loss: 185.0781594498365
Epoch: 45 - Loss: 184.88795647297243
Epoch: 46 - Loss: 184.69780431077785
Epoch: 47 - Loss: 184.50515431287312
Epoch: 48 - Loss: 184.29452555093076
Epoch: 49 - Loss: 184.08027990676794
Epoch: 50 - Loss: 183.8621146071229
Epoch: 51 - Loss: 183.63968179696676
Epoch: 52 - Loss: 183.41258508204746
Epoch: 53 - Loss: 183.18038294404636
Epoch: 54 - Loss: 182.94258690593173
Epoch: 55 - Loss: 182.69866163226973
Epoch: 56 - Loss: 182.44802282067948
Epoch: 57 - Loss: 182.1900336370724
Epoch: 58 - Loss: 181.92401478419814
Epoch: 59 - Loss: 181.64922759015758
Epoch: 60 - Loss: 181.36488012655477
Epoch: 61 - Loss: 181.07013000434173
Epoch: 62 - Loss: 180.76407317863138
Epoch: 63 - Loss: 180.4457489648986
Epoch: 64 - Loss: 180.1141470767575
Epoch: 65 - Loss: 179.7682197654121
Epoch: 66 - Loss: 179.40693597119403
Epoch: 67 - Loss: 179.02941977946304
Epoch: 68 - Loss: 178.635252514176
Epoch: 69 - Loss: 178.22530940506405
Epoch: 70 - Loss: 177.80378116167873
Epoch: 71 - Loss: 177.38373980645912
Epoch: 72 - Loss: 177.00317907319246
Epoch: 73 - Loss: 176.76317668246963
Epoch: 74 - Loss: 176.63540099828995
Epoch: 75 - Loss: 176.2872477155657
Epoch: 76 - Loss: 175.88009453704046
Epoch: 77 - Loss: 175.52850608248215
Epoch: 78 - Loss: 175.23437278176587
Epoch: 79 - Loss: 174.97025768011312
Epoch: 80 - Loss: 174.71751204674584
Epoch: 81 - Loss: 174.46525856573652
Epoch: 82 - Loss: 174.20813452740006
Epoch: 83 - Loss: 173.9431855081112
Epoch: 84 - Loss: 173.66828571679966
Epoch: 85 - Loss: 173.38146843448712
Epoch: 86 - Loss: 173.08082193187764
Epoch: 87 - Loss: 172.76472278336158
Epoch: 88 - Loss: 172.43230346378948
Epoch: 89 - Loss: 172.08391636068407
Epoch: 90 - Loss: 171.72089469835316
Epoch: 91 - Loss: 171.32875740343087
Epoch: 92 - Loss: 170.90200238802785
Epoch: 93 - Loss: 170.4106667560187
Epoch: 94 - Loss: 169.80744710624103
Epoch: 95 - Loss: 169.03463058275688
Epoch: 96 - Loss: 167.95906012536065
Epoch: 97 - Loss: 166.0881024395689
Epoch: 98 - Loss: 159.80636565876364
Epoch: 99 - Loss: 163.62950150620446
Epoch: 100 - Loss: 165.4365019589058
Epoch: 101 - Loss: 162.32491500398297
Epoch: 102 - Loss: 159.9664534363308
Epoch: 103 - Loss: 163.57723150399795
Epoch: 104 - Loss: 164.91823013146274
Epoch: 105 - Loss: 165.3967476523028
Epoch: 106 - Loss: 165.57594261671386
Epoch: 107 - Loss: 165.60575346651487
Epoch: 108 - Loss: 165.53877661570948
Epoch: 109 - Loss: 165.3941467125189
Epoch: 110 - Loss: 165.175911188214
Epoch: 111 - Loss: 164.88141294704204
Epoch: 112 - Loss: 164.50628832589717
Epoch: 113 - Loss: 164.0467789143718
Epoch: 114 - Loss: 163.50034752468738
Epoch: 115 - Loss: 162.85589942339948
Epoch: 116 - Loss: 162.0099350051962
Epoch: 117 - Loss: 160.79394215357064
Epoch: 118 - Loss: 159.4370469934119
Epoch: 119 - Loss: 158.02823532870227
Epoch: 120 - Loss: 156.86801268518633
Epoch: 121 - Loss: 156.6425425495522
Epoch: 122 - Loss: 157.12178137358242
Epoch: 123 - Loss: 156.0653783691638
Epoch: 124 - Loss: 154.31912892269347
Epoch: 125 - Loss: 152.80585753407837
Epoch: 126 - Loss: 151.59531599534944
Epoch: 127 - Loss: 150.45134801481123
Epoch: 128 - Loss: 149.39003749103966
Epoch: 129 - Loss: 146.94814747768748
Epoch: 130 - Loss: 131.96538033632538
Epoch: 131 - Loss: 126.69633882272637
Epoch: 132 - Loss: 127.86827676694186
Epoch: 133 - Loss: 129.11400012647957
Epoch: 134 - Loss: 129.9395230221776
Epoch: 135 - Loss: 130.47237860626907
Epoch: 136 - Loss: 130.84097502403188
Epoch: 137 - Loss: 131.1336075286607
Epoch: 138 - Loss: 131.39899373060672
Epoch: 139 - Loss: 131.6525224566446
Epoch: 140 - Loss: 131.86357423199865
Epoch: 141 - Loss: 131.97543949213897
Epoch: 142 - Loss: 131.97238533078877
Epoch: 143 - Loss: 131.89966569313356
Epoch: 144 - Loss: 131.81620174080277
Epoch: 145 - Loss: 131.75323561699963
Epoch: 146 - Loss: 131.71071824540684
Epoch: 147 - Loss: 131.67062685668367
Epoch: 148 - Loss: 131.61011763980352
Epoch: 149 - Loss: 131.5143012080507
Epoch: 150 - Loss: 131.38088948149175
Epoch: 151 - Loss: 131.21271185535622
Epoch: 152 - Loss: 131.01242561545837
Epoch: 153 - Loss: 130.78358948938882
Epoch: 154 - Loss: 130.53119736399955
Epoch: 155 - Loss: 130.25854628106873
Epoch: 156 - Loss: 129.9610597291185
Epoch: 157 - Loss: 129.62183743086646
Epoch: 158 - Loss: 129.21658571657005
Epoch: 159 - Loss: 128.72277098290894
Epoch: 160 - Loss: 128.11754270104032
Epoch: 161 - Loss: 127.37050258089363
Epoch: 162 - Loss: 126.43967743401383
Epoch: 163 - Loss: 125.27540199135754
Epoch: 164 - Loss: 123.88507716248509
Epoch: 165 - Loss: 122.83388425993422
Epoch: 166 - Loss: 125.69897282514629
Epoch: 167 - Loss: 123.71926418943545
Epoch: 168 - Loss: 122.69505818466642
Epoch: 169 - Loss: 123.14060625773034
Epoch: 170 - Loss: 123.6339114319551
Epoch: 171 - Loss: 123.89952298022044
Epoch: 172 - Loss: 123.89591153251588
Epoch: 173 - Loss: 123.6630743236315
Epoch: 174 - Loss: 123.21867555173709
Epoch: 175 - Loss: 122.63747085620001
Epoch: 176 - Loss: 122.17971151492947
Epoch: 177 - Loss: 122.38014856821805
Epoch: 178 - Loss: 122.9388484677473
Epoch: 179 - Loss: 122.21996436794981
Epoch: 180 - Loss: 121.85923712694087
Epoch: 181 - Loss: 121.97910420339734
Epoch: 182 - Loss: 122.13155389679487
Epoch: 183 - Loss: 122.12225770138465
Epoch: 184 - Loss: 121.92918705981927
Epoch: 185 - Loss: 121.61522091919238
Epoch: 186 - Loss: 121.33515416969198
Epoch: 187 - Loss: 121.3243973460844
Epoch: 188 - Loss: 121.36084560991482
Epoch: 189 - Loss: 107.13778691025294
Epoch: 190 - Loss: 81.27887554048095
Epoch: 191 - Loss: 78.7681433112529
Epoch: 192 - Loss: 78.28500910612813
Epoch: 193 - Loss: 78.12921156911527
Epoch: 194 - Loss: 77.99060501871388
Epoch: 195 - Loss: 77.8282860816765
Epoch: 196 - Loss: 77.70976558818556
Epoch: 197 - Loss: 77.71089318301348
Epoch: 198 - Loss: 77.74585564777364
Epoch: 199 - Loss: 77.6619446837551
Epoch: 200 - Loss: 77.56203643607547
Epoch: 201 - Loss: 77.54349114488457
Epoch: 202 - Loss: 77.55223867409138
Epoch: 203 - Loss: 77.5258698505877
Epoch: 204 - Loss: 77.45855060906744
Epoch: 205 - Loss: 77.39205288190676
Epoch: 206 - Loss: 77.36896088374581
Epoch: 207 - Loss: 77.36510563466709
Epoch: 208 - Loss: 77.32010546146563
Epoch: 209 - Loss: 77.25522144580549
Epoch: 210 - Loss: 77.21810582356258
Epoch: 211 - Loss: 77.19825178490326
Epoch: 212 - Loss: 77.16514865510729
Epoch: 213 - Loss: 77.11190651446681
Epoch: 214 - Loss: 77.05723378980434
Epoch: 215 - Loss: 77.01903939382534
Epoch: 216 - Loss: 76.98642698155628
Epoch: 217 - Loss: 76.93702434528286
Epoch: 218 - Loss: 76.87797497175976
Epoch: 219 - Loss: 76.82758145569142
Epoch: 220 - Loss: 76.78296516438921
Epoch: 221 - Loss: 76.73101678894746
Epoch: 222 - Loss: 76.66850231785632
Epoch: 223 - Loss: 76.60367145454283
Epoch: 224 - Loss: 76.54286641966345
Epoch: 225 - Loss: 76.4800990338859
Epoch: 226 - Loss: 76.4069228498385
Epoch: 227 - Loss: 76.32622321086133
Epoch: 228 - Loss: 76.24398519372585
Epoch: 229 - Loss: 76.15770553771985
Epoch: 230 - Loss: 76.06081696314382
Epoch: 231 - Loss: 75.95090385286048
Epoch: 232 - Loss: 75.82964330590134
Epoch: 233 - Loss: 75.69622118795357
Epoch: 234 - Loss: 75.54386364394668
Epoch: 235 - Loss: 75.36452745953162
Epoch: 236 - Loss: 75.1524350571247
Epoch: 237 - Loss: 74.84019848473399
Epoch: 238 - Loss: 74.36793182233453
Epoch: 239 - Loss: 73.63772652383348
Epoch: 240 - Loss: 72.25456489689624
Epoch: 241 - Loss: 70.00337338171096
Epoch: 242 - Loss: 73.9450637468181
Epoch: 243 - Loss: 69.50169261139688
Epoch: 244 - Loss: 71.17294795082012
Epoch: 245 - Loss: 72.03160065505087
Epoch: 246 - Loss: 72.27453049889793
Epoch: 247 - Loss: 72.06812116780576
Epoch: 248 - Loss: 71.47347821697495
Epoch: 249 - Loss: 70.4383668129598
Epoch: 250 - Loss: 69.0674743781696
Epoch: 251 - Loss: 71.89236734895057
Epoch: 252 - Loss: 68.99333912270475
Epoch: 253 - Loss: 69.75239569080587
Epoch: 254 - Loss: 70.36656133870481
Epoch: 255 - Loss: 70.44276439964074
Epoch: 256 - Loss: 70.0198806201977
Epoch: 257 - Loss: 69.16581170410264
Epoch: 258 - Loss: 69.429089079956
Epoch: 259 - Loss: 69.92597509254463
Epoch: 260 - Loss: 68.87290481029251
Epoch: 261 - Loss: 69.49936061950599
Epoch: 262 - Loss: 69.7470731839421
Epoch: 263 - Loss: 69.50976705499235
Epoch: 264 - Loss: 68.92569429062567
Epoch: 265 - Loss: 69.14017877316232
Epoch: 266 - Loss: 69.39779146432143
Epoch: 267 - Loss: 68.7805005893034
Epoch: 268 - Loss: 69.12920133221567
Epoch: 269 - Loss: 69.2597753854244
Epoch: 270 - Loss: 68.99075738514975
Epoch: 271 - Loss: 68.75728189263631
Epoch: 272 - Loss: 69.16244003757049
Epoch: 273 - Loss: 68.81713281469372
Epoch: 274 - Loss: 68.78933232609246
Epoch: 275 - Loss: 68.98712896010083
Epoch: 276 - Loss: 68.8611002680679
Epoch: 277 - Loss: 68.68271802311831
Epoch: 278 - Loss: 68.87903052363959
Epoch: 279 - Loss: 68.76954947833593
Epoch: 280 - Loss: 68.6716254937583
Epoch: 281 - Loss: 68.79357649424057
Epoch: 282 - Loss: 68.73945913369647
Epoch: 283 - Loss: 68.6286940074739
Epoch: 284 - Loss: 68.7198597238723
Epoch: 285 - Loss: 68.68245393929375
Epoch: 286 - Loss: 68.60729081779877
Epoch: 287 - Loss: 68.66927593686528
Epoch: 288 - Loss: 68.64575664481671
Epoch: 289 - Loss: 68.57830733284425
Epoch: 290 - Loss: 68.61953111744769
Epoch: 291 - Loss: 68.60398028175734
Epoch: 292 - Loss: 68.5547113665333
Epoch: 293 - Loss: 68.58304528764103
Epoch: 294 - Loss: 68.570622995388
Epoch: 295 - Loss: 68.52939145995546
Epoch: 296 - Loss: 68.54634946530308
Epoch: 297 - Loss: 68.53697092303328
Epoch: 298 - Loss: 68.5055665286285
Epoch: 299 - Loss: 68.51671869801153
Epoch: 300 - Loss: 68.50736155804012
Epoch: 1 - Loss: 194.099395347728
Epoch: 2 - Loss: 193.51582751598065
Epoch: 3 - Loss: 192.95473112421575
Epoch: 4 - Loss: 192.53212973455388
Epoch: 5 - Loss: 192.309841295624
Epoch: 6 - Loss: 191.97331162111203
Epoch: 7 - Loss: 191.57934112593213
Epoch: 8 - Loss: 191.22595039583726
Epoch: 9 - Loss: 190.9244565388186
Epoch: 10 - Loss: 190.64780517980807
Epoch: 11 - Loss: 190.37170401146244
Epoch: 12 - Loss: 190.08508401935532
Epoch: 13 - Loss: 189.78626381658694
Epoch: 14 - Loss: 189.47864383996955
Epoch: 15 - Loss: 189.16827661090255
Epoch: 16 - Loss: 188.8621891526635
Epoch: 17 - Loss: 188.56581164237144
Epoch: 18 - Loss: 188.27918167680133
Epoch: 19 - Loss: 187.9951257864841
Epoch: 20 - Loss: 187.70457324159378
Epoch: 21 - Loss: 187.40558527350592
Epoch: 22 - Loss: 187.10628404866483
Epoch: 23 - Loss: 186.81998737918167
Epoch: 24 - Loss: 186.56341906469302
Epoch: 25 - Loss: 186.35527433578778
Epoch: 26 - Loss: 186.1275620330786
Epoch: 27 - Loss: 185.8996009234818
Epoch: 28 - Loss: 185.66165833510377
Epoch: 29 - Loss: 185.4143749879385
Epoch: 30 - Loss: 185.1665188330015
Epoch: 31 - Loss: 184.91897483220873
Epoch: 32 - Loss: 184.66289742619438
Epoch: 33 - Loss: 184.4212453321023
Epoch: 34 - Loss: 184.1875959145132
Epoch: 35 - Loss: 183.9542753361411
Epoch: 36 - Loss: 183.71758724286013
Epoch: 37 - Loss: 183.47713140682205
Epoch: 38 - Loss: 183.23317957113383
Epoch: 39 - Loss: 182.98514817192256
Epoch: 40 - Loss: 182.73175953630926
Epoch: 41 - Loss: 182.47194596173082
Epoch: 42 - Loss: 182.2056258884606
Epoch: 43 - Loss: 181.9337537427503
Epoch: 44 - Loss: 181.65776119868767
Epoch: 45 - Loss: 181.3567918775297
Epoch: 46 - Loss: 181.044512587481
Epoch: 47 - Loss: 180.72061402338275
Epoch: 48 - Loss: 180.38090857478323
Epoch: 49 - Loss: 180.0231241181859
Epoch: 50 - Loss: 179.6478555570015
Epoch: 51 - Loss: 179.25660674636507
Epoch: 52 - Loss: 178.84970826684392
Epoch: 53 - Loss: 178.4259078093259
Epoch: 54 - Loss: 177.98350468307808
Epoch: 55 - Loss: 177.52173378056324
Epoch: 56 - Loss: 177.04227977877107
Epoch: 57 - Loss: 176.55229525187883
Epoch: 58 - Loss: 176.07271696843682
Epoch: 59 - Loss: 175.66352185434388
Epoch: 60 - Loss: 175.44387622255243
Epoch: 61 - Loss: 175.1396836641635
Epoch: 62 - Loss: 174.6735000926118
Epoch: 63 - Loss: 174.21954097025804
Epoch: 64 - Loss: 173.8307698254752
Epoch: 65 - Loss: 173.4894694431775
Epoch: 66 - Loss: 173.17111667379314
Epoch: 67 - Loss: 172.86110754933821
Epoch: 68 - Loss: 172.5526181542383
Epoch: 69 - Loss: 172.24227759675568
Epoch: 70 - Loss: 171.92747675050668
Epoch: 71 - Loss: 171.60498261094392
Epoch: 72 - Loss: 171.27096792259567
Epoch: 73 - Loss: 170.9214103038185
Epoch: 74 - Loss: 170.55305709189884
Epoch: 75 - Loss: 170.1645576781127
Epoch: 76 - Loss: 169.75608945210905
Epoch: 77 - Loss: 169.32149051169935
Epoch: 78 - Loss: 168.81060204015947
Epoch: 79 - Loss: 167.73146855595877
Epoch: 80 - Loss: 164.8629641317708
Epoch: 81 - Loss: 164.4438567599771
Epoch: 82 - Loss: 164.47106863692701
Epoch: 83 - Loss: 163.466423325786
Epoch: 84 - Loss: 161.94519732862648
Epoch: 85 - Loss: 160.05948884898035
Epoch: 86 - Loss: 162.22476715181338
Epoch: 87 - Loss: 167.69423423475075
Epoch: 88 - Loss: 168.420648786432
Epoch: 89 - Loss: 168.0496996446779
Epoch: 90 - Loss: 167.29671922783453
Epoch: 91 - Loss: 166.34639704114335
Epoch: 92 - Loss: 164.42371648571645
Epoch: 93 - Loss: 161.7724287449834
Epoch: 94 - Loss: 160.67911663008357
Epoch: 95 - Loss: 161.3826255769803
Epoch: 96 - Loss: 159.52366740811092
Epoch: 97 - Loss: 160.6679152063145
Epoch: 98 - Loss: 159.28518454464202
Epoch: 99 - Loss: 160.98324289010756
Epoch: 100 - Loss: 160.5635627631864
Epoch: 101 - Loss: 158.32225492162732
Epoch: 102 - Loss: 156.76375060850444
Epoch: 103 - Loss: 158.9305590305949
Epoch: 104 - Loss: 155.88047233364196
Epoch: 105 - Loss: 157.5667547909275
Epoch: 106 - Loss: 157.99536241593083
Epoch: 107 - Loss: 157.7166080320165
Epoch: 108 - Loss: 157.2092707519766
Epoch: 109 - Loss: 156.68217364995792
Epoch: 110 - Loss: 156.14641067644519
Epoch: 111 - Loss: 155.6173214703572
Epoch: 112 - Loss: 155.01223767455747
Epoch: 113 - Loss: 154.39995645248433
Epoch: 114 - Loss: 153.79180915501792
Epoch: 115 - Loss: 152.1667749237413
Epoch: 116 - Loss: 151.44652374859996
Epoch: 117 - Loss: 150.40214372673793
Epoch: 118 - Loss: 149.76060709606224
Epoch: 119 - Loss: 148.939558099366
Epoch: 120 - Loss: 147.5461645638924
Epoch: 121 - Loss: 145.96047132735416
Epoch: 122 - Loss: 139.20858034922972
Epoch: 123 - Loss: 125.27946246546078
Epoch: 124 - Loss: 123.72484530126114
Epoch: 125 - Loss: 125.63720456199539
Epoch: 126 - Loss: 126.95286459252142
Epoch: 127 - Loss: 127.72432580111516
Epoch: 128 - Loss: 128.20901220671226
Epoch: 129 - Loss: 128.5824245727004
Epoch: 130 - Loss: 128.8326733948714
Epoch: 131 - Loss: 128.9193947155496
Epoch: 132 - Loss: 128.90869821324557
Epoch: 133 - Loss: 128.91182346722803
Epoch: 134 - Loss: 128.89539962510543
Epoch: 135 - Loss: 128.78936144961492
Epoch: 136 - Loss: 128.68632816881652
Epoch: 137 - Loss: 128.61080145113192
Epoch: 138 - Loss: 128.48598651966284
Epoch: 139 - Loss: 128.33248595329437
Epoch: 140 - Loss: 128.22300864702606
Epoch: 141 - Loss: 128.10157340038612
Epoch: 142 - Loss: 127.94850507973146
Epoch: 143 - Loss: 127.83552422550038
Epoch: 144 - Loss: 127.72438136880828
Epoch: 145 - Loss: 127.59823117569803
Epoch: 146 - Loss: 127.51273487275681
Epoch: 147 - Loss: 127.43530824556888
Epoch: 148 - Loss: 127.3447242140437
Epoch: 149 - Loss: 127.28399502725281
Epoch: 150 - Loss: 127.21940210078047
Epoch: 151 - Loss: 127.14362577808132
Epoch: 152 - Loss: 127.08227436458071
Epoch: 153 - Loss: 127.00147152412266
Epoch: 154 - Loss: 126.90240669592676
Epoch: 155 - Loss: 126.80216378407063
Epoch: 156 - Loss: 126.6772084268149
Epoch: 157 - Loss: 126.53591352367697
Epoch: 158 - Loss: 126.38633270983624
Epoch: 159 - Loss: 126.21216674866565
Epoch: 160 - Loss: 126.02697358980778
Epoch: 161 - Loss: 125.83193453789114
Epoch: 162 - Loss: 125.61520295389226
Epoch: 163 - Loss: 125.38496307620593
Epoch: 164 - Loss: 125.13738891402808
Epoch: 165 - Loss: 124.86236945080653
Epoch: 166 - Loss: 124.56150743712526
Epoch: 167 - Loss: 124.22288326479533
Epoch: 168 - Loss: 123.8335489968107
Epoch: 169 - Loss: 123.38447179923267
Epoch: 170 - Loss: 122.8507801633372
Epoch: 171 - Loss: 122.20165622323807
Epoch: 172 - Loss: 121.39916051005804
Epoch: 173 - Loss: 120.38221098222994
Epoch: 174 - Loss: 119.09456327018424
Epoch: 175 - Loss: 117.66780549687012
Epoch: 176 - Loss: 117.81264016069159
Epoch: 177 - Loss: 120.65614060886868
Epoch: 178 - Loss: 121.58072394421269
Epoch: 179 - Loss: 120.94339444501176
Epoch: 180 - Loss: 118.96214195353882
Epoch: 181 - Loss: 117.2939378999663
Epoch: 182 - Loss: 118.54694153871996
Epoch: 183 - Loss: 119.52706754488287
Epoch: 184 - Loss: 120.11155098948728
Epoch: 185 - Loss: 120.38862138196107
Epoch: 186 - Loss: 120.41798964563732
Epoch: 187 - Loss: 120.24252813045452
Epoch: 188 - Loss: 119.87046542592489
Epoch: 189 - Loss: 119.30158055667752
Epoch: 190 - Loss: 118.51359283953171
Epoch: 191 - Loss: 117.52555631168721
Epoch: 192 - Loss: 116.60634934480673
Epoch: 193 - Loss: 117.16711234465757
Epoch: 194 - Loss: 118.5450388893279
Epoch: 195 - Loss: 116.41865823468108
Epoch: 196 - Loss: 116.55076328399697
Epoch: 197 - Loss: 117.05892253024349
Epoch: 198 - Loss: 117.35564174871713
Epoch: 199 - Loss: 117.36822781693282
Epoch: 200 - Loss: 117.13493318178888
Epoch: 201 - Loss: 115.23901928810105
Epoch: 202 - Loss: 79.9557375885749
Epoch: 203 - Loss: 73.19057247279834
Epoch: 204 - Loss: 73.18972329136379
Epoch: 205 - Loss: 72.71286138010782
Epoch: 206 - Loss: 72.013519781229
Epoch: 207 - Loss: 72.1148896753545
Epoch: 208 - Loss: 72.35391802237729
Epoch: 209 - Loss: 72.43275703469256
Epoch: 210 - Loss: 72.30130240012102
Epoch: 211 - Loss: 72.01753737768814
Epoch: 212 - Loss: 71.75983382175517
Epoch: 213 - Loss: 71.82108198917737
Epoch: 214 - Loss: 72.05376235350596
Epoch: 215 - Loss: 71.80527145658743
Epoch: 216 - Loss: 71.6158509936215
Epoch: 217 - Loss: 71.68615624880044
Epoch: 218 - Loss: 71.77731752786325
Epoch: 219 - Loss: 71.76155339148131
Epoch: 220 - Loss: 71.6441427213899
Epoch: 221 - Loss: 71.52603859760112
Epoch: 222 - Loss: 71.54172474187565
Epoch: 223 - Loss: 71.6350326092238
Epoch: 224 - Loss: 71.57237654373039
Epoch: 225 - Loss: 71.47737369202846
Epoch: 226 - Loss: 71.49135211882825
Epoch: 227 - Loss: 71.53572043679306
Epoch: 228 - Loss: 71.53025073950498
Epoch: 229 - Loss: 71.47350102643156
Epoch: 230 - Loss: 71.42522339699126
Epoch: 231 - Loss: 71.4378504373121
Epoch: 232 - Loss: 71.46040951343224
Epoch: 233 - Loss: 71.42105923940235
Epoch: 234 - Loss: 71.37914809882339
Epoch: 235 - Loss: 71.38082465727271
Epoch: 236 - Loss: 71.39158994381393
Epoch: 237 - Loss: 71.3779497863074
Epoch: 238 - Loss: 71.34701379663423
Epoch: 239 - Loss: 71.33036317444096
Epoch: 240 - Loss: 71.33781795383818
Epoch: 241 - Loss: 71.33723577692817
Epoch: 242 - Loss: 71.31536483684447
Epoch: 243 - Loss: 71.30045498418065
Epoch: 244 - Loss: 71.30154156388646
Epoch: 245 - Loss: 71.30098539197549
Epoch: 246 - Loss: 71.28827412764207
Epoch: 247 - Loss: 71.27216066639365
Epoch: 248 - Loss: 71.26543021991709
Epoch: 249 - Loss: 71.26417177438508
Epoch: 250 - Loss: 71.25499605884272
Epoch: 251 - Loss: 71.24068259310408
Epoch: 252 - Loss: 71.23231415193605
Epoch: 253 - Loss: 71.22863527260186
Epoch: 254 - Loss: 71.22172230859063
Epoch: 255 - Loss: 71.2105036500544
Epoch: 256 - Loss: 71.20092565650728
Epoch: 257 - Loss: 71.19570873425629
Epoch: 258 - Loss: 71.18990182657794
Epoch: 259 - Loss: 71.18035676435797
Epoch: 260 - Loss: 71.17097881216645
Epoch: 261 - Loss: 71.16447200201546
Epoch: 262 - Loss: 71.15815216945514
Epoch: 263 - Loss: 71.149567082219
Epoch: 264 - Loss: 71.14025218253936
Epoch: 265 - Loss: 71.13263076858917
Epoch: 266 - Loss: 71.12590355101413
Epoch: 267 - Loss: 71.11783593983422
Epoch: 268 - Loss: 71.1089380639919
Epoch: 269 - Loss: 71.10107908753403
Epoch: 270 - Loss: 71.09402950715081
Epoch: 271 - Loss: 71.08633371476985
Epoch: 272 - Loss: 71.0779071284523
Epoch: 273 - Loss: 71.06990587473523
Epoch: 274 - Loss: 71.06258739652296
Epoch: 275 - Loss: 71.05498019872388
Epoch: 276 - Loss: 71.04676348330092
Epoch: 277 - Loss: 71.03868924745035
Epoch: 278 - Loss: 71.03109407267333
Epoch: 279 - Loss: 71.0234096876512
Epoch: 280 - Loss: 71.01529524312286
Epoch: 281 - Loss: 71.00717827511725
Epoch: 282 - Loss: 70.99938359166208
Epoch: 283 - Loss: 70.99161485894804
Epoch: 284 - Loss: 70.98356476167162
Epoch: 285 - Loss: 70.97545944897682
Epoch: 286 - Loss: 70.9675608575278
Epoch: 287 - Loss: 70.95970605761663
Epoch: 288 - Loss: 70.95167015202865
Epoch: 289 - Loss: 70.94355294670855
Epoch: 290 - Loss: 70.93554857883292
Epoch: 291 - Loss: 70.92758983988936
Epoch: 292 - Loss: 70.91950764631082
Epoch: 293 - Loss: 70.91134553640889
Epoch: 294 - Loss: 70.9032437355615
Epoch: 295 - Loss: 70.89517647593223
Epoch: 296 - Loss: 70.88703038664694
Epoch: 297 - Loss: 70.87881809485752
Epoch: 298 - Loss: 70.87063733187867
Epoch: 299 - Loss: 70.8624780012471
Epoch: 300 - Loss: 70.85426572629686
Epoch: 1 - Loss: 195.1240941874171
Epoch: 2 - Loss: 194.2091323414829
Epoch: 3 - Loss: 193.2768647457757
Epoch: 4 - Loss: 192.32780134795667
Epoch: 5 - Loss: 191.36240333272897
Epoch: 6 - Loss: 190.38040830468714
Epoch: 7 - Loss: 189.37935824814858
Epoch: 8 - Loss: 188.35149711604907
Epoch: 9 - Loss: 187.27713594653144
Epoch: 10 - Loss: 186.10957160359908
Epoch: 11 - Loss: 184.70653608867664
Epoch: 12 - Loss: 182.5323081152778
Epoch: 13 - Loss: 179.52951057014528
Epoch: 14 - Loss: 174.72856041895923
Epoch: 15 - Loss: 185.56302833053962
Epoch: 16 - Loss: 173.24758333477044
Epoch: 17 - Loss: 173.75735254277785
Epoch: 18 - Loss: 175.90282883405104
Epoch: 19 - Loss: 177.2955499182243
Epoch: 20 - Loss: 178.07300048852073
Epoch: 21 - Loss: 178.56866758874023
Epoch: 22 - Loss: 178.8664886256631
Epoch: 23 - Loss: 179.01995929326847
Epoch: 24 - Loss: 179.0639073287058
Epoch: 25 - Loss: 179.0215726932101
Epoch: 26 - Loss: 178.90888858307267
Epoch: 27 - Loss: 178.7372285672857
Epoch: 28 - Loss: 178.51549839749126
Epoch: 29 - Loss: 178.2525728723454
Epoch: 30 - Loss: 177.96211665951904
Epoch: 31 - Loss: 177.67476498205806
Epoch: 32 - Loss: 177.39649449204782
Epoch: 33 - Loss: 177.09203488761602
Epoch: 34 - Loss: 176.720837382278
Epoch: 35 - Loss: 176.2907832698105
Epoch: 36 - Loss: 175.83615609281833
Epoch: 37 - Loss: 175.3486297793267
Epoch: 38 - Loss: 174.83494620432307
Epoch: 39 - Loss: 174.3036429675125
Epoch: 40 - Loss: 173.74005917175654
Epoch: 41 - Loss: 173.13327301959615
Epoch: 42 - Loss: 172.47564451869493
Epoch: 43 - Loss: 171.6884495271334
Epoch: 44 - Loss: 170.78395642969025
Epoch: 45 - Loss: 169.80888900919217
Epoch: 46 - Loss: 168.7624916994202
Epoch: 47 - Loss: 167.64428066645692
Epoch: 48 - Loss: 166.4618298365301
Epoch: 49 - Loss: 165.28743074056564
Epoch: 50 - Loss: 164.75449125512748
Epoch: 51 - Loss: 170.40721387297714
Epoch: 52 - Loss: 164.16331587151345
Epoch: 53 - Loss: 164.72255068731283
Epoch: 54 - Loss: 165.25198228348216
Epoch: 55 - Loss: 165.57592394697906
Epoch: 56 - Loss: 165.71247580012064
Epoch: 57 - Loss: 165.68696381933563
Epoch: 58 - Loss: 165.52133856197574
Epoch: 59 - Loss: 165.23835437289097
Epoch: 60 - Loss: 164.86960070949695
Epoch: 61 - Loss: 164.47093720987954
Epoch: 62 - Loss: 164.12191731744474
Epoch: 63 - Loss: 163.69035595061573
Epoch: 64 - Loss: 163.04567414452814
Epoch: 65 - Loss: 162.30649564582194
Epoch: 66 - Loss: 161.55381272320335
Epoch: 67 - Loss: 160.80265035097653
Epoch: 68 - Loss: 160.04606669220158
Epoch: 69 - Loss: 159.28592490942012
Epoch: 70 - Loss: 158.55593420541226
Epoch: 71 - Loss: 157.9739825837665
Epoch: 72 - Loss: 157.87506602691346
Epoch: 73 - Loss: 159.083904689849
Epoch: 74 - Loss: 157.4735494308213
Epoch: 75 - Loss: 156.9202564026504
Epoch: 76 - Loss: 156.7501846721934
Epoch: 77 - Loss: 156.6644480098315
Epoch: 78 - Loss: 156.55061953736333
Epoch: 79 - Loss: 156.373610155177
Epoch: 80 - Loss: 156.1252041972977
Epoch: 81 - Loss: 155.80684475917133
Epoch: 82 - Loss: 155.42285898612187
Epoch: 83 - Loss: 154.97758559921104
Epoch: 84 - Loss: 154.4795818729217
Epoch: 85 - Loss: 153.95875120731492
Epoch: 86 - Loss: 153.48654833687368
Epoch: 87 - Loss: 153.16914691214492
Epoch: 88 - Loss: 153.0754795838062
Epoch: 89 - Loss: 153.05383880783745
Epoch: 90 - Loss: 152.3488583093348
Epoch: 91 - Loss: 148.88233952266376
Epoch: 92 - Loss: 144.27547362843146
Epoch: 93 - Loss: 138.9830886800349
Epoch: 94 - Loss: 134.25229314154913
Epoch: 95 - Loss: 126.59503718717195
Epoch: 96 - Loss: 123.72687379833069
Epoch: 97 - Loss: 123.88379392197676
Epoch: 98 - Loss: 122.32013450217222
Epoch: 99 - Loss: 121.70779653681039
Epoch: 100 - Loss: 120.93956646126719
Epoch: 101 - Loss: 121.28162812018978
Epoch: 102 - Loss: 121.75910262662447
Epoch: 103 - Loss: 121.43304578031434
Epoch: 104 - Loss: 121.33876364501332
Epoch: 105 - Loss: 121.8352637238714
Epoch: 106 - Loss: 121.30751780989793
Epoch: 107 - Loss: 121.53040873118809
Epoch: 108 - Loss: 121.62579218162449
Epoch: 109 - Loss: 121.31472956310151
Epoch: 110 - Loss: 121.2473859029176
Epoch: 111 - Loss: 121.38522844306235
Epoch: 112 - Loss: 121.03373521180673
Epoch: 113 - Loss: 121.02336229191314
Epoch: 114 - Loss: 121.00685785851489
Epoch: 115 - Loss: 120.76090922281305
Epoch: 116 - Loss: 120.59344494008712
Epoch: 117 - Loss: 120.5841057675308
Epoch: 118 - Loss: 120.28104713181848
Epoch: 119 - Loss: 120.13171417982761
Epoch: 120 - Loss: 120.00961273987761
Epoch: 121 - Loss: 119.71744310021438
Epoch: 122 - Loss: 119.45372218618657
Epoch: 123 - Loss: 119.26403760886137
Epoch: 124 - Loss: 118.89796943178472
Epoch: 125 - Loss: 118.56381105300702
Epoch: 126 - Loss: 118.2319040325925
Epoch: 127 - Loss: 117.76445367870798
Epoch: 128 - Loss: 117.25418301997242
Epoch: 129 - Loss: 116.72517589102613
Epoch: 130 - Loss: 116.02519191531256
Epoch: 131 - Loss: 115.23759824408961
Epoch: 132 - Loss: 114.3515881586947
Epoch: 133 - Loss: 113.30989012828736
Epoch: 134 - Loss: 112.36505432268818
Epoch: 135 - Loss: 112.47524040341186
Epoch: 136 - Loss: 113.8690387244233
Epoch: 137 - Loss: 111.83808782704179
Epoch: 138 - Loss: 111.11057682045292
Epoch: 139 - Loss: 111.14978175141563
Epoch: 140 - Loss: 111.2636090427749
Epoch: 141 - Loss: 111.21104981987492
Epoch: 142 - Loss: 110.89077463581825
Epoch: 143 - Loss: 110.32522780208521
Epoch: 144 - Loss: 109.53146811866024
Epoch: 145 - Loss: 108.70389487927227
Epoch: 146 - Loss: 108.89585553347943
Epoch: 147 - Loss: 109.28205661752455
Epoch: 148 - Loss: 108.0597753840354
Epoch: 149 - Loss: 108.15253866288613
Epoch: 150 - Loss: 108.45690660670537
Epoch: 151 - Loss: 108.48438621570703
Epoch: 152 - Loss: 108.19723180521136
Epoch: 153 - Loss: 107.73763816708613
Epoch: 154 - Loss: 107.58842826119802
Epoch: 155 - Loss: 108.09715339883063
Epoch: 156 - Loss: 107.72016223529337
Epoch: 157 - Loss: 107.51122703398386
Epoch: 158 - Loss: 107.69517748620373
Epoch: 159 - Loss: 107.81146280384215
Epoch: 160 - Loss: 107.72736823964736
Epoch: 161 - Loss: 107.5220258596427
Epoch: 162 - Loss: 107.4429423155858
Epoch: 163 - Loss: 107.62999135300487
Epoch: 164 - Loss: 107.55570048135186
Epoch: 165 - Loss: 107.37709598666956
Epoch: 166 - Loss: 107.41488036478964
Epoch: 167 - Loss: 107.47606587387918
Epoch: 168 - Loss: 107.43277112819042
Epoch: 169 - Loss: 107.31660813524034
Epoch: 170 - Loss: 107.25365319185927
Epoch: 171 - Loss: 107.29902838022504
Epoch: 172 - Loss: 107.26634419675023
Epoch: 173 - Loss: 107.16249854164595
Epoch: 174 - Loss: 107.14103363014304
Epoch: 175 - Loss: 107.1478691546932
Epoch: 176 - Loss: 107.10805701375929
Epoch: 177 - Loss: 107.0356712513053
Epoch: 178 - Loss: 106.99359177746878
Epoch: 179 - Loss: 106.99115939472787
Epoch: 180 - Loss: 106.95421049575752
Epoch: 181 - Loss: 106.89119053683201
Epoch: 182 - Loss: 106.86219006839785
Epoch: 183 - Loss: 106.84624402249753
Epoch: 184 - Loss: 106.80771845659538
Epoch: 185 - Loss: 106.75662407514862
Epoch: 186 - Loss: 106.72245267290151
Epoch: 187 - Loss: 106.69866932059864
Epoch: 188 - Loss: 106.6586234325685
Epoch: 189 - Loss: 106.61260703414125
Epoch: 190 - Loss: 106.5773421807641
Epoch: 191 - Loss: 106.54238601599178
Epoch: 192 - Loss: 106.49983120444841
Epoch: 193 - Loss: 106.45526120065074
Epoch: 194 - Loss: 106.40897161485873
Epoch: 195 - Loss: 106.36652702968729
Epoch: 196 - Loss: 106.3214162985209
Epoch: 197 - Loss: 106.26647698879243
Epoch: 198 - Loss: 106.21303012706906
Epoch: 199 - Loss: 106.16436562412713
Epoch: 200 - Loss: 106.10402194735914
Epoch: 201 - Loss: 106.04264516972486
Epoch: 202 - Loss: 105.97885150190243
Epoch: 203 - Loss: 105.91284251980477
Epoch: 204 - Loss: 105.84333857661666
Epoch: 205 - Loss: 105.7649070092825
Epoch: 206 - Loss: 105.68651536963225
Epoch: 207 - Loss: 105.60212536674246
Epoch: 208 - Loss: 105.51078539319738
Epoch: 209 - Loss: 105.41442087545086
Epoch: 210 - Loss: 105.30867321622226
Epoch: 211 - Loss: 105.19734675637403
Epoch: 212 - Loss: 105.07875519060384
Epoch: 213 - Loss: 104.95667390342591
Epoch: 214 - Loss: 104.89588032278955
Epoch: 215 - Loss: 104.65497338233074
Epoch: 216 - Loss: 104.54210142304598
Epoch: 217 - Loss: 104.69860628933604
Epoch: 218 - Loss: 104.57274409740457
Epoch: 219 - Loss: 103.97555647780224
Epoch: 220 - Loss: 92.5456652783764
Epoch: 221 - Loss: 63.05195005817143
Epoch: 222 - Loss: 60.68686271008881
Epoch: 223 - Loss: 60.19467251295224
Epoch: 224 - Loss: 59.93569588034429
Epoch: 225 - Loss: 59.7387448892254
Epoch: 226 - Loss: 59.55241856696606
Epoch: 227 - Loss: 59.37214820367373
Epoch: 228 - Loss: 59.20712054796653
Epoch: 229 - Loss: 59.051972331223325
Epoch: 230 - Loss: 58.90059195868239
Epoch: 231 - Loss: 58.76918901498387
Epoch: 232 - Loss: 58.675586208999235
Epoch: 233 - Loss: 58.62601001275279
Epoch: 234 - Loss: 58.06198728531962
Epoch: 235 - Loss: 57.16060234619489
Epoch: 236 - Loss: 56.23136172158794
Epoch: 237 - Loss: 55.480223906913054
Epoch: 238 - Loss: 54.464260284309525
Epoch: 239 - Loss: 53.71413911928716
Epoch: 240 - Loss: 53.0288141239008
Epoch: 241 - Loss: 52.44780752998663
Epoch: 242 - Loss: 52.081220305450024
Epoch: 243 - Loss: 51.82476538478517
Epoch: 244 - Loss: 51.92975398164364
Epoch: 245 - Loss: 51.97406946990533
Epoch: 246 - Loss: 52.19007748090499
Epoch: 247 - Loss: 52.33622674725862
Epoch: 248 - Loss: 52.49943821140824
Epoch: 249 - Loss: 52.49421890509186
Epoch: 250 - Loss: 52.411424610550476
Epoch: 251 - Loss: 52.29720246992913
Epoch: 252 - Loss: 52.086889939549344
Epoch: 253 - Loss: 51.86866382023559
Epoch: 254 - Loss: 51.636777852714026
Epoch: 255 - Loss: 51.46110133329271
Epoch: 256 - Loss: 51.2982276426201
Epoch: 257 - Loss: 51.170660340111205
Epoch: 258 - Loss: 51.142710407722525
Epoch: 259 - Loss: 51.10079187911652
Epoch: 260 - Loss: 51.02315357245446
Epoch: 261 - Loss: 51.079819629925034
Epoch: 262 - Loss: 51.18103810732779
Epoch: 263 - Loss: 50.971264929460595
Epoch: 264 - Loss: 51.02633182801333
Epoch: 265 - Loss: 51.419687961696795
Epoch: 266 - Loss: 50.84843628351347
Epoch: 267 - Loss: 51.69483835259637
Epoch: 268 - Loss: 55.15351279950676
Epoch: 269 - Loss: 57.23444520724633
Epoch: 270 - Loss: 56.66948995838839
Epoch: 271 - Loss: 53.94955337310641
Epoch: 272 - Loss: 54.92941918898335
Epoch: 273 - Loss: 50.44638314524686
Epoch: 274 - Loss: 51.891998015834545
Epoch: 275 - Loss: 53.42538574137463
Epoch: 276 - Loss: 53.853623930708196
Epoch: 277 - Loss: 54.18208979986811
Epoch: 278 - Loss: 54.47933606317086
Epoch: 279 - Loss: 54.54185577763461
Epoch: 280 - Loss: 53.179896053827605
Epoch: 281 - Loss: 53.54193568331177
Epoch: 282 - Loss: 84.04454711215922
Epoch: 283 - Loss: 83.12290875730635
Epoch: 284 - Loss: 80.15182814725085
Epoch: 285 - Loss: 80.16891327050247
Epoch: 286 - Loss: 74.88831890659313
Epoch: 287 - Loss: 72.5043344408191
Epoch: 288 - Loss: 72.1219556198316
Epoch: 289 - Loss: 72.43504942817094
Epoch: 290 - Loss: 72.90173300598174
Epoch: 291 - Loss: 73.33002465111339
Epoch: 292 - Loss: 73.65860812570482
Epoch: 293 - Loss: 73.87360245303351
Epoch: 294 - Loss: 73.97787558233622
Epoch: 295 - Loss: 73.97988652456641
Epoch: 296 - Loss: 73.8902921487285
Epoch: 297 - Loss: 73.72142323454811
Epoch: 298 - Loss: 73.48758733313534
Epoch: 299 - Loss: 73.20649668093722
Epoch: 300 - Loss: 72.88632585144767
Epoch: 1 - Loss: 190.10240935577298
Epoch: 2 - Loss: 180.17634542017143
Epoch: 3 - Loss: 174.8022175324445
Epoch: 4 - Loss: 188.9897287356939
Epoch: 5 - Loss: 190.91905168756506
Epoch: 6 - Loss: 190.29851965434582
Epoch: 7 - Loss: 188.29237240891987
Epoch: 8 - Loss: 187.20180434118228
Epoch: 9 - Loss: 180.2717455641146
Epoch: 10 - Loss: 173.42906688436284
Epoch: 11 - Loss: 177.19045040473003
Epoch: 12 - Loss: 179.0035379730389
Epoch: 13 - Loss: 180.0064187567165
Epoch: 14 - Loss: 180.5574747902578
Epoch: 15 - Loss: 180.75119310847293
Epoch: 16 - Loss: 180.75068665750408
Epoch: 17 - Loss: 180.64828538396037
Epoch: 18 - Loss: 180.46816546453468
Epoch: 19 - Loss: 180.22532805005488
Epoch: 20 - Loss: 179.93657968208458
Epoch: 21 - Loss: 179.6583184325499
Epoch: 22 - Loss: 179.4688183479817
Epoch: 23 - Loss: 179.18538794805352
Epoch: 24 - Loss: 178.77809949257664
Epoch: 25 - Loss: 178.36410467772595
Epoch: 26 - Loss: 177.93768286259763
Epoch: 27 - Loss: 177.52190984748694
Epoch: 28 - Loss: 177.0830814199975
Epoch: 29 - Loss: 176.60896051045637
Epoch: 30 - Loss: 176.09509100519148
Epoch: 31 - Loss: 175.53880102499767
Epoch: 32 - Loss: 174.9149852250666
Epoch: 33 - Loss: 174.18881615317616
Epoch: 34 - Loss: 173.40465098452216
Epoch: 35 - Loss: 172.56502632666235
Epoch: 36 - Loss: 171.67546790369428
Epoch: 37 - Loss: 170.73741731303443
Epoch: 38 - Loss: 169.7413673919864
Epoch: 39 - Loss: 168.73277345867186
Epoch: 40 - Loss: 167.95691575932008
Epoch: 41 - Loss: 167.03587118541398
Epoch: 42 - Loss: 165.88022746825754
Epoch: 43 - Loss: 164.75505464029408
Epoch: 44 - Loss: 163.62459284216283
Epoch: 45 - Loss: 162.2731697994431
Epoch: 46 - Loss: 160.78519019088668
Epoch: 47 - Loss: 159.17677647249053
Epoch: 48 - Loss: 157.4298016736575
Epoch: 49 - Loss: 155.56241181085622
Epoch: 50 - Loss: 155.63539475817657
Epoch: 51 - Loss: 153.22456155257416
Epoch: 52 - Loss: 152.33965164888545
Epoch: 53 - Loss: 151.1001659049791
Epoch: 54 - Loss: 152.64595829100475
Epoch: 55 - Loss: 152.82588561874115
Epoch: 56 - Loss: 152.81910311665985
Epoch: 57 - Loss: 152.88335540539566
Epoch: 58 - Loss: 151.47028034980917
Epoch: 59 - Loss: 147.12121368675108
Epoch: 60 - Loss: 141.386475873684
Epoch: 61 - Loss: 135.41922057903903
Epoch: 62 - Loss: 126.73737383102576
Epoch: 63 - Loss: 126.00173373053505
Epoch: 64 - Loss: 126.17659148870172
Epoch: 65 - Loss: 126.36255690053405
Epoch: 66 - Loss: 126.47285501299544
Epoch: 67 - Loss: 126.47011874264432
Epoch: 68 - Loss: 126.36979139958156
Epoch: 69 - Loss: 126.19568350598524
Epoch: 70 - Loss: 125.97405628417613
Epoch: 71 - Loss: 125.7408463272563
Epoch: 72 - Loss: 125.55258555758351
Epoch: 73 - Loss: 125.47640657291883
Epoch: 74 - Loss: 125.5591414996236
Epoch: 75 - Loss: 125.40357239958689
Epoch: 76 - Loss: 124.77926434859165
Epoch: 77 - Loss: 124.21282449755523
Epoch: 78 - Loss: 123.613310645566
Epoch: 79 - Loss: 122.895055219006
Epoch: 80 - Loss: 121.9326804118682
Epoch: 81 - Loss: 120.53380664015265
Epoch: 82 - Loss: 118.35738961295922
Epoch: 83 - Loss: 114.93990410025398
Epoch: 84 - Loss: 117.17711849034308
Epoch: 85 - Loss: 117.91451412420082
Epoch: 86 - Loss: 113.61886868119664
Epoch: 87 - Loss: 114.59065518114751
Epoch: 88 - Loss: 116.08448511634822
Epoch: 89 - Loss: 116.77117487750299
Epoch: 90 - Loss: 116.88228903340182
Epoch: 91 - Loss: 116.5349761354306
Epoch: 92 - Loss: 115.74461287226954
Epoch: 93 - Loss: 114.46777788629163
Epoch: 94 - Loss: 113.12563725782516
Epoch: 95 - Loss: 114.27217343126016
Epoch: 96 - Loss: 115.5175084167931
Epoch: 97 - Loss: 113.78209112080606
Epoch: 98 - Loss: 112.97203911772688
Epoch: 99 - Loss: 113.6403811539754
Epoch: 100 - Loss: 114.13431015094753
Epoch: 101 - Loss: 114.06910946767434
Epoch: 102 - Loss: 113.51793772681879
Epoch: 103 - Loss: 112.83389812994713
Epoch: 104 - Loss: 113.27478411086426
Epoch: 105 - Loss: 113.32067321987375
Epoch: 106 - Loss: 112.68327005782224
Epoch: 107 - Loss: 112.95910729057708
Epoch: 108 - Loss: 113.13986763717175
Epoch: 109 - Loss: 112.97767094808896
Epoch: 110 - Loss: 112.59974807249785
Epoch: 111 - Loss: 112.51330224565523
Epoch: 112 - Loss: 112.86370065388668
Epoch: 113 - Loss: 112.42365529105894
Epoch: 114 - Loss: 112.38008217698993
Epoch: 115 - Loss: 112.52866433504204
Epoch: 116 - Loss: 112.50129712110746
Epoch: 117 - Loss: 112.29229465289714
Epoch: 118 - Loss: 112.15132024772831
Epoch: 119 - Loss: 112.27934682772597
Epoch: 120 - Loss: 112.17692229415204
Epoch: 121 - Loss: 112.01750470746953
Epoch: 122 - Loss: 112.04277500193724
Epoch: 123 - Loss: 112.02867300862998
Epoch: 124 - Loss: 111.90507353560227
Epoch: 125 - Loss: 111.78484950462583
Epoch: 126 - Loss: 111.77327084616465
Epoch: 127 - Loss: 111.70236939797888
Epoch: 128 - Loss: 111.55682914079102
Epoch: 129 - Loss: 111.49707579987977
Epoch: 130 - Loss: 111.43246527685582
Epoch: 131 - Loss: 111.29808679504448
Epoch: 132 - Loss: 111.16093602101137
Epoch: 133 - Loss: 111.07379734841007
Epoch: 134 - Loss: 110.9519252833549
Epoch: 135 - Loss: 110.67477378242904
Epoch: 136 - Loss: 109.87829809950914
Epoch: 137 - Loss: 108.40092541363592
Epoch: 138 - Loss: 108.5009903137848
Epoch: 139 - Loss: 106.51974336715357
Epoch: 140 - Loss: 107.12390066228733
Epoch: 141 - Loss: 107.44381047989343
Epoch: 142 - Loss: 106.53368372780015
Epoch: 143 - Loss: 107.23466425058778
Epoch: 144 - Loss: 106.4465102688375
Epoch: 145 - Loss: 106.66873574221476
Epoch: 146 - Loss: 106.7508150784675
Epoch: 147 - Loss: 106.24901439654275
Epoch: 148 - Loss: 106.59394595005213
Epoch: 149 - Loss: 106.13269501266572
Epoch: 150 - Loss: 106.21601974814203
Epoch: 151 - Loss: 106.22525904518834
Epoch: 152 - Loss: 105.94206308469705
Epoch: 153 - Loss: 106.17381358560033
Epoch: 154 - Loss: 105.84862463769127
Epoch: 155 - Loss: 105.98542484371087
Epoch: 156 - Loss: 106.16254653410866
Epoch: 157 - Loss: 106.12149519533759
Epoch: 158 - Loss: 105.98170416220721
Epoch: 159 - Loss: 103.1488261265331
Epoch: 160 - Loss: 65.42431629455423
Epoch: 161 - Loss: 62.62747258093957
Epoch: 162 - Loss: 61.97368518322251
Epoch: 163 - Loss: 61.86194204911565
Epoch: 164 - Loss: 61.679820350136445
Epoch: 165 - Loss: 61.64402638046669
Epoch: 166 - Loss: 61.55356231873315
Epoch: 167 - Loss: 61.514772512653984
Epoch: 168 - Loss: 61.4890894297401
Epoch: 169 - Loss: 61.39730544258776
Epoch: 170 - Loss: 61.41387984759262
Epoch: 171 - Loss: 61.35121919273287
Epoch: 172 - Loss: 61.31773351307838
Epoch: 173 - Loss: 61.29574901284776
Epoch: 174 - Loss: 61.255357111066
Epoch: 175 - Loss: 61.23462866623054
Epoch: 176 - Loss: 61.17991894004629
Epoch: 177 - Loss: 61.169523909436464
Epoch: 178 - Loss: 61.12114965612749
Epoch: 179 - Loss: 61.08552014745035
Epoch: 180 - Loss: 61.06311954348549
Epoch: 181 - Loss: 61.01639079949726
Epoch: 182 - Loss: 60.98960155869215
Epoch: 183 - Loss: 60.944314151621896
Epoch: 184 - Loss: 60.91288274659069
Epoch: 185 - Loss: 60.864706845324946
Epoch: 186 - Loss: 60.82023930319932
Epoch: 187 - Loss: 60.779590019414705
Epoch: 188 - Loss: 60.72229596206139
Epoch: 189 - Loss: 60.67663404734097
Epoch: 190 - Loss: 60.618266995884966
Epoch: 191 - Loss: 60.56209090122824
Epoch: 192 - Loss: 60.496544132267154
Epoch: 193 - Loss: 60.43059468698883
Epoch: 194 - Loss: 60.357910839042205
Epoch: 195 - Loss: 60.27620132759584
Epoch: 196 - Loss: 60.1948434805549
Epoch: 197 - Loss: 60.09967655540187
Epoch: 198 - Loss: 60.00135548021046
Epoch: 199 - Loss: 59.8917524239809
Epoch: 200 - Loss: 59.77498909186638
Epoch: 201 - Loss: 59.6451601268113
Epoch: 202 - Loss: 59.50532719415614
Epoch: 203 - Loss: 59.35372969190906
Epoch: 204 - Loss: 59.18764717070123
Epoch: 205 - Loss: 59.01136007504296
Epoch: 206 - Loss: 58.821051923386584
Epoch: 207 - Loss: 58.62313255155755
Epoch: 208 - Loss: 58.42106714126053
Epoch: 209 - Loss: 58.23057442209831
Epoch: 210 - Loss: 58.072230753227714
Epoch: 211 - Loss: 57.99197226725736
Epoch: 212 - Loss: 57.1901832040195
Epoch: 213 - Loss: 56.08145359826763
Epoch: 214 - Loss: 54.91309131963422
Epoch: 215 - Loss: 53.76950858354339
Epoch: 216 - Loss: 52.77310499775664
Epoch: 217 - Loss: 52.08224678356938
Epoch: 218 - Loss: 51.854102469325305
Epoch: 219 - Loss: 52.06560815937637
Epoch: 220 - Loss: 52.33353313407264
Epoch: 221 - Loss: 52.4050129414349
Epoch: 222 - Loss: 52.37470918818625
Epoch: 223 - Loss: 52.32799610730089
Epoch: 224 - Loss: 52.27987828470157
Epoch: 225 - Loss: 52.21041508440638
Epoch: 226 - Loss: 52.09312049791741
Epoch: 227 - Loss: 51.90575957007226
Epoch: 228 - Loss: 51.408857419976876
NON-FINITE LOSS: retcode=Unstable npoints=6 expected=6
NON-FINITE LOSS: retcode=Unstable npoints=5 expected=6
Epoch: 229 - Loss: 1.0e6
NON-FINITE LOSS: retcode=Unstable npoints=6 expected=6
NON-FINITE LOSS: retcode=Unstable npoints=4 expected=6
Epoch: 230 - Loss: 1.0e6
NON-FINITE LOSS: retcode=Unstable npoints=6 expected=6
NON-FINITE LOSS: retcode=Unstable npoints=4 expected=6
Epoch: 231 - Loss: 1.0e6
NON-FINITE LOSS: retcode=Unstable npoints=6 expected=6
NON-FINITE LOSS: retcode=Unstable npoints=4 expected=6
Epoch: 232 - Loss: 1.0e6
NON-FINITE LOSS: retcode=Unstable npoints=6 expected=6
NON-FINITE LOSS: retcode=Unstable npoints=4 expected=6
Epoch: 233 - Loss: 1.0e6
NON-FINITE LOSS: retcode=Unstable npoints=6 expected=6
NON-FINITE LOSS: retcode=Unstable npoints=4 expected=6
Epoch: 234 - Loss: 1.0e6
Epoch: 1 - Loss: 191.03741348105686
Epoch: 2 - Loss: 188.59166052693413
Epoch: 3 - Loss: 185.69421406608103
Epoch: 4 - Loss: 179.98835503295535
Epoch: 5 - Loss: 192.23540164440914
Epoch: 6 - Loss: 188.37022773527778
Epoch: 7 - Loss: 191.1248891763577
Epoch: 8 - Loss: 187.63303234013893
Epoch: 9 - Loss: 186.34775178461643
Epoch: 10 - Loss: 188.15820565083445
Epoch: 11 - Loss: 185.45488235305945
Epoch: 12 - Loss: 185.92895935858152
Epoch: 13 - Loss: 188.95783090982465
Epoch: 14 - Loss: 186.5834796077039
Epoch: 15 - Loss: 186.43589751051132
Epoch: 16 - Loss: 186.35195755361593
Epoch: 17 - Loss: 186.24714962813553
Epoch: 18 - Loss: 185.74969036754612
Epoch: 19 - Loss: 185.2054682600077
Epoch: 20 - Loss: 184.66364764410264
Epoch: 21 - Loss: 184.11166257949782
Epoch: 22 - Loss: 183.5137823585477
Epoch: 23 - Loss: 182.86419000955868
Epoch: 24 - Loss: 182.1622346436127
Epoch: 25 - Loss: 181.40871654702056
Epoch: 26 - Loss: 180.60854017720362
Epoch: 27 - Loss: 179.78101962002714
Epoch: 28 - Loss: 178.99721126642507
Epoch: 29 - Loss: 178.53639939794826
Epoch: 30 - Loss: 178.0679427479688
Epoch: 31 - Loss: 177.35822478614637
Epoch: 32 - Loss: 176.77551006008767
Epoch: 33 - Loss: 176.26609820060415
Epoch: 34 - Loss: 175.72308950642145
Epoch: 35 - Loss: 175.1735947069792
Epoch: 36 - Loss: 174.60917759445368
Epoch: 37 - Loss: 174.02667635057063
Epoch: 38 - Loss: 173.42215817596113
Epoch: 39 - Loss: 172.78529611360187
Epoch: 40 - Loss: 172.1040008692233
Epoch: 41 - Loss: 171.38000049867853
Epoch: 42 - Loss: 170.64304194136156
Epoch: 43 - Loss: 170.085212383484
Epoch: 44 - Loss: 167.8636574628471
Epoch: 45 - Loss: 162.67380317898036
Epoch: 46 - Loss: 157.05593450517236
Epoch: 47 - Loss: 151.2651956672681
Epoch: 48 - Loss: 144.0953271436758
Epoch: 49 - Loss: 143.5226311831221
Epoch: 50 - Loss: 143.21662165021877
Epoch: 51 - Loss: 143.38063235084198
Epoch: 52 - Loss: 142.95285655938025
Epoch: 53 - Loss: 135.7092134312266
Epoch: 54 - Loss: 141.69096648819857
Epoch: 55 - Loss: 141.51650924501692
Epoch: 56 - Loss: 140.35837046095315
Epoch: 57 - Loss: 138.2924682861822
Epoch: 58 - Loss: 134.6686213226673
Epoch: 59 - Loss: 128.63611689983438
Epoch: 60 - Loss: 123.8368344977108
Epoch: 61 - Loss: 121.86193432490235
Epoch: 62 - Loss: 124.56662424985143
Epoch: 63 - Loss: 122.85380841848877
Epoch: 64 - Loss: 124.67486756671713
Epoch: 65 - Loss: 125.77397278906969
Epoch: 66 - Loss: 125.75295927968044
Epoch: 67 - Loss: 124.78997599848275
Epoch: 68 - Loss: 122.96840747291118
Epoch: 69 - Loss: 121.12035166521136
Epoch: 70 - Loss: 120.96771740332831
Epoch: 71 - Loss: 120.54022948660372
Epoch: 72 - Loss: 121.25148797995487
Epoch: 73 - Loss: 119.42686107797553
Epoch: 74 - Loss: 120.03080426472526
Epoch: 75 - Loss: 120.19950921684531
Epoch: 76 - Loss: 119.71425273507926
Epoch: 77 - Loss: 119.71925219179295
Epoch: 78 - Loss: 120.38483929058276
Epoch: 79 - Loss: 119.68001209922144
Epoch: 80 - Loss: 118.48963447872941
Epoch: 81 - Loss: 118.30034005409932
Epoch: 82 - Loss: 118.2558713379529
Epoch: 83 - Loss: 117.89852081821618
Epoch: 84 - Loss: 117.76077638832179
Epoch: 85 - Loss: 117.75664819701265
Epoch: 86 - Loss: 117.83270799775501
Epoch: 87 - Loss: 116.78311784525519
Epoch: 88 - Loss: 117.3673430911108
Epoch: 89 - Loss: 117.70385755511526
Epoch: 90 - Loss: 117.48910988437484
Epoch: 91 - Loss: 117.00385584677133
Epoch: 92 - Loss: 117.14658202372863
Epoch: 93 - Loss: 116.84847315835897
Epoch: 94 - Loss: 116.42120289899552
Epoch: 95 - Loss: 116.65402457765286
Epoch: 96 - Loss: 116.80289783648035
Epoch: 97 - Loss: 116.52849267652553
Epoch: 98 - Loss: 116.2323107908041
Epoch: 99 - Loss: 116.37433554373703
Epoch: 100 - Loss: 116.09779874293397
Epoch: 101 - Loss: 116.14764720167672
Epoch: 102 - Loss: 116.23964011602844
Epoch: 103 - Loss: 116.09156112508829
Epoch: 104 - Loss: 115.88758350577348
Epoch: 105 - Loss: 115.92426378990494
Epoch: 106 - Loss: 115.79977208698459
Epoch: 107 - Loss: 115.74954801126809
Epoch: 108 - Loss: 115.80763546064
Epoch: 109 - Loss: 115.70595466310279
Epoch: 110 - Loss: 115.54877862499167
Epoch: 111 - Loss: 115.55074290428693
Epoch: 112 - Loss: 115.49874045432905
Epoch: 113 - Loss: 115.41904499761993
Epoch: 114 - Loss: 115.40400065372843
Epoch: 115 - Loss: 115.31911353349489
Epoch: 116 - Loss: 115.20792082283191
Epoch: 117 - Loss: 115.17237120374439
Epoch: 118 - Loss: 115.12376449973993
Epoch: 119 - Loss: 115.0436492688797
Epoch: 120 - Loss: 114.99295909918514
Epoch: 121 - Loss: 114.91110732760644
Epoch: 122 - Loss: 114.82500962312632
Epoch: 123 - Loss: 114.77542470718824
Epoch: 124 - Loss: 114.709951241594
Epoch: 125 - Loss: 114.62411077669161
Epoch: 126 - Loss: 114.54609505406403
Epoch: 127 - Loss: 114.47207471316509
Epoch: 128 - Loss: 114.40974709601556
Epoch: 129 - Loss: 114.61985649322244
Epoch: 130 - Loss: 114.5870028959334
Epoch: 131 - Loss: 114.09351969532615
Epoch: 132 - Loss: 101.07658635658409
Epoch: 133 - Loss: 71.0986038458844
Epoch: 134 - Loss: 70.18787883236045
Epoch: 135 - Loss: 69.97269375392887
Epoch: 136 - Loss: 69.86340666534961
Epoch: 137 - Loss: 69.79065044110084
Epoch: 138 - Loss: 69.71300262151844
Epoch: 139 - Loss: 69.60379984858524
Epoch: 140 - Loss: 69.48295435681588
Epoch: 141 - Loss: 69.3415362630384
Epoch: 142 - Loss: 69.17924464538116
Epoch: 143 - Loss: 68.99507735305207
Epoch: 144 - Loss: 68.77977619249855
Epoch: 145 - Loss: 68.52619837700372
Epoch: 146 - Loss: 68.22134725248786
Epoch: 147 - Loss: 67.83559497634953
Epoch: 148 - Loss: 67.30819882081164
Epoch: 149 - Loss: 66.52128347705592
Epoch: 150 - Loss: 65.9175377989744
Epoch: 151 - Loss: 65.60887659881259
Epoch: 152 - Loss: 65.90889386694504
Epoch: 153 - Loss: 66.23148146920731
Epoch: 154 - Loss: 66.4331174007397
Epoch: 155 - Loss: 66.50366276254093
Epoch: 156 - Loss: 66.53054468827376
Epoch: 157 - Loss: 66.38433360894093
Epoch: 158 - Loss: 66.2466040035649
Epoch: 159 - Loss: 65.97280509447859
Epoch: 160 - Loss: 65.69389039645878
Epoch: 161 - Loss: 65.42711969321894
Epoch: 162 - Loss: 65.31977310403549
Epoch: 163 - Loss: 65.44496108115975
Epoch: 164 - Loss: 65.49108256318077
Epoch: 165 - Loss: 65.62696898118715
Epoch: 166 - Loss: 65.64889229370861
Epoch: 167 - Loss: 65.53688107759632
Epoch: 168 - Loss: 65.40170719451277
Epoch: 169 - Loss: 65.25428045818806
Epoch: 170 - Loss: 65.13612138211678
Epoch: 171 - Loss: 65.14568023394541
Epoch: 172 - Loss: 65.20085469744097
Epoch: 173 - Loss: 65.24784463699095
Epoch: 174 - Loss: 65.24842823234202
Epoch: 175 - Loss: 65.20468774511423
Epoch: 176 - Loss: 65.12654572745237
Epoch: 177 - Loss: 65.03610497564371
Epoch: 178 - Loss: 64.97572311255686
Epoch: 179 - Loss: 64.95096446086133
Epoch: 180 - Loss: 64.96233603486563
Epoch: 181 - Loss: 64.97949491522348
Epoch: 182 - Loss: 64.96572557656927
Epoch: 183 - Loss: 64.91843640259842
Epoch: 184 - Loss: 64.85692741888138
Epoch: 185 - Loss: 64.80770554961808
Epoch: 186 - Loss: 64.7847308254333
Epoch: 187 - Loss: 64.7796544474246
Epoch: 188 - Loss: 64.77456389380913
Epoch: 189 - Loss: 64.75660737010082
Epoch: 190 - Loss: 64.72319024172833
Epoch: 191 - Loss: 64.68150356259433
Epoch: 192 - Loss: 64.64344450652999
Epoch: 193 - Loss: 64.61737753668358
Epoch: 194 - Loss: 64.60244370033422
Epoch: 195 - Loss: 64.58922024408557
Epoch: 196 - Loss: 64.56806142319522
Epoch: 197 - Loss: 64.53728883913666
Epoch: 198 - Loss: 64.50327981660446
Epoch: 199 - Loss: 64.47386201724119
Epoch: 200 - Loss: 64.45164389783974
Epoch: 201 - Loss: 64.43322827266623
Epoch: 202 - Loss: 64.41297411544812
Epoch: 203 - Loss: 64.38767772347232
Epoch: 204 - Loss: 64.35846769317712
Epoch: 205 - Loss: 64.32918930116978
Epoch: 206 - Loss: 64.30321977606923
Epoch: 207 - Loss: 64.28073961677869
Epoch: 208 - Loss: 64.25887220770664
Epoch: 209 - Loss: 64.23460130292497
Epoch: 210 - Loss: 64.20748785376057
Epoch: 211 - Loss: 64.17969446642341
Epoch: 212 - Loss: 64.15372781127564
Epoch: 213 - Loss: 64.13009535559266
Epoch: 214 - Loss: 64.10729887534248
Epoch: 215 - Loss: 64.08347096356547
Epoch: 216 - Loss: 64.0579998939158
Epoch: 217 - Loss: 64.02720643724261
Epoch: 218 - Loss: 64.00305920019055
Epoch: 219 - Loss: 63.98132707996559
Epoch: 220 - Loss: 63.95792129503244
Epoch: 221 - Loss: 63.93353173041833
Epoch: 222 - Loss: 63.907994394973706
Epoch: 223 - Loss: 63.88195558108269
Epoch: 224 - Loss: 63.85621604096727
Epoch: 225 - Loss: 63.83094406390604
Epoch: 226 - Loss: 63.805597660793225
Epoch: 227 - Loss: 63.779646956561365
Epoch: 228 - Loss: 63.75314537255637
Epoch: 229 - Loss: 63.726689264958985
Epoch: 230 - Loss: 63.70076517716228
Epoch: 231 - Loss: 63.67533456652421
Epoch: 232 - Loss: 63.6499236654259
Epoch: 233 - Loss: 63.624159386522756
Epoch: 234 - Loss: 63.59809242095857
Epoch: 235 - Loss: 63.572054896608414
Epoch: 236 - Loss: 63.54620535246137
Epoch: 237 - Loss: 63.520428366857765
Epoch: 238 - Loss: 63.49445233947569
Epoch: 239 - Loss: 63.46819564104544
Epoch: 240 - Loss: 63.441807439822824
Epoch: 241 - Loss: 63.41545225878759
Epoch: 242 - Loss: 63.38914903656074
Epoch: 243 - Loss: 63.36276273217209
Epoch: 244 - Loss: 63.33620348203554
Epoch: 245 - Loss: 63.309519520920475
Epoch: 246 - Loss: 63.28308311062631
Epoch: 247 - Loss: 63.25815896685428
Epoch: 248 - Loss: 63.232805780416655
Epoch: 249 - Loss: 63.205970727335405
Epoch: 250 - Loss: 63.178142478781574
Epoch: 251 - Loss: 63.15545654065534
Epoch: 252 - Loss: 63.12770384259742
Epoch: 253 - Loss: 63.10327551052892
Epoch: 254 - Loss: 63.07318953662387
Epoch: 255 - Loss: 63.055381058124226
Epoch: 256 - Loss: 63.02915898792031
Epoch: 257 - Loss: 62.99931851176416
Epoch: 258 - Loss: 62.985842362984485
Epoch: 259 - Loss: 62.95331425872335
Epoch: 260 - Loss: 62.93695761537862
Epoch: 261 - Loss: 62.90522861965033
Epoch: 262 - Loss: 62.88647598299226
Epoch: 263 - Loss: 62.85545997259839
Epoch: 264 - Loss: 62.833033900421334
Epoch: 265 - Loss: 62.818260040213325
Epoch: 266 - Loss: 62.78171951886471
Epoch: 267 - Loss: 62.76444601398325
Epoch: 268 - Loss: 62.73856913694041
Epoch: 269 - Loss: 62.717511588989595
Epoch: 270 - Loss: 62.69091462433163
Epoch: 271 - Loss: 62.66888675053393
Epoch: 272 - Loss: 62.64720062588901
Epoch: 273 - Loss: 62.62378248694771
Epoch: 274 - Loss: 62.601377731817834
Epoch: 275 - Loss: 62.57634848265165
Epoch: 276 - Loss: 62.55615084543349
Epoch: 277 - Loss: 62.53234616515901
Epoch: 278 - Loss: 62.514783505207745
Epoch: 279 - Loss: 62.48663574617797
Epoch: 280 - Loss: 62.46486218905047
Epoch: 281 - Loss: 62.44270377158227
Epoch: 282 - Loss: 62.41966967402835
Epoch: 283 - Loss: 62.39733454282838
Epoch: 284 - Loss: 62.37432159665942
Epoch: 285 - Loss: 62.35298600136702
Epoch: 286 - Loss: 62.329842407771366
Epoch: 287 - Loss: 62.307522553982515
Epoch: 288 - Loss: 62.285058650836866
Epoch: 289 - Loss: 62.2628177073808
Epoch: 290 - Loss: 62.240692102190465
Epoch: 291 - Loss: 62.21779744552496
Epoch: 292 - Loss: 62.1958688382546
Epoch: 293 - Loss: 62.1733684127706
Epoch: 294 - Loss: 62.15119574668916
Epoch: 295 - Loss: 62.12875694383659
Epoch: 296 - Loss: 62.106338332974445
Epoch: 297 - Loss: 62.08434913331113
Epoch: 298 - Loss: 62.06186244543284
Epoch: 299 - Loss: 62.03965982572459
Epoch: 300 - Loss: 62.01732168122033
Epoch: 1 - Loss: 196.89188180405827
Epoch: 2 - Loss: 196.297133878696
Epoch: 3 - Loss: 195.70336984917068
Epoch: 4 - Loss: 195.10657213851238
Epoch: 5 - Loss: 194.50825735804935
Epoch: 6 - Loss: 193.9106654696513
Epoch: 7 - Loss: 193.3166411622673
Epoch: 8 - Loss: 192.7277840210453
Epoch: 9 - Loss: 192.14612302391106
Epoch: 10 - Loss: 191.57309817289092
Epoch: 11 - Loss: 191.01064641070107
Epoch: 12 - Loss: 190.4580652110791
Epoch: 13 - Loss: 189.91166873017997
Epoch: 14 - Loss: 189.36018116200609
Epoch: 15 - Loss: 188.78974145535545
Epoch: 16 - Loss: 188.11754123614347
Epoch: 17 - Loss: 181.90795927474463
Epoch: 18 - Loss: 180.11742578805215
Epoch: 19 - Loss: 178.41270611557047
Epoch: 20 - Loss: 177.1344991232387
Epoch: 21 - Loss: 176.43077553831787
Epoch: 22 - Loss: 176.33270410611635
Epoch: 23 - Loss: 175.99073116805963
Epoch: 24 - Loss: 175.4483353617121
Epoch: 25 - Loss: 174.92180428966253
Epoch: 26 - Loss: 174.40482566699455
Epoch: 27 - Loss: 173.87171692489528
Epoch: 28 - Loss: 173.15441873933602
Epoch: 29 - Loss: 170.64577810903313
Epoch: 30 - Loss: 171.99918054654785
Epoch: 31 - Loss: 171.69437025967235
Epoch: 32 - Loss: 170.75471714720726
Epoch: 33 - Loss: 169.7108959080686
Epoch: 34 - Loss: 168.68283658573935
Epoch: 35 - Loss: 167.69402005106053
Epoch: 36 - Loss: 166.80645208773612
Epoch: 37 - Loss: 166.03471939212773
Epoch: 38 - Loss: 165.37553809195666
Epoch: 39 - Loss: 164.81242791578438
Epoch: 40 - Loss: 164.3229195987787
Epoch: 41 - Loss: 163.906567222516
Epoch: 42 - Loss: 163.6064453674686
Epoch: 43 - Loss: 162.85289602549742
Epoch: 44 - Loss: 162.08895984699038
Epoch: 45 - Loss: 161.16725714173745
Epoch: 46 - Loss: 160.08213030178067
Epoch: 47 - Loss: 159.24193898406892
Epoch: 48 - Loss: 158.19828093262825
Epoch: 49 - Loss: 157.29598522018
Epoch: 50 - Loss: 157.07833111299243
Epoch: 51 - Loss: 153.3013766183893
Epoch: 52 - Loss: 148.33619299448043
Epoch: 53 - Loss: 143.81265604004372
Epoch: 54 - Loss: 124.24270282723623
Epoch: 55 - Loss: 115.49464080381303
Epoch: 56 - Loss: 113.35316158082334
Epoch: 57 - Loss: 113.23095586629199
Epoch: 58 - Loss: 112.02478947080417
Epoch: 59 - Loss: 110.94912631594465
Epoch: 60 - Loss: 110.12489239420962
Epoch: 61 - Loss: 109.38519364061307
Epoch: 62 - Loss: 108.62265285830219
Epoch: 63 - Loss: 107.85300208223707
Epoch: 64 - Loss: 107.07368236280746
Epoch: 65 - Loss: 106.22365255917857
Epoch: 66 - Loss: 105.44637200906001
Epoch: 67 - Loss: 105.08174102484124
Epoch: 68 - Loss: 102.09166396846561
Epoch: 69 - Loss: 97.36974337927967
Epoch: 70 - Loss: 91.34119908134899
Epoch: 71 - Loss: 85.43519702245567
Epoch: 72 - Loss: 77.31706549540624
Epoch: 73 - Loss: 76.58306222765513
Epoch: 74 - Loss: 76.62182740867294
Epoch: 75 - Loss: 76.92870181441782
Epoch: 76 - Loss: 77.173774194964
Epoch: 77 - Loss: 77.309228659253
Epoch: 78 - Loss: 77.38573698584051
Epoch: 79 - Loss: 77.3681399130432
Epoch: 80 - Loss: 77.32277889359179
Epoch: 81 - Loss: 77.24589256513929
Epoch: 82 - Loss: 77.12107364858592
Epoch: 83 - Loss: 76.97365153168037
Epoch: 84 - Loss: 76.82952257405078
Epoch: 85 - Loss: 76.68142334784484
Epoch: 86 - Loss: 76.45295477913972
Epoch: 87 - Loss: 76.19268253622224
Epoch: 88 - Loss: 75.89823042526449
Epoch: 89 - Loss: 75.55955774662823
Epoch: 90 - Loss: 75.17427948627464
Epoch: 91 - Loss: 74.65004424458877
Epoch: 92 - Loss: 74.02728038072237
Epoch: 93 - Loss: 73.27445201517224
Epoch: 94 - Loss: 72.38651686391698
Epoch: 95 - Loss: 71.26486127199537
Epoch: 96 - Loss: 69.66915454601373
Epoch: 97 - Loss: 67.45680115958878
Epoch: 98 - Loss: 64.69501595757924
Epoch: 99 - Loss: 67.9585336473832
Epoch: 100 - Loss: 69.36175328307071
Epoch: 101 - Loss: 65.91997185381555
Epoch: 102 - Loss: 64.82210217258138
Epoch: 103 - Loss: 66.73883552632691
Epoch: 104 - Loss: 68.00992270648612
Epoch: 105 - Loss: 68.78798922509934
Epoch: 106 - Loss: 69.18475670148479
Epoch: 107 - Loss: 69.35670866217347
Epoch: 108 - Loss: 69.36290599339391
Epoch: 109 - Loss: 69.22104324992374
Epoch: 110 - Loss: 68.94065978052215
Epoch: 111 - Loss: 68.4708461219041
Epoch: 112 - Loss: 67.83714174127749
Epoch: 113 - Loss: 66.98826968180737
Epoch: 114 - Loss: 65.88591682191225
Epoch: 115 - Loss: 64.52672612748314
Epoch: 116 - Loss: 63.54471906439179
Epoch: 117 - Loss: 64.70568562408177
Epoch: 118 - Loss: 66.36640357358836
Epoch: 119 - Loss: 65.61436661835185
Epoch: 120 - Loss: 64.22504791811718
Epoch: 121 - Loss: 63.3444321466875
Epoch: 122 - Loss: 63.738796069757406
Epoch: 123 - Loss: 64.22513426151521
Epoch: 124 - Loss: 64.44390881636818
Epoch: 125 - Loss: 64.29379687836393
Epoch: 126 - Loss: 63.8924307260105
Epoch: 127 - Loss: 63.36299865171519
Epoch: 128 - Loss: 63.11396436161017
Epoch: 129 - Loss: 63.65777648663486
Epoch: 130 - Loss: 63.59370083027432
Epoch: 131 - Loss: 63.066726860838806
Epoch: 132 - Loss: 63.08848722838854
Epoch: 133 - Loss: 63.26520885779732
Epoch: 134 - Loss: 63.317151160821496
Epoch: 135 - Loss: 63.198033983913746
Epoch: 136 - Loss: 62.97870044951461
Epoch: 137 - Loss: 62.82515632693594
Epoch: 138 - Loss: 62.95229097811376
Epoch: 139 - Loss: 63.01644784810256
Epoch: 140 - Loss: 62.7777878103954
Epoch: 141 - Loss: 62.679460066197095
Epoch: 142 - Loss: 62.745814105692595
Epoch: 143 - Loss: 62.79778491669868
Epoch: 144 - Loss: 62.7533058235045
Epoch: 145 - Loss: 62.65735871008485
Epoch: 146 - Loss: 62.57762273134435
Epoch: 147 - Loss: 62.618743089905365
Epoch: 148 - Loss: 62.61513360898287
Epoch: 149 - Loss: 62.50962497610856
Epoch: 150 - Loss: 62.43454188766279
Epoch: 151 - Loss: 62.44064845926632
Epoch: 152 - Loss: 62.45526832938064
Epoch: 153 - Loss: 62.42874074787807
Epoch: 154 - Loss: 62.38508647761004
Epoch: 155 - Loss: 62.348614105896736
Epoch: 156 - Loss: 62.37219558459666
Epoch: 157 - Loss: 62.33937283904367
Epoch: 158 - Loss: 62.279228433938755
Epoch: 159 - Loss: 62.21654645310531
Epoch: 160 - Loss: 62.19698342270977
Epoch: 161 - Loss: 62.187068264177135
Epoch: 162 - Loss: 62.16777134706463
Epoch: 163 - Loss: 62.15353394773654
Epoch: 164 - Loss: 62.140934666930185
Epoch: 165 - Loss: 62.16024975635751
Epoch: 166 - Loss: 62.10232501699854
Epoch: 167 - Loss: 62.04712899130477
Epoch: 168 - Loss: 62.00091531784132
Epoch: 169 - Loss: 61.985351658106445
Epoch: 170 - Loss: 61.98089789835953
Epoch: 171 - Loss: 61.965157651790335
Epoch: 172 - Loss: 61.959697695641594
Epoch: 173 - Loss: 61.92209512203364
Epoch: 174 - Loss: 61.8905369343631
Epoch: 175 - Loss: 61.8452845981692
Epoch: 176 - Loss: 61.81286002421843
Epoch: 177 - Loss: 61.79879748162772
Epoch: 178 - Loss: 61.78980476600463
Epoch: 179 - Loss: 61.781848342280064
Epoch: 180 - Loss: 61.756792484111884
Epoch: 181 - Loss: 61.74129807212354
Epoch: 182 - Loss: 61.7058369241821
Epoch: 183 - Loss: 61.67444313934627
Epoch: 184 - Loss: 61.63899628065593
Epoch: 185 - Loss: 61.61201203246395
Epoch: 186 - Loss: 61.59096662675576
Epoch: 187 - Loss: 61.57241787219798
Epoch: 188 - Loss: 61.555330835486025
Epoch: 189 - Loss: 61.53830259680249
Epoch: 190 - Loss: 61.530655834234594
Too slow optimization
Epoch: 1 - Loss: 197.36308061546757
Epoch: 2 - Loss: 197.35016742055558
Epoch: 3 - Loss: 197.3372522515303
Epoch: 4 - Loss: 197.32433441788243
Epoch: 5 - Loss: 197.31141505096497
Epoch: 6 - Loss: 197.2984935693791
Epoch: 7 - Loss: 197.28556993384285
Epoch: 8 - Loss: 197.27264453535517
Epoch: 9 - Loss: 197.259716489065
Epoch: 10 - Loss: 197.24678586146828
Epoch: 11 - Loss: 197.233853200757
Epoch: 12 - Loss: 197.22091820436557
Epoch: 13 - Loss: 197.20798081802678
Epoch: 14 - Loss: 197.19504107409708
Epoch: 15 - Loss: 197.18209882954037
Epoch: 16 - Loss: 197.16915406302067
Epoch: 17 - Loss: 197.15620674363666
Epoch: 18 - Loss: 197.14325686379706
Epoch: 19 - Loss: 197.13030490673768
Epoch: 20 - Loss: 197.11734977499648
Epoch: 21 - Loss: 197.10439195638068
Epoch: 22 - Loss: 197.0914314433068
Epoch: 23 - Loss: 197.07846817264334
Epoch: 24 - Loss: 197.0655021103686
Epoch: 25 - Loss: 197.0525332225838
Epoch: 26 - Loss: 197.03956133081
Epoch: 27 - Loss: 197.02658665641897
Epoch: 28 - Loss: 197.01360909699613
Epoch: 29 - Loss: 197.00062859325968
Epoch: 30 - Loss: 196.9876453231958
Epoch: 31 - Loss: 196.97465879741728
Epoch: 32 - Loss: 196.96166923919054
Epoch: 33 - Loss: 196.9486766151829
Epoch: 34 - Loss: 196.93568088276956
Epoch: 35 - Loss: 196.9226818453511
Epoch: 36 - Loss: 196.90967982586457
Epoch: 37 - Loss: 196.8966746178826
Epoch: 38 - Loss: 196.88366657210452
Epoch: 39 - Loss: 196.87065460759305
Epoch: 40 - Loss: 196.85763991691218
Epoch: 41 - Loss: 196.8446219026369
Epoch: 42 - Loss: 196.83160032401787
Epoch: 43 - Loss: 196.81857520180137
Epoch: 44 - Loss: 196.80554730410776
Epoch: 45 - Loss: 196.79251551233276
Epoch: 46 - Loss: 196.77948044282346
Epoch: 47 - Loss: 196.76644200950398
Epoch: 48 - Loss: 196.75339987332194
Epoch: 49 - Loss: 196.7403543592256
Epoch: 50 - Loss: 196.7273053348016
Epoch: 51 - Loss: 196.7142527573271
Epoch: 52 - Loss: 196.70119663734692
Epoch: 53 - Loss: 196.68813696047354
Epoch: 54 - Loss: 196.6750736713423
Epoch: 55 - Loss: 196.6620082364403
Epoch: 56 - Loss: 196.64893766235988
Epoch: 57 - Loss: 196.6358634218123
Epoch: 58 - Loss: 196.6227854570848
Epoch: 59 - Loss: 196.60970377239366
Epoch: 60 - Loss: 196.59661834591492
Epoch: 61 - Loss: 196.58352915611314
Epoch: 62 - Loss: 196.5704361672863
Epoch: 63 - Loss: 196.55733943096877
Epoch: 64 - Loss: 196.5442388435778
Epoch: 65 - Loss: 196.5311344005655
Epoch: 66 - Loss: 196.518026091353
Epoch: 67 - Loss: 196.5049137066064
Epoch: 68 - Loss: 196.4917976108109
Epoch: 69 - Loss: 196.47867762076322
Epoch: 70 - Loss: 196.46555223764102
Epoch: 71 - Loss: 196.45242437619797
Epoch: 72 - Loss: 196.43929250761212
Epoch: 73 - Loss: 196.42615659178787
Epoch: 74 - Loss: 196.4130167425954
Epoch: 75 - Loss: 196.3998726467463
Epoch: 76 - Loss: 196.38672458959883
Epoch: 77 - Loss: 196.37357242810333
Epoch: 78 - Loss: 196.36041619809052
Epoch: 79 - Loss: 196.3472558425846
Epoch: 80 - Loss: 196.33409135319582
Epoch: 81 - Loss: 196.3209227991755
Epoch: 82 - Loss: 196.3077499465903
Epoch: 83 - Loss: 196.29457291256043
Epoch: 84 - Loss: 196.28139177477843
Epoch: 85 - Loss: 196.268206161658
Epoch: 86 - Loss: 196.25501638143052
Epoch: 87 - Loss: 196.24182232437002
Epoch: 88 - Loss: 196.22862397119658
Epoch: 89 - Loss: 196.21542130256216
Epoch: 90 - Loss: 196.20221428018624
Epoch: 91 - Loss: 196.18900289746884
Epoch: 92 - Loss: 196.17578714556635
Epoch: 93 - Loss: 196.1625665725693
Epoch: 94 - Loss: 196.1493419803381
Epoch: 95 - Loss: 196.13611295561506
Epoch: 96 - Loss: 196.1228804079112
Epoch: 97 - Loss: 196.1096424960093
Epoch: 98 - Loss: 196.09639996410468
Epoch: 99 - Loss: 196.08315288693242
Epoch: 100 - Loss: 196.0699013985021
Epoch: 101 - Loss: 196.05664543682232
Epoch: 102 - Loss: 196.04338480569032
Epoch: 103 - Loss: 196.03011969896124
Epoch: 104 - Loss: 196.0168499996791
Epoch: 105 - Loss: 196.00357547859437
Epoch: 106 - Loss: 195.99029649447053
Epoch: 107 - Loss: 195.9770129563679
Epoch: 108 - Loss: 195.9637247285312
Epoch: 109 - Loss: 195.95043170397636
Epoch: 110 - Loss: 195.93713416828086
Epoch: 111 - Loss: 195.9238317877876
Epoch: 112 - Loss: 195.91052461918048
Epoch: 113 - Loss: 195.89721273236145
Epoch: 114 - Loss: 195.8838960907098
Epoch: 115 - Loss: 195.87057464983025
Epoch: 116 - Loss: 195.8572491007151
Epoch: 117 - Loss: 195.84391797765412
Epoch: 118 - Loss: 195.8305820509379
Epoch: 119 - Loss: 195.81724067043004
Epoch: 120 - Loss: 195.80389495450405
Epoch: 121 - Loss: 195.79054323875914
Epoch: 122 - Loss: 195.77718770061017
Epoch: 123 - Loss: 195.76382721785538
Epoch: 124 - Loss: 195.7504617827688
Epoch: 125 - Loss: 195.7370913690929
Epoch: 126 - Loss: 195.72371596497513
Epoch: 127 - Loss: 195.7103355686207
Epoch: 128 - Loss: 195.6969501621978
Epoch: 129 - Loss: 195.68355967368106
Epoch: 130 - Loss: 195.67016398505731
Epoch: 131 - Loss: 195.6567633611911
Epoch: 132 - Loss: 195.6433576026915
Epoch: 133 - Loss: 195.6299467410457
Epoch: 134 - Loss: 195.61653074637655
Epoch: 135 - Loss: 195.6031096234461
Epoch: 136 - Loss: 195.58968331060422
Epoch: 137 - Loss: 195.57625200022773
Epoch: 138 - Loss: 195.56281530573554
Epoch: 139 - Loss: 195.54937445869072
Epoch: 140 - Loss: 195.53592733561595
Epoch: 141 - Loss: 195.5224748061771
Epoch: 142 - Loss: 195.50901698372294
Epoch: 143 - Loss: 195.49555401884592
Epoch: 144 - Loss: 195.4820858492237
Epoch: 145 - Loss: 195.46861245096727
Epoch: 146 - Loss: 195.455133202708
Epoch: 147 - Loss: 195.44164893759503
Epoch: 148 - Loss: 195.4281593768248
Epoch: 149 - Loss: 195.414664318809
Epoch: 150 - Loss: 195.40116385386852
Epoch: 151 - Loss: 195.38765807411832
Epoch: 152 - Loss: 195.37414661105828
Epoch: 153 - Loss: 195.36063004621306
Epoch: 154 - Loss: 195.34710775850488
Epoch: 155 - Loss: 195.3335789788781
Epoch: 156 - Loss: 195.32004571196046
Epoch: 157 - Loss: 195.30650711582842
Epoch: 158 - Loss: 195.2929627875737
Epoch: 159 - Loss: 195.27941275842335
Epoch: 160 - Loss: 195.265857204434
Epoch: 161 - Loss: 195.25229633859576
Epoch: 162 - Loss: 195.23872955035296
Epoch: 163 - Loss: 195.22515716346714
Epoch: 164 - Loss: 195.21157922724728
Epoch: 165 - Loss: 195.1979956836901
Epoch: 166 - Loss: 195.18440640932374
Epoch: 167 - Loss: 195.17081143859414
Epoch: 168 - Loss: 195.1572105638142
Epoch: 169 - Loss: 195.143604399318
Epoch: 170 - Loss: 195.1299925677149
Epoch: 171 - Loss: 195.11637467983036
Epoch: 172 - Loss: 195.10275101825965
Epoch: 173 - Loss: 195.0891232510303
Epoch: 174 - Loss: 195.0754880281109
Epoch: 175 - Loss: 195.06184684054134
Epoch: 176 - Loss: 195.048200249564
Epoch: 177 - Loss: 195.0345473496945
Epoch: 178 - Loss: 195.0208865668149
Epoch: 179 - Loss: 195.00722203189096
Epoch: 180 - Loss: 194.99355161591498
Epoch: 181 - Loss: 194.97987529784672
Epoch: 182 - Loss: 194.96619306797828
Epoch: 183 - Loss: 194.95250489448372
Epoch: 184 - Loss: 194.93881077225151
Epoch: 185 - Loss: 194.92511107890107
Epoch: 186 - Loss: 194.91140494518282
Epoch: 187 - Loss: 194.8976925005519
Epoch: 188 - Loss: 194.88397435596258
Epoch: 189 - Loss: 194.87025039173096
Epoch: 190 - Loss: 194.85652000028108
Epoch: 191 - Loss: 194.84278365954535
Epoch: 192 - Loss: 194.829041180184
Epoch: 193 - Loss: 194.81529263228282
Epoch: 194 - Loss: 194.80153787954356
Epoch: 195 - Loss: 194.78777718510688
Epoch: 196 - Loss: 194.77401014193248
Epoch: 197 - Loss: 194.760237043103
Epoch: 198 - Loss: 194.74645781923243
Epoch: 199 - Loss: 194.73267230201287
Epoch: 200 - Loss: 194.71888056184875
Epoch: 201 - Loss: 194.70508264599948
Epoch: 202 - Loss: 194.6912784906173
Epoch: 203 - Loss: 194.67746930991092
Epoch: 204 - Loss: 194.66365278286835
Epoch: 205 - Loss: 194.64982974342405
Epoch: 206 - Loss: 194.63600034292799
Epoch: 207 - Loss: 194.62216474971171
Epoch: 208 - Loss: 194.60832274166788
Epoch: 209 - Loss: 194.59447470292395
Epoch: 210 - Loss: 194.5806200589176
Epoch: 211 - Loss: 194.5667589670054
Epoch: 212 - Loss: 194.55289143978996
Epoch: 213 - Loss: 194.539017571085
Epoch: 214 - Loss: 194.52513725892163
Epoch: 215 - Loss: 194.51125057575337
Epoch: 216 - Loss: 194.49735736010618
Epoch: 217 - Loss: 194.4834576710309
Epoch: 218 - Loss: 194.46955150723898
Epoch: 219 - Loss: 194.45563854410602
Epoch: 220 - Loss: 194.4417194135777
Epoch: 221 - Loss: 194.42779371007882
Epoch: 222 - Loss: 194.41386165906863
Epoch: 223 - Loss: 194.39992291870848
Epoch: 224 - Loss: 194.38597728506505
Epoch: 225 - Loss: 194.37202542690596
Epoch: 226 - Loss: 194.3580667605545
Epoch: 227 - Loss: 194.34410153421237
Epoch: 228 - Loss: 194.33012976057162
Epoch: 229 - Loss: 194.31615121545474
Epoch: 230 - Loss: 194.30216620258503
Epoch: 231 - Loss: 194.2881744986293
Epoch: 232 - Loss: 194.2741759542369
Epoch: 233 - Loss: 194.260170770732
Epoch: 234 - Loss: 194.24615895029845
Epoch: 235 - Loss: 194.2321403247675
Epoch: 236 - Loss: 194.21811493462664
Epoch: 237 - Loss: 194.2040828720492
Epoch: 238 - Loss: 194.19004395040466
Epoch: 239 - Loss: 194.1759982484433
Epoch: 240 - Loss: 194.16194566229035
Epoch: 241 - Loss: 194.14788644775174
Epoch: 242 - Loss: 194.13382036571306
Epoch: 243 - Loss: 194.11974727313603
Epoch: 244 - Loss: 194.10566752945905
Epoch: 245 - Loss: 194.09158079918268
Epoch: 246 - Loss: 194.07748720375696
Epoch: 247 - Loss: 194.06338672600003
Epoch: 248 - Loss: 194.0492793284682
Epoch: 249 - Loss: 194.03516499541462
Epoch: 250 - Loss: 194.02104363164975
Epoch: 251 - Loss: 194.00691542724468
Epoch: 252 - Loss: 193.99278024079715
Epoch: 253 - Loss: 193.97863806041312
Epoch: 254 - Loss: 193.9644890457339
Epoch: 255 - Loss: 193.95033346403227
Epoch: 256 - Loss: 193.9361702931489
Epoch: 257 - Loss: 193.9220001171698
Epoch: 258 - Loss: 193.90782276180968
Epoch: 259 - Loss: 193.89363842277498
Epoch: 260 - Loss: 193.87944699057584
Epoch: 261 - Loss: 193.86524860961805
Epoch: 262 - Loss: 193.85104298567413
Epoch: 263 - Loss: 193.8368301683525
Epoch: 264 - Loss: 193.82261031294522
Epoch: 265 - Loss: 193.8083833030987
Epoch: 266 - Loss: 193.79414911699232
Epoch: 267 - Loss: 193.77990777780255
Epoch: 268 - Loss: 193.76565922813748
Epoch: 269 - Loss: 193.75140353038222
Epoch: 270 - Loss: 193.73713944610674
Epoch: 271 - Loss: 193.72286932092692
Epoch: 272 - Loss: 193.7085919595586
Epoch: 273 - Loss: 193.6943072167507
Epoch: 274 - Loss: 193.68001614414047
Epoch: 275 - Loss: 193.66571696962922
Epoch: 276 - Loss: 193.65141049464094
Epoch: 277 - Loss: 193.6370967285231
Epoch: 278 - Loss: 193.62277564892878
Epoch: 279 - Loss: 193.60844730204226
Epoch: 280 - Loss: 193.5941115041741
Epoch: 281 - Loss: 193.5797685097421
Epoch: 282 - Loss: 193.56541805808655
Epoch: 283 - Loss: 193.55106026442866
Epoch: 284 - Loss: 193.53669500209978
Epoch: 285 - Loss: 193.52232244824037
Epoch: 286 - Loss: 193.50794237618172
Epoch: 287 - Loss: 193.49355497139624
Epoch: 288 - Loss: 193.47916009975123
Epoch: 289 - Loss: 193.4647583727162
Epoch: 290 - Loss: 193.45034855504096
Epoch: 291 - Loss: 193.43593111395927
Epoch: 292 - Loss: 193.4215063331845
Epoch: 293 - Loss: 193.40707403708916
Epoch: 294 - Loss: 193.39263448967722
Epoch: 295 - Loss: 193.37818716446694
Epoch: 296 - Loss: 193.36373241022284
Epoch: 297 - Loss: 193.34927002896816
Epoch: 298 - Loss: 193.33480010064292
Epoch: 299 - Loss: 193.3203225509764
Epoch: 300 - Loss: 193.30583744417535
Epoch: 1 - Loss: 193.75002020741485
Epoch: 2 - Loss: 193.13977115329362
Epoch: 3 - Loss: 192.64818345253616
Epoch: 4 - Loss: 192.24957858652834
Epoch: 5 - Loss: 191.9218028823757
Epoch: 6 - Loss: 191.64677924755856
Epoch: 7 - Loss: 191.410363853017
Epoch: 8 - Loss: 191.2019221199841
Epoch: 9 - Loss: 191.01358648330518
Epoch: 10 - Loss: 190.8395999008741
Epoch: 11 - Loss: 190.6758689167326
Epoch: 12 - Loss: 190.51946869550127
Epoch: 13 - Loss: 190.36824518580744
Epoch: 14 - Loss: 190.22069892621622
Epoch: 15 - Loss: 190.07577565397796
Epoch: 16 - Loss: 189.93270097716785
Epoch: 17 - Loss: 189.79090584153184
Epoch: 18 - Loss: 189.64996770741385
Epoch: 19 - Loss: 189.50961786320414
Epoch: 20 - Loss: 189.36962665467811
Epoch: 21 - Loss: 189.22983365643157
Epoch: 22 - Loss: 189.09010548408526
Epoch: 23 - Loss: 188.95034271175055
Epoch: 24 - Loss: 188.81047958085622
Epoch: 25 - Loss: 188.6704443017458
Epoch: 26 - Loss: 188.53017853977698
Epoch: 27 - Loss: 188.3896389028321
Epoch: 28 - Loss: 188.24875303094765
Epoch: 29 - Loss: 188.1074615031461
Epoch: 30 - Loss: 187.96575611938712
Epoch: 31 - Loss: 187.82356993510118
Epoch: 32 - Loss: 187.6808619757032
Epoch: 33 - Loss: 187.53760534253382
Epoch: 34 - Loss: 187.3938127212563
Epoch: 35 - Loss: 187.24945621455862
Epoch: 36 - Loss: 187.10461670359112
Epoch: 37 - Loss: 186.95954739757497
Epoch: 38 - Loss: 186.8145351687858
Epoch: 39 - Loss: 186.67016494471324
Epoch: 40 - Loss: 186.52746954434008
Epoch: 41 - Loss: 186.38814375839868
Epoch: 42 - Loss: 186.25473752532554
Epoch: 43 - Loss: 186.13107458915155
Epoch: 44 - Loss: 186.020919720004
Epoch: 45 - Loss: 185.9226889476407
Epoch: 46 - Loss: 185.8147995624612
Epoch: 47 - Loss: 185.70243831988498
Epoch: 48 - Loss: 185.59022403303192
Epoch: 49 - Loss: 185.47638415813225
Epoch: 50 - Loss: 185.36068166825146
Epoch: 51 - Loss: 185.2441867049567
Epoch: 52 - Loss: 185.12843701629268
Epoch: 53 - Loss: 185.01208003502742
Epoch: 54 - Loss: 184.88496889007106
Epoch: 55 - Loss: 184.76262109705456
Epoch: 56 - Loss: 184.64673060342366
Epoch: 57 - Loss: 184.53602104480765
Epoch: 58 - Loss: 184.4284370883221
Epoch: 59 - Loss: 184.32218564575294
Epoch: 60 - Loss: 184.21601318278346
Epoch: 61 - Loss: 184.10917939882893
Epoch: 62 - Loss: 184.0013236521009
Epoch: 63 - Loss: 183.89235076475708
Epoch: 64 - Loss: 183.78231526942918
Epoch: 65 - Loss: 183.67138554787329
Epoch: 66 - Loss: 183.55983336971386
Epoch: 67 - Loss: 183.44799779818334
Epoch: 68 - Loss: 183.33623932816988
Epoch: 69 - Loss: 183.22489061106876
Epoch: 70 - Loss: 183.11418598921983
Epoch: 71 - Loss: 183.00414167775668
Epoch: 72 - Loss: 182.894462106049
Epoch: 73 - Loss: 182.7845653289354
Epoch: 74 - Loss: 182.67372436750546
Epoch: 75 - Loss: 182.56135959938663
Epoch: 76 - Loss: 182.4472952348281
Epoch: 77 - Loss: 182.33166735599306
Epoch: 78 - Loss: 182.21485099814572
Epoch: 79 - Loss: 182.097064413549
Epoch: 80 - Loss: 181.97838276728942
Epoch: 81 - Loss: 181.8586589337078
Epoch: 82 - Loss: 181.7376250376885
Epoch: 83 - Loss: 181.61494591732395
Epoch: 84 - Loss: 181.4902975536937
Epoch: 85 - Loss: 181.3634151601455
Epoch: 86 - Loss: 181.23404581192491
Epoch: 87 - Loss: 181.1020013252365
Epoch: 88 - Loss: 180.96717535007983
Epoch: 89 - Loss: 180.82942583626038
Epoch: 90 - Loss: 180.68860743152882
Epoch: 91 - Loss: 180.54453076585645
Epoch: 92 - Loss: 180.39700699080097
Epoch: 93 - Loss: 180.24566733841633
Epoch: 94 - Loss: 180.08515033792077
Epoch: 95 - Loss: 179.91694409958973
Epoch: 96 - Loss: 179.74233009660625
Epoch: 97 - Loss: 179.56109303886439
Epoch: 98 - Loss: 179.37278189231853
Epoch: 99 - Loss: 179.1772265998287
Epoch: 100 - Loss: 178.97443652328
Epoch: 101 - Loss: 178.7642318135424
Epoch: 102 - Loss: 178.54647067554913
Epoch: 103 - Loss: 178.32110368682334
Epoch: 104 - Loss: 178.08827065535817
Epoch: 105 - Loss: 177.84849675525422
Epoch: 106 - Loss: 177.60289593962435
Epoch: 107 - Loss: 177.35368318445046
Epoch: 108 - Loss: 177.10491222563456
Epoch: 109 - Loss: 176.86374530678367
Epoch: 110 - Loss: 176.6422943193536
Epoch: 111 - Loss: 176.45782398244916
Epoch: 112 - Loss: 176.3206091199956
Epoch: 113 - Loss: 176.19188407006106
Epoch: 114 - Loss: 176.00906824007552
Epoch: 115 - Loss: 175.7760117846084
Epoch: 116 - Loss: 175.52843325240417
Epoch: 117 - Loss: 175.29069614076434
Epoch: 118 - Loss: 175.07000629325253
Epoch: 119 - Loss: 174.8636824604796
Epoch: 120 - Loss: 174.66620561099603
Epoch: 121 - Loss: 174.47269830830598
Epoch: 122 - Loss: 174.27990002250374
Epoch: 123 - Loss: 174.08595970685857
Epoch: 124 - Loss: 173.8900948714065
Epoch: 125 - Loss: 173.69224056260612
Epoch: 126 - Loss: 173.49264956141698
Epoch: 127 - Loss: 173.2918820881624
Epoch: 128 - Loss: 173.0906348710303
Epoch: 129 - Loss: 172.88971369552922
Epoch: 130 - Loss: 172.69002156822486
Epoch: 131 - Loss: 172.49247070350526
Epoch: 132 - Loss: 172.2979657244143
Epoch: 133 - Loss: 172.1071821560875
Epoch: 134 - Loss: 171.92046497562882
Epoch: 135 - Loss: 171.73756870527632
Epoch: 136 - Loss: 171.55750113030246
Epoch: 137 - Loss: 171.37872110546394
Epoch: 138 - Loss: 171.19951437174538
Epoch: 139 - Loss: 171.01863721445977
Epoch: 140 - Loss: 170.83575436373474
Epoch: 141 - Loss: 170.65117450993543
Epoch: 142 - Loss: 170.4654982407086
Epoch: 143 - Loss: 170.2790210569928
Epoch: 144 - Loss: 170.09148910975262
Epoch: 145 - Loss: 169.90210641090735
Epoch: 146 - Loss: 169.70976438593846
Epoch: 147 - Loss: 169.51324029872254
Epoch: 148 - Loss: 169.31148010835523
Epoch: 149 - Loss: 169.10371368009328
Epoch: 150 - Loss: 168.8897499003974
Epoch: 151 - Loss: 168.67011293098483
Epoch: 152 - Loss: 168.4463993186023
Epoch: 153 - Loss: 168.2216761424165
Epoch: 154 - Loss: 168.00097327471076
Epoch: 155 - Loss: 167.79161338503616
Epoch: 156 - Loss: 167.60277098889307
Epoch: 157 - Loss: 167.44223200481184
Epoch: 158 - Loss: 167.30846033482578
Epoch: 159 - Loss: 167.1828584290264
Epoch: 160 - Loss: 167.03829889069715
Epoch: 161 - Loss: 166.86034970196766
Epoch: 162 - Loss: 166.6543686160381
Epoch: 163 - Loss: 166.43581110497087
Epoch: 164 - Loss: 166.2186276938497
Epoch: 165 - Loss: 166.00986246249855
Epoch: 166 - Loss: 165.81003042658114
Epoch: 167 - Loss: 165.61587149800593
Epoch: 168 - Loss: 165.42290682916425
Epoch: 169 - Loss: 165.22698005569927
Epoch: 170 - Loss: 165.02488521514098
Epoch: 171 - Loss: 164.81448198625554
Epoch: 172 - Loss: 164.59454941730542
Epoch: 173 - Loss: 164.3645438862987
Epoch: 174 - Loss: 164.12430339769392
Epoch: 175 - Loss: 163.87372852595863
Epoch: 176 - Loss: 163.61234004468142
Epoch: 177 - Loss: 163.33889416853833
Epoch: 178 - Loss: 163.05093745477922
Epoch: 179 - Loss: 162.74479361055458
Epoch: 180 - Loss: 162.41614533672328
Epoch: 181 - Loss: 162.0610517190047
Epoch: 182 - Loss: 161.67647206116888
Epoch: 183 - Loss: 161.2586976460681
Epoch: 184 - Loss: 160.7987014541525
Epoch: 185 - Loss: 160.27437485977057
Epoch: 186 - Loss: 159.63939894950644
Epoch: 187 - Loss: 158.80338560176642
Epoch: 188 - Loss: 157.57578399277267
Epoch: 189 - Loss: 153.24045869324314
Epoch: 190 - Loss: 159.17734535742338
Epoch: 191 - Loss: 159.05527597291922
Epoch: 192 - Loss: 160.7178773101283
Epoch: 193 - Loss: 161.1060780165498
Epoch: 194 - Loss: 160.98888408961093
Epoch: 195 - Loss: 160.57652024113892
Epoch: 196 - Loss: 159.9907433240223
Epoch: 197 - Loss: 159.19956740373397
Epoch: 198 - Loss: 158.25478987004965
Epoch: 199 - Loss: 157.0524316719378
Epoch: 200 - Loss: 155.54352430171716
Epoch: 201 - Loss: 153.49631774257858
Epoch: 202 - Loss: 150.52580722021975
Epoch: 203 - Loss: 148.45284047548014
Epoch: 204 - Loss: 149.98869894145042
Epoch: 205 - Loss: 142.63594847204126
Epoch: 206 - Loss: 144.20824342552106
Epoch: 207 - Loss: 144.38413211303393
Epoch: 208 - Loss: 130.63695734620836
Epoch: 209 - Loss: 124.13162769403432
Epoch: 210 - Loss: 124.47489155270857
Epoch: 211 - Loss: 125.90892745211796
Epoch: 212 - Loss: 127.05496435058114
Epoch: 213 - Loss: 127.90265184248966
Epoch: 214 - Loss: 128.5222140612461
Epoch: 215 - Loss: 128.96785569482446
Epoch: 216 - Loss: 129.27610157228196
Epoch: 217 - Loss: 129.4732248206376
Epoch: 218 - Loss: 129.58218195091078
Epoch: 219 - Loss: 129.6244319424829
Epoch: 220 - Loss: 129.6177018287471
Epoch: 221 - Loss: 129.57488992779713
Epoch: 222 - Loss: 129.50534928814005
Epoch: 223 - Loss: 129.41649802841758
Epoch: 224 - Loss: 129.3144992108391
Epoch: 225 - Loss: 129.20397028888056
Epoch: 226 - Loss: 129.08729856720757
Epoch: 227 - Loss: 128.96445728971102
Epoch: 228 - Loss: 128.8342647946285
Epoch: 229 - Loss: 128.69600357009074
Epoch: 230 - Loss: 128.54929239973214
Epoch: 231 - Loss: 128.39289641057033
Epoch: 232 - Loss: 128.22455084003718
Epoch: 233 - Loss: 128.04189694317031
Epoch: 234 - Loss: 127.84299023607053
Epoch: 235 - Loss: 127.6262603733947
Epoch: 236 - Loss: 127.38949579788911
Epoch: 237 - Loss: 127.12925237402517
Epoch: 238 - Loss: 126.84122394816468
Epoch: 239 - Loss: 126.51730109578959
Epoch: 240 - Loss: 126.1315097387731
Epoch: 241 - Loss: 125.72494745492924
Epoch: 242 - Loss: 125.26877554083063
Epoch: 243 - Loss: 124.70591624670695
Epoch: 244 - Loss: 124.07994519171514
Epoch: 245 - Loss: 123.3852922842319
Epoch: 246 - Loss: 122.55544236488414
Epoch: 247 - Loss: 121.61721245282307
Epoch: 248 - Loss: 120.61255278411694
Epoch: 249 - Loss: 119.7109166798264
Epoch: 250 - Loss: 119.80416017991875
Epoch: 251 - Loss: 121.79039572220891
Epoch: 252 - Loss: 120.2295896408704
Epoch: 253 - Loss: 119.08871853038349
Epoch: 254 - Loss: 119.12805273542035
Epoch: 255 - Loss: 119.40100470759418
Epoch: 256 - Loss: 119.60853449486012
Epoch: 257 - Loss: 119.62413818491986
Epoch: 258 - Loss: 119.50255475157671
Epoch: 259 - Loss: 119.19190026525239
Epoch: 260 - Loss: 118.7712880392216
Epoch: 261 - Loss: 118.23712534747598
Epoch: 262 - Loss: 117.75555169805384
Epoch: 263 - Loss: 117.53591316211335
Epoch: 264 - Loss: 117.80479658572219
Epoch: 265 - Loss: 117.82560835201028
Epoch: 266 - Loss: 117.23136182299615
Epoch: 267 - Loss: 116.84826473575231
Epoch: 268 - Loss: 116.79599975575938
Epoch: 269 - Loss: 116.78843374580262
Epoch: 270 - Loss: 116.69845066145804
Epoch: 271 - Loss: 116.4977563072451
Epoch: 272 - Loss: 116.18160533235044
Epoch: 273 - Loss: 115.83337715560867
Epoch: 274 - Loss: 115.59013496462269
Epoch: 275 - Loss: 115.52343434793221
Epoch: 276 - Loss: 115.4366650140274
Epoch: 277 - Loss: 115.12887724601752
Epoch: 278 - Loss: 114.85785556014666
Epoch: 279 - Loss: 114.58437662428315
Epoch: 280 - Loss: 114.44927445730367
Epoch: 281 - Loss: 104.35627638610487
Epoch: 282 - Loss: 75.53254540831078
Epoch: 283 - Loss: 72.54122944647426
Epoch: 284 - Loss: 71.13724265422906
Epoch: 285 - Loss: 70.62010640976007
Epoch: 286 - Loss: 70.49577412026687
Epoch: 287 - Loss: 70.28950996703738
Epoch: 288 - Loss: 69.76934427147431
Epoch: 289 - Loss: 70.0396413946033
Epoch: 290 - Loss: 69.75974178785619
Epoch: 291 - Loss: 69.47134395144946
Epoch: 292 - Loss: 69.5786464064164
Epoch: 293 - Loss: 68.82145741455712
Epoch: 294 - Loss: 68.90765820062848
Epoch: 295 - Loss: 68.4788656843091
Epoch: 296 - Loss: 68.42377806381639
Epoch: 297 - Loss: 68.452885421026
Epoch: 298 - Loss: 67.9719962606008
Epoch: 299 - Loss: 68.66530006206885
Epoch: 300 - Loss: 68.06915418559814
Epoch: 1 - Loss: 191.96082894290453
Epoch: 2 - Loss: 192.20162615362045
Epoch: 3 - Loss: 191.15858685883123
Epoch: 4 - Loss: 190.35374139712428
Epoch: 5 - Loss: 189.79231267698378
Epoch: 6 - Loss: 188.85827927326798
Epoch: 7 - Loss: 187.79229422670926
Epoch: 8 - Loss: 186.9047773532506
Epoch: 9 - Loss: 186.134348113053
Epoch: 10 - Loss: 185.54614398945057
Epoch: 11 - Loss: 185.2460969599265
Epoch: 12 - Loss: 184.4434374504571
Epoch: 13 - Loss: 183.707752740611
Epoch: 14 - Loss: 182.98260022579248
Epoch: 15 - Loss: 182.29668497938448
Epoch: 16 - Loss: 181.64791767233996
Epoch: 17 - Loss: 181.05996777309247
Epoch: 18 - Loss: 180.4885656209535
Epoch: 19 - Loss: 179.82535758750151
Epoch: 20 - Loss: 179.0548929965932
Epoch: 21 - Loss: 178.25818581332342
Epoch: 22 - Loss: 177.47403016706633
Epoch: 23 - Loss: 176.67646525213422
Epoch: 24 - Loss: 175.81756875108636
Epoch: 25 - Loss: 174.84948649894275
Epoch: 26 - Loss: 173.63328564938504
Epoch: 27 - Loss: 172.35985971436338
Epoch: 28 - Loss: 169.27461413622257
Epoch: 29 - Loss: 162.5752751379971
Epoch: 30 - Loss: 152.94636662938788
Epoch: 31 - Loss: 131.6260613311372
Epoch: 32 - Loss: 126.38430176484489
Epoch: 33 - Loss: 125.03807048633415
Epoch: 34 - Loss: 123.27553478749847
Epoch: 35 - Loss: 120.84403390461463
Epoch: 36 - Loss: 118.84400224649855
Epoch: 37 - Loss: 116.96837246436863
Epoch: 38 - Loss: 116.75004364362907
Epoch: 39 - Loss: 115.6450315281113
Epoch: 40 - Loss: 110.6914145485716
Epoch: 41 - Loss: 104.17952144617448
Epoch: 42 - Loss: 97.62014680182885
Epoch: 43 - Loss: 90.6842934790887
Epoch: 44 - Loss: 86.67530978183835
Epoch: 45 - Loss: 86.11638469369835
Epoch: 46 - Loss: 86.33043640596004
Epoch: 47 - Loss: 86.56569469506388
Epoch: 48 - Loss: 86.5033395040613
Epoch: 49 - Loss: 85.90914913787883
Epoch: 50 - Loss: 84.4036218382853
Epoch: 51 - Loss: 81.18225429169625
Epoch: 52 - Loss: 81.74361719446836
Epoch: 53 - Loss: 79.69650861697323
Epoch: 54 - Loss: 79.79774829027218
Epoch: 55 - Loss: 80.93977674821605
Epoch: 56 - Loss: 81.31608074986768
Epoch: 57 - Loss: 80.96404711250752
Epoch: 58 - Loss: 80.16037486567582
Epoch: 59 - Loss: 80.38648265792308
Epoch: 60 - Loss: 80.64470099188706
Epoch: 61 - Loss: 79.59105633995544
Epoch: 62 - Loss: 102.45036964836036
Epoch: 63 - Loss: 80.31220922778473
Epoch: 64 - Loss: 80.92618812143016
Epoch: 65 - Loss: 80.92403764038635
Epoch: 66 - Loss: 80.39271221822055
Epoch: 67 - Loss: 80.79717958043737
Epoch: 68 - Loss: 85.03717999700609
Epoch: 69 - Loss: 83.26476518703389
Epoch: 70 - Loss: 87.03561441756834
Epoch: 71 - Loss: 87.59701722835702
Epoch: 72 - Loss: 88.09557202615497
Epoch: 73 - Loss: 88.89107060582923
Epoch: 74 - Loss: 89.09200739271449
Epoch: 75 - Loss: 89.65419440918761
Epoch: 76 - Loss: 89.75652098890929
Epoch: 77 - Loss: 90.07037271345092
Epoch: 78 - Loss: 90.19273452524703
Epoch: 79 - Loss: 90.37314391252688
Epoch: 80 - Loss: 90.55886359657663
Epoch: 81 - Loss: 90.51419351692041
Epoch: 82 - Loss: 90.68588452358144
Epoch: 83 - Loss: 90.52904436561472
Epoch: 84 - Loss: 90.539118458593
Epoch: 85 - Loss: 90.39749824281826
Epoch: 86 - Loss: 90.21203804137332
Epoch: 87 - Loss: 90.08524786507702
Epoch: 88 - Loss: 89.82216245550676
Epoch: 89 - Loss: 89.66163340188456
Epoch: 90 - Loss: 89.39080084137576
Epoch: 91 - Loss: 89.1993703130502
Epoch: 92 - Loss: 88.95078823214298
Epoch: 93 - Loss: 88.73397824056583
Epoch: 94 - Loss: 88.52133942680061
Epoch: 95 - Loss: 88.27047526798076
Epoch: 96 - Loss: 88.07608399123822
Epoch: 97 - Loss: 87.8168591065158
Epoch: 98 - Loss: 87.6078405625299
Epoch: 99 - Loss: 87.35858240103471
Epoch: 100 - Loss: 87.1266573325797
Epoch: 101 - Loss: 86.88954200963894
Epoch: 102 - Loss: 86.64795024852145
Epoch: 103 - Loss: 86.42399066316726
Epoch: 104 - Loss: 86.18336834918904
Epoch: 105 - Loss: 85.97588158620906
Epoch: 106 - Loss: 85.75418984291872
Epoch: 107 - Loss: 85.56450474719702
Epoch: 108 - Loss: 85.3765141402067
Epoch: 109 - Loss: 85.21065938272987
Epoch: 110 - Loss: 85.06159972796642
Epoch: 111 - Loss: 84.92812183082891
Epoch: 112 - Loss: 84.81985984649957
Epoch: 113 - Loss: 84.72278943405937
Epoch: 114 - Loss: 84.65476068938577
Epoch: 115 - Loss: 84.47975892743615
Epoch: 116 - Loss: 84.19563291842476
Epoch: 117 - Loss: 83.84622534734392
Epoch: 118 - Loss: 83.42595967288646
Epoch: 119 - Loss: 82.90176044914648
Epoch: 120 - Loss: 82.24601385372699
Epoch: 121 - Loss: 81.41344155817868
Epoch: 122 - Loss: 80.35951184972694
Epoch: 123 - Loss: 79.06769912650945
Epoch: 124 - Loss: 77.6079434053941
Epoch: 125 - Loss: 76.23744193246095
Epoch: 126 - Loss: 75.40435499734336
Epoch: 127 - Loss: 77.07371646873358
Epoch: 128 - Loss: 75.68003919632767
Epoch: 129 - Loss: 75.32128665849737
Epoch: 130 - Loss: 75.31525445297898
Epoch: 131 - Loss: 75.41049603924546
Epoch: 132 - Loss: 75.51495476515313
Epoch: 133 - Loss: 75.5938966403729
Epoch: 134 - Loss: 75.63060039103348
Epoch: 135 - Loss: 75.62473502572195
Epoch: 136 - Loss: 75.5797514869843
Epoch: 137 - Loss: 75.50524737760433
Epoch: 138 - Loss: 75.41089650671157
Epoch: 139 - Loss: 75.30809665275913
Epoch: 140 - Loss: 75.20710084988609
Epoch: 141 - Loss: 75.1173880441752
Epoch: 142 - Loss: 75.04656273667773
Epoch: 143 - Loss: 74.99972726053495
Epoch: 144 - Loss: 74.97873999014466
Epoch: 145 - Loss: 74.97997097358211
Epoch: 146 - Loss: 74.99334345908844
Epoch: 147 - Loss: 75.00249077274793
Epoch: 148 - Loss: 74.99259435480356
Epoch: 149 - Loss: 74.95926200615177
Epoch: 150 - Loss: 74.91103217801673
Epoch: 151 - Loss: 74.86025357154828
Epoch: 152 - Loss: 74.81589079356505
Epoch: 153 - Loss: 74.78099089743411
Epoch: 154 - Loss: 74.7549800081732
Epoch: 155 - Loss: 74.73525188773452
Epoch: 156 - Loss: 74.71900734843956
Epoch: 157 - Loss: 74.70362419427723
Epoch: 158 - Loss: 74.68724811582283
Epoch: 159 - Loss: 74.66865609572095
Epoch: 160 - Loss: 74.64735077383847
Epoch: 161 - Loss: 74.62336897451718
Epoch: 162 - Loss: 74.59716217974177
Epoch: 163 - Loss: 74.56947964958725
Epoch: 164 - Loss: 74.54113913205425
Epoch: 165 - Loss: 74.51300435410813
Epoch: 166 - Loss: 74.48570943377393
Epoch: 167 - Loss: 74.45974156915051
Epoch: 168 - Loss: 74.43517963948146
Epoch: 169 - Loss: 74.41190501060812
Epoch: 170 - Loss: 74.38942131481825
Epoch: 171 - Loss: 74.36720000138588
Epoch: 172 - Loss: 74.3445906604241
Epoch: 173 - Loss: 74.32119221697458
Epoch: 174 - Loss: 74.29673336199015
Epoch: 175 - Loss: 74.27129195781853
Epoch: 176 - Loss: 74.24505675414456
Epoch: 177 - Loss: 74.21838171779235
Epoch: 178 - Loss: 74.19154636819825
Epoch: 179 - Loss: 74.16478808578466
Epoch: 180 - Loss: 74.13818712609395
Epoch: 181 - Loss: 74.11172900676398
Epoch: 182 - Loss: 74.08530253628662
Epoch: 183 - Loss: 74.05875056443743
Epoch: 184 - Loss: 74.03191594489698
Epoch: 185 - Loss: 74.00464796443119
Epoch: 186 - Loss: 73.9768551878867
Epoch: 187 - Loss: 73.94846759049639
Epoch: 188 - Loss: 73.91948098966863
Epoch: 189 - Loss: 73.88989972360818
Epoch: 190 - Loss: 73.85976470354079
Epoch: 191 - Loss: 73.82910176251713
Epoch: 192 - Loss: 73.79793683782738
Epoch: 193 - Loss: 73.76626648071282
Epoch: 194 - Loss: 73.73406424510497
Epoch: 195 - Loss: 73.70127845900385
Epoch: 196 - Loss: 73.66783234975372
Epoch: 197 - Loss: 73.63364242176179
Epoch: 198 - Loss: 73.59861299551318
Epoch: 199 - Loss: 73.56265825391716
Epoch: 200 - Loss: 73.52569171065593
Epoch: 201 - Loss: 73.48763945126275
Epoch: 202 - Loss: 73.44842746615224
Epoch: 203 - Loss: 73.407982062208
Epoch: 204 - Loss: 73.36622219583107
Epoch: 205 - Loss: 73.32305189368385
Epoch: 206 - Loss: 73.27836018413666
Epoch: 207 - Loss: 73.23201294465404
Epoch: 208 - Loss: 73.1838570523319
Epoch: 209 - Loss: 73.13371473620866
Epoch: 210 - Loss: 73.0813873132746
Epoch: 211 - Loss: 73.02665211950007
Epoch: 212 - Loss: 72.96926072108066
Epoch: 213 - Loss: 72.90893758348444
Epoch: 214 - Loss: 72.84537264992767
Epoch: 215 - Loss: 72.77821851630694
Epoch: 216 - Loss: 72.70708029202373
Epoch: 217 - Loss: 72.63150955286054
Epoch: 218 - Loss: 72.55099387695053
Epoch: 219 - Loss: 72.4649478060398
Epoch: 220 - Loss: 72.37270358839295
Epoch: 221 - Loss: 72.2735016730081
Epoch: 222 - Loss: 72.16648629195112
Epoch: 223 - Loss: 72.05070417351143
Epoch: 224 - Loss: 71.9251184506935
Epoch: 225 - Loss: 71.78864614407198
Epoch: 226 - Loss: 71.64024426497444
Epoch: 227 - Loss: 71.47908389238891
Epoch: 228 - Loss: 71.30489344439164
Epoch: 229 - Loss: 71.11861591367195
Epoch: 230 - Loss: 70.92364427243562
Epoch: 231 - Loss: 70.72806018791029
Epoch: 232 - Loss: 70.54849226623844
Epoch: 233 - Loss: 70.4155969145719
Epoch: 234 - Loss: 69.30150028461664
Epoch: 235 - Loss: 67.57562817816942
Epoch: 236 - Loss: 65.63942932732348
Epoch: 237 - Loss: 63.70296336375999
Epoch: 238 - Loss: 62.05008786546399
Epoch: 239 - Loss: 61.07115261087579
Epoch: 240 - Loss: 58.3473737992297
Epoch: 241 - Loss: 55.1106322199876
Epoch: 242 - Loss: 54.109398063270795
Epoch: 243 - Loss: 54.11370423924388
Epoch: 244 - Loss: 54.46780571839005
Epoch: 245 - Loss: 54.786489876039965
Epoch: 246 - Loss: 54.450679018863
Epoch: 247 - Loss: 54.41446157170893
Epoch: 248 - Loss: 54.64335072203358
Epoch: 249 - Loss: 55.11320662243224
Epoch: 250 - Loss: 55.769818285122064
Epoch: 251 - Loss: 56.21067339342996
Epoch: 252 - Loss: 57.436191914338046
Epoch: 253 - Loss: 58.81394540621338
Epoch: 254 - Loss: 60.09233519558073
Epoch: 255 - Loss: 59.6066770481337
Epoch: 256 - Loss: 61.28350188182215
Epoch: 257 - Loss: 65.67269459701738
Epoch: 258 - Loss: 62.263546958130696
Epoch: 259 - Loss: 64.87262584857989
Epoch: 260 - Loss: 65.93330730970739
Epoch: 261 - Loss: 65.62747993583459
Epoch: 262 - Loss: 63.922599472534955
Epoch: 263 - Loss: 62.21063602487929
Epoch: 264 - Loss: 62.98038015546147
Epoch: 265 - Loss: 63.18850955911258
Epoch: 266 - Loss: 61.961526358897444
Epoch: 267 - Loss: 62.81116402713396
Epoch: 268 - Loss: 63.1196363431378
Epoch: 269 - Loss: 63.18448644592105
Epoch: 270 - Loss: 62.94292565073058
Epoch: 271 - Loss: 62.409061498346205
Epoch: 272 - Loss: 62.104900563377925
Epoch: 273 - Loss: 62.63523247705719
Epoch: 274 - Loss: 62.11964230210485
Epoch: 275 - Loss: 62.06730927837679
Epoch: 276 - Loss: 62.39609177664409
Epoch: 277 - Loss: 62.397967233303426
Epoch: 278 - Loss: 62.27501096843819
Epoch: 279 - Loss: 62.09126436081129
Epoch: 280 - Loss: 62.00350887124693
Epoch: 281 - Loss: 62.320747191204596
Epoch: 282 - Loss: 62.0132149943151
Epoch: 283 - Loss: 62.007495571949576
Epoch: 284 - Loss: 62.031758624556595
Epoch: 285 - Loss: 62.09370612141723
Epoch: 286 - Loss: 62.02569750178505
Epoch: 287 - Loss: 61.89753266846293
Epoch: 288 - Loss: 61.8865063773505
Epoch: 289 - Loss: 61.93023406822228
Epoch: 290 - Loss: 61.90736156598291
Epoch: 291 - Loss: 61.80087497253235
Epoch: 292 - Loss: 61.828422681626726
Epoch: 293 - Loss: 61.83417473520755
Epoch: 294 - Loss: 61.81422206507624
Epoch: 295 - Loss: 61.75703937898151
Epoch: 296 - Loss: 61.709857136621004
Epoch: 297 - Loss: 61.73272931326418
Epoch: 298 - Loss: 61.70409019514334
Epoch: 299 - Loss: 61.659346228013845
Epoch: 300 - Loss: 61.626027083525635
Epoch: 1 - Loss: 187.74602548178052
Epoch: 2 - Loss: 187.13299827310237
Epoch: 3 - Loss: 186.72751809704218
Epoch: 4 - Loss: 186.27989975789424
Epoch: 5 - Loss: 185.563020390541
Epoch: 6 - Loss: 188.2186489349062
Epoch: 7 - Loss: 179.6891449752243
Epoch: 8 - Loss: 177.69370527080554
Epoch: 9 - Loss: 170.31252715434297
Epoch: 10 - Loss: 172.10188165837857
Epoch: 11 - Loss: 173.22812661128916
Epoch: 12 - Loss: 173.96867638478324
Epoch: 13 - Loss: 174.45094417021582
Epoch: 14 - Loss: 174.81809208151915
Epoch: 15 - Loss: 175.08868994049269
Epoch: 16 - Loss: 175.27975806256458
Epoch: 17 - Loss: 175.4062467053385
Epoch: 18 - Loss: 175.47027345514914
Epoch: 19 - Loss: 175.48460251875508
Epoch: 20 - Loss: 175.4662358675028
Epoch: 21 - Loss: 175.42167079862747
Epoch: 22 - Loss: 175.35288465386427
Epoch: 23 - Loss: 175.26072453389003
Epoch: 24 - Loss: 175.14629016277996
Epoch: 25 - Loss: 175.01113015817208
Epoch: 26 - Loss: 174.85708947981874
Epoch: 27 - Loss: 174.6861485986849
Epoch: 28 - Loss: 174.50033723019018
Epoch: 29 - Loss: 174.30169945794296
Epoch: 30 - Loss: 174.0922439892534
Epoch: 31 - Loss: 173.87380474817544
Epoch: 32 - Loss: 173.64773846252558
Epoch: 33 - Loss: 173.4145054659626
Epoch: 34 - Loss: 173.1734982524863
Epoch: 35 - Loss: 172.92367246116297
Epoch: 36 - Loss: 172.66473663660605
Epoch: 37 - Loss: 172.39765468556135
Epoch: 38 - Loss: 172.123973101934
Epoch: 39 - Loss: 171.84487053051492
Epoch: 40 - Loss: 171.56078716904057
Epoch: 41 - Loss: 171.27161329044557
Epoch: 42 - Loss: 170.9770386297483
Epoch: 43 - Loss: 170.67680614141838
Epoch: 44 - Loss: 170.37082776720388
Epoch: 45 - Loss: 170.05918074447212
Epoch: 46 - Loss: 169.6891073125157
Epoch: 47 - Loss: 169.3047866903977
Epoch: 48 - Loss: 168.90952821079705
Epoch: 49 - Loss: 168.50355140298532
Epoch: 50 - Loss: 168.0863927011271
Epoch: 51 - Loss: 167.64780380352298
Epoch: 52 - Loss: 167.186260897065
Epoch: 53 - Loss: 166.70512013146302
Epoch: 54 - Loss: 166.20077966221112
Epoch: 55 - Loss: 165.66827399188224
Epoch: 56 - Loss: 165.10113677039584
Epoch: 57 - Loss: 164.49278537056767
Epoch: 58 - Loss: 163.84458727208437
Epoch: 59 - Loss: 163.204593410184
Epoch: 60 - Loss: 162.9839868739406
Epoch: 61 - Loss: 164.17159073176123
Epoch: 62 - Loss: 163.34038348698112
Epoch: 63 - Loss: 162.3752225951762
Epoch: 64 - Loss: 162.2997050942311
Epoch: 65 - Loss: 162.33171302815776
Epoch: 66 - Loss: 162.32212712819015
Epoch: 67 - Loss: 162.25038979332345
Epoch: 68 - Loss: 162.11727110630505
Epoch: 69 - Loss: 161.92809145723294
Epoch: 70 - Loss: 161.68877127914251
Epoch: 71 - Loss: 161.40535218193594
Epoch: 72 - Loss: 161.08490272129748
Epoch: 73 - Loss: 160.737763896947
Epoch: 74 - Loss: 160.38189387847765
Epoch: 75 - Loss: 160.04987225407442
Epoch: 76 - Loss: 159.85645670931856
Epoch: 77 - Loss: 159.8287530458858
Epoch: 78 - Loss: 159.6021410030581
Epoch: 79 - Loss: 159.1489953433118
Epoch: 80 - Loss: 158.76687753248368
Epoch: 81 - Loss: 158.49165985870303
Epoch: 82 - Loss: 158.1744293474782
Epoch: 83 - Loss: 157.75752814454341
Epoch: 84 - Loss: 157.1953400631364
Epoch: 85 - Loss: 156.5541324454477
Epoch: 86 - Loss: 149.64734108322716
Epoch: 87 - Loss: 143.27803048527448
Epoch: 88 - Loss: 117.83791368832553
Epoch: 89 - Loss: 115.27231378762635
Epoch: 90 - Loss: 113.11590535924925
Epoch: 91 - Loss: 112.27476420104941
Epoch: 92 - Loss: 111.69452702164152
Epoch: 93 - Loss: 111.19800397041206
Epoch: 94 - Loss: 110.75425855354557
Epoch: 95 - Loss: 110.21629935940383
Epoch: 96 - Loss: 109.34985028705991
Epoch: 97 - Loss: 107.55550674978208
Epoch: 98 - Loss: 104.83032584838362
Epoch: 99 - Loss: 113.43165591880845
Epoch: 100 - Loss: 110.74669762234657
Epoch: 101 - Loss: 111.94991099279635
Epoch: 102 - Loss: 111.31861055669265
Epoch: 103 - Loss: 111.42670650035538
Epoch: 104 - Loss: 111.64710022507178
Epoch: 105 - Loss: 111.63693588868732
Epoch: 106 - Loss: 111.49879035392242
Epoch: 107 - Loss: 111.23602791959206
Epoch: 108 - Loss: 110.9172199629204
Epoch: 109 - Loss: 110.64181825129377
Epoch: 110 - Loss: 110.51368100259704
Epoch: 111 - Loss: 110.54548440163427
Epoch: 112 - Loss: 110.54095513792066
Epoch: 113 - Loss: 110.25250772674792
Epoch: 114 - Loss: 109.74266963074189
Epoch: 115 - Loss: 109.26857926604065
Epoch: 116 - Loss: 108.95742968580352
Epoch: 117 - Loss: 108.76410435788081
Epoch: 118 - Loss: 108.56456736013907
Epoch: 119 - Loss: 108.26601441926793
Epoch: 120 - Loss: 107.86512935799905
Epoch: 121 - Loss: 107.42764334407059
Epoch: 122 - Loss: 107.17434471022992
Epoch: 123 - Loss: 107.00031440919017
Epoch: 124 - Loss: 106.56916284153878
Epoch: 125 - Loss: 106.36414177422972
Epoch: 126 - Loss: 106.72389501888217
Epoch: 127 - Loss: 106.75421242658135
Epoch: 128 - Loss: 106.18427138099564
Epoch: 129 - Loss: 105.87033178716824
Epoch: 130 - Loss: 105.8389195860572
Epoch: 131 - Loss: 105.65733295091486
Epoch: 132 - Loss: 105.42606522059897
Epoch: 133 - Loss: 105.34026556571598
Epoch: 134 - Loss: 105.30832780637661
Epoch: 135 - Loss: 105.24306668799316
Epoch: 136 - Loss: 105.12905948937248
Epoch: 137 - Loss: 104.95910127145864
Epoch: 138 - Loss: 104.73642313291803
Epoch: 139 - Loss: 104.51755510160055
Epoch: 140 - Loss: 104.39439604016368
Epoch: 141 - Loss: 104.25592949428611
Epoch: 142 - Loss: 103.98475134269172
Epoch: 143 - Loss: 103.69695946966652
Epoch: 144 - Loss: 103.4441007896434
Epoch: 145 - Loss: 103.10322396776742
Epoch: 146 - Loss: 102.68331348839037
Epoch: 147 - Loss: 102.3208161178079
Epoch: 148 - Loss: 102.03260606227262
Epoch: 149 - Loss: 101.72783037630424
Epoch: 150 - Loss: 101.37012742744541
Epoch: 151 - Loss: 100.94865599564437
Epoch: 152 - Loss: 100.39832729099227
Epoch: 153 - Loss: 99.65049340890326
Epoch: 154 - Loss: 98.72536413395154
Epoch: 155 - Loss: 97.805624886443
Epoch: 156 - Loss: 97.25317540178018
Epoch: 157 - Loss: 96.33608098382814
Epoch: 158 - Loss: 94.88155248393963
Epoch: 159 - Loss: 93.82717969576403
Epoch: 160 - Loss: 92.88234721120035
Epoch: 161 - Loss: 91.27740252906969
Epoch: 162 - Loss: 88.4557277140112
Epoch: 163 - Loss: 76.59641587725494
Epoch: 164 - Loss: 70.46244159715077
Epoch: 165 - Loss: 69.30578119568789
Epoch: 166 - Loss: 70.60592247761362
Epoch: 167 - Loss: 71.74418334126048
Epoch: 168 - Loss: 72.57476879856802
Epoch: 169 - Loss: 73.16715616758866
Epoch: 170 - Loss: 73.58395664903799
Epoch: 171 - Loss: 73.85869449755809
Epoch: 172 - Loss: 74.02791743412115
Epoch: 173 - Loss: 74.12370764739343
Epoch: 174 - Loss: 74.15637709475432
Epoch: 175 - Loss: 74.13992910311404
Epoch: 176 - Loss: 74.09327318068969
Epoch: 177 - Loss: 74.01851275515206
Epoch: 178 - Loss: 73.91806423277914
Epoch: 179 - Loss: 73.79989217393214
Epoch: 180 - Loss: 73.64801647593848
Epoch: 181 - Loss: 73.37321954056459
Epoch: 182 - Loss: 73.04522092983322
Epoch: 183 - Loss: 72.67760750936215
Epoch: 184 - Loss: 72.27611588207104
Epoch: 185 - Loss: 71.84788932766814
Epoch: 186 - Loss: 71.39134731529643
Epoch: 187 - Loss: 70.90328162094471
Epoch: 188 - Loss: 70.38199975760898
Epoch: 189 - Loss: 69.81832904139046
Epoch: 190 - Loss: 69.20308695780696
Epoch: 191 - Loss: 68.52569034220556
Epoch: 192 - Loss: 67.76798690231722
Epoch: 193 - Loss: 66.91165454803253
Epoch: 194 - Loss: 65.93722514389222
Epoch: 195 - Loss: 64.841167096037
Epoch: 196 - Loss: 63.71249945428188
Epoch: 197 - Loss: 62.99848989866042
Epoch: 198 - Loss: 64.032170129476
Epoch: 199 - Loss: 65.02208572490106
Epoch: 200 - Loss: 62.86312879097285
Epoch: 201 - Loss: 62.150650992734846
Epoch: 202 - Loss: 62.286583319593625
Epoch: 203 - Loss: 62.5362770643853
Epoch: 204 - Loss: 62.6882557355878
Epoch: 205 - Loss: 62.70433304330768
Epoch: 206 - Loss: 62.59071855387825
Epoch: 207 - Loss: 62.36166280058727
Epoch: 208 - Loss: 62.03977320002605
Epoch: 209 - Loss: 61.68961365129498
Epoch: 210 - Loss: 61.417279757703916
Epoch: 211 - Loss: 61.34903289790827
Epoch: 212 - Loss: 61.615633696042664
Epoch: 213 - Loss: 61.83375810720346
Epoch: 214 - Loss: 61.515957276852966
Epoch: 215 - Loss: 61.11889452776665
Epoch: 216 - Loss: 60.9759666861405
Epoch: 217 - Loss: 61.003282112234345
Epoch: 218 - Loss: 61.07760402390476
Epoch: 219 - Loss: 61.093512514235336
Epoch: 220 - Loss: 61.030648967237084
Epoch: 221 - Loss: 60.903776150870435
Epoch: 222 - Loss: 60.75750455334235
Epoch: 223 - Loss: 60.66132608046954
Epoch: 224 - Loss: 60.673013258098294
Epoch: 225 - Loss: 60.75044386706072
Epoch: 226 - Loss: 60.74878504086586
Epoch: 227 - Loss: 60.638905698540235
Epoch: 228 - Loss: 60.542636070160206
Epoch: 229 - Loss: 60.51945062798306
Epoch: 230 - Loss: 60.53462205414179
Epoch: 231 - Loss: 60.53884812226164
Epoch: 232 - Loss: 60.50813979305705
Epoch: 233 - Loss: 60.44731764282764
Epoch: 234 - Loss: 60.38183084270017
Epoch: 235 - Loss: 60.342235179671036
Epoch: 236 - Loss: 60.33861414521667
Epoch: 237 - Loss: 60.34352112366144
Epoch: 238 - Loss: 60.32125090754762
Epoch: 239 - Loss: 60.2769483924919
Epoch: 240 - Loss: 60.24251423719985
Epoch: 241 - Loss: 60.23084051691323
Epoch: 242 - Loss: 60.2299561154071
Epoch: 243 - Loss: 60.22330194139426
Epoch: 244 - Loss: 60.21282534735234
Epoch: 245 - Loss: 60.18070788117089
Epoch: 246 - Loss: 60.14969131039649
Epoch: 247 - Loss: 60.13456696310214
Epoch: 248 - Loss: 60.12768232511551
Epoch: 249 - Loss: 60.1184750960417
Epoch: 250 - Loss: 60.10137197194328
Epoch: 251 - Loss: 60.08181166856733
Epoch: 252 - Loss: 60.06736139402446
Epoch: 253 - Loss: 60.058658384207114
Epoch: 254 - Loss: 60.05073132588615
Epoch: 255 - Loss: 60.03921952723337
Epoch: 256 - Loss: 60.02408069225451
Epoch: 257 - Loss: 60.008758213569685
Epoch: 258 - Loss: 59.99646264822633
Epoch: 259 - Loss: 59.98694385327602
Epoch: 260 - Loss: 59.977062579947685
Epoch: 261 - Loss: 59.96473102236396
Epoch: 262 - Loss: 59.95125642681678
Epoch: 263 - Loss: 59.93924937564508
Epoch: 264 - Loss: 59.92949737908266
Epoch: 265 - Loss: 59.920630652246246
Epoch: 266 - Loss: 59.91103874158328
Epoch: 267 - Loss: 59.900476853616986
Epoch: 268 - Loss: 59.890006988245965
Epoch: 269 - Loss: 59.88069647764692
Epoch: 270 - Loss: 59.87247507600177
Epoch: 271 - Loss: 59.86431479137363
Epoch: 272 - Loss: 59.85546426243294
Epoch: 273 - Loss: 59.84621964782101
Epoch: 274 - Loss: 59.837381547844466
Epoch: 275 - Loss: 59.829267762415256
Epoch: 276 - Loss: 59.8214813369399
Epoch: 277 - Loss: 59.81348167809752
Epoch: 278 - Loss: 59.80517046720266
Epoch: 279 - Loss: 59.79691330279882
Epoch: 280 - Loss: 59.78908720390784
Epoch: 281 - Loss: 59.78168244343389
Epoch: 282 - Loss: 59.77437222354513
Epoch: 283 - Loss: 59.76692218726037
Epoch: 284 - Loss: 59.759432475691796
Epoch: 285 - Loss: 59.75215866583062
Epoch: 286 - Loss: 59.74519230232101
Epoch: 287 - Loss: 59.73838648200811
Epoch: 288 - Loss: 59.73155250338245
Epoch: 289 - Loss: 59.72465971048341
Epoch: 290 - Loss: 59.7178305672797
Epoch: 291 - Loss: 59.71117520305993
Epoch: 292 - Loss: 59.70466759654755
Epoch: 293 - Loss: 59.69819230176709
Epoch: 294 - Loss: 59.69168518849778
Epoch: 295 - Loss: 59.68519384226394
Epoch: 296 - Loss: 59.678801796720165
Epoch: 297 - Loss: 59.672527371737274
Epoch: 298 - Loss: 59.666315081751975
Epoch: 299 - Loss: 59.66010943804767
Epoch: 300 - Loss: 59.65391376269432
Epoch: 1 - Loss: 191.31096062739744
Epoch: 2 - Loss: 184.3494830732588
Epoch: 3 - Loss: 182.27964989031653
Epoch: 4 - Loss: 172.27583935657032
Epoch: 5 - Loss: 181.47329683506806
Epoch: 6 - Loss: 183.61034972170683
Epoch: 7 - Loss: 184.383573176996
Epoch: 8 - Loss: 184.75290850750383
Epoch: 9 - Loss: 184.85792842050182
Epoch: 10 - Loss: 184.74703616463017
Epoch: 11 - Loss: 184.44744122687698
Epoch: 12 - Loss: 183.97701717410823
Epoch: 13 - Loss: 183.35381545393295
Epoch: 14 - Loss: 182.74354511906657
Epoch: 15 - Loss: 182.26164530065464
Epoch: 16 - Loss: 181.18490612669245
Epoch: 17 - Loss: 180.15944907011016
Epoch: 18 - Loss: 179.122210962108
Epoch: 19 - Loss: 178.01812653455386
Epoch: 20 - Loss: 176.79432915104806
Epoch: 21 - Loss: 175.39884135100075
Epoch: 22 - Loss: 173.62009522014435
Epoch: 23 - Loss: 170.56876595439255
Epoch: 24 - Loss: 165.37271452018703
Epoch: 25 - Loss: 172.41820897251486
Epoch: 26 - Loss: 164.62784975996752
Epoch: 27 - Loss: 167.71479167434848
Epoch: 28 - Loss: 169.14553856407844
Epoch: 29 - Loss: 165.03233336943467
Epoch: 30 - Loss: 159.43460170942114
Epoch: 31 - Loss: 145.9419816512461
Epoch: 32 - Loss: 131.1501527909623
Epoch: 33 - Loss: 126.64171153354272
Epoch: 34 - Loss: 122.42258922247287
Epoch: 35 - Loss: 122.99008162748152
Epoch: 36 - Loss: 128.41082214717446
Epoch: 37 - Loss: 128.71416459528976
Epoch: 38 - Loss: 127.28546508622603
Epoch: 39 - Loss: 124.6492796450885
Epoch: 40 - Loss: 120.21878888700151
Epoch: 41 - Loss: 122.98512887429409
Epoch: 42 - Loss: 130.7328503523171
Epoch: 43 - Loss: 114.77936698238189
Epoch: 44 - Loss: 114.09916202686524
Epoch: 45 - Loss: 111.48051413268942
Epoch: 46 - Loss: 112.15927088332234
Epoch: 47 - Loss: 108.11905912748001
Epoch: 48 - Loss: 110.60223891669375
Epoch: 49 - Loss: 110.29191644496359
Epoch: 50 - Loss: 107.77748249723133
Epoch: 51 - Loss: 95.07822757817942
Epoch: 52 - Loss: 84.89663563489262
Epoch: 53 - Loss: 86.1457854534053
Epoch: 54 - Loss: 87.91369695859663
Epoch: 55 - Loss: 89.05184398858475
Epoch: 56 - Loss: 89.73394769680864
Epoch: 57 - Loss: 90.10002215679125
Epoch: 58 - Loss: 90.23744150237036
Epoch: 59 - Loss: 90.20197977700207
Epoch: 60 - Loss: 90.02347549454424
Epoch: 61 - Loss: 89.70150440709105
Epoch: 62 - Loss: 89.23069490058224
Epoch: 63 - Loss: 88.61843516373429
Epoch: 64 - Loss: 87.85164110928335
Epoch: 65 - Loss: 86.88639754473819
Epoch: 66 - Loss: 85.64349399324371
Epoch: 67 - Loss: 83.97495167360606
Epoch: 68 - Loss: 81.57544590689969
Epoch: 69 - Loss: 77.96515342311821
Epoch: 70 - Loss: 79.02666474595527
Epoch: 71 - Loss: 78.12892855573436
Epoch: 72 - Loss: 74.386847012931
Epoch: 73 - Loss: 74.67289651554088
Epoch: 74 - Loss: 74.57522125817648
Epoch: 75 - Loss: 73.69458164569792
Epoch: 76 - Loss: 72.26481597625967
Epoch: 77 - Loss: 70.58193852200006
Epoch: 78 - Loss: 69.82711204854117
Epoch: 79 - Loss: 73.52944718630397
Epoch: 80 - Loss: 72.90377037340377
Epoch: 81 - Loss: 70.29071840155574
Epoch: 82 - Loss: 69.00950011174244
Epoch: 83 - Loss: 70.07839744856328
Epoch: 84 - Loss: 70.94954722815609
Epoch: 85 - Loss: 71.10860264817975
Epoch: 86 - Loss: 70.60786343848854
Epoch: 87 - Loss: 69.83272488132977
Epoch: 88 - Loss: 70.58677998150489
Epoch: 89 - Loss: 69.5856884217512
Epoch: 90 - Loss: 69.28996273509891
Epoch: 91 - Loss: 69.34192360971568
Epoch: 92 - Loss: 69.06908324552685
Epoch: 93 - Loss: 68.5587952234104
Epoch: 94 - Loss: 68.37378293521866
Epoch: 95 - Loss: 68.95897671985716
Epoch: 96 - Loss: 68.70134095331183
Epoch: 97 - Loss: 68.68511080223247
Epoch: 98 - Loss: 68.58005369684861
Epoch: 99 - Loss: 68.27364114220437
Epoch: 100 - Loss: 67.97154028008633
Epoch: 101 - Loss: 68.02677682033807
Epoch: 102 - Loss: 68.08230710924336
Epoch: 103 - Loss: 67.86763426970789
Epoch: 104 - Loss: 67.87185706995153
Epoch: 105 - Loss: 67.79204654923049
Epoch: 106 - Loss: 67.52682753683106
Epoch: 107 - Loss: 67.28258555789107
Epoch: 108 - Loss: 67.1999575024948
Epoch: 109 - Loss: 66.98694944712182
Epoch: 110 - Loss: 66.8965641227373
Epoch: 111 - Loss: 66.92576563501729
Epoch: 112 - Loss: 66.84641714197632
Epoch: 113 - Loss: 66.67929448196439
Epoch: 114 - Loss: 66.61877270538288
Epoch: 115 - Loss: 66.59388240357482
Epoch: 116 - Loss: 66.58303087471606
Epoch: 117 - Loss: 66.64830072725408
Epoch: 118 - Loss: 66.65866973360208
Epoch: 119 - Loss: 66.58228233542594
Epoch: 120 - Loss: 66.50224464378215
Epoch: 121 - Loss: 66.40655303122632
Epoch: 122 - Loss: 66.28271155995165
Epoch: 123 - Loss: 66.23621649911388
Epoch: 124 - Loss: 66.23347011036243
Epoch: 125 - Loss: 66.20862535340622
Epoch: 126 - Loss: 66.16931656966665
Epoch: 127 - Loss: 66.12285606338222
Epoch: 128 - Loss: 66.06258784105763
Epoch: 129 - Loss: 66.0337004844598
Epoch: 130 - Loss: 66.01444900780218
Epoch: 131 - Loss: 65.9670057572753
Epoch: 132 - Loss: 65.90743908316429
Epoch: 133 - Loss: 65.84667889553728
Epoch: 134 - Loss: 65.78230518765956
Epoch: 135 - Loss: 65.79003017932781
Epoch: 136 - Loss: 65.72305518325975
Epoch: 137 - Loss: 65.667141671661
Epoch: 138 - Loss: 65.62342774305084
Epoch: 139 - Loss: 65.590202353997
Epoch: 140 - Loss: 65.54923005665029
Epoch: 141 - Loss: 65.50654023683445
Epoch: 142 - Loss: 65.46425462880627
Epoch: 143 - Loss: 65.4184592384009
Epoch: 144 - Loss: 65.3779430109047
Epoch: 145 - Loss: 65.34205923632926
Epoch: 146 - Loss: 65.30036890054917
Epoch: 147 - Loss: 65.25731004252306
Epoch: 148 - Loss: 65.21544472735653
Epoch: 149 - Loss: 65.172760318609
Epoch: 150 - Loss: 65.13233184429443
Epoch: 151 - Loss: 65.09189950358773
Epoch: 152 - Loss: 65.04781340511053
Epoch: 153 - Loss: 65.00486742558715
Epoch: 154 - Loss: 64.96373638869589
Epoch: 155 - Loss: 64.9221379858151
Epoch: 156 - Loss: 64.88066651674905
Epoch: 157 - Loss: 64.83783327916832
Epoch: 158 - Loss: 64.79384441717787
Epoch: 159 - Loss: 64.75168762613492
Epoch: 160 - Loss: 64.70979996221212
Epoch: 161 - Loss: 64.66672223115789
Epoch: 162 - Loss: 64.62365641282227
Epoch: 163 - Loss: 64.58035893580225
Epoch: 164 - Loss: 64.53716578295574
Epoch: 165 - Loss: 64.49435064240257
Epoch: 166 - Loss: 64.45047630531107
Epoch: 167 - Loss: 64.4061172813095
Epoch: 168 - Loss: 64.36235106127842
Epoch: 169 - Loss: 64.31838746955148
Epoch: 170 - Loss: 64.27402235156801
Epoch: 171 - Loss: 64.22921793419442
Epoch: 172 - Loss: 64.183854859454
Epoch: 173 - Loss: 64.138541343595
Epoch: 174 - Loss: 64.09296461926174
Epoch: 175 - Loss: 64.04658299358549
Epoch: 176 - Loss: 63.99987997946179
Epoch: 177 - Loss: 63.9528745410347
Epoch: 178 - Loss: 63.905274777400656
Epoch: 179 - Loss: 63.857033600066075
Epoch: 180 - Loss: 63.80798049817399
Epoch: 181 - Loss: 63.75830313133459
Epoch: 182 - Loss: 63.70803901246239
Epoch: 183 - Loss: 63.65675547568917
Epoch: 184 - Loss: 63.6044583257972
Epoch: 185 - Loss: 63.5512313440653
Epoch: 186 - Loss: 63.49685289736694
Epoch: 187 - Loss: 63.441218769630964
Epoch: 188 - Loss: 63.38423376623186
Epoch: 189 - Loss: 63.325865267547904
Epoch: 190 - Loss: 63.26606892549076
Epoch: 191 - Loss: 63.20458642780921
Epoch: 192 - Loss: 63.141334845498605
Epoch: 193 - Loss: 63.07625734653059
Epoch: 194 - Loss: 63.008964200176486
Epoch: 195 - Loss: 62.938964272737046
Epoch: 196 - Loss: 62.86572862377795
Epoch: 197 - Loss: 62.78878711097533
Epoch: 198 - Loss: 62.70794816975322
Epoch: 199 - Loss: 62.62320772723457
Epoch: 200 - Loss: 62.53469488922746
Epoch: 201 - Loss: 62.44267869623175
Epoch: 202 - Loss: 62.32708605407667
Epoch: 203 - Loss: 62.12269137567247
Epoch: 204 - Loss: 61.82119981424064
Epoch: 205 - Loss: 61.205908931132925
Epoch: 206 - Loss: 60.28402265460417
Epoch: 207 - Loss: 58.860284473682626
Epoch: 208 - Loss: 57.11038549445374
Epoch: 209 - Loss: 61.67097909372765
Epoch: 210 - Loss: 59.83996514887122
Epoch: 211 - Loss: 62.71159037074884
Epoch: 212 - Loss: 64.13913156580978
Epoch: 213 - Loss: 64.6545618786994
Epoch: 214 - Loss: 62.916477602874096
Epoch: 215 - Loss: 60.13601800999266
Epoch: 216 - Loss: 56.79618865375469
Epoch: 217 - Loss: 55.87435851377938
Epoch: 218 - Loss: 55.967295682900456
Epoch: 219 - Loss: 53.75769604373679
Epoch: 220 - Loss: 55.57789407381076
Epoch: 221 - Loss: 53.33912706497331
Epoch: 222 - Loss: 60.37569343121767
Epoch: 223 - Loss: 63.205896495272164
Epoch: 224 - Loss: 65.66118468065095
Epoch: 225 - Loss: 65.6266937913873
Epoch: 226 - Loss: 64.07412729382412
Epoch: 227 - Loss: 60.35511793925793
Epoch: 228 - Loss: 52.74830087587224
Epoch: 229 - Loss: 58.811734135130564
Epoch: 230 - Loss: 59.13194612953978
Epoch: 231 - Loss: 61.25243382459673
Epoch: 232 - Loss: 61.35699128031199
Epoch: 233 - Loss: 63.41161996879496
Epoch: 234 - Loss: 63.79952465487198
Epoch: 235 - Loss: 63.15242238511494
Epoch: 236 - Loss: 63.980729688759816
Epoch: 237 - Loss: 64.66386019048261
Epoch: 238 - Loss: 64.64708661933881
Epoch: 239 - Loss: 63.95565808024813
Epoch: 240 - Loss: 62.92618382906495
Epoch: 241 - Loss: 62.186837076343245
Epoch: 242 - Loss: 61.842560807847896
Epoch: 243 - Loss: 60.58592167197007
Epoch: 244 - Loss: 58.753583703467726
Epoch: 245 - Loss: 57.14717949190102
Epoch: 246 - Loss: 55.65071371760805
Epoch: 247 - Loss: 55.835534324618436
Epoch: 248 - Loss: 55.70428291938305
Epoch: 249 - Loss: 59.92804630986134
Epoch: 250 - Loss: 59.593923756270705
Epoch: 251 - Loss: 51.77536615290016
Epoch: 252 - Loss: 48.409799435701075
Epoch: 253 - Loss: 50.083924164691204
Epoch: 254 - Loss: 49.27725768941868
Epoch: 255 - Loss: 54.052445889528734
Epoch: 256 - Loss: 56.21964471277303
Epoch: 257 - Loss: 56.889287745888076
Epoch: 258 - Loss: 56.45062171773577
Epoch: 259 - Loss: 54.971631472597046
Epoch: 260 - Loss: 52.03876336623521
Epoch: 261 - Loss: 49.28906358981441
Epoch: 262 - Loss: 51.79105768555636
Epoch: 263 - Loss: 48.637883162352246
Epoch: 264 - Loss: 48.973034202412336
Epoch: 265 - Loss: 49.51790587402351
Epoch: 266 - Loss: 47.849623863783876
Epoch: 267 - Loss: 44.794708329659194
Epoch: 268 - Loss: 45.66559481850509
Epoch: 269 - Loss: 46.8414529327751
Epoch: 270 - Loss: 44.20691988579751
Epoch: 271 - Loss: 43.66223845767764
Epoch: 272 - Loss: 45.879042278530946
Epoch: 273 - Loss: 46.439918501997845
Epoch: 274 - Loss: 45.276190237181936
Epoch: 275 - Loss: 43.74113496541565
Epoch: 276 - Loss: 44.70210496167754
Epoch: 277 - Loss: 44.772671915490754
Epoch: 278 - Loss: 43.37875442178387
Epoch: 279 - Loss: 43.33243682928768
Epoch: 280 - Loss: 44.14348901083706
Epoch: 281 - Loss: 44.165601575800736
Epoch: 282 - Loss: 43.87390172649024
Epoch: 283 - Loss: 43.40834021102957
Epoch: 284 - Loss: 43.69645044006176
Epoch: 285 - Loss: 43.69652908789338
Epoch: 286 - Loss: 43.04327846347682
Epoch: 287 - Loss: 43.16831498947663
Epoch: 288 - Loss: 43.26902386651379
Epoch: 289 - Loss: 43.23410081494339
Epoch: 290 - Loss: 42.963485715529366
Epoch: 291 - Loss: 42.97344855601633
Epoch: 292 - Loss: 43.2191675645061
Epoch: 293 - Loss: 42.905455036778854
Epoch: 294 - Loss: 42.73628114792779
Epoch: 295 - Loss: 42.83903787547546
Epoch: 296 - Loss: 42.76763385207694
Epoch: 297 - Loss: 42.6637407207685
Epoch: 298 - Loss: 42.56168540186261
Epoch: 299 - Loss: 42.66569832178757
Epoch: 300 - Loss: 42.59429487815259
Epoch: 1 - Loss: 173.9215903485757
Epoch: 2 - Loss: 196.44689032085626
Epoch: 3 - Loss: 193.9462714143545
Epoch: 4 - Loss: 200.6314434706531
Epoch: 5 - Loss: 191.52339308772298
Epoch: 6 - Loss: 191.1534675521123
Epoch: 7 - Loss: 189.86637412135153
Epoch: 8 - Loss: 186.99905640600505
Epoch: 9 - Loss: 184.85701795634455
Epoch: 10 - Loss: 183.08564741758678
Epoch: 11 - Loss: 181.61700566460655
Epoch: 12 - Loss: 180.39461327679
Epoch: 13 - Loss: 178.90838531749768
Epoch: 14 - Loss: 177.48973859977895
Epoch: 15 - Loss: 176.08436076110368
Epoch: 16 - Loss: 174.83955714813325
Epoch: 17 - Loss: 174.19465667632792
Epoch: 18 - Loss: 173.6621183399058
Epoch: 19 - Loss: 173.84510173605904
Epoch: 20 - Loss: 163.21506901608092
Epoch: 21 - Loss: 148.9196524657612
Epoch: 22 - Loss: 146.28961239634597
Epoch: 23 - Loss: 148.44948988686915
Epoch: 24 - Loss: 150.3978000268605
Epoch: 25 - Loss: 150.27779775504698
Epoch: 26 - Loss: 138.4491276887396
Epoch: 27 - Loss: 140.6047984617627
NON-FINITE LOSS: retcode=Unstable npoints=6 expected=6
NON-FINITE LOSS: retcode=Unstable npoints=5 expected=6
Epoch: 28 - Loss: 1.0e6
NON-FINITE LOSS: retcode=Unstable npoints=6 expected=6
NON-FINITE LOSS: retcode=Unstable npoints=5 expected=6
Epoch: 29 - Loss: 1.0e6
NON-FINITE LOSS: retcode=Unstable npoints=6 expected=6
NON-FINITE LOSS: retcode=Unstable npoints=5 expected=6
Epoch: 30 - Loss: 1.0e6
NON-FINITE LOSS: retcode=Unstable npoints=6 expected=6
NON-FINITE LOSS: retcode=Unstable npoints=4 expected=6
Epoch: 31 - Loss: 1.0e6
NON-FINITE LOSS: retcode=Unstable npoints=6 expected=6
NON-FINITE LOSS: retcode=Unstable npoints=4 expected=6
Epoch: 32 - Loss: 1.0e6
NON-FINITE LOSS: retcode=Unstable npoints=6 expected=6
NON-FINITE LOSS: retcode=Unstable npoints=4 expected=6
Epoch: 33 - Loss: 1.0e6
Epoch: 1 - Loss: 195.71118175851484
Epoch: 2 - Loss: 195.0258123020545
Epoch: 3 - Loss: 194.31962339663372
Epoch: 4 - Loss: 193.59292798233497
Epoch: 5 - Loss: 192.84592771179166
Epoch: 6 - Loss: 192.07834036332295
Epoch: 7 - Loss: 191.28918042544424
Epoch: 8 - Loss: 190.4753116283628
Epoch: 9 - Loss: 189.6276895269129
Epoch: 10 - Loss: 188.72303968692177
Epoch: 11 - Loss: 187.70505873392804
Epoch: 12 - Loss: 186.43738140252503
Epoch: 13 - Loss: 184.28282219824453
Epoch: 14 - Loss: 181.1609780264908
Epoch: 15 - Loss: 175.9104282554126
Epoch: 16 - Loss: 188.0895422406199
Epoch: 17 - Loss: 182.45957759677054
Epoch: 18 - Loss: 175.21396652955733
Epoch: 19 - Loss: 177.49487229500622
Epoch: 20 - Loss: 179.08876011113807
Epoch: 21 - Loss: 180.1513085381395
Epoch: 22 - Loss: 180.80730826256442
Epoch: 23 - Loss: 181.26503081615408
Epoch: 24 - Loss: 181.57387500003153
Epoch: 25 - Loss: 181.7673655207184
Epoch: 26 - Loss: 181.868497385666
Epoch: 27 - Loss: 181.89315782992614
Epoch: 28 - Loss: 181.85229649614897
Epoch: 29 - Loss: 181.75331272949788
Epoch: 30 - Loss: 181.60093169851126
Epoch: 31 - Loss: 181.397756245345
Epoch: 32 - Loss: 181.1445979792423
Epoch: 33 - Loss: 180.84065384923798
Epoch: 34 - Loss: 180.4835692991851
Epoch: 35 - Loss: 180.06940762135224
Epoch: 36 - Loss: 179.59253964470787
Epoch: 37 - Loss: 179.0454435432732
Epoch: 38 - Loss: 178.37514180999398
Epoch: 39 - Loss: 177.4922518726216
Epoch: 40 - Loss: 176.47739451771375
Epoch: 41 - Loss: 175.30702514248884
Epoch: 42 - Loss: 173.94018122545654
Epoch: 43 - Loss: 172.49058913344342
Epoch: 44 - Loss: 179.8064497604766
Epoch: 45 - Loss: 187.89723380260176
Epoch: 46 - Loss: 184.08563707092802
Epoch: 47 - Loss: 173.6776314756179
Epoch: 48 - Loss: 174.09982796775046
Epoch: 49 - Loss: 176.23849528475344
Epoch: 50 - Loss: 177.83000026077622
Epoch: 51 - Loss: 178.77115583303404
Epoch: 52 - Loss: 179.45898792571475
Epoch: 53 - Loss: 179.96362268570113
Epoch: 54 - Loss: 180.33223366768604
Epoch: 55 - Loss: 180.59717179462444
Epoch: 56 - Loss: 180.78101265411516
Epoch: 57 - Loss: 180.89982426265394
Epoch: 58 - Loss: 180.96526052445316
Epoch: 59 - Loss: 180.98591841078485
Epoch: 60 - Loss: 180.96822581026686
Epoch: 61 - Loss: 180.9170316387298
Epoch: 62 - Loss: 180.83600033588746
Epoch: 63 - Loss: 180.72788490061532
Epoch: 64 - Loss: 180.59471293747777
Epoch: 65 - Loss: 180.43791477452876
Epoch: 66 - Loss: 180.25841141545814
Epoch: 67 - Loss: 180.05667247162518
Epoch: 68 - Loss: 179.83275054306566
Epoch: 69 - Loss: 179.58629936019315
Epoch: 70 - Loss: 179.31657722375627
Epoch: 71 - Loss: 179.02243171717674
Epoch: 72 - Loss: 178.7022798489699
Epoch: 73 - Loss: 178.35407000216046
Epoch: 74 - Loss: 177.97523355101723
Epoch: 75 - Loss: 177.5626222104876
Epoch: 76 - Loss: 177.11243371421924
Epoch: 77 - Loss: 176.6201183374856
Epoch: 78 - Loss: 176.08026973432376
Epoch: 79 - Loss: 175.38010672696714
Epoch: 80 - Loss: 174.59667889031235
Epoch: 81 - Loss: 173.73189551656432
Epoch: 82 - Loss: 172.77554231788937
Epoch: 83 - Loss: 171.7127957293295
Epoch: 84 - Loss: 170.5436254056127
Epoch: 85 - Loss: 169.61023385924338
Epoch: 86 - Loss: 177.1774202508278
Epoch: 87 - Loss: 181.797513103016
Epoch: 88 - Loss: 181.60648597086026
Epoch: 89 - Loss: 176.48872061563628
Epoch: 90 - Loss: 169.33590748308217
Epoch: 91 - Loss: 169.84254846493707
Epoch: 92 - Loss: 170.7388500981595
Epoch: 93 - Loss: 171.3835499550398
Epoch: 94 - Loss: 171.81121985007695
Epoch: 95 - Loss: 172.06118834679035
Epoch: 96 - Loss: 172.15030395774923
Epoch: 97 - Loss: 172.08937288656725
Epoch: 98 - Loss: 171.9043535877214
Epoch: 99 - Loss: 171.60296678411828
Epoch: 100 - Loss: 171.19054447967767
Epoch: 101 - Loss: 170.67098354172586
Epoch: 102 - Loss: 170.04813078198177
Epoch: 103 - Loss: 169.33515101059876
Epoch: 104 - Loss: 168.61927509684446
Epoch: 105 - Loss: 168.7139338980218
Epoch: 106 - Loss: 169.73868034661535
Epoch: 107 - Loss: 168.29996585252627
Epoch: 108 - Loss: 168.67875851450566
Epoch: 109 - Loss: 169.0290418335662
Epoch: 110 - Loss: 169.21865405822751
Epoch: 111 - Loss: 169.24615603264047
Epoch: 112 - Loss: 169.12578552099245
Epoch: 113 - Loss: 168.87337385520473
Epoch: 114 - Loss: 168.51055486259543
Epoch: 115 - Loss: 168.08851555936593
Epoch: 116 - Loss: 167.7774832514667
Epoch: 117 - Loss: 168.25569428910902
Epoch: 118 - Loss: 167.77485589524454
Epoch: 119 - Loss: 167.5967642003472
Epoch: 120 - Loss: 167.61083088911306
Epoch: 121 - Loss: 167.64079619416842
Epoch: 122 - Loss: 167.61052762410782
Epoch: 123 - Loss: 167.51039000654427
Epoch: 124 - Loss: 167.3693873501594
Epoch: 125 - Loss: 167.25268363437613
Epoch: 126 - Loss: 167.23332024231624
Epoch: 127 - Loss: 167.24740743489926
Epoch: 128 - Loss: 167.1345088786523
Epoch: 129 - Loss: 167.01195753651226
Epoch: 130 - Loss: 166.96487210495565
Epoch: 131 - Loss: 166.94074645306463
Epoch: 132 - Loss: 166.8921881260078
Epoch: 133 - Loss: 166.80936415164834
Epoch: 134 - Loss: 166.7124887334789
Epoch: 135 - Loss: 166.63755484949144
Epoch: 136 - Loss: 166.59858505355515
Epoch: 137 - Loss: 166.54897613684037
Epoch: 138 - Loss: 166.45929497183891
Epoch: 139 - Loss: 166.37509382553182
Epoch: 140 - Loss: 166.3126548354135
Epoch: 141 - Loss: 166.2530377457663
Epoch: 142 - Loss: 166.17870565654837
Epoch: 143 - Loss: 166.08997394403258
Epoch: 144 - Loss: 166.00142268317202
Epoch: 145 - Loss: 165.92592971456838
Epoch: 146 - Loss: 165.85526154810225
Epoch: 147 - Loss: 165.77045807065926
Epoch: 148 - Loss: 165.67631775220457
Epoch: 149 - Loss: 165.5886528137736
Epoch: 150 - Loss: 165.50669417865205
Epoch: 151 - Loss: 165.42062131290882
Epoch: 152 - Loss: 165.32625260216327
Epoch: 153 - Loss: 165.2281537163455
Epoch: 154 - Loss: 165.13306340295068
Epoch: 155 - Loss: 165.04039091513496
Epoch: 156 - Loss: 164.94265809151722
Epoch: 157 - Loss: 164.83821573913772
Epoch: 158 - Loss: 164.7329693260245
Epoch: 159 - Loss: 164.62907729727468
Epoch: 160 - Loss: 164.5229039101742
Epoch: 161 - Loss: 164.41143740263922
Epoch: 162 - Loss: 164.29577618470304
Epoch: 163 - Loss: 164.1788494765745
Epoch: 164 - Loss: 164.06090610690683
Epoch: 165 - Loss: 163.93901781877915
Epoch: 166 - Loss: 163.8118649046373
Epoch: 167 - Loss: 163.68142287345705
Epoch: 168 - Loss: 163.54893622434756
Epoch: 169 - Loss: 163.41313630348054
Epoch: 170 - Loss: 163.27266427683816
Epoch: 171 - Loss: 163.1280784308267
Epoch: 172 - Loss: 162.98108479959376
Epoch: 173 - Loss: 162.83261940245248
Epoch: 174 - Loss: 162.68288470761385
Epoch: 175 - Loss: 162.53363438207688
Epoch: 176 - Loss: 162.38933790713722
Epoch: 177 - Loss: 162.25630806230373
Epoch: 178 - Loss: 162.14259468617908
Epoch: 179 - Loss: 162.05797822000656
Epoch: 180 - Loss: 162.00634590655966
Epoch: 181 - Loss: 161.9655182063192
Epoch: 182 - Loss: 161.89577342973752
Epoch: 183 - Loss: 161.78813281066348
Epoch: 184 - Loss: 161.66168805009497
Epoch: 185 - Loss: 161.53634435948905
Epoch: 186 - Loss: 161.42197202282878
Epoch: 187 - Loss: 161.31969888012765
Epoch: 188 - Loss: 161.22658670953106
Epoch: 189 - Loss: 161.13905533811553
Epoch: 190 - Loss: 161.05410188790103
Epoch: 191 - Loss: 160.9690856843719
Epoch: 192 - Loss: 160.88202583787296
Epoch: 193 - Loss: 160.79293550224364
Epoch: 194 - Loss: 160.701773159647
Epoch: 195 - Loss: 160.60866595769937
Epoch: 196 - Loss: 160.5138294085342
Epoch: 197 - Loss: 160.41772478817094
Epoch: 198 - Loss: 160.32104805100485
Epoch: 199 - Loss: 160.22451784205765
Epoch: 200 - Loss: 160.12876227718027
Epoch: 201 - Loss: 160.0343913106243
Epoch: 202 - Loss: 159.94199828087213
Epoch: 203 - Loss: 159.8519556385334
Epoch: 204 - Loss: 159.7642336806749
Epoch: 205 - Loss: 159.67841762779247
Epoch: 206 - Loss: 159.5938381414183
Epoch: 207 - Loss: 159.5097225025647
Epoch: 208 - Loss: 159.42540366871842
Epoch: 209 - Loss: 159.34056987626977
Epoch: 210 - Loss: 159.25538798783347
Epoch: 211 - Loss: 159.1703677194164
Epoch: 212 - Loss: 159.08607845918445
Epoch: 213 - Loss: 159.0029358245813
Epoch: 214 - Loss: 158.92114877482408
Epoch: 215 - Loss: 158.8407236204067
Epoch: 216 - Loss: 158.76149426828246
Epoch: 217 - Loss: 158.68319413856727
Epoch: 218 - Loss: 158.6055655355214
Epoch: 219 - Loss: 158.52841040316136
Epoch: 220 - Loss: 158.45159703592702
Epoch: 221 - Loss: 158.37505399593496
Epoch: 222 - Loss: 158.2987774553129
Epoch: 223 - Loss: 158.22282470224602
Epoch: 224 - Loss: 158.1472790796907
Epoch: 225 - Loss: 158.07221051924373
Epoch: 226 - Loss: 157.99766328574754
Epoch: 227 - Loss: 157.92364241691607
Epoch: 228 - Loss: 157.8500917678087
Epoch: 229 - Loss: 157.7769019419355
Epoch: 230 - Loss: 157.70392434724468
Epoch: 231 - Loss: 157.6310128630531
Epoch: 232 - Loss: 157.55804560436997
Epoch: 233 - Loss: 157.48493100359346
Epoch: 234 - Loss: 157.41162049040324
Epoch: 235 - Loss: 157.33808910321997
Epoch: 236 - Loss: 157.26431110895018
Epoch: 237 - Loss: 157.1902357100958
Epoch: 238 - Loss: 157.11577591476188
Epoch: 239 - Loss: 157.04080898184418
Epoch: 240 - Loss: 156.96519258845044
Epoch: 241 - Loss: 156.88876537185664
Epoch: 242 - Loss: 156.81136317885614
Epoch: 243 - Loss: 156.7328292874916
Epoch: 244 - Loss: 156.65301394910804
Epoch: 245 - Loss: 156.57176807446172
Epoch: 246 - Loss: 156.4889416119047
Epoch: 247 - Loss: 156.40437423515763
Epoch: 248 - Loss: 156.31788598747747
Epoch: 249 - Loss: 156.2292739007185
Epoch: 250 - Loss: 156.13831273258722
Epoch: 251 - Loss: 156.04476020923477
Epoch: 252 - Loss: 155.9483645431521
Epoch: 253 - Loss: 155.84886909217892
Epoch: 254 - Loss: 155.7460209109127
Epoch: 255 - Loss: 155.63957292349144
Epoch: 256 - Loss: 155.52927994191592
Epoch: 257 - Loss: 155.41489813523134
Epoch: 258 - Loss: 155.29618869847266
Epoch: 259 - Loss: 155.17292519018
Epoch: 260 - Loss: 155.0449039177047
Epoch: 261 - Loss: 154.91195886870005
Epoch: 262 - Loss: 154.77397744030517
Epoch: 263 - Loss: 154.63091269945016
Epoch: 264 - Loss: 154.4827856132935
Epoch: 265 - Loss: 154.32967197695123
Epoch: 266 - Loss: 154.17167080109675
Epoch: 267 - Loss: 154.00882356846193
Epoch: 268 - Loss: 153.84101089256808
Epoch: 269 - Loss: 153.66787359091714
Epoch: 270 - Loss: 153.48900798207657
Epoch: 271 - Loss: 153.30517932898158
Epoch: 272 - Loss: 153.10998562827817
Epoch: 273 - Loss: 152.54889907312577
Epoch: 274 - Loss: 151.68032336946374
Epoch: 275 - Loss: 150.65527703549682
Epoch: 276 - Loss: 148.98586470840374
Epoch: 277 - Loss: 148.78853505100076
Epoch: 278 - Loss: 148.69690024085878
Epoch: 279 - Loss: 149.02478533031595
Epoch: 280 - Loss: 149.30654669017983
Epoch: 281 - Loss: 149.3707125357976
Epoch: 282 - Loss: 149.2950820557767
Epoch: 283 - Loss: 149.14848284601203
Epoch: 284 - Loss: 148.87865866795372
Epoch: 285 - Loss: 148.50298490658608
Epoch: 286 - Loss: 148.13193490707994
Epoch: 287 - Loss: 147.89174225222624
Epoch: 288 - Loss: 148.23202021917265
Epoch: 289 - Loss: 148.4682611930697
Epoch: 290 - Loss: 148.61413897058415
Epoch: 291 - Loss: 148.0435699985179
Epoch: 292 - Loss: 148.0765281503888
Epoch: 293 - Loss: 147.89014705924492
Epoch: 294 - Loss: 147.93344935043993
Epoch: 295 - Loss: 147.77854526366096
Epoch: 296 - Loss: 148.0651883307673
Epoch: 297 - Loss: 147.94306395778358
Epoch: 298 - Loss: 147.76080578813594
Epoch: 299 - Loss: 147.76963670530654
Epoch: 300 - Loss: 147.5685429429175
Epoch: 1 - Loss: 195.40662827977243
Epoch: 2 - Loss: 195.31706013694534
Epoch: 3 - Loss: 195.23363573643647
Epoch: 4 - Loss: 195.15584841423995
Epoch: 5 - Loss: 195.08298908601003
Epoch: 6 - Loss: 195.0141550272663
Epoch: 7 - Loss: 194.94829182861207
Epoch: 8 - Loss: 194.88436299650309
Epoch: 9 - Loss: 194.8214627890699
Epoch: 10 - Loss: 194.7589757494014
Epoch: 11 - Loss: 194.69668063991915
Epoch: 12 - Loss: 194.63456095320947
Epoch: 13 - Loss: 194.57273491406522
Epoch: 14 - Loss: 194.5114857631984
Epoch: 15 - Loss: 194.4510922856332
Epoch: 16 - Loss: 194.39180076331334
Epoch: 17 - Loss: 194.3337772659481
Epoch: 18 - Loss: 194.27708160379242
Epoch: 19 - Loss: 194.22165233045484
Epoch: 20 - Loss: 194.16732351229143
Epoch: 21 - Loss: 194.113830681251
Epoch: 22 - Loss: 194.06096643286463
Epoch: 23 - Loss: 194.00853762952502
Epoch: 24 - Loss: 193.9564702862338
Epoch: 25 - Loss: 193.90473532703777
Epoch: 26 - Loss: 193.8534529321826
Epoch: 27 - Loss: 193.80271914703312
Epoch: 28 - Loss: 193.752644214977
Epoch: 29 - Loss: 193.70325791737818
Epoch: 30 - Loss: 193.65457163247467
Epoch: 31 - Loss: 193.60653638094595
Epoch: 32 - Loss: 193.55905618967816
Epoch: 33 - Loss: 193.51205486944306
Epoch: 34 - Loss: 193.46543740565062
Epoch: 35 - Loss: 193.4191464553926
Epoch: 36 - Loss: 193.37315754043445
Epoch: 37 - Loss: 193.32748585784375
Epoch: 38 - Loss: 193.28213614349352
Epoch: 39 - Loss: 193.23714914982656
Epoch: 40 - Loss: 193.19254466626933
Epoch: 41 - Loss: 193.1483114317028
Epoch: 42 - Loss: 193.1044575817156
Epoch: 43 - Loss: 193.06094319987395
Epoch: 44 - Loss: 193.0177015045646
Epoch: 45 - Loss: 192.9747045842996
Epoch: 46 - Loss: 192.93191969583498
Epoch: 47 - Loss: 192.88933746499086
Epoch: 48 - Loss: 192.8469609589125
Epoch: 49 - Loss: 192.80479979804656
Epoch: 50 - Loss: 192.76286383570545
Epoch: 51 - Loss: 192.72115539951724
Epoch: 52 - Loss: 192.67966733589464
Epoch: 53 - Loss: 192.6383837628049
Epoch: 54 - Loss: 192.59728402558494
Epoch: 55 - Loss: 192.5563463260552
Epoch: 56 - Loss: 192.5155593054423
Epoch: 57 - Loss: 192.47491367589464
Epoch: 58 - Loss: 192.43440897053432
Epoch: 59 - Loss: 192.39404520149532
Epoch: 60 - Loss: 192.35382604234812
Epoch: 61 - Loss: 192.31374743245053
Epoch: 62 - Loss: 192.27381594528632
Epoch: 63 - Loss: 192.23401021705288
Epoch: 64 - Loss: 192.19432463855108
Epoch: 65 - Loss: 192.15474991539526
Epoch: 66 - Loss: 192.11527925929465
Epoch: 67 - Loss: 192.07590935374117
Epoch: 68 - Loss: 192.036639067753
Epoch: 69 - Loss: 191.99746922123174
Epoch: 70 - Loss: 191.95839942905533
Epoch: 71 - Loss: 191.91942778615982
Epoch: 72 - Loss: 191.8805499202007
Epoch: 73 - Loss: 191.84176084658336
Epoch: 74 - Loss: 191.80305590357673
Epoch: 75 - Loss: 191.76443095027503
Epoch: 76 - Loss: 191.72588330146732
Epoch: 77 - Loss: 191.6874115592698
Epoch: 78 - Loss: 191.6490153138526
Epoch: 79 - Loss: 191.6106935689695
Epoch: 80 - Loss: 191.5724426217221
Epoch: 81 - Loss: 191.53426395328674
Epoch: 82 - Loss: 191.49614187768898
Epoch: 83 - Loss: 191.45809638606494
Epoch: 84 - Loss: 191.42011324663278
Epoch: 85 - Loss: 191.38219102163993
Epoch: 86 - Loss: 191.3443294082072
Epoch: 87 - Loss: 191.30652631918088
Epoch: 88 - Loss: 191.26878156090493
Epoch: 89 - Loss: 191.23109430100902
Epoch: 90 - Loss: 191.19346173183595
Epoch: 91 - Loss: 191.15588293894288
Epoch: 92 - Loss: 191.118359198601
Epoch: 93 - Loss: 191.08088162299356
Epoch: 94 - Loss: 191.0434541875575
Epoch: 95 - Loss: 191.00607341857588
Epoch: 96 - Loss: 190.96873941282954
Epoch: 97 - Loss: 190.93145151787914
Epoch: 98 - Loss: 190.8942093873735
Epoch: 99 - Loss: 190.85700801712176
Epoch: 100 - Loss: 190.81985137374733
Epoch: 101 - Loss: 190.7827361887318
Epoch: 102 - Loss: 190.7456600038199
Epoch: 103 - Loss: 190.70862265922594
Epoch: 104 - Loss: 190.67162345552947
Epoch: 105 - Loss: 190.63466086854467
Epoch: 106 - Loss: 190.59773475199162
Epoch: 107 - Loss: 190.56084622218896
Epoch: 108 - Loss: 190.52398868022257
Epoch: 109 - Loss: 190.48716393235955
Epoch: 110 - Loss: 190.45037074721117
Epoch: 111 - Loss: 190.41360780664107
Epoch: 112 - Loss: 190.37687460766358
Epoch: 113 - Loss: 190.3401701926803
Epoch: 114 - Loss: 190.30349330001988
Epoch: 115 - Loss: 190.26685069231235
Epoch: 116 - Loss: 190.2302276154633
Epoch: 117 - Loss: 190.19362721241666
Epoch: 118 - Loss: 190.15705063332115
Epoch: 119 - Loss: 190.12049800052648
Epoch: 120 - Loss: 190.08396514807288
Epoch: 121 - Loss: 190.0474520273178
Epoch: 122 - Loss: 190.01095322165875
Epoch: 123 - Loss: 189.9744778848402
Epoch: 124 - Loss: 189.938019162273
Epoch: 125 - Loss: 189.9015772313904
Epoch: 126 - Loss: 189.8651501655745
Epoch: 127 - Loss: 189.82873645997086
Epoch: 128 - Loss: 189.79233758221466
Epoch: 129 - Loss: 189.7559485862822
Epoch: 130 - Loss: 189.71957125846598
Epoch: 131 - Loss: 189.68321092953835
Epoch: 132 - Loss: 189.646834512467
Epoch: 133 - Loss: 189.61048954393647
Epoch: 134 - Loss: 189.57414287760955
Epoch: 135 - Loss: 189.53780118006304
Epoch: 136 - Loss: 189.50146495491103
Epoch: 137 - Loss: 189.4651284250258
Epoch: 138 - Loss: 189.42879474817087
Epoch: 139 - Loss: 189.39246107382894
Epoch: 140 - Loss: 189.3561265259176
Epoch: 141 - Loss: 189.31979002090904
Epoch: 142 - Loss: 189.2834497085002
Epoch: 143 - Loss: 189.24711571302922
Epoch: 144 - Loss: 189.210764667049
Epoch: 145 - Loss: 189.17440647642078
Epoch: 146 - Loss: 189.13804009643147
Epoch: 147 - Loss: 189.1016635401399
Epoch: 148 - Loss: 189.0652720620795
Epoch: 149 - Loss: 189.0288720024208
Epoch: 150 - Loss: 188.99245753547908
Epoch: 151 - Loss: 188.95602947380232
Epoch: 152 - Loss: 188.91958138394247
Epoch: 153 - Loss: 188.88311604832018
Epoch: 154 - Loss: 188.8466344236329
Epoch: 155 - Loss: 188.8101285921632
Epoch: 156 - Loss: 188.77360005639613
Epoch: 157 - Loss: 188.73703812050462
Epoch: 158 - Loss: 188.70045929805028
Epoch: 159 - Loss: 188.66385290989868
Epoch: 160 - Loss: 188.6272182903362
Epoch: 161 - Loss: 188.59056217700194
Epoch: 162 - Loss: 188.55386459423156
Epoch: 163 - Loss: 188.5171327644145
Epoch: 164 - Loss: 188.48036516488258
Epoch: 165 - Loss: 188.44356033232273
Epoch: 166 - Loss: 188.40671218069866
Epoch: 167 - Loss: 188.3698269873926
Epoch: 168 - Loss: 188.33289904331485
Epoch: 169 - Loss: 188.29592621958392
Epoch: 170 - Loss: 188.25889922070846
Epoch: 171 - Loss: 188.2218310512241
Epoch: 172 - Loss: 188.18471284550242
Epoch: 173 - Loss: 188.14754189422442
Epoch: 174 - Loss: 188.1103165047217
Epoch: 175 - Loss: 188.07302758006455
Epoch: 176 - Loss: 188.0356946370336
Epoch: 177 - Loss: 187.9982924271657
Epoch: 178 - Loss: 187.96082667855674
Epoch: 179 - Loss: 187.9232949765886
Epoch: 180 - Loss: 187.88569557511218
Epoch: 181 - Loss: 187.84803550361102
Epoch: 182 - Loss: 187.81029478770128
Epoch: 183 - Loss: 187.77247750861085
Epoch: 184 - Loss: 187.73458229219577
Epoch: 185 - Loss: 187.69660227573246
Epoch: 186 - Loss: 187.65854595680185
Epoch: 187 - Loss: 187.62037576517136
Epoch: 188 - Loss: 187.58215966253405
Epoch: 189 - Loss: 187.5438364130441
Epoch: 190 - Loss: 187.50541898186415
Epoch: 191 - Loss: 187.46690439195743
Epoch: 192 - Loss: 187.42828149525891
Epoch: 193 - Loss: 187.3895641265219
Epoch: 194 - Loss: 187.35075386553675
Epoch: 195 - Loss: 187.31182014278517
Epoch: 196 - Loss: 187.27277311580542
Epoch: 197 - Loss: 187.23362016203708
Epoch: 198 - Loss: 187.19433817424706
Epoch: 199 - Loss: 187.1549190124555
Epoch: 200 - Loss: 187.11538583252386
Epoch: 201 - Loss: 187.07572272933675
Epoch: 202 - Loss: 187.0359240642894
Epoch: 203 - Loss: 186.99598652427125
Epoch: 204 - Loss: 186.95592007756892
Epoch: 205 - Loss: 186.91569497832734
Epoch: 206 - Loss: 186.87530246597686
Epoch: 207 - Loss: 186.8347690322318
Epoch: 208 - Loss: 186.79407561513977
Epoch: 209 - Loss: 186.75321752330433
Epoch: 210 - Loss: 186.71219039865952
Epoch: 211 - Loss: 186.67100321997023
Epoch: 212 - Loss: 186.62962092020513
Epoch: 213 - Loss: 186.58805633397338
Epoch: 214 - Loss: 186.5462960896269
Epoch: 215 - Loss: 186.50434790951581
Epoch: 216 - Loss: 186.46217280406051
Epoch: 217 - Loss: 186.41982813607632
Epoch: 218 - Loss: 186.3772592974483
Epoch: 219 - Loss: 186.33447060852305
Epoch: 220 - Loss: 186.29145670191397
Epoch: 221 - Loss: 186.24822166196373
Epoch: 222 - Loss: 186.20473904718548
Epoch: 223 - Loss: 186.16100363888086
Epoch: 224 - Loss: 186.11703206163148
Epoch: 225 - Loss: 186.07279548221538
Epoch: 226 - Loss: 186.0282720438303
Epoch: 227 - Loss: 185.98349139507022
Epoch: 228 - Loss: 185.9384266673619
Epoch: 229 - Loss: 185.89308237620807
Epoch: 230 - Loss: 185.84743100453926
Epoch: 231 - Loss: 185.80147285522733
Epoch: 232 - Loss: 185.75519969899608
Epoch: 233 - Loss: 185.70859784415129
Epoch: 234 - Loss: 185.66165956211887
Epoch: 235 - Loss: 185.6143811080182
Epoch: 236 - Loss: 185.5667409573083
Epoch: 237 - Loss: 185.5187420144901
Epoch: 238 - Loss: 185.47036451625542
Epoch: 239 - Loss: 185.4215993170618
Epoch: 240 - Loss: 185.37243504973827
Epoch: 241 - Loss: 185.3228678191917
Epoch: 242 - Loss: 185.2728712344696
Epoch: 243 - Loss: 185.22244115708506
Epoch: 244 - Loss: 185.1715608382937
Epoch: 245 - Loss: 185.1202232199606
Epoch: 246 - Loss: 185.06841203142466
Epoch: 247 - Loss: 185.0161125976488
Epoch: 248 - Loss: 184.96332007179723
Epoch: 249 - Loss: 184.91000487138268
Epoch: 250 - Loss: 184.85614352463855
Epoch: 251 - Loss: 184.8017479286879
Epoch: 252 - Loss: 184.74680372777124
Epoch: 253 - Loss: 184.69126511194838
Epoch: 254 - Loss: 184.63512352582111
Epoch: 255 - Loss: 184.57838648600307
Epoch: 256 - Loss: 184.52102538267872
Epoch: 257 - Loss: 184.46303374810296
Epoch: 258 - Loss: 184.40437107660892
Epoch: 259 - Loss: 184.345026522278
Epoch: 260 - Loss: 184.28499647660198
Epoch: 261 - Loss: 184.22426944222423
Epoch: 262 - Loss: 184.16281993678032
Epoch: 263 - Loss: 184.10063845555572
Epoch: 264 - Loss: 184.0377099350822
Epoch: 265 - Loss: 183.9740265787102
Epoch: 266 - Loss: 183.90958786749096
Epoch: 267 - Loss: 183.84436376552028
Epoch: 268 - Loss: 183.77834946592043
Epoch: 269 - Loss: 183.71159586491936
Epoch: 270 - Loss: 183.64405356787026
Epoch: 271 - Loss: 183.57578544217452
Epoch: 272 - Loss: 183.50675660523754
Epoch: 273 - Loss: 183.4370070296431
Epoch: 274 - Loss: 183.36659115140392
Epoch: 275 - Loss: 183.29554614899638
Epoch: 276 - Loss: 183.22394437913067
Epoch: 277 - Loss: 183.15186512994617
Epoch: 278 - Loss: 183.07940831734
Epoch: 279 - Loss: 183.00670762722118
Epoch: 280 - Loss: 182.93390890235025
Epoch: 281 - Loss: 182.86119891962835
Epoch: 282 - Loss: 182.78881819514575
Epoch: 283 - Loss: 182.7170363212551
Epoch: 284 - Loss: 182.64614961532504
Epoch: 285 - Loss: 182.5765577197183
Epoch: 286 - Loss: 182.50860463678237
Epoch: 287 - Loss: 182.44283667375535
Epoch: 288 - Loss: 182.3796509534462
Epoch: 289 - Loss: 182.31949678847232
Epoch: 290 - Loss: 182.26277749798152
Epoch: 291 - Loss: 182.2097053128025
Epoch: 292 - Loss: 182.16025780269075
Epoch: 293 - Loss: 182.11401356546656
Epoch: 294 - Loss: 182.07014578267913
Epoch: 295 - Loss: 182.02742574835304
Epoch: 296 - Loss: 181.9843833779035
Epoch: 297 - Loss: 181.9396504143968
Epoch: 298 - Loss: 181.89228411073637
Epoch: 299 - Loss: 181.84196976398314
Epoch: 300 - Loss: 181.7889951724982
Epoch: 1 - Loss: 192.67181197710923
Epoch: 2 - Loss: 192.27804769242846
Epoch: 3 - Loss: 191.87972233501208
Epoch: 4 - Loss: 191.4761479344366
Epoch: 5 - Loss: 191.0663079938176
Epoch: 6 - Loss: 190.64871344420297
Epoch: 7 - Loss: 190.22119567228287
Epoch: 8 - Loss: 189.78062310698718
Epoch: 9 - Loss: 189.3224760019151
Epoch: 10 - Loss: 188.84024970968764
Epoch: 11 - Loss: 188.32459403634667
Epoch: 12 - Loss: 187.76211382995288
Epoch: 13 - Loss: 187.13375111529817
Epoch: 14 - Loss: 186.29672479081322
Epoch: 15 - Loss: 185.27735304519953
Epoch: 16 - Loss: 184.07933328176665
Epoch: 17 - Loss: 182.6433943306108
Epoch: 18 - Loss: 180.9050553124334
Epoch: 19 - Loss: 178.47440913002478
Epoch: 20 - Loss: 175.52344426804237
Epoch: 21 - Loss: 183.24829651366863
Epoch: 22 - Loss: 182.14355556116953
Epoch: 23 - Loss: 177.31490554509205
Epoch: 24 - Loss: 174.84432486919644
Epoch: 25 - Loss: 176.1113802172248
Epoch: 26 - Loss: 177.04583215841325
Epoch: 27 - Loss: 177.73295905699862
Epoch: 28 - Loss: 178.234073030828
Epoch: 29 - Loss: 178.58549860598185
Epoch: 30 - Loss: 178.8114198567
Epoch: 31 - Loss: 178.92934907966654
Epoch: 32 - Loss: 178.95259113336604
Epoch: 33 - Loss: 178.8915265916961
Epoch: 34 - Loss: 178.75434751722517
Epoch: 35 - Loss: 178.54751413942708
Epoch: 36 - Loss: 178.27604090426425
Epoch: 37 - Loss: 177.94366157999892
Epoch: 38 - Loss: 177.55288873358754
Epoch: 39 - Loss: 177.10496353698022
Epoch: 40 - Loss: 176.59966679436135
Epoch: 41 - Loss: 176.0349004096016
Epoch: 42 - Loss: 175.40601099036027
Epoch: 43 - Loss: 174.70503125675634
Epoch: 44 - Loss: 173.92215509080367
Epoch: 45 - Loss: 173.06680429658903
Epoch: 46 - Loss: 172.35772887984535
Epoch: 47 - Loss: 175.1213709413121
Epoch: 48 - Loss: 172.28214437036524
Epoch: 49 - Loss: 172.3234098909704
Epoch: 50 - Loss: 172.68329458901752
Epoch: 51 - Loss: 172.9413787300787
Epoch: 52 - Loss: 173.06693844070455
Epoch: 53 - Loss: 173.06973526327937
Epoch: 54 - Loss: 172.96205516008897
Epoch: 55 - Loss: 172.75391247472345
Epoch: 56 - Loss: 172.45419827318204
Epoch: 57 - Loss: 172.07610910480815
Epoch: 58 - Loss: 171.65550848597692
Epoch: 59 - Loss: 171.31490246957875
Epoch: 60 - Loss: 171.646194980175
Epoch: 61 - Loss: 171.64338954757596
Epoch: 62 - Loss: 171.04594820833023
Epoch: 63 - Loss: 171.08473263758376
Epoch: 64 - Loss: 171.15702733471068
Epoch: 65 - Loss: 171.1592732152925
Epoch: 66 - Loss: 171.071580704401
Epoch: 67 - Loss: 170.90143213183353
Epoch: 68 - Loss: 170.67479799455373
Epoch: 69 - Loss: 170.44891827305793
Epoch: 70 - Loss: 170.33134144894757
Epoch: 71 - Loss: 170.5743540517622
Epoch: 72 - Loss: 170.18378523586622
Epoch: 73 - Loss: 170.08007919331666
Epoch: 74 - Loss: 170.1207761026284
Epoch: 75 - Loss: 170.15644971687504
Epoch: 76 - Loss: 170.12346640048239
Epoch: 77 - Loss: 170.01331730392891
Epoch: 78 - Loss: 169.85979971030548
Epoch: 79 - Loss: 169.71196750028
Epoch: 80 - Loss: 169.64817595251486
Epoch: 81 - Loss: 169.798776932379
Epoch: 82 - Loss: 169.49564694859373
Epoch: 83 - Loss: 169.4148714798542
Epoch: 84 - Loss: 169.3806789016031
Epoch: 85 - Loss: 169.33905269079477
Epoch: 86 - Loss: 169.26436606507403
Epoch: 87 - Loss: 169.1605300144156
Epoch: 88 - Loss: 169.05466748402054
Epoch: 89 - Loss: 168.9850058425041
Epoch: 90 - Loss: 168.97691857108632
Epoch: 91 - Loss: 168.85649244912395
Epoch: 92 - Loss: 168.77984209080745
Epoch: 93 - Loss: 168.7243415644722
Epoch: 94 - Loss: 168.66528409184443
Epoch: 95 - Loss: 168.5894235516347
Epoch: 96 - Loss: 168.5008114717967
Epoch: 97 - Loss: 168.41507705982482
Epoch: 98 - Loss: 168.34546014491193
Epoch: 99 - Loss: 168.2847859608108
Epoch: 100 - Loss: 168.2125805346973
Epoch: 101 - Loss: 168.12976511283347
Epoch: 102 - Loss: 168.05296499563724
Epoch: 103 - Loss: 167.98444040639916
Epoch: 104 - Loss: 167.9144728278108
Epoch: 105 - Loss: 167.83640521880454
Epoch: 106 - Loss: 167.75232645444024
Epoch: 107 - Loss: 167.66967821925286
Epoch: 108 - Loss: 167.59287108663335
Epoch: 109 - Loss: 167.51729927660404
Epoch: 110 - Loss: 167.43601060551202
Epoch: 111 - Loss: 167.3506458870972
Epoch: 112 - Loss: 167.2668884475251
Epoch: 113 - Loss: 167.18492110884102
Epoch: 114 - Loss: 167.10074243980574
Epoch: 115 - Loss: 167.01204311405832
Epoch: 116 - Loss: 166.92036378605872
Epoch: 117 - Loss: 166.82865702794015
Epoch: 118 - Loss: 166.7373178045695
Epoch: 119 - Loss: 166.64366484604338
Epoch: 120 - Loss: 166.54613739593452
Epoch: 121 - Loss: 166.44634794559363
Epoch: 122 - Loss: 166.34573774385746
Epoch: 123 - Loss: 166.2432877482477
Epoch: 124 - Loss: 166.137235961313
Epoch: 125 - Loss: 166.02725543122423
Epoch: 126 - Loss: 165.91439806001267
Epoch: 127 - Loss: 165.79478382847708
Epoch: 128 - Loss: 165.66888760739408
Epoch: 129 - Loss: 165.53782391413597
Epoch: 130 - Loss: 165.40172663945302
Epoch: 131 - Loss: 165.2613441058202
Epoch: 132 - Loss: 165.11666145089163
Epoch: 133 - Loss: 164.96699108291057
Epoch: 134 - Loss: 164.81203184047334
Epoch: 135 - Loss: 164.6522810325189
Epoch: 136 - Loss: 164.48846572389908
Epoch: 137 - Loss: 164.32096867043114
Epoch: 138 - Loss: 164.15022166035624
Epoch: 139 - Loss: 163.97757260781984
Epoch: 140 - Loss: 163.8055101908298
Epoch: 141 - Loss: 163.63743572735507
Epoch: 142 - Loss: 163.4779596699485
Epoch: 143 - Loss: 163.33348006192188
Epoch: 144 - Loss: 163.2111140554818
Epoch: 145 - Loss: 163.1124871899235
Epoch: 146 - Loss: 163.02215150499666
Epoch: 147 - Loss: 162.91190330247892
Epoch: 148 - Loss: 162.76991072017736
Epoch: 149 - Loss: 162.6064835931484
Epoch: 150 - Loss: 162.43718472254298
Epoch: 151 - Loss: 162.27229199271721
Epoch: 152 - Loss: 162.1155225618139
Epoch: 153 - Loss: 161.96637957915254
Epoch: 154 - Loss: 161.822572505752
Epoch: 155 - Loss: 161.68151944508648
Epoch: 156 - Loss: 161.5411216692915
Epoch: 157 - Loss: 161.4000519591134
Epoch: 158 - Loss: 161.257661203581
Epoch: 159 - Loss: 161.11373256345158
Epoch: 160 - Loss: 160.9683352667463
Epoch: 161 - Loss: 160.82179747364802
Epoch: 162 - Loss: 160.67465901441426
Epoch: 163 - Loss: 160.5275575953897
Epoch: 164 - Loss: 160.38114444986948
Epoch: 165 - Loss: 160.23608024416956
Epoch: 166 - Loss: 160.09303770204218
Epoch: 167 - Loss: 159.95262873195122
Epoch: 168 - Loss: 159.81530530198563
Epoch: 169 - Loss: 159.68130475044921
Epoch: 170 - Loss: 159.55062960229714
Epoch: 171 - Loss: 159.42302369628504
Epoch: 172 - Loss: 159.29799844167346
Epoch: 173 - Loss: 159.17493838767086
Epoch: 174 - Loss: 159.05329239591424
Epoch: 175 - Loss: 158.9327303618305
Epoch: 176 - Loss: 158.8131850696924
Epoch: 177 - Loss: 158.6947893404858
Epoch: 178 - Loss: 158.5777782489267
Epoch: 179 - Loss: 158.46235209292814
Epoch: 180 - Loss: 158.3485829918331
Epoch: 181 - Loss: 158.23637061508998
Epoch: 182 - Loss: 158.12546302188463
Epoch: 183 - Loss: 158.01551269733238
Epoch: 184 - Loss: 157.90612028812694
Epoch: 185 - Loss: 157.79686607260308
Epoch: 186 - Loss: 157.68733699192668
Epoch: 187 - Loss: 157.57714557779292
Epoch: 188 - Loss: 157.4659312432332
Epoch: 189 - Loss: 157.3533482377804
Epoch: 190 - Loss: 157.23905541534936
Epoch: 191 - Loss: 157.1227098458815
Epoch: 192 - Loss: 157.00322564796159
Epoch: 193 - Loss: 156.88080707459864
Epoch: 194 - Loss: 156.75517123706115
Epoch: 195 - Loss: 156.62596194028058
Epoch: 196 - Loss: 156.49288036053437
Epoch: 197 - Loss: 156.3557539867875
Epoch: 198 - Loss: 156.21464160616284
Epoch: 199 - Loss: 156.06998237367264
Epoch: 200 - Loss: 155.9227969329072
Epoch: 201 - Loss: 155.7749442032894
Epoch: 202 - Loss: 155.62943509090346
Epoch: 203 - Loss: 155.49074076152814
Epoch: 204 - Loss: 155.3648597806182
Epoch: 205 - Loss: 155.25854540907594
Epoch: 206 - Loss: 155.17656809737974
Epoch: 207 - Loss: 155.11636428643675
Epoch: 208 - Loss: 155.06376640876474
Epoch: 209 - Loss: 154.9985843848718
Epoch: 210 - Loss: 154.90849392887455
Epoch: 211 - Loss: 154.79552362936374
Epoch: 212 - Loss: 154.67071715769262
Epoch: 213 - Loss: 154.5457278600222
Epoch: 214 - Loss: 154.42788745761445
Epoch: 215 - Loss: 154.31945897053222
Epoch: 216 - Loss: 154.2191254056797
Epoch: 217 - Loss: 154.1238634535271
Epoch: 218 - Loss: 154.0303313751961
Epoch: 219 - Loss: 153.9356455671776
Epoch: 220 - Loss: 153.83771784096598
Epoch: 221 - Loss: 153.7353541371373
Epoch: 222 - Loss: 153.62825508225646
Epoch: 223 - Loss: 153.5169877299218
Epoch: 224 - Loss: 153.402919693832
Epoch: 225 - Loss: 153.28801830747918
Epoch: 226 - Loss: 153.1742004934982
Epoch: 227 - Loss: 153.06203511257934
Epoch: 228 - Loss: 152.95039069411342
Epoch: 229 - Loss: 152.83813202443872
Epoch: 230 - Loss: 152.7242675939376
Epoch: 231 - Loss: 152.60700570915694
Epoch: 232 - Loss: 152.4840237315324
Epoch: 233 - Loss: 152.3535717794169
Epoch: 234 - Loss: 152.2153822197502
Epoch: 235 - Loss: 152.07076605680464
Epoch: 236 - Loss: 151.9218058457955
Epoch: 237 - Loss: 151.76999743034565
Epoch: 238 - Loss: 151.61496779773847
Epoch: 239 - Loss: 151.45390311015572
Epoch: 240 - Loss: 151.28210126310304
Epoch: 241 - Loss: 151.09469718901184
Epoch: 242 - Loss: 150.88902095407713
Epoch: 243 - Loss: 150.66642536605033
Epoch: 244 - Loss: 150.4319283347543
Epoch: 245 - Loss: 150.18960755805037
Epoch: 246 - Loss: 149.93456453084303
Epoch: 247 - Loss: 149.65444854655587
Epoch: 248 - Loss: 149.34856990689326
Epoch: 249 - Loss: 149.02889063516082
Epoch: 250 - Loss: 148.69104617594132
Epoch: 251 - Loss: 148.31406643383198
Epoch: 252 - Loss: 147.90023068527086
Epoch: 253 - Loss: 147.46449917462192
Epoch: 254 - Loss: 146.94858922296456
Epoch: 255 - Loss: 146.35089188955124
Epoch: 256 - Loss: 145.66938061227313
Epoch: 257 - Loss: 144.79905111334284
Epoch: 258 - Loss: 143.2244822041903
Epoch: 259 - Loss: 141.13072198610394
Epoch: 260 - Loss: 138.921589981242
Epoch: 261 - Loss: 139.96492212167436
Epoch: 262 - Loss: 138.91213898408617
Epoch: 263 - Loss: 139.48093595932522
Epoch: 264 - Loss: 139.14467750388667
Epoch: 265 - Loss: 137.91036969537646
Epoch: 266 - Loss: 136.62214653316929
Epoch: 267 - Loss: 136.56908688660747
Epoch: 268 - Loss: 135.11036449074817
Epoch: 269 - Loss: 132.90429003798155
Epoch: 270 - Loss: 119.26394212898838
Epoch: 271 - Loss: 112.53073607665343
Epoch: 272 - Loss: 115.11510871999423
Epoch: 273 - Loss: 116.01287575397862
Epoch: 274 - Loss: 118.51298678892888
Epoch: 275 - Loss: 119.91932029296052
Epoch: 276 - Loss: 120.5957496920207
Epoch: 277 - Loss: 120.70264890806205
Epoch: 278 - Loss: 120.28896753961058
Epoch: 279 - Loss: 119.08654640971302
Epoch: 280 - Loss: 118.26993381212655
Epoch: 281 - Loss: 120.56771594379961
Epoch: 282 - Loss: 118.77670678521827
Epoch: 283 - Loss: 118.18624175376131
Epoch: 284 - Loss: 118.75627218392385
Epoch: 285 - Loss: 118.85010966992617
Epoch: 286 - Loss: 118.08498157827519
Epoch: 287 - Loss: 117.94016625675772
Epoch: 288 - Loss: 117.95694470248246
Epoch: 289 - Loss: 117.85537814523092
Epoch: 290 - Loss: 118.23238796258468
Epoch: 291 - Loss: 117.76164099596912
Epoch: 292 - Loss: 117.01063479801691
Epoch: 293 - Loss: 117.7637120998184
Epoch: 294 - Loss: 116.82948069887033
Epoch: 295 - Loss: 116.92526567011477
Epoch: 296 - Loss: 116.95430928847081
Epoch: 297 - Loss: 116.607501973291
Epoch: 298 - Loss: 116.08667249287669
Epoch: 299 - Loss: 115.91808582666259
Epoch: 300 - Loss: 115.73758518635279
Epoch: 1 - Loss: 194.86750619776274
Epoch: 2 - Loss: 196.71215629874573
Epoch: 3 - Loss: 191.1661907956488
Epoch: 4 - Loss: 189.47185720557914
Epoch: 5 - Loss: 188.21560451756812
Epoch: 6 - Loss: 183.6923642741067
Epoch: 7 - Loss: 185.90223864912846
Epoch: 8 - Loss: 187.03596019400325
Epoch: 9 - Loss: 187.42656820560623
Epoch: 10 - Loss: 187.28596775301168
Epoch: 11 - Loss: 186.8126642073278
Epoch: 12 - Loss: 186.08896786679085
Epoch: 13 - Loss: 185.16515198962475
Epoch: 14 - Loss: 184.08802848956023
Epoch: 15 - Loss: 182.9487700687231
Epoch: 16 - Loss: 181.7208806046791
Epoch: 17 - Loss: 180.14188586544964
Epoch: 18 - Loss: 178.18528163023987
Epoch: 19 - Loss: 175.94345561049434
Epoch: 20 - Loss: 168.72704726673243
Epoch: 21 - Loss: 160.3692014785835
Epoch: 22 - Loss: 132.19955576124502
Epoch: 23 - Loss: 129.1010603446829
Epoch: 24 - Loss: 125.99478520931547
TRIAL 97 CRASHED (caught, continuing to next trial):
DomainError with 2666.4577343168958:
integrand produced NaN in the interval (2666.457734316855, 2666.4577343169367)
Epoch: 1 - Loss: 191.89228228100382
Epoch: 2 - Loss: 191.85243990679152
Epoch: 3 - Loss: 191.80949799369841
Epoch: 4 - Loss: 191.76320503210948
Epoch: 5 - Loss: 191.7132905520394
Epoch: 6 - Loss: 191.65948063777353
Epoch: 7 - Loss: 191.60152257149312
Epoch: 8 - Loss: 191.53922163096354
Epoch: 9 - Loss: 191.4724449431783
Epoch: 10 - Loss: 191.40120965638428
Epoch: 11 - Loss: 191.32572409673998
Epoch: 12 - Loss: 191.24647663612393
Epoch: 13 - Loss: 191.1643593727703
Epoch: 14 - Loss: 191.0807391870927
Epoch: 15 - Loss: 190.99770622090742
Epoch: 16 - Loss: 190.91813642911202
Epoch: 17 - Loss: 190.8458284355378
Epoch: 18 - Loss: 190.78546696950727
Epoch: 19 - Loss: 190.74202131954198
Epoch: 20 - Loss: 190.719273285524
Epoch: 21 - Loss: 190.71682990063982
Epoch: 22 - Loss: 190.72704916642456
Epoch: 23 - Loss: 190.73633230333812
Epoch: 24 - Loss: 190.73281488895128
Epoch: 25 - Loss: 190.7125784373286
Epoch: 26 - Loss: 190.6789166040192
Epoch: 27 - Loss: 190.63825983399113
Epoch: 28 - Loss: 190.59697262417308
Epoch: 29 - Loss: 190.55966825528222
Epoch: 30 - Loss: 190.52869621259657
Epoch: 31 - Loss: 190.50435979969754
Epoch: 32 - Loss: 190.48553533230682
Epoch: 33 - Loss: 190.47038877356462
Epoch: 34 - Loss: 190.45698714519813
Epoch: 35 - Loss: 190.44368073395674
Epoch: 36 - Loss: 190.4292880334883
Epoch: 37 - Loss: 190.41311161750124
Epoch: 38 - Loss: 190.39489348260298
Epoch: 39 - Loss: 190.3747290868677
Epoch: 40 - Loss: 190.35298175054515
Epoch: 41 - Loss: 190.3301990776015
Epoch: 42 - Loss: 190.307034470734
Epoch: 43 - Loss: 190.28414508309865
Epoch: 44 - Loss: 190.26212771206974
Epoch: 45 - Loss: 190.24140051781703
Epoch: 46 - Loss: 190.2221285348748
Epoch: 47 - Loss: 190.20419600772692
Epoch: 48 - Loss: 190.18721493225405
Epoch: 49 - Loss: 190.17062350290215
Epoch: 50 - Loss: 190.15384384774165
Epoch: 51 - Loss: 190.13643387963762
Epoch: 52 - Loss: 190.11819799016837
Epoch: 53 - Loss: 190.09920812167016
Epoch: 54 - Loss: 190.07973993657419
Epoch: 55 - Loss: 190.0601596995531
Epoch: 56 - Loss: 190.04080404630807
Epoch: 57 - Loss: 190.02189896650538
Epoch: 58 - Loss: 190.00352336534112
Epoch: 59 - Loss: 189.98562283950844
Epoch: 60 - Loss: 189.96805364711923
Epoch: 61 - Loss: 189.95063465058578
Epoch: 62 - Loss: 189.9331966764078
Epoch: 63 - Loss: 189.91561809122416
Epoch: 64 - Loss: 189.897840468333
Epoch: 65 - Loss: 189.87986943766984
Epoch: 66 - Loss: 189.8617624890825
Epoch: 67 - Loss: 189.84360723664628
Epoch: 68 - Loss: 189.82549779990472
Epoch: 69 - Loss: 189.80751247839726
Epoch: 70 - Loss: 189.7896951917085
Epoch: 71 - Loss: 189.77204936328428
Epoch: 72 - Loss: 189.75454046137042
Epoch: 73 - Loss: 189.7371130043822
Epoch: 74 - Loss: 189.71970303819072
Epoch: 75 - Loss: 189.70226046164717
Epoch: 76 - Loss: 189.68476018128453
Epoch: 77 - Loss: 189.66720532702115
Epoch: 78 - Loss: 189.64962193123378
Epoch: 79 - Loss: 189.63204655893162
Epoch: 80 - Loss: 189.61451455812158
Epoch: 81 - Loss: 189.59704906880134
Epoch: 82 - Loss: 189.5796575775045
Epoch: 83 - Loss: 189.56233162877004
Epoch: 84 - Loss: 189.5450529910254
Epoch: 85 - Loss: 189.5277999709232
Epoch: 86 - Loss: 189.51055460935387
Epoch: 87 - Loss: 189.49330563104735
Epoch: 88 - Loss: 189.47605169176182
Epoch: 89 - Loss: 189.45879972412126
Epoch: 90 - Loss: 189.44156063212515
Epoch: 91 - Loss: 189.42434631963422
Epoch: 92 - Loss: 189.4071659389624
Epoch: 93 - Loss: 189.39002319906774
Epoch: 94 - Loss: 189.37291666841125
Epoch: 95 - Loss: 189.35584035900462
Epoch: 96 - Loss: 189.33878666143966
Epoch: 97 - Loss: 189.32174864471514
Epoch: 98 - Loss: 189.3047236865567
Epoch: 99 - Loss: 189.28770799302927
Epoch: 100 - Loss: 189.2707056208232
Epoch: 101 - Loss: 189.25372079581558
Epoch: 102 - Loss: 189.23675775518655
Epoch: 103 - Loss: 189.2198193265697
Epoch: 104 - Loss: 189.20290653092434
Epoch: 105 - Loss: 189.1860181785233
Epoch: 106 - Loss: 189.1691518195702
Epoch: 107 - Loss: 189.15230465965567
Epoch: 108 - Loss: 189.13547446895092
Epoch: 109 - Loss: 189.1186602029561
Epoch: 110 - Loss: 189.101861846673
Epoch: 111 - Loss: 189.08508071699688
Epoch: 112 - Loss: 189.06831824999358
Epoch: 113 - Loss: 189.0515734851458
Epoch: 114 - Loss: 189.03485163084306
Epoch: 115 - Loss: 189.01815118920206
Epoch: 116 - Loss: 189.00146962162546
Epoch: 117 - Loss: 188.98480673771104
Epoch: 118 - Loss: 188.96816156761432
Epoch: 119 - Loss: 188.95153341768773
Epoch: 120 - Loss: 188.93492219484088
Epoch: 121 - Loss: 188.91832804517014
Epoch: 122 - Loss: 188.90175137750913
Epoch: 123 - Loss: 188.88519280604726
Epoch: 124 - Loss: 188.86865264007776
Epoch: 125 - Loss: 188.85213065513602
Epoch: 126 - Loss: 188.83562655383315
Epoch: 127 - Loss: 188.819140071739
Epoch: 128 - Loss: 188.8026707504893
Epoch: 129 - Loss: 188.78621812469873
Epoch: 130 - Loss: 188.76978196272947
Epoch: 131 - Loss: 188.75336495633175
Epoch: 132 - Loss: 188.7369620195186
Epoch: 133 - Loss: 188.72057598399678
Epoch: 134 - Loss: 188.70420668057682
Epoch: 135 - Loss: 188.68785418428521
Epoch: 136 - Loss: 188.67151834678978
Epoch: 137 - Loss: 188.65519878184142
Epoch: 138 - Loss: 188.6388951678739
Epoch: 139 - Loss: 188.62260767887224
Epoch: 140 - Loss: 188.60633584224644
Epoch: 141 - Loss: 188.59007952784813
Epoch: 142 - Loss: 188.57383905112314
Epoch: 143 - Loss: 188.55761422571817
Epoch: 144 - Loss: 188.54140526045646
Epoch: 145 - Loss: 188.52521152532546
Epoch: 146 - Loss: 188.50903324065342
Epoch: 147 - Loss: 188.49287039132594
Epoch: 148 - Loss: 188.47672235199178
Epoch: 149 - Loss: 188.460589067409
Epoch: 150 - Loss: 188.4444707594564
Epoch: 151 - Loss: 188.42836726686798
Epoch: 152 - Loss: 188.41227842243222
Epoch: 153 - Loss: 188.39620596703833
Epoch: 154 - Loss: 188.38014618917163
Epoch: 155 - Loss: 188.36410060515334
Epoch: 156 - Loss: 188.34806933602314
Epoch: 157 - Loss: 188.33205221785624
Epoch: 158 - Loss: 188.31604867516225
Epoch: 159 - Loss: 188.30005940550762
Epoch: 160 - Loss: 188.28408421774208
Epoch: 161 - Loss: 188.26812221948853
Epoch: 162 - Loss: 188.2521737257417
Epoch: 163 - Loss: 188.23623871904985
Epoch: 164 - Loss: 188.22031709848278
Epoch: 165 - Loss: 188.20440869774316
Epoch: 166 - Loss: 188.1885134045732
Epoch: 167 - Loss: 188.17263112021752
Epoch: 168 - Loss: 188.15676175203
Epoch: 169 - Loss: 188.14090500215127
Epoch: 170 - Loss: 188.12506090364636
Epoch: 171 - Loss: 188.1092293576563
Epoch: 172 - Loss: 188.0934102048052
Epoch: 173 - Loss: 188.07760339370842
Epoch: 174 - Loss: 188.06180881386354
Epoch: 175 - Loss: 188.04602631935668
Epoch: 176 - Loss: 188.03025610444018
Epoch: 177 - Loss: 188.01449736835647
Epoch: 178 - Loss: 187.9987503905228
Epoch: 179 - Loss: 187.98301496486434
Epoch: 180 - Loss: 187.96729125913416
Epoch: 181 - Loss: 187.95157850554148
Epoch: 182 - Loss: 187.93587733567853
Epoch: 183 - Loss: 187.9201873601002
Epoch: 184 - Loss: 187.90450840096867
Epoch: 185 - Loss: 187.8888403811415
Epoch: 186 - Loss: 187.87317973986364
Epoch: 187 - Loss: 187.85753310538357
Epoch: 188 - Loss: 187.8418971976016
Epoch: 189 - Loss: 187.82627172482785
Epoch: 190 - Loss: 187.81065658108426
Epoch: 191 - Loss: 187.79505175741593
Epoch: 192 - Loss: 187.77945696941154
Epoch: 193 - Loss: 187.76387215010868
Epoch: 194 - Loss: 187.74829713803214
Epoch: 195 - Loss: 187.73273185754744
Epoch: 196 - Loss: 187.71717634236282
Epoch: 197 - Loss: 187.70163023019614
Epoch: 198 - Loss: 187.68609361756228
Epoch: 199 - Loss: 187.67056620138328
Epoch: 200 - Loss: 187.65504803608022
Epoch: 201 - Loss: 187.6395387680296
Epoch: 202 - Loss: 187.62403856764806
Epoch: 203 - Loss: 187.60854703712948
Epoch: 204 - Loss: 187.59306416398726
Epoch: 205 - Loss: 187.57758976881036
Epoch: 206 - Loss: 187.56212387833415
Epoch: 207 - Loss: 187.54666620190017
Epoch: 208 - Loss: 187.5312167796277
Epoch: 209 - Loss: 187.51577533418353
Epoch: 210 - Loss: 187.50034179948517
Epoch: 211 - Loss: 187.484916086251
Epoch: 212 - Loss: 187.46949794238344
Epoch: 213 - Loss: 187.4540873658615
Epoch: 214 - Loss: 187.43868425938248
Epoch: 215 - Loss: 187.42328846235102
Epoch: 216 - Loss: 187.40789972478856
Epoch: 217 - Loss: 187.39251801944317
Epoch: 218 - Loss: 187.37714317924406
Epoch: 219 - Loss: 187.36177514028014
Epoch: 220 - Loss: 187.34641365054782
Epoch: 221 - Loss: 187.33105875366925
Epoch: 222 - Loss: 187.31571031709552
Epoch: 223 - Loss: 187.3003680483435
Epoch: 224 - Loss: 187.28503187040448
Epoch: 225 - Loss: 187.26970170641945
Epoch: 226 - Loss: 187.25437705759876
Epoch: 227 - Loss: 187.2390585584028
Epoch: 228 - Loss: 187.22374545408482
Epoch: 229 - Loss: 187.20843795690556
Epoch: 230 - Loss: 187.19313565618057
Epoch: 231 - Loss: 187.177838593671
Epoch: 232 - Loss: 187.16254632253225
Epoch: 233 - Loss: 187.14725929715
Epoch: 234 - Loss: 187.13197683129047
Epoch: 235 - Loss: 187.11669904537794
Epoch: 236 - Loss: 187.10142583384265
Epoch: 237 - Loss: 187.0861569948047
Epoch: 238 - Loss: 187.0708923451765
Epoch: 239 - Loss: 187.05563174399558
Epoch: 240 - Loss: 187.04037498012758
Epoch: 241 - Loss: 187.02512214064248
Epoch: 242 - Loss: 187.00987295475628
Epoch: 243 - Loss: 186.99462905055378
Epoch: 244 - Loss: 186.97938669767038
Epoch: 245 - Loss: 186.96414753550653
Epoch: 246 - Loss: 186.94891153421102
Epoch: 247 - Loss: 186.93367841711571
Epoch: 248 - Loss: 186.91844813792733
Epoch: 249 - Loss: 186.90322046060345
Epoch: 250 - Loss: 186.8879952988129
Epoch: 251 - Loss: 186.87277247271146
Epoch: 252 - Loss: 186.8575518979071
Epoch: 253 - Loss: 186.8423333620686
Epoch: 254 - Loss: 186.82711671016347
Epoch: 255 - Loss: 186.81190183797654
Epoch: 256 - Loss: 186.79668854891398
Epoch: 257 - Loss: 186.781476713428
Epoch: 258 - Loss: 186.76626615289157
Epoch: 259 - Loss: 186.7510567096012
Epoch: 260 - Loss: 186.7358483274181
Epoch: 261 - Loss: 186.72064075744913
Epoch: 262 - Loss: 186.7054337663865
Epoch: 263 - Loss: 186.69022142627088
Epoch: 264 - Loss: 186.6750154092751
Epoch: 265 - Loss: 186.65980955934617
Epoch: 266 - Loss: 186.644604777103
Epoch: 267 - Loss: 186.62940483602182
Epoch: 268 - Loss: 186.61419856450905
Epoch: 269 - Loss: 186.59899207073812
Epoch: 270 - Loss: 186.58378494385187
Epoch: 271 - Loss: 186.56857695058528
Epoch: 272 - Loss: 186.5533681310433
Epoch: 273 - Loss: 186.53815819956245
Epoch: 274 - Loss: 186.52294706749024
Epoch: 275 - Loss: 186.507734462615
Epoch: 276 - Loss: 186.49252021510318
Epoch: 277 - Loss: 186.47730426295405
Epoch: 278 - Loss: 186.46208642731042
Epoch: 279 - Loss: 186.4468664717321
Epoch: 280 - Loss: 186.43164425424217
Epoch: 281 - Loss: 186.41641962340634
Epoch: 282 - Loss: 186.40119118821187
Epoch: 283 - Loss: 186.38596111050782
Epoch: 284 - Loss: 186.3707280467619
Epoch: 285 - Loss: 186.35549353715928
Epoch: 286 - Loss: 186.34025393427711
Epoch: 287 - Loss: 186.32501078741794
Epoch: 288 - Loss: 186.30976411192017
Epoch: 289 - Loss: 186.29451358402704
Epoch: 290 - Loss: 186.2792590022468
Epoch: 291 - Loss: 186.26400028472324
Epoch: 292 - Loss: 186.24873699157936
Epoch: 293 - Loss: 186.23347019838096
Epoch: 294 - Loss: 186.21819756467997
Epoch: 295 - Loss: 186.20291997711334
Epoch: 296 - Loss: 186.18763827125704
Epoch: 297 - Loss: 186.17235023248423
Epoch: 298 - Loss: 186.15705665472188
Epoch: 299 - Loss: 186.14175729233634
Epoch: 300 - Loss: 186.12645197268432
Epoch: 1 - Loss: 191.1818884783991
Epoch: 2 - Loss: 190.41624930530986
Epoch: 3 - Loss: 189.80830970158732
Epoch: 4 - Loss: 189.30774317831973
Epoch: 5 - Loss: 188.88365353762282
Epoch: 6 - Loss: 188.51564576553022
Epoch: 7 - Loss: 188.19014620831945
Epoch: 8 - Loss: 187.89748516409009
Epoch: 9 - Loss: 187.63044783136917
Epoch: 10 - Loss: 187.38342690702908
Epoch: 11 - Loss: 187.15201552156742
Epoch: 12 - Loss: 186.93268091903633
Epoch: 13 - Loss: 186.72273262532363
Epoch: 14 - Loss: 186.52010359598182
Epoch: 15 - Loss: 186.32351522513648
Epoch: 16 - Loss: 186.13273483029624
Epoch: 17 - Loss: 185.94918088372643
Epoch: 18 - Loss: 185.77726749611853
Epoch: 19 - Loss: 185.6265455488187
Epoch: 20 - Loss: 185.50999868811255
Epoch: 21 - Loss: 185.38669530597127
Epoch: 22 - Loss: 185.26398990882612
Epoch: 23 - Loss: 185.13702018140685
Epoch: 24 - Loss: 185.00004376127748
Epoch: 25 - Loss: 184.8578804997721
Epoch: 26 - Loss: 184.71714674535642
Epoch: 27 - Loss: 184.55822702381758
Epoch: 28 - Loss: 184.3867433821054
Epoch: 29 - Loss: 184.2252961275612
Epoch: 30 - Loss: 184.07112958459987
Epoch: 31 - Loss: 183.91965351145728
Epoch: 32 - Loss: 183.76742298333423
Epoch: 33 - Loss: 183.6124805420885
Epoch: 34 - Loss: 183.4539412436084
Epoch: 35 - Loss: 183.2915805520618
Epoch: 36 - Loss: 183.12556809525654
Epoch: 37 - Loss: 182.95630730859867
Epoch: 38 - Loss: 182.78442104766938
Epoch: 39 - Loss: 182.61069194091863
Epoch: 40 - Loss: 182.43600473884325
Epoch: 41 - Loss: 182.26115755120728
Epoch: 42 - Loss: 182.08653017745686
Epoch: 43 - Loss: 181.91154994564505
Epoch: 44 - Loss: 181.73455059938487
Epoch: 45 - Loss: 181.5533864460065
Epoch: 46 - Loss: 181.36677458622557
Epoch: 47 - Loss: 181.17494864791928
Epoch: 48 - Loss: 180.97893852168747
Epoch: 49 - Loss: 180.77946870669567
Epoch: 50 - Loss: 180.57647707507164
Epoch: 51 - Loss: 180.36918492915572
Epoch: 52 - Loss: 180.15657217028516
Epoch: 53 - Loss: 179.93754601843233
Epoch: 54 - Loss: 179.71120238738487
Epoch: 55 - Loss: 179.47677214347726
Epoch: 56 - Loss: 179.23366591598548
Epoch: 57 - Loss: 178.98141257477533
Epoch: 58 - Loss: 178.71960365837964
Epoch: 59 - Loss: 178.44784987642146
Epoch: 60 - Loss: 178.16576093015692
Epoch: 61 - Loss: 177.87291886248357
Epoch: 62 - Loss: 177.56913212317778
Epoch: 63 - Loss: 177.25478048807852
Epoch: 64 - Loss: 176.9315932002028
Epoch: 65 - Loss: 176.6038905311155
Epoch: 66 - Loss: 176.2807828142976
Epoch: 67 - Loss: 175.98031955975833
Epoch: 68 - Loss: 175.73380547114795
Epoch: 69 - Loss: 175.56393832166896
Epoch: 70 - Loss: 175.3806490196394
Epoch: 71 - Loss: 175.0995348269143
Epoch: 72 - Loss: 174.77215166626613
Epoch: 73 - Loss: 174.45417047196028
Epoch: 74 - Loss: 174.15836038851128
Epoch: 75 - Loss: 173.83793708712994
Epoch: 76 - Loss: 173.04755390221473
Epoch: 77 - Loss: 170.53826243973782
Epoch: 78 - Loss: 168.87137371405035
Epoch: 79 - Loss: 168.13334966997536
Epoch: 80 - Loss: 167.50113045711544
Epoch: 81 - Loss: 166.92256245384294
Epoch: 82 - Loss: 166.35059108436002
Epoch: 83 - Loss: 165.8156305126639
Epoch: 84 - Loss: 165.37566145496842
Epoch: 85 - Loss: 165.0582162134315
Epoch: 86 - Loss: 164.89540532216344
Epoch: 87 - Loss: 164.8633635180548
Epoch: 88 - Loss: 164.88451833384522
Epoch: 89 - Loss: 164.88444830237137
Epoch: 90 - Loss: 164.82392697196107
Epoch: 91 - Loss: 164.68933567553455
Epoch: 92 - Loss: 164.48444490443904
Epoch: 93 - Loss: 164.2224274079588
Epoch: 94 - Loss: 163.92217498474335
Epoch: 95 - Loss: 163.60133500457468
Epoch: 96 - Loss: 163.27302668710652
Epoch: 97 - Loss: 162.94407683666404
Epoch: 98 - Loss: 162.61541022570304
Epoch: 99 - Loss: 162.283580599656
Epoch: 100 - Loss: 161.94226384099193
Epoch: 101 - Loss: 161.5846217279842
Epoch: 102 - Loss: 161.20611718630235
Epoch: 103 - Loss: 160.81144563349696
Epoch: 104 - Loss: 160.42070927609538
Epoch: 105 - Loss: 160.09416712935453
Epoch: 106 - Loss: 159.88421789965366
Epoch: 107 - Loss: 159.63946538185715
Epoch: 108 - Loss: 159.141762627566
Epoch: 109 - Loss: 158.4227501873602
Epoch: 110 - Loss: 157.74680912349655
Epoch: 111 - Loss: 154.96082241671357
Epoch: 112 - Loss: 155.51166458476197
Epoch: 113 - Loss: 154.63065608276037
Epoch: 114 - Loss: 155.08470288333768
Epoch: 115 - Loss: 154.49745622176098
Epoch: 116 - Loss: 153.0086296124825
Epoch: 117 - Loss: 151.4127212893556
Epoch: 118 - Loss: 151.67336588944104
Epoch: 119 - Loss: 151.440058855714
Epoch: 120 - Loss: 151.08514925625832
Epoch: 121 - Loss: 150.95807846833264
Epoch: 122 - Loss: 150.69840750623547
Epoch: 123 - Loss: 150.1950242271176
Epoch: 124 - Loss: 149.68611930538898
Epoch: 125 - Loss: 149.24745919152116
Epoch: 126 - Loss: 148.44852372473818
Epoch: 127 - Loss: 147.56095515887125
Epoch: 128 - Loss: 146.81454257173337
Epoch: 129 - Loss: 146.0062811221941
Epoch: 130 - Loss: 145.20684991933277
Epoch: 131 - Loss: 144.60762758944105
Epoch: 132 - Loss: 143.7670563256797
Epoch: 133 - Loss: 142.48839886188688
Epoch: 134 - Loss: 140.7738563469628
Epoch: 135 - Loss: 138.53637505481242
Epoch: 136 - Loss: 132.9371067786144
Epoch: 137 - Loss: 122.74623560954402
Epoch: 138 - Loss: 116.8078460481935
Epoch: 139 - Loss: 114.68880059918278
Epoch: 140 - Loss: 115.62754727059936
Epoch: 141 - Loss: 116.57559475504559
Epoch: 142 - Loss: 117.35842263240812
Epoch: 143 - Loss: 117.86553636289581
Epoch: 144 - Loss: 118.24192138125166
Epoch: 145 - Loss: 118.49497533222755
Epoch: 146 - Loss: 118.58257462975936
Epoch: 147 - Loss: 118.6033714369895
Epoch: 148 - Loss: 118.53801517684757
Epoch: 149 - Loss: 118.4288883747516
Epoch: 150 - Loss: 118.28862245418718
Epoch: 151 - Loss: 118.04106753910611
Epoch: 152 - Loss: 117.66671778096642
Epoch: 153 - Loss: 117.19217673704557
Epoch: 154 - Loss: 116.68288470905726
Epoch: 155 - Loss: 116.11723235619715
Epoch: 156 - Loss: 115.5096006840964
Epoch: 157 - Loss: 114.84462541416482
Epoch: 158 - Loss: 114.11912714192255
Epoch: 159 - Loss: 113.33297136144597
Epoch: 160 - Loss: 112.46846823544367
Epoch: 161 - Loss: 111.52545614618934
Epoch: 162 - Loss: 110.44857486209078
Epoch: 163 - Loss: 109.23380944299663
Epoch: 164 - Loss: 107.8851636876207
Epoch: 165 - Loss: 106.73819440927666
Epoch: 166 - Loss: 107.22535641741644
Epoch: 167 - Loss: 107.48214375705501
Epoch: 168 - Loss: 107.6170786976784
Epoch: 169 - Loss: 107.34900702670286
Epoch: 170 - Loss: 106.78885262170868
Epoch: 171 - Loss: 106.02463605530595
Epoch: 172 - Loss: 105.09004676059006
Epoch: 173 - Loss: 105.11829347100974
Epoch: 174 - Loss: 105.31176976733826
Epoch: 175 - Loss: 105.40879817217461
Epoch: 176 - Loss: 105.36860687569022
Epoch: 177 - Loss: 105.21205423066354
Epoch: 178 - Loss: 104.95648405921801
Epoch: 179 - Loss: 104.6004642346159
Epoch: 180 - Loss: 104.28069557950107
Epoch: 181 - Loss: 104.21150142049405
Epoch: 182 - Loss: 104.41880325485347
Epoch: 183 - Loss: 104.32997806387259
Epoch: 184 - Loss: 103.87905523592094
Epoch: 185 - Loss: 103.63158876207268
Epoch: 186 - Loss: 103.6496664384247
Epoch: 187 - Loss: 103.72360409925135
Epoch: 188 - Loss: 103.74929299980863
Epoch: 189 - Loss: 103.69621780704189
Epoch: 190 - Loss: 103.57528696914704
Epoch: 191 - Loss: 103.43402005798278
Epoch: 192 - Loss: 103.31531450961957
Epoch: 193 - Loss: 103.27361895349654
Epoch: 194 - Loss: 103.23255369533628
Epoch: 195 - Loss: 103.10838021808964
Epoch: 196 - Loss: 102.9344669259284
Epoch: 197 - Loss: 102.80340971659602
Epoch: 198 - Loss: 102.72982307974155
Epoch: 199 - Loss: 102.67083729993837
Epoch: 200 - Loss: 102.59437797976862
Epoch: 201 - Loss: 102.48825219945688
Epoch: 202 - Loss: 102.35610794335047
Epoch: 203 - Loss: 102.22490852278386
Epoch: 204 - Loss: 102.11682727351993
Epoch: 205 - Loss: 102.02202077216467
Epoch: 206 - Loss: 101.92830495736081
Epoch: 207 - Loss: 100.24593421747502
Epoch: 208 - Loss: 88.01899084586698
Epoch: 209 - Loss: 62.11709076448335
Epoch: 210 - Loss: 59.3513953519365
Epoch: 211 - Loss: 58.73657738562259
Epoch: 212 - Loss: 58.497077925870215
Epoch: 213 - Loss: 58.372333585873285
Epoch: 214 - Loss: 58.289189225038946
Epoch: 215 - Loss: 58.22155665036633
Epoch: 216 - Loss: 58.16804620796131
Epoch: 217 - Loss: 58.12430033705231
Epoch: 218 - Loss: 58.093200289965324
Epoch: 219 - Loss: 58.06323242560128
Epoch: 220 - Loss: 58.03133840262666
Epoch: 221 - Loss: 57.997885764907736
Epoch: 222 - Loss: 57.965378065889176
Epoch: 223 - Loss: 57.936993255363916
Epoch: 224 - Loss: 57.91227609163553
Epoch: 225 - Loss: 57.88611035277997
Epoch: 226 - Loss: 57.856733155987534
Epoch: 227 - Loss: 57.828218395704226
Epoch: 228 - Loss: 57.80342562949059
Epoch: 229 - Loss: 57.780980811140246
Epoch: 230 - Loss: 57.75849071976846
Epoch: 231 - Loss: 57.73527165744565
Epoch: 232 - Loss: 57.712126335758064
Epoch: 233 - Loss: 57.691951279059694
Epoch: 234 - Loss: 57.66959144492847
Epoch: 235 - Loss: 57.64848009527776
Epoch: 236 - Loss: 57.62692689468798
Epoch: 237 - Loss: 57.603952822015685
Epoch: 238 - Loss: 57.581380291767815
Epoch: 239 - Loss: 57.56000082765717
Epoch: 240 - Loss: 57.53879479365324
Epoch: 241 - Loss: 57.51667898137897
Epoch: 242 - Loss: 57.493900054377654
Epoch: 243 - Loss: 57.47149076048
Epoch: 244 - Loss: 57.44988284866605
Epoch: 245 - Loss: 57.42856696829187
Epoch: 246 - Loss: 57.406699602462965
Epoch: 247 - Loss: 57.384583157092244
Epoch: 248 - Loss: 57.36259986441814
Epoch: 249 - Loss: 57.34103062994298
Epoch: 250 - Loss: 57.32179766200035
Epoch: 251 - Loss: 57.29882948089387
Epoch: 252 - Loss: 57.277494074665746
Epoch: 253 - Loss: 57.25536325872942
Epoch: 254 - Loss: 57.23283171021648
Epoch: 255 - Loss: 57.21045965824835
Epoch: 256 - Loss: 57.18838918246468
Epoch: 257 - Loss: 57.166537043837494
Epoch: 258 - Loss: 57.14473039993987
Epoch: 259 - Loss: 57.1230401293637
Epoch: 260 - Loss: 57.10085665620948
Epoch: 261 - Loss: 57.07858510533849
Epoch: 262 - Loss: 57.05611836868689
Epoch: 263 - Loss: 57.03354634974743
Epoch: 264 - Loss: 57.01128572527599
Epoch: 265 - Loss: 56.988616817639645
Epoch: 266 - Loss: 56.96628622492955
Epoch: 267 - Loss: 56.9439828190492
Epoch: 268 - Loss: 56.921698046979564
Epoch: 269 - Loss: 56.899492859378405
Epoch: 270 - Loss: 56.88109225989618
Epoch: 271 - Loss: 56.85889358672128
Too slow optimization
Epoch: 1 - Loss: 193.7786806201815
Epoch: 2 - Loss: 193.763749324638
Epoch: 3 - Loss: 193.74892801054108
Epoch: 4 - Loss: 193.73421295831236
Epoch: 5 - Loss: 193.7195928393133
Epoch: 6 - Loss: 193.70506673050787
Epoch: 7 - Loss: 193.69063796829855
Epoch: 8 - Loss: 193.67631388975565
Epoch: 9 - Loss: 193.66207775480922
Epoch: 10 - Loss: 193.64794584434205
Epoch: 11 - Loss: 193.63391206485852
Epoch: 12 - Loss: 193.6199690870841
Epoch: 13 - Loss: 193.60609971895363
Epoch: 14 - Loss: 193.59233959504348
Epoch: 15 - Loss: 193.57867055619013
Epoch: 16 - Loss: 193.56508328399693
Epoch: 17 - Loss: 193.55159376360902
Epoch: 18 - Loss: 193.53818837088284
Epoch: 19 - Loss: 193.5248589243636
Epoch: 20 - Loss: 193.51164831731688
Epoch: 21 - Loss: 193.49849006369845
Epoch: 22 - Loss: 193.485416676913
Epoch: 23 - Loss: 193.4724213412761
Epoch: 24 - Loss: 193.4595036790146
Epoch: 25 - Loss: 193.4466626702367
Epoch: 26 - Loss: 193.43389538440852
Epoch: 27 - Loss: 193.42120005979632
Epoch: 28 - Loss: 193.40857551544687
Epoch: 29 - Loss: 193.39602031083857
Epoch: 30 - Loss: 193.3835325742705
Epoch: 31 - Loss: 193.37111085848042
Epoch: 32 - Loss: 193.35863223768595
Epoch: 33 - Loss: 193.34633400581785
Epoch: 34 - Loss: 193.33408910988348
Epoch: 35 - Loss: 193.32191219723757
Epoch: 36 - Loss: 193.30979401491126
Epoch: 37 - Loss: 193.297733472871
Epoch: 38 - Loss: 193.2857282594462
Epoch: 39 - Loss: 193.27377665410833
Epoch: 40 - Loss: 193.26187826523577
Epoch: 41 - Loss: 193.25003307405964
Epoch: 42 - Loss: 193.23824183183362
Epoch: 43 - Loss: 193.22649527501628
Epoch: 44 - Loss: 193.2147961892022
Epoch: 45 - Loss: 193.20314314383873
Epoch: 46 - Loss: 193.1915365725431
Epoch: 47 - Loss: 193.17997428113816
Epoch: 48 - Loss: 193.16845453416738
Epoch: 49 - Loss: 193.1569769841767
Epoch: 50 - Loss: 193.1455422913417
Epoch: 51 - Loss: 193.13414631221403
Epoch: 52 - Loss: 193.12278938287753
Epoch: 53 - Loss: 193.11147078213227
Epoch: 54 - Loss: 193.1001898007107
Epoch: 55 - Loss: 193.08894456535816
Epoch: 56 - Loss: 193.07773520341087
Epoch: 57 - Loss: 193.06655944808546
Epoch: 58 - Loss: 193.05542093531707
Epoch: 59 - Loss: 193.0443130495722
Epoch: 60 - Loss: 193.0332355954045
Epoch: 61 - Loss: 193.02219099031
Epoch: 62 - Loss: 193.01118159222708
Epoch: 63 - Loss: 193.00019524068534
Epoch: 64 - Loss: 192.9892421643871
Epoch: 65 - Loss: 192.97831561764954
Epoch: 66 - Loss: 192.96741689097604
Epoch: 67 - Loss: 192.95654545646946
Epoch: 68 - Loss: 192.94570064748586
Epoch: 69 - Loss: 192.93488182663168
Epoch: 70 - Loss: 192.92408861215816
Epoch: 71 - Loss: 192.91332159501678
Epoch: 72 - Loss: 192.90257845618237
Epoch: 73 - Loss: 192.8918681923009
Epoch: 74 - Loss: 192.88117554050203
Epoch: 75 - Loss: 192.87050302269827
Epoch: 76 - Loss: 192.85985212237128
Epoch: 77 - Loss: 192.84922332297722
Epoch: 78 - Loss: 192.8386160085996
Epoch: 79 - Loss: 192.8280279831878
Epoch: 80 - Loss: 192.81746455376688
Epoch: 81 - Loss: 192.80691689342788
Epoch: 82 - Loss: 192.79639202671683
Epoch: 83 - Loss: 192.78588612772637
Epoch: 84 - Loss: 192.7753990681265
Epoch: 85 - Loss: 192.76493056249927
Epoch: 86 - Loss: 192.75448051798924
Epoch: 87 - Loss: 192.74405102210602
Epoch: 88 - Loss: 192.7336369780433
Epoch: 89 - Loss: 192.72324028892257
Epoch: 90 - Loss: 192.71286065212863
Epoch: 91 - Loss: 192.70249807389143
Epoch: 92 - Loss: 192.69215156682205
Epoch: 93 - Loss: 192.6818212973639
Epoch: 94 - Loss: 192.67150696133098
Epoch: 95 - Loss: 192.6612094662532
Epoch: 96 - Loss: 192.65091910306072
Epoch: 97 - Loss: 192.64065121309488
Epoch: 98 - Loss: 192.63039813955962
Epoch: 99 - Loss: 192.6201596618141
Epoch: 100 - Loss: 192.609935477433
Epoch: 101 - Loss: 192.59972540722362
Epoch: 102 - Loss: 192.58952928024397
Epoch: 103 - Loss: 192.57934689331725
Epoch: 104 - Loss: 192.56918287510442
Epoch: 105 - Loss: 192.55902769556315
Epoch: 106 - Loss: 192.54888601940962
Epoch: 107 - Loss: 192.53875734072363
Epoch: 108 - Loss: 192.52864035595715
Epoch: 109 - Loss: 192.51852492576626
Epoch: 110 - Loss: 192.5084331814851
Epoch: 111 - Loss: 192.49834857317884
Epoch: 112 - Loss: 192.48828184732298
Epoch: 113 - Loss: 192.4782264826027
Epoch: 114 - Loss: 192.46818477257563
Epoch: 115 - Loss: 192.45815208464904
Epoch: 116 - Loss: 192.4481312349427
Epoch: 117 - Loss: 192.43811175313135
Epoch: 118 - Loss: 192.4281176491282
Epoch: 119 - Loss: 192.41812770626444
Epoch: 120 - Loss: 192.4081496911423
Epoch: 121 - Loss: 192.39818385342136
Epoch: 122 - Loss: 192.38822659613786
Epoch: 123 - Loss: 192.37828045822715
Epoch: 124 - Loss: 192.36834362316932
Epoch: 125 - Loss: 192.35841502981023
Epoch: 126 - Loss: 192.34850177753077
Epoch: 127 - Loss: 192.3385927679858
Epoch: 128 - Loss: 192.32869546968033
Epoch: 129 - Loss: 192.31880818474667
Epoch: 130 - Loss: 192.30892955231718
Epoch: 131 - Loss: 192.29906040237972
Epoch: 132 - Loss: 192.28920098503997
Epoch: 133 - Loss: 192.27934988998928
Epoch: 134 - Loss: 192.26951036466951
Epoch: 135 - Loss: 192.25967772208492
Epoch: 136 - Loss: 192.24985545343208
Epoch: 137 - Loss: 192.24004002349798
Epoch: 138 - Loss: 192.23023338392815
Epoch: 139 - Loss: 192.2204363186274
Epoch: 140 - Loss: 192.21064608307347
Epoch: 141 - Loss: 192.2008651165059
Epoch: 142 - Loss: 192.1910920258012
Epoch: 143 - Loss: 192.18132716502203
Epoch: 144 - Loss: 192.17157225646753
Epoch: 145 - Loss: 192.16182324183103
Epoch: 146 - Loss: 192.15208224369312
Epoch: 147 - Loss: 192.1423489999701
Epoch: 148 - Loss: 192.13262384320626
Epoch: 149 - Loss: 192.12290631850715
Epoch: 150 - Loss: 192.11319605747326
Epoch: 151 - Loss: 192.10349390582067
Epoch: 152 - Loss: 192.09379917737982
Epoch: 153 - Loss: 192.08411189494302
Epoch: 154 - Loss: 192.07443164592723
Epoch: 155 - Loss: 192.0647518694239
Epoch: 156 - Loss: 192.05508592615283
Epoch: 157 - Loss: 192.04542690716096
Epoch: 158 - Loss: 192.03577487557604
Epoch: 159 - Loss: 192.02613350376978
Epoch: 160 - Loss: 192.01649552890677
Epoch: 161 - Loss: 192.00686437104662
Epoch: 162 - Loss: 191.99723988047015
Epoch: 163 - Loss: 191.98762212065827
Epoch: 164 - Loss: 191.978009981854
Epoch: 165 - Loss: 191.9684057025733
Epoch: 166 - Loss: 191.95880809255758
Epoch: 167 - Loss: 191.94921686237387
Epoch: 168 - Loss: 191.9396300603994
Epoch: 169 - Loss: 191.93005160811512
Epoch: 170 - Loss: 191.92047948329355
Epoch: 171 - Loss: 191.9109133915262
Epoch: 172 - Loss: 191.90135383508593
Epoch: 173 - Loss: 191.89180045083702
Epoch: 174 - Loss: 191.88226978316297
Epoch: 175 - Loss: 191.87272859096473
Epoch: 176 - Loss: 191.86318896642754
Epoch: 177 - Loss: 191.85365996422684
Epoch: 178 - Loss: 191.84413695140282
Epoch: 179 - Loss: 191.83461997450894
Epoch: 180 - Loss: 191.8251087845435
Epoch: 181 - Loss: 191.81560328567022
Epoch: 182 - Loss: 191.80610360439096
Epoch: 183 - Loss: 191.79660966345443
Epoch: 184 - Loss: 191.78712140104918
Epoch: 185 - Loss: 191.7776387591212
Epoch: 186 - Loss: 191.76816170250135
Epoch: 187 - Loss: 191.75868947723154
Epoch: 188 - Loss: 191.7492245944511
Epoch: 189 - Loss: 191.739764031082
Epoch: 190 - Loss: 191.73030830155656
Epoch: 191 - Loss: 191.72085889963313
Epoch: 192 - Loss: 191.7114152345382
Epoch: 193 - Loss: 191.7019763736128
Epoch: 194 - Loss: 191.69254273257326
Epoch: 195 - Loss: 191.6831142955271
Epoch: 196 - Loss: 191.67369097167133
Epoch: 197 - Loss: 191.66427282265667
Epoch: 198 - Loss: 191.65485973754429
Epoch: 199 - Loss: 191.64520071045098
Epoch: 200 - Loss: 191.63549200968984
Epoch: 201 - Loss: 191.62575475589455
Epoch: 202 - Loss: 191.61599297279028
Epoch: 203 - Loss: 191.6062104255011
Epoch: 204 - Loss: 191.59641020756098
Epoch: 205 - Loss: 191.58659531815988
Epoch: 206 - Loss: 191.57676812898993
Epoch: 207 - Loss: 191.5669310401909
Epoch: 208 - Loss: 191.55708629830107
Epoch: 209 - Loss: 191.54723561050253
Epoch: 210 - Loss: 191.53738057787484
Epoch: 211 - Loss: 191.52752254901426
Epoch: 212 - Loss: 191.51766363454408
Epoch: 213 - Loss: 191.50780349914308
Epoch: 214 - Loss: 191.49796707430903
Epoch: 215 - Loss: 191.48809827234322
Epoch: 216 - Loss: 191.47824221167392
Epoch: 217 - Loss: 191.4683889376563
Epoch: 218 - Loss: 191.45853923772205
Epoch: 219 - Loss: 191.44869346379113
Epoch: 220 - Loss: 191.43885231216345
Epoch: 221 - Loss: 191.42901641473003
Epoch: 222 - Loss: 191.419185523516
Epoch: 223 - Loss: 191.40936023668647
Epoch: 224 - Loss: 191.39954046258552
Epoch: 225 - Loss: 191.38972602120316
Epoch: 226 - Loss: 191.37991900139576
Epoch: 227 - Loss: 191.37011907847872
Epoch: 228 - Loss: 191.36032445307276
Epoch: 229 - Loss: 191.35053785069812
Epoch: 230 - Loss: 191.34075829923307
Epoch: 231 - Loss: 191.3309854473389
Epoch: 232 - Loss: 191.32121120111722
Epoch: 233 - Loss: 191.31145140769038
Epoch: 234 - Loss: 191.30169169004068
Epoch: 235 - Loss: 191.2919471689732
Epoch: 236 - Loss: 191.28220916545231
Epoch: 237 - Loss: 191.27247906799306
Epoch: 238 - Loss: 191.26275581285552
Epoch: 239 - Loss: 191.25304259224842
Epoch: 240 - Loss: 191.24333013149888
Epoch: 241 - Loss: 191.23363116668725
Epoch: 242 - Loss: 191.2239345955097
Epoch: 243 - Loss: 191.2142478563341
Epoch: 244 - Loss: 191.20457495188367
Epoch: 245 - Loss: 191.19490291511906
Epoch: 246 - Loss: 191.18525353433063
Epoch: 247 - Loss: 191.17559529884173
Epoch: 248 - Loss: 191.16594476632145
Epoch: 249 - Loss: 191.1563009493923
Epoch: 250 - Loss: 191.14666384386337
Epoch: 251 - Loss: 191.13703311617567
Epoch: 252 - Loss: 191.12740980924212
Epoch: 253 - Loss: 191.11779322290025
Epoch: 254 - Loss: 191.10818332480235
Epoch: 255 - Loss: 191.0985816745469
Epoch: 256 - Loss: 191.08898806759075
Epoch: 257 - Loss: 191.0793988941309
Epoch: 258 - Loss: 191.0698164019183
Epoch: 259 - Loss: 191.06021944348637
Epoch: 260 - Loss: 191.05067355631195
Epoch: 261 - Loss: 191.04112108395998
Epoch: 262 - Loss: 191.0315333036656
Epoch: 263 - Loss: 191.02201672049375
Epoch: 264 - Loss: 191.01246418055715
Epoch: 265 - Loss: 191.00290187989393
Epoch: 266 - Loss: 190.99337190412857
Epoch: 267 - Loss: 190.98384838177844
Epoch: 268 - Loss: 190.97433430318782
Epoch: 269 - Loss: 190.96482275159659
Epoch: 270 - Loss: 190.95531490135264
Epoch: 271 - Loss: 190.9458161702153
Epoch: 272 - Loss: 190.93632357783127
Epoch: 273 - Loss: 190.9268367720223
Epoch: 274 - Loss: 190.91735616706214
Epoch: 275 - Loss: 190.90788132778022
Epoch: 276 - Loss: 190.89841253471093
Epoch: 277 - Loss: 190.88894973908432
Epoch: 278 - Loss: 190.8794981517664
Epoch: 279 - Loss: 190.8700490890865
Epoch: 280 - Loss: 190.86060409294402
Epoch: 281 - Loss: 190.85116037388033
Epoch: 282 - Loss: 190.84173424542448
Epoch: 283 - Loss: 190.83230517323148
Epoch: 284 - Loss: 190.8228848089351
Epoch: 285 - Loss: 190.81346372204874
Epoch: 286 - Loss: 190.80405400719346
Epoch: 287 - Loss: 190.79465003694676
Epoch: 288 - Loss: 190.7852662692624
Epoch: 289 - Loss: 190.77587451632786
Epoch: 290 - Loss: 190.7664879469993
Epoch: 291 - Loss: 190.75710615755312
Epoch: 292 - Loss: 190.74772884592653
Epoch: 293 - Loss: 190.73835808174962
Epoch: 294 - Loss: 190.72899208594248
Epoch: 295 - Loss: 190.71963101727297
Epoch: 296 - Loss: 190.71027518039187
Epoch: 297 - Loss: 190.70092620018752
Epoch: 298 - Loss: 190.69158170997463
Epoch: 299 - Loss: 190.6822433179392
Epoch: 300 - Loss: 190.6729098039695
