/home/nandivada.s/vanaja_lab/satya/PathwayML/venv/lib/python3.12/site-packages/optuna/samplers/_tpe/sampler.py:82: FutureWarning: `consider_prior` has been deprecated in v4.3.0. This feature will be removed in v6.0.0. See https://github.com/optuna/optuna/releases/tag/v4.3.0.
  optuna_warn(msg, FutureWarning)
/home/nandivada.s/vanaja_lab/satya/PathwayML/venv/lib/python3.12/site-packages/optuna/_experimental.py:33: ExperimentalWarning: Argument ``multivariate`` is an experimental feature. The interface can change in the future.
  optuna_warn(
[I 2026-08-27 11:46:57,963] A new study created in memory with name: no-name-3088bb17-def8-47c7-aa2f-baabfded354e
Epoch: 1 - Loss: 193.88366930387448
Too slow optimization
Epoch: 1 - Loss: 187.15410768111389
Epoch: 2 - Loss: 187.09603774629124
Epoch: 3 - Loss: 187.03782531036774
Epoch: 4 - Loss: 186.97946312704934
Epoch: 5 - Loss: 186.92094333854334
Epoch: 6 - Loss: 186.86225781595763
Epoch: 7 - Loss: 186.80339763518114
Epoch: 8 - Loss: 186.74435355741676
Epoch: 9 - Loss: 186.68511515184193
Epoch: 10 - Loss: 186.6256719814193
Epoch: 11 - Loss: 186.56601271320986
Epoch: 12 - Loss: 186.5061247546349
Epoch: 13 - Loss: 186.44599541723431
Epoch: 14 - Loss: 186.38561071407094
Epoch: 15 - Loss: 186.32495610200812
Epoch: 16 - Loss: 186.26401543802842
Epoch: 17 - Loss: 186.20277229393005
Epoch: 18 - Loss: 186.14120900825785
Epoch: 19 - Loss: 186.07930507042155
Epoch: 20 - Loss: 186.0170413523555
Epoch: 21 - Loss: 185.9543952681931
Epoch: 22 - Loss: 185.89134314911027
Epoch: 23 - Loss: 185.82786059377398
Epoch: 24 - Loss: 185.7639199859041
Epoch: 25 - Loss: 185.69949307907711
Epoch: 26 - Loss: 185.63454925761133
Epoch: 27 - Loss: 185.56905458837315
Epoch: 28 - Loss: 185.50297441024034
Epoch: 29 - Loss: 185.4362707402451
Epoch: 30 - Loss: 185.36890203649205
Epoch: 31 - Loss: 185.30082550411862
Epoch: 32 - Loss: 185.2319933780043
Epoch: 33 - Loss: 185.1623546236646
Epoch: 34 - Loss: 185.09185459454307
Epoch: 35 - Loss: 185.02043473310354
Epoch: 36 - Loss: 184.94803116346532
Epoch: 37 - Loss: 184.87457498373536
Epoch: 38 - Loss: 184.79999270067262
Epoch: 39 - Loss: 184.72420298095471
Epoch: 40 - Loss: 184.64711976255595
Epoch: 41 - Loss: 184.56864877569595
Epoch: 42 - Loss: 184.48868704136618
Epoch: 43 - Loss: 184.40712467589918
Epoch: 44 - Loss: 184.3238406598548
Epoch: 45 - Loss: 184.23870441943652
Epoch: 46 - Loss: 184.15157299413116
Epoch: 47 - Loss: 184.06229078421853
Epoch: 48 - Loss: 183.97068860238593
Epoch: 49 - Loss: 183.87658170320745
Epoch: 50 - Loss: 183.77976573358217
Epoch: 51 - Loss: 183.6800215758981
Epoch: 52 - Loss: 183.5771067953535
Epoch: 53 - Loss: 183.47075638181622
Epoch: 54 - Loss: 183.36067928898925
Epoch: 55 - Loss: 183.2465571880316
Epoch: 56 - Loss: 183.12804084549074
Epoch: 57 - Loss: 183.00474742789686
Epoch: 58 - Loss: 182.87625630255292
Epoch: 59 - Loss: 182.74210541561084
Epoch: 60 - Loss: 182.60178949265236
Epoch: 61 - Loss: 182.45475680825948
Epoch: 62 - Loss: 182.3004030907609
Epoch: 63 - Loss: 182.13806810220194
Epoch: 64 - Loss: 181.96703706285743
Epoch: 65 - Loss: 181.786531789734
Epoch: 66 - Loss: 181.59571444889207
Epoch: 67 - Loss: 181.3936901966094
Epoch: 68 - Loss: 181.17950724304475
Epoch: 69 - Loss: 180.91426857547526
Epoch: 70 - Loss: 180.63087589936274
Epoch: 71 - Loss: 180.3287194207824
Epoch: 72 - Loss: 180.00699917284646
Epoch: 73 - Loss: 179.6648890355318
Epoch: 74 - Loss: 179.30158798042066
Epoch: 75 - Loss: 178.91638149138558
Epoch: 76 - Loss: 178.50871015186445
Epoch: 77 - Loss: 178.07824486346905
Epoch: 78 - Loss: 177.6249448727544
Epoch: 79 - Loss: 177.14908704673374
Epoch: 80 - Loss: 176.65119332226976
Epoch: 81 - Loss: 176.13173906681
Epoch: 82 - Loss: 175.55103402669664
Epoch: 83 - Loss: 174.83328942437964
Epoch: 84 - Loss: 174.06526324675505
Epoch: 85 - Loss: 173.20910693066656
Epoch: 86 - Loss: 172.18048609771495
Epoch: 87 - Loss: 170.8933605349651
Epoch: 88 - Loss: 178.26197830334672
Epoch: 89 - Loss: 171.54467347512704
Epoch: 90 - Loss: 170.63876469761092
Epoch: 91 - Loss: 171.08055445091003
Epoch: 92 - Loss: 171.49797592873773
Epoch: 93 - Loss: 171.8344966019436
Epoch: 94 - Loss: 172.09934121498338
Epoch: 95 - Loss: 172.3069359726581
Epoch: 96 - Loss: 172.46888172438213
Epoch: 97 - Loss: 172.5937599129297
Epoch: 98 - Loss: 172.68790523028846
Epoch: 99 - Loss: 172.75607215170768
Epoch: 100 - Loss: 172.80190659094922
Epoch: 101 - Loss: 172.82825613911373
Epoch: 102 - Loss: 172.83738011702917
Epoch: 103 - Loss: 172.83108983039452
Epoch: 104 - Loss: 172.81084464556116
Epoch: 105 - Loss: 172.77781865454628
Epoch: 106 - Loss: 172.73294811298138
Epoch: 107 - Loss: 172.6769630432931
Epoch: 108 - Loss: 172.61041154333805
Epoch: 109 - Loss: 172.53367235884303
Epoch: 110 - Loss: 172.44696686803593
Epoch: 111 - Loss: 172.35036287349828
Epoch: 112 - Loss: 172.243774086735
Epoch: 113 - Loss: 172.12696429750136
Epoch: 114 - Loss: 171.99954552639255
Epoch: 115 - Loss: 171.86098683956453
Epoch: 116 - Loss: 171.71064168329139
Epoch: 117 - Loss: 171.54781125676516
Epoch: 118 - Loss: 171.3718946106076
Epoch: 119 - Loss: 171.18271199073976
Epoch: 120 - Loss: 170.9811964552838
Epoch: 121 - Loss: 170.77085408368973
Epoch: 122 - Loss: 170.56080023404957
Epoch: 123 - Loss: 170.37178553726852
Epoch: 124 - Loss: 170.26329994421073
Epoch: 125 - Loss: 170.44933271346113
Epoch: 126 - Loss: 170.7480620096411
Epoch: 127 - Loss: 170.76335123407986
Epoch: 128 - Loss: 170.48630851725474
Epoch: 129 - Loss: 170.25417541610625
Epoch: 130 - Loss: 170.21864649171118
Epoch: 131 - Loss: 170.29923645291584
Epoch: 132 - Loss: 170.3655608848495
Epoch: 133 - Loss: 170.41119768921394
Epoch: 134 - Loss: 170.4315205284953
Epoch: 135 - Loss: 170.4264754838887
Epoch: 136 - Loss: 170.3981756941837
Epoch: 137 - Loss: 170.3501528597463
Epoch: 138 - Loss: 170.2874534711385
Epoch: 139 - Loss: 170.21723154117808
Epoch: 140 - Loss: 170.13949818721892
Epoch: 141 - Loss: 170.11352968475447
Epoch: 142 - Loss: 170.1493759418486
Epoch: 143 - Loss: 170.19757006572652
Epoch: 144 - Loss: 170.1968375584269
Epoch: 145 - Loss: 170.1426056561223
Epoch: 146 - Loss: 170.08380878833898
Epoch: 147 - Loss: 170.05957330574634
Epoch: 148 - Loss: 170.06891945175863
Epoch: 149 - Loss: 170.08739749321478
Epoch: 150 - Loss: 170.09213643911943
Epoch: 151 - Loss: 170.0749645356866
Epoch: 152 - Loss: 170.0433944991524
Epoch: 153 - Loss: 170.01368492415116
Epoch: 154 - Loss: 169.99959727011287
Epoch: 155 - Loss: 170.00207669802353
Epoch: 156 - Loss: 170.0080939386222
Epoch: 157 - Loss: 170.00276014788145
Epoch: 158 - Loss: 169.98384757079606
Epoch: 159 - Loss: 169.9619850343056
Epoch: 160 - Loss: 169.94797923776923
Epoch: 161 - Loss: 169.94349512236053
Epoch: 162 - Loss: 169.94245969553828
Epoch: 163 - Loss: 169.93782193396476
Epoch: 164 - Loss: 169.92678938335015
Epoch: 165 - Loss: 169.9118411385953
Epoch: 166 - Loss: 169.89807937490565
Epoch: 167 - Loss: 169.88907622117773
Epoch: 168 - Loss: 169.88412752932322
Epoch: 169 - Loss: 169.87918957697644
Epoch: 170 - Loss: 169.87082269059007
Epoch: 171 - Loss: 169.85925451011832
Epoch: 172 - Loss: 169.84753281242777
Epoch: 173 - Loss: 169.83822506919586
Epoch: 174 - Loss: 169.83133549497208
Epoch: 175 - Loss: 169.82492741011407
Epoch: 176 - Loss: 169.81712234709525
Epoch: 177 - Loss: 169.80755171090314
Epoch: 178 - Loss: 169.79735297795952
Epoch: 179 - Loss: 169.78801445208413
Epoch: 180 - Loss: 169.7800998516576
Epoch: 181 - Loss: 169.77288557628333
Epoch: 182 - Loss: 169.76516450964672
Epoch: 183 - Loss: 169.75639856855997
Epoch: 184 - Loss: 169.74709339498003
Epoch: 185 - Loss: 169.73814909357614
Epoch: 186 - Loss: 169.7299843551282
Epoch: 187 - Loss: 169.7222763101105
Epoch: 188 - Loss: 169.71439295183026
Epoch: 189 - Loss: 169.7059867053103
Epoch: 190 - Loss: 169.697229538286
Epoch: 191 - Loss: 169.68857485056176
Epoch: 192 - Loss: 169.6803222541783
Epoch: 193 - Loss: 169.6723790883569
Epoch: 194 - Loss: 169.6644031145719
Epoch: 195 - Loss: 169.6561506849494
Epoch: 196 - Loss: 169.64768168535815
Epoch: 197 - Loss: 169.63924979597965
Epoch: 198 - Loss: 169.6310360885316
Epoch: 199 - Loss: 169.62300097205386
Epoch: 200 - Loss: 169.61496311850033
Epoch: 201 - Loss: 169.60678677770596
Epoch: 202 - Loss: 169.5984924072345
Epoch: 203 - Loss: 169.59020999206257
Epoch: 204 - Loss: 169.5820440968784
Epoch: 205 - Loss: 169.5739836742186
Epoch: 206 - Loss: 169.56593122750837
Epoch: 207 - Loss: 169.55780712766847
Epoch: 208 - Loss: 169.54962001275754
Epoch: 209 - Loss: 169.54144277209514
Epoch: 210 - Loss: 169.53333306609585
Epoch: 211 - Loss: 169.52528304032538
Epoch: 212 - Loss: 169.51723897391108
Epoch: 213 - Loss: 169.50915900178413
Epoch: 214 - Loss: 169.50104914425208
Epoch: 215 - Loss: 169.4929490194147
Epoch: 216 - Loss: 169.48488921565007
Epoch: 217 - Loss: 169.47686437174607
Epoch: 218 - Loss: 169.46884441836056
Epoch: 219 - Loss: 169.46080712982095
Epoch: 220 - Loss: 169.45275776502515
Epoch: 221 - Loss: 169.44471898291965
Epoch: 222 - Loss: 169.43670616765587
Epoch: 223 - Loss: 169.42871414975744
Epoch: 224 - Loss: 169.42072593513612
Epoch: 225 - Loss: 169.41273081306446
Epoch: 226 - Loss: 169.4047333763399
Too slow optimization
Epoch: 1 - Loss: 195.15784375162337
Epoch: 2 - Loss: 194.5747491114899
Epoch: 3 - Loss: 193.99480051919545
Epoch: 4 - Loss: 193.4183064657837
Epoch: 5 - Loss: 192.8455153744989
Epoch: 6 - Loss: 192.2765916689582
Epoch: 7 - Loss: 191.71158120912145
Epoch: 8 - Loss: 191.15037273933282
Epoch: 9 - Loss: 190.59263641785395
Epoch: 10 - Loss: 190.03775805716126
Epoch: 11 - Loss: 189.48473417312997
Epoch: 12 - Loss: 188.93204854547727
Epoch: 13 - Loss: 188.37750213229674
Epoch: 14 - Loss: 187.8179940204579
Epoch: 15 - Loss: 187.24922203883875
Epoch: 16 - Loss: 186.66527163912144
Epoch: 17 - Loss: 186.0580072779153
Epoch: 18 - Loss: 185.41619599833976
Epoch: 19 - Loss: 184.71873266005252
Epoch: 20 - Loss: 183.78559954890412
Epoch: 21 - Loss: 182.742149468098
Epoch: 22 - Loss: 181.54613933124512
Epoch: 23 - Loss: 180.1427738141258
Epoch: 24 - Loss: 178.4668625216802
Epoch: 25 - Loss: 176.24353116879186
Epoch: 26 - Loss: 173.53043027385291
Epoch: 27 - Loss: 171.97154917995132
Epoch: 28 - Loss: 171.01649982497932
Epoch: 29 - Loss: 170.92688561393885
Epoch: 30 - Loss: 170.84171442328824
Epoch: 31 - Loss: 170.60498172063498
Epoch: 32 - Loss: 170.2679648837105
Epoch: 33 - Loss: 170.02781161852397
Epoch: 34 - Loss: 170.08571315312074
Epoch: 35 - Loss: 169.6127817111191
Epoch: 36 - Loss: 169.59303713269645
Epoch: 37 - Loss: 169.47655909558657
Epoch: 38 - Loss: 169.23776349235533
Epoch: 39 - Loss: 168.95740890922772
Epoch: 40 - Loss: 168.72865609183341
Epoch: 41 - Loss: 168.83066363422165
Epoch: 42 - Loss: 168.33644307187467
Epoch: 43 - Loss: 168.22717906337465
Epoch: 44 - Loss: 168.12297307646037
Epoch: 45 - Loss: 167.96080170957262
Epoch: 46 - Loss: 167.72928001790243
Epoch: 47 - Loss: 167.50398899947967
Epoch: 48 - Loss: 167.40348515688623
Epoch: 49 - Loss: 167.32409482587536
Epoch: 50 - Loss: 167.02115203741235
Epoch: 51 - Loss: 166.97450333958054
Epoch: 52 - Loss: 166.8739737515967
Epoch: 53 - Loss: 166.65580613645483
Epoch: 54 - Loss: 166.342722244432
Epoch: 55 - Loss: 166.02969415543083
Epoch: 56 - Loss: 165.89333937009155
Epoch: 57 - Loss: 165.82846529746573
Epoch: 58 - Loss: 165.40120374015072
Epoch: 59 - Loss: 165.33889383158441
Epoch: 60 - Loss: 165.20530487493625
Epoch: 61 - Loss: 164.93444166040953
Epoch: 62 - Loss: 164.54673744399415
Epoch: 63 - Loss: 164.11951833441657
Epoch: 64 - Loss: 163.8327655319256
Epoch: 65 - Loss: 163.8805488278836
Epoch: 66 - Loss: 163.20101231676878
Epoch: 67 - Loss: 163.0262167567292
Epoch: 68 - Loss: 162.81898620072158
Epoch: 69 - Loss: 162.48028705195892
Epoch: 70 - Loss: 162.01299493024
Epoch: 71 - Loss: 161.47599446273207
Epoch: 72 - Loss: 161.01651145861177
Epoch: 73 - Loss: 160.89018579668686
Epoch: 74 - Loss: 160.29927258965998
Epoch: 75 - Loss: 160.20223262029975
Epoch: 76 - Loss: 160.126021770599
Epoch: 77 - Loss: 159.78843480492185
Epoch: 78 - Loss: 159.366583235404
Epoch: 79 - Loss: 158.98230855191335
Epoch: 80 - Loss: 158.71807907936574
Epoch: 81 - Loss: 158.59055596960874
Epoch: 82 - Loss: 158.24512073136756
Epoch: 83 - Loss: 158.05579636258528
Epoch: 84 - Loss: 157.87287233790826
Epoch: 85 - Loss: 157.62760687916673
Epoch: 86 - Loss: 157.32206144171778
Epoch: 87 - Loss: 157.00854017330659
Epoch: 88 - Loss: 156.75659609340647
Epoch: 89 - Loss: 156.52999945882638
Epoch: 90 - Loss: 156.1434999635271
Epoch: 91 - Loss: 155.8993628664718
Epoch: 92 - Loss: 155.6247079192902
Epoch: 93 - Loss: 155.25993374634047
Epoch: 94 - Loss: 154.8078035609564
Epoch: 95 - Loss: 154.26425218487142
Epoch: 96 - Loss: 153.8100065054793
Epoch: 97 - Loss: 152.91509396080667
Epoch: 98 - Loss: 151.4264656457505
Epoch: 99 - Loss: 149.29161937749097
Epoch: 100 - Loss: 148.05579208326716
Epoch: 101 - Loss: 147.27842515854223
Epoch: 102 - Loss: 147.54539588242977
Epoch: 103 - Loss: 147.70278446943973
Epoch: 104 - Loss: 147.34555534986328
Epoch: 105 - Loss: 147.132909179574
Epoch: 106 - Loss: 146.5952824525334
Epoch: 107 - Loss: 146.07344875356344
Epoch: 108 - Loss: 145.9573045438886
Epoch: 109 - Loss: 146.3856536364
Epoch: 110 - Loss: 145.95201922377987
Epoch: 111 - Loss: 145.67530479016443
Epoch: 112 - Loss: 145.39526342314974
Epoch: 113 - Loss: 145.62316607433894
Epoch: 114 - Loss: 145.24047113428435
Epoch: 115 - Loss: 145.29256543192156
Epoch: 116 - Loss: 145.1721908028495
Epoch: 117 - Loss: 144.85530071692952
Epoch: 118 - Loss: 145.05618923661876
Epoch: 119 - Loss: 144.6153518407176
Epoch: 120 - Loss: 144.64082562446566
Epoch: 121 - Loss: 144.22403257183205
Epoch: 122 - Loss: 143.9549948950087
Epoch: 123 - Loss: 143.91156618175646
Epoch: 124 - Loss: 143.56983277194158
Epoch: 125 - Loss: 143.5979572308436
Epoch: 126 - Loss: 143.0222719441849
Epoch: 127 - Loss: 142.5114400354209
Epoch: 128 - Loss: 142.33123740505903
Epoch: 129 - Loss: 141.49925100370535
Epoch: 130 - Loss: 141.36860660782767
Epoch: 131 - Loss: 140.60577317016268
Epoch: 132 - Loss: 139.55376098482085
Epoch: 133 - Loss: 139.60081541186074
Epoch: 134 - Loss: 138.25089954780103
Epoch: 135 - Loss: 137.76744986245808
Epoch: 136 - Loss: 136.78054027491942
Epoch: 137 - Loss: 135.09092393726647
Epoch: 138 - Loss: 134.42844607237467
Epoch: 139 - Loss: 132.88727756956092
Epoch: 140 - Loss: 131.2845001337808
Epoch: 141 - Loss: 130.2065795365864
Epoch: 142 - Loss: 124.04027722992895
Epoch: 143 - Loss: 112.53464619532183
Epoch: 144 - Loss: 109.1123018372483
Epoch: 145 - Loss: 110.81836790863694
Epoch: 146 - Loss: 112.04532042672224
Epoch: 147 - Loss: 112.93065260991139
Epoch: 148 - Loss: 113.51881208344604
Epoch: 149 - Loss: 113.77613613201305
Epoch: 150 - Loss: 113.957295652663
Epoch: 151 - Loss: 113.98106969660938
Epoch: 152 - Loss: 113.89388115647473
Epoch: 153 - Loss: 113.96966525544967
Epoch: 154 - Loss: 113.64510776991425
Epoch: 155 - Loss: 113.41850975844515
Epoch: 156 - Loss: 112.81660794870463
Epoch: 157 - Loss: 112.30059917510488
Epoch: 158 - Loss: 111.57966110639045
Epoch: 159 - Loss: 110.45501180562941
Epoch: 160 - Loss: 109.22312915341656
Epoch: 161 - Loss: 107.61106310463592
Epoch: 162 - Loss: 107.43948317262154
Epoch: 163 - Loss: 109.53614047040776
Epoch: 164 - Loss: 109.93145899718635
Epoch: 165 - Loss: 109.15284458699607
Epoch: 166 - Loss: 107.43257200428691
Epoch: 167 - Loss: 107.06900112410366
Epoch: 168 - Loss: 107.98773972883653
Epoch: 169 - Loss: 108.33776348828701
Epoch: 170 - Loss: 108.72513633397658
Epoch: 171 - Loss: 108.35471309340875
Epoch: 172 - Loss: 107.6366674286886
Epoch: 173 - Loss: 107.48277101821344
Epoch: 174 - Loss: 106.71216533555626
Epoch: 175 - Loss: 107.9762113636247
Epoch: 176 - Loss: 108.20401712982458
Epoch: 177 - Loss: 107.95356305125897
Epoch: 178 - Loss: 107.8557494937663
Epoch: 179 - Loss: 106.68141824785792
Epoch: 180 - Loss: 106.67192674961755
Epoch: 181 - Loss: 107.17634029627996
Epoch: 182 - Loss: 107.1394688060087
Epoch: 183 - Loss: 107.55653980905407
Epoch: 184 - Loss: 106.80928820634547
Epoch: 185 - Loss: 106.54332615548839
Epoch: 186 - Loss: 106.00843738934331
Epoch: 187 - Loss: 106.07125433055916
Epoch: 188 - Loss: 106.4927669043002
Epoch: 189 - Loss: 106.18182179076817
Epoch: 190 - Loss: 106.11736352605381
Epoch: 191 - Loss: 106.03344977183497
Epoch: 192 - Loss: 105.60278999979181
Epoch: 193 - Loss: 105.16623774354379
Epoch: 194 - Loss: 105.12928199208446
Epoch: 195 - Loss: 105.35311758187352
Epoch: 196 - Loss: 105.16483031536823
Epoch: 197 - Loss: 104.794623718905
Epoch: 198 - Loss: 104.42669950022494
Epoch: 199 - Loss: 103.96504278216335
Epoch: 200 - Loss: 104.09521001714022
Epoch: 201 - Loss: 102.241766175425
Epoch: 202 - Loss: 67.52185286656069
Epoch: 203 - Loss: 60.99102812947731
Epoch: 204 - Loss: 60.04070658535712
Epoch: 205 - Loss: 59.76677250135105
Epoch: 206 - Loss: 59.43766717252313
Epoch: 207 - Loss: 59.25643852109559
Epoch: 208 - Loss: 59.104202584095034
Epoch: 209 - Loss: 58.993479695423765
Epoch: 210 - Loss: 57.76921732870907
Epoch: 211 - Loss: 57.24909969877231
Epoch: 212 - Loss: 56.338022169106495
Epoch: 213 - Loss: 55.58406756761735
Epoch: 214 - Loss: 54.050298366940254
Epoch: 215 - Loss: 54.17743520542112
Epoch: 216 - Loss: 53.86702672532817
Epoch: 217 - Loss: 54.35061640776069
Epoch: 218 - Loss: 53.4548513280571
Epoch: 219 - Loss: 52.73064983725632
Epoch: 220 - Loss: 53.61186463819974
Epoch: 221 - Loss: 52.49141681161527
Epoch: 222 - Loss: 53.19274360651307
Epoch: 223 - Loss: 53.7854425987219
Epoch: 224 - Loss: 53.78683535158146
Epoch: 225 - Loss: 53.47084945079733
Epoch: 226 - Loss: 53.20234215529879
Epoch: 227 - Loss: 52.79369237637192
Epoch: 228 - Loss: 52.70129322031314
Epoch: 229 - Loss: 52.76924736741523
Epoch: 230 - Loss: 52.68501208395088
Epoch: 231 - Loss: 52.33255176628366
Epoch: 232 - Loss: 51.86856561846631
Epoch: 233 - Loss: 52.05558170375763
Epoch: 234 - Loss: 51.74431592652901
Epoch: 235 - Loss: 51.965564857757656
Epoch: 236 - Loss: 51.775967251728645
Epoch: 237 - Loss: 51.7252206236485
Epoch: 238 - Loss: 51.540594112430206
Epoch: 239 - Loss: 51.64055526315778
Epoch: 240 - Loss: 51.68980454119144
Epoch: 241 - Loss: 51.620218681100624
Epoch: 242 - Loss: 51.55128458148476
Epoch: 243 - Loss: 51.45602707651283
Epoch: 244 - Loss: 51.48898157684183
Epoch: 245 - Loss: 51.46556574978775
Epoch: 246 - Loss: 51.39073247628276
Epoch: 247 - Loss: 51.29887507768626
Epoch: 248 - Loss: 51.21853110798312
Epoch: 249 - Loss: 51.22161284226205
Epoch: 250 - Loss: 51.1708408925599
Epoch: 251 - Loss: 51.120516647824076
Epoch: 252 - Loss: 51.037314975019
Epoch: 253 - Loss: 51.026807585012406
Epoch: 254 - Loss: 50.989180886701824
Epoch: 255 - Loss: 50.97834114188649
Epoch: 256 - Loss: 50.92031408405147
Epoch: 257 - Loss: 50.88719972386502
Epoch: 258 - Loss: 50.857956051591835
Epoch: 259 - Loss: 50.8402134815684
Epoch: 260 - Loss: 50.807790660127445
Epoch: 261 - Loss: 50.75931884071993
Epoch: 262 - Loss: 50.72440198121528
Epoch: 263 - Loss: 50.689066441957515
Epoch: 264 - Loss: 50.6666804411419
Epoch: 265 - Loss: 50.622849679522744
Epoch: 266 - Loss: 50.576955165495505
Epoch: 267 - Loss: 50.54808461633166
Epoch: 268 - Loss: 50.512719815522296
Epoch: 269 - Loss: 50.48042162561888
Epoch: 270 - Loss: 50.44734387277262
Epoch: 271 - Loss: 50.407244195105314
Epoch: 272 - Loss: 50.3761607483704
Epoch: 273 - Loss: 50.3527542987198
Epoch: 274 - Loss: 50.322595409961835
Epoch: 275 - Loss: 50.28165149882862
Epoch: 276 - Loss: 50.248542452374814
Epoch: 277 - Loss: 50.223267193266935
Epoch: 278 - Loss: 50.193448855471516
Epoch: 279 - Loss: 50.15903284869275
Epoch: 280 - Loss: 50.12299704510375
Epoch: 281 - Loss: 50.09103942184927
Epoch: 282 - Loss: 50.06109779855734
Epoch: 283 - Loss: 50.031165389657225
Epoch: 284 - Loss: 50.00396248744581
Epoch: 285 - Loss: 49.98130034222268
Epoch: 286 - Loss: 49.98242920477362
Epoch: 287 - Loss: 49.97493342116277
Epoch: 288 - Loss: 50.12684488121694
Epoch: 289 - Loss: 49.94755784521862
Epoch: 290 - Loss: 50.02698239363632
Epoch: 291 - Loss: 49.89262274866953
Epoch: 292 - Loss: 50.04667078977388
Epoch: 293 - Loss: 49.86104405067468
Epoch: 294 - Loss: 50.06608381899576
Epoch: 295 - Loss: 49.788909556205034
Epoch: 296 - Loss: 49.84611704504446
Epoch: 297 - Loss: 49.80383141072549
Epoch: 298 - Loss: 50.45528341130574
Epoch: 299 - Loss: 49.606353013238625
Epoch: 300 - Loss: 52.30487309665032
Epoch: 1 - Loss: 192.81654344126764
Epoch: 2 - Loss: 192.37119516366516
Epoch: 3 - Loss: 192.17502225848452
Epoch: 4 - Loss: 191.778152040451
Epoch: 5 - Loss: 191.28112476318074
Epoch: 6 - Loss: 190.8072726491602
Epoch: 7 - Loss: 190.52226208299822
Epoch: 8 - Loss: 190.3653053530323
Epoch: 9 - Loss: 190.02797170332545
Epoch: 10 - Loss: 189.630728555071
Epoch: 11 - Loss: 189.32385771831815
Epoch: 12 - Loss: 189.0840752988541
Epoch: 13 - Loss: 188.84789325319534
Epoch: 14 - Loss: 188.58318154062306
Epoch: 15 - Loss: 188.2880028224313
Epoch: 16 - Loss: 187.97785190317563
Epoch: 17 - Loss: 187.675799353914
Epoch: 18 - Loss: 187.3994830518368
Epoch: 19 - Loss: 187.1450616356506
Epoch: 20 - Loss: 186.88641181976755
Epoch: 21 - Loss: 186.60305776340587
Epoch: 22 - Loss: 186.30179122706133
Epoch: 23 - Loss: 186.00117909984195
Epoch: 24 - Loss: 185.7088327872648
Epoch: 25 - Loss: 185.4193957781611
Epoch: 26 - Loss: 185.1271097554769
Epoch: 27 - Loss: 184.85102767925514
Epoch: 28 - Loss: 184.67132488487835
Epoch: 29 - Loss: 184.55863466232628
Epoch: 30 - Loss: 184.29329180939757
Epoch: 31 - Loss: 184.01194314274971
Epoch: 32 - Loss: 183.77039078837905
Epoch: 33 - Loss: 183.5379770321283
Epoch: 34 - Loss: 183.33482805095593
Epoch: 35 - Loss: 183.13352085326432
Epoch: 36 - Loss: 182.92724910933705
Epoch: 37 - Loss: 182.7159263514027
Epoch: 38 - Loss: 182.49899091366524
Epoch: 39 - Loss: 182.2743317298928
Epoch: 40 - Loss: 182.03236820016073
Epoch: 41 - Loss: 181.76271242466382
Epoch: 42 - Loss: 181.48130920591825
Epoch: 43 - Loss: 181.19163904708378
Epoch: 44 - Loss: 180.89785741667086
Epoch: 45 - Loss: 180.6040227912435
Epoch: 46 - Loss: 180.31232701474102
Epoch: 47 - Loss: 180.0176733878071
Epoch: 48 - Loss: 179.7050438759002
Epoch: 49 - Loss: 179.3673436024773
Epoch: 50 - Loss: 179.01560654315324
Epoch: 51 - Loss: 178.66007004368439
Epoch: 52 - Loss: 178.30130126616868
Epoch: 53 - Loss: 177.93553736246886
Epoch: 54 - Loss: 177.5598336091128
Epoch: 55 - Loss: 177.17309772263104
Epoch: 56 - Loss: 176.7753940468408
Epoch: 57 - Loss: 176.36673772279204
Epoch: 58 - Loss: 175.9464278037894
Epoch: 59 - Loss: 175.51247967778892
Epoch: 60 - Loss: 175.06069874657086
Epoch: 61 - Loss: 174.58184799670937
Epoch: 62 - Loss: 174.0560270494661
Epoch: 63 - Loss: 173.44162635494655
Epoch: 64 - Loss: 172.65396732028853
Epoch: 65 - Loss: 171.57410829528865
Epoch: 66 - Loss: 161.9154194752109
Epoch: 67 - Loss: 134.5264730485765
Epoch: 68 - Loss: 129.1637755145432
Epoch: 69 - Loss: 127.27676572416503
Epoch: 70 - Loss: 126.48661247030881
Epoch: 71 - Loss: 125.92578827949653
Epoch: 72 - Loss: 125.4279702730197
Epoch: 73 - Loss: 124.93710926286161
Epoch: 74 - Loss: 124.42229453283454
Epoch: 75 - Loss: 123.85584588524202
Epoch: 76 - Loss: 123.19507371800364
Epoch: 77 - Loss: 122.32463078688825
Epoch: 78 - Loss: 120.72190764486709
Epoch: 79 - Loss: 122.98233590702426
Epoch: 80 - Loss: 126.13777107818115
Epoch: 81 - Loss: 126.48730135751116
Epoch: 82 - Loss: 126.54399033958333
Epoch: 83 - Loss: 126.45591049640895
Epoch: 84 - Loss: 125.98654361533116
Epoch: 85 - Loss: 125.19802912327324
Epoch: 86 - Loss: 124.38247302639239
Epoch: 87 - Loss: 123.57590825767254
Epoch: 88 - Loss: 122.77798368561555
Epoch: 89 - Loss: 122.22020766451537
Epoch: 90 - Loss: 122.14049240494616
Epoch: 91 - Loss: 122.47091289114537
Epoch: 92 - Loss: 122.4657456403574
Epoch: 93 - Loss: 121.50005674448349
Epoch: 94 - Loss: 118.92027920205837
Epoch: 95 - Loss: 113.54280629968994
Epoch: 96 - Loss: 108.23616430410776
Epoch: 97 - Loss: 112.62964934160202
Epoch: 98 - Loss: 113.41152834055491
Epoch: 99 - Loss: 113.66833824445634
Epoch: 100 - Loss: 113.81391943370743
Epoch: 101 - Loss: 113.8414521645241
Epoch: 102 - Loss: 113.77294401646994
Epoch: 103 - Loss: 113.71605343747294
Epoch: 104 - Loss: 113.64412075334761
Epoch: 105 - Loss: 113.50307208356527
Epoch: 106 - Loss: 113.32399768997338
Epoch: 107 - Loss: 113.11738406458778
Epoch: 108 - Loss: 112.90229270628991
Epoch: 109 - Loss: 112.67037144328884
Epoch: 110 - Loss: 112.39569484336558
Epoch: 111 - Loss: 112.06776652622916
Epoch: 112 - Loss: 111.69418105493443
Epoch: 113 - Loss: 111.26985181032273
Epoch: 114 - Loss: 110.76924837940011
Epoch: 115 - Loss: 110.18036378705035
Epoch: 116 - Loss: 109.51643010884285
Epoch: 117 - Loss: 108.77233496093909
Epoch: 118 - Loss: 107.92830604913433
Epoch: 119 - Loss: 106.99025614184453
Epoch: 120 - Loss: 106.32322730272412
Epoch: 121 - Loss: 105.36176318717366
Epoch: 122 - Loss: 104.26809841623854
Epoch: 123 - Loss: 102.02950052751781
Epoch: 124 - Loss: 83.8882417285426
Epoch: 125 - Loss: 81.88641740113161
Epoch: 126 - Loss: 83.95547073118237
Epoch: 127 - Loss: 85.28807227920218
Epoch: 128 - Loss: 86.16255965606135
Epoch: 129 - Loss: 86.7658927351094
Epoch: 130 - Loss: 87.18979491410556
Epoch: 131 - Loss: 87.4876806383706
Epoch: 132 - Loss: 87.69836609760667
Epoch: 133 - Loss: 87.84722275700103
Epoch: 134 - Loss: 87.9512528106078
Epoch: 135 - Loss: 88.02666605261793
Epoch: 136 - Loss: 88.08679250394206
Epoch: 137 - Loss: 88.13712242023117
Epoch: 138 - Loss: 88.17865771919234
Epoch: 139 - Loss: 88.21314570895377
Epoch: 140 - Loss: 88.24132564883207
Epoch: 141 - Loss: 88.26123808880185
Too slow optimization
Epoch: 1 - Loss: 194.09921281291
Epoch: 2 - Loss: 194.03378336034416
Epoch: 3 - Loss: 193.9683521823709
Epoch: 4 - Loss: 193.90291997284132
Epoch: 5 - Loss: 193.8374872111268
Epoch: 6 - Loss: 193.77205376747773
Epoch: 7 - Loss: 193.70661888260747
Epoch: 8 - Loss: 193.64118123247258
Epoch: 9 - Loss: 193.57573851106164
Epoch: 10 - Loss: 193.51028731751694
Epoch: 11 - Loss: 193.44482301581536
Epoch: 12 - Loss: 193.37934028209116
Epoch: 13 - Loss: 193.31383311148892
Epoch: 14 - Loss: 193.24829513774785
Epoch: 15 - Loss: 193.18271900528356
Epoch: 16 - Loss: 193.11709678194674
Epoch: 17 - Loss: 193.05142145837337
Epoch: 18 - Loss: 192.98568466592712
Epoch: 19 - Loss: 192.91987846198742
Epoch: 20 - Loss: 192.85399487573355
Epoch: 21 - Loss: 192.78802557173077
Epoch: 22 - Loss: 192.72196208658033
Epoch: 23 - Loss: 192.6557957596227
Epoch: 24 - Loss: 192.5895189576024
Epoch: 25 - Loss: 192.523121564573
Epoch: 26 - Loss: 192.45659440640577
Epoch: 27 - Loss: 192.3899277434187
Epoch: 28 - Loss: 192.32311115938077
Epoch: 29 - Loss: 192.25613442450313
Epoch: 30 - Loss: 192.1889871187538
Epoch: 31 - Loss: 192.1216577803793
Epoch: 32 - Loss: 192.05413424999122
Epoch: 33 - Loss: 191.9864044730959
Epoch: 34 - Loss: 191.91845630835573
Epoch: 35 - Loss: 191.85027509922838
Epoch: 36 - Loss: 191.7818469122023
Epoch: 37 - Loss: 191.71315727240935
Epoch: 38 - Loss: 191.6441907531791
Epoch: 39 - Loss: 191.57493032695493
Epoch: 40 - Loss: 191.505357823545
Epoch: 41 - Loss: 191.43545412417242
Epoch: 42 - Loss: 191.36519869329524
Epoch: 43 - Loss: 191.29457064125566
Epoch: 44 - Loss: 191.22354674142304
Epoch: 45 - Loss: 191.15210106650264
Epoch: 46 - Loss: 191.08020736250685
Epoch: 47 - Loss: 191.00783553940113
Epoch: 48 - Loss: 190.9349546882225
Epoch: 49 - Loss: 190.8615314572541
Epoch: 50 - Loss: 190.78752977123384
Epoch: 51 - Loss: 190.71290939759243
Epoch: 52 - Loss: 190.63762714298005
Epoch: 53 - Loss: 190.5616361016264
Epoch: 54 - Loss: 190.48488656059357
Epoch: 55 - Loss: 190.40732418009094
Epoch: 56 - Loss: 190.32888773855163
Epoch: 57 - Loss: 190.24951324221666
Epoch: 58 - Loss: 190.1691276110985
Epoch: 59 - Loss: 190.08765343901788
Epoch: 60 - Loss: 190.00500632945528
Epoch: 61 - Loss: 189.92109100277474
Epoch: 62 - Loss: 189.83580614688861
Epoch: 63 - Loss: 189.74903687962822
Epoch: 64 - Loss: 189.66066809626454
Epoch: 65 - Loss: 189.5705348601716
Epoch: 66 - Loss: 189.47851177654783
Epoch: 67 - Loss: 189.38442121665736
Epoch: 68 - Loss: 189.28808252354315
Epoch: 69 - Loss: 189.18927832689502
Epoch: 70 - Loss: 189.08776182866103
Epoch: 71 - Loss: 188.98328404445184
Epoch: 72 - Loss: 188.87556874784812
Epoch: 73 - Loss: 188.76427820679055
Epoch: 74 - Loss: 188.64904544724885
Epoch: 75 - Loss: 188.5294681612189
Epoch: 76 - Loss: 188.40504661740795
Epoch: 77 - Loss: 188.27528662180873
Epoch: 78 - Loss: 188.13957890050966
Epoch: 79 - Loss: 187.9972429519762
Epoch: 80 - Loss: 187.8475082339529
Epoch: 81 - Loss: 187.68949423974593
Epoch: 82 - Loss: 187.52219989608938
Epoch: 83 - Loss: 187.34448312459617
Epoch: 84 - Loss: 187.15504336903084
Epoch: 85 - Loss: 186.95239837689138
Epoch: 86 - Loss: 186.7348637525055
Epoch: 87 - Loss: 186.50053762501332
Epoch: 88 - Loss: 186.24727861186335
Epoch: 89 - Loss: 185.96446489580214
Epoch: 90 - Loss: 185.61037296951946
Epoch: 91 - Loss: 185.22419096649824
Epoch: 92 - Loss: 184.80311004865587
Epoch: 93 - Loss: 184.344132099561
Epoch: 94 - Loss: 183.84423266595266
Epoch: 95 - Loss: 183.3005827546145
Epoch: 96 - Loss: 182.71083069346938
Epoch: 97 - Loss: 182.0733763514882
Epoch: 98 - Loss: 181.38741230382087
Epoch: 99 - Loss: 180.6521277709496
Epoch: 100 - Loss: 179.70605243506094
Epoch: 101 - Loss: 178.62702025154897
Epoch: 102 - Loss: 177.35784415804426
Epoch: 103 - Loss: 175.68413849471204
Epoch: 104 - Loss: 183.14861001033464
Epoch: 105 - Loss: 192.8509087756197
Epoch: 106 - Loss: 191.87386975777477
Epoch: 107 - Loss: 186.72169960482447
Epoch: 108 - Loss: 183.13276620193687
Epoch: 109 - Loss: 176.0357785074678
Epoch: 110 - Loss: 175.56640244557823
Epoch: 111 - Loss: 176.36808108291294
Epoch: 112 - Loss: 176.95975695981866
Epoch: 113 - Loss: 177.39224149245746
Epoch: 114 - Loss: 177.7139737384925
Epoch: 115 - Loss: 177.9538417785872
Epoch: 116 - Loss: 178.12956565292302
Epoch: 117 - Loss: 178.25278490842322
Epoch: 118 - Loss: 178.33164999173778
Epoch: 119 - Loss: 178.3721623017541
Epoch: 120 - Loss: 178.37889906629925
Epoch: 121 - Loss: 178.355423033216
Epoch: 122 - Loss: 178.3045234405258
Epoch: 123 - Loss: 178.2283571456307
Epoch: 124 - Loss: 178.12852590709468
Epoch: 125 - Loss: 178.00611041686093
Epoch: 126 - Loss: 177.8616649299219
Epoch: 127 - Loss: 177.6951748277043
Epoch: 128 - Loss: 177.50597258539483
Epoch: 129 - Loss: 177.29260243878056
Epoch: 130 - Loss: 177.05263031769996
Epoch: 131 - Loss: 176.78240299231055
Epoch: 132 - Loss: 176.47684446385995
Epoch: 133 - Loss: 176.1296849077947
Epoch: 134 - Loss: 175.73572815320173
Epoch: 135 - Loss: 175.30193307069507
Epoch: 136 - Loss: 174.89741454973685
Epoch: 137 - Loss: 175.18005479334636
Epoch: 138 - Loss: 176.087692502982
Epoch: 139 - Loss: 175.12341523378186
Epoch: 140 - Loss: 174.79711873205045
Epoch: 141 - Loss: 175.00257491960343
Epoch: 142 - Loss: 175.18332681878906
Epoch: 143 - Loss: 175.29606673421787
Epoch: 144 - Loss: 175.33790114588857
Epoch: 145 - Loss: 175.31436871372708
Epoch: 146 - Loss: 175.23211592863524
Epoch: 147 - Loss: 175.0990374466723
Epoch: 148 - Loss: 174.928612573552
Epoch: 149 - Loss: 174.75093671875214
Epoch: 150 - Loss: 174.67139230244328
Epoch: 151 - Loss: 174.89169690284768
Epoch: 152 - Loss: 174.93349581475474
Epoch: 153 - Loss: 174.6875797083458
Epoch: 154 - Loss: 174.62009282900817
Epoch: 155 - Loss: 174.69718245803693
Epoch: 156 - Loss: 174.74963858499632
Epoch: 157 - Loss: 174.7592304333814
Epoch: 158 - Loss: 174.7246146853239
Epoch: 159 - Loss: 174.65495192246294
Epoch: 160 - Loss: 174.56723700967112
Epoch: 161 - Loss: 174.52755603938553
Epoch: 162 - Loss: 174.5999910877982
Epoch: 163 - Loss: 174.61082076172804
Epoch: 164 - Loss: 174.51620400594192
Epoch: 165 - Loss: 174.4713397927219
Epoch: 166 - Loss: 174.5020165199575
Epoch: 167 - Loss: 174.51224091274682
Epoch: 168 - Loss: 174.49491431504413
Epoch: 169 - Loss: 174.45209684251793
Epoch: 170 - Loss: 174.4070428520806
Epoch: 171 - Loss: 174.41088434001293
Epoch: 172 - Loss: 174.42658767599536
Epoch: 173 - Loss: 174.3988322267517
Epoch: 174 - Loss: 174.35829458123735
Epoch: 175 - Loss: 174.34950275536173
Epoch: 176 - Loss: 174.35589832578754
Epoch: 177 - Loss: 174.34429207527327
Epoch: 178 - Loss: 174.31448733459106
Epoch: 179 - Loss: 174.29291893792353
Epoch: 180 - Loss: 174.29092032385162
Epoch: 181 - Loss: 174.28641993548342
Epoch: 182 - Loss: 174.26455195185366
Epoch: 183 - Loss: 174.2430108069256
Epoch: 184 - Loss: 174.23494050398824
Epoch: 185 - Loss: 174.22942761654744
Epoch: 186 - Loss: 174.21451387835393
Epoch: 187 - Loss: 174.19478765751066
Epoch: 188 - Loss: 174.18168633966843
Epoch: 189 - Loss: 174.17462942977454
Epoch: 190 - Loss: 174.16302889385994
Epoch: 191 - Loss: 174.1458191803394
Epoch: 192 - Loss: 174.1316649291529
Epoch: 193 - Loss: 174.12239238495238
Epoch: 194 - Loss: 174.11178394611363
Epoch: 195 - Loss: 174.0970944728951
Epoch: 196 - Loss: 174.08256130467754
Epoch: 197 - Loss: 174.07158287696834
Epoch: 198 - Loss: 174.06120632148844
Epoch: 199 - Loss: 174.04797136174554
Epoch: 200 - Loss: 174.03395564733896
Epoch: 201 - Loss: 174.0221783726396
Epoch: 202 - Loss: 174.01139103967319
Epoch: 203 - Loss: 173.9990553750003
Epoch: 204 - Loss: 173.9856691866032
Epoch: 205 - Loss: 173.9734080906474
Epoch: 206 - Loss: 173.96226109329055
Epoch: 207 - Loss: 173.95036403340447
Epoch: 208 - Loss: 173.9375008358188
Epoch: 209 - Loss: 173.92518235033336
Epoch: 210 - Loss: 173.91373423567973
Epoch: 211 - Loss: 173.90200196466134
Epoch: 212 - Loss: 173.88956178894236
Epoch: 213 - Loss: 173.87728151949224
Epoch: 214 - Loss: 173.865642510419
Epoch: 215 - Loss: 173.85397807503728
Epoch: 216 - Loss: 173.84181261610829
Epoch: 217 - Loss: 173.82965464176652
Epoch: 218 - Loss: 173.81793122495756
Epoch: 219 - Loss: 173.80627344566668
Epoch: 220 - Loss: 173.79430067999343
Epoch: 221 - Loss: 173.78226693844354
Epoch: 222 - Loss: 173.77051304396062
Epoch: 223 - Loss: 173.75886260434828
Epoch: 224 - Loss: 173.74701655428663
Epoch: 225 - Loss: 173.73509914026428
Epoch: 226 - Loss: 173.72336168488687
Epoch: 227 - Loss: 173.7117199117142
Epoch: 228 - Loss: 173.69996496129335
Epoch: 229 - Loss: 173.6881480721121
Epoch: 230 - Loss: 173.67644370592527
Epoch: 231 - Loss: 173.6648220002005
Epoch: 232 - Loss: 173.65313664899986
Epoch: 233 - Loss: 173.64140483888087
Epoch: 234 - Loss: 173.62974655567868
Epoch: 235 - Loss: 173.61815254632333
Too slow optimization
Epoch: 1 - Loss: 193.02972384338892
Epoch: 2 - Loss: 191.53508001212026
Epoch: 3 - Loss: 190.66887674428196
Epoch: 4 - Loss: 189.81776248844514
Epoch: 5 - Loss: 188.97868499565746
Epoch: 6 - Loss: 188.14764145918758
Epoch: 7 - Loss: 187.23946112827173
Epoch: 8 - Loss: 186.31352349280561
Epoch: 9 - Loss: 185.50726027055177
Epoch: 10 - Loss: 184.80316354695844
Epoch: 11 - Loss: 183.78372819481484
Epoch: 12 - Loss: 182.79680007137236
Epoch: 13 - Loss: 181.597556186581
Epoch: 14 - Loss: 174.79781964050943
Epoch: 15 - Loss: 172.8109357594057
Epoch: 16 - Loss: 172.04108293244184
Epoch: 17 - Loss: 171.79625455086241
Epoch: 18 - Loss: 170.83267599509466
Epoch: 19 - Loss: 168.20144680232787
Epoch: 20 - Loss: 168.3672718625236
Epoch: 21 - Loss: 167.81271189672165
Epoch: 22 - Loss: 167.12701298760476
Epoch: 23 - Loss: 166.4684198690521
Epoch: 24 - Loss: 166.03379976347415
Epoch: 25 - Loss: 165.82465495897787
Epoch: 26 - Loss: 165.3229592273443
Epoch: 27 - Loss: 164.52034376666833
Epoch: 28 - Loss: 163.4965541970812
Epoch: 29 - Loss: 162.3750264568321
Epoch: 30 - Loss: 161.33187949550364
Epoch: 31 - Loss: 160.41546294378375
Epoch: 32 - Loss: 159.4138156614356
Epoch: 33 - Loss: 158.0233067479345
Epoch: 34 - Loss: 153.53418819305216
Epoch: 35 - Loss: 148.67684457172976
Epoch: 36 - Loss: 115.92596263788896
Epoch: 37 - Loss: 109.33716942511079
Epoch: 38 - Loss: 108.90221636191043
Epoch: 39 - Loss: 106.93313997523165
Epoch: 40 - Loss: 108.58512371048056
Epoch: 41 - Loss: 106.0620087105581
Epoch: 42 - Loss: 107.0682968488244
Epoch: 43 - Loss: 106.37438761443089
Epoch: 44 - Loss: 104.28069573846807
Epoch: 45 - Loss: 103.36252858634624
Epoch: 46 - Loss: 103.98527997143877
Epoch: 47 - Loss: 101.91822199499126
Epoch: 48 - Loss: 102.37359125136108
Epoch: 49 - Loss: 101.72932038176297
Epoch: 50 - Loss: 99.78607305170853
Epoch: 51 - Loss: 98.24011683791875
Epoch: 52 - Loss: 97.97639493095171
Epoch: 53 - Loss: 94.08890284422948
Epoch: 54 - Loss: 90.29878917527519
Epoch: 55 - Loss: 75.71381836052757
Epoch: 56 - Loss: 68.43822922869482
Epoch: 57 - Loss: 69.63287717669546
Epoch: 58 - Loss: 71.73994184694564
Epoch: 59 - Loss: 71.72282072845556
Epoch: 60 - Loss: 73.08296876677053
Epoch: 61 - Loss: 73.35888318761002
Epoch: 62 - Loss: 72.83061462836751
Epoch: 63 - Loss: 73.700471119375
Epoch: 64 - Loss: 72.8857313624146
Epoch: 65 - Loss: 73.01458306763105
Epoch: 66 - Loss: 73.00222613047917
Epoch: 67 - Loss: 72.31927639705042
Epoch: 68 - Loss: 72.2059516772425
Epoch: 69 - Loss: 71.70007571187541
Epoch: 70 - Loss: 71.06493428147138
Epoch: 71 - Loss: 70.66200886979095
Epoch: 72 - Loss: 69.67361301528132
Epoch: 73 - Loss: 68.66942443635658
Epoch: 74 - Loss: 67.47810894967336
Epoch: 75 - Loss: 65.50141613363752
Epoch: 76 - Loss: 63.408422231659216
Epoch: 77 - Loss: 64.25413402677148
Epoch: 78 - Loss: 69.92361625961634
Epoch: 79 - Loss: 65.01170071795981
Epoch: 80 - Loss: 62.2586428650131
Epoch: 81 - Loss: 63.48777717558653
Epoch: 82 - Loss: 64.48588632474839
Epoch: 83 - Loss: 65.0975713248877
Epoch: 84 - Loss: 65.32411190928434
Epoch: 85 - Loss: 65.20456958542022
Epoch: 86 - Loss: 64.89891119142105
Epoch: 87 - Loss: 64.15177933420613
Epoch: 88 - Loss: 63.24737195355944
Epoch: 89 - Loss: 62.05043154195806
Epoch: 90 - Loss: 62.47487203586537
Epoch: 91 - Loss: 62.766853073434724
Epoch: 92 - Loss: 62.8421738380765
Epoch: 93 - Loss: 62.59733584061621
Epoch: 94 - Loss: 62.15180763503739
Epoch: 95 - Loss: 61.7143203546393
Epoch: 96 - Loss: 62.17469751914901
Epoch: 97 - Loss: 62.456045344419614
Epoch: 98 - Loss: 62.4008661386726
Epoch: 99 - Loss: 62.04323761336499
Epoch: 100 - Loss: 61.595637227946774
Epoch: 101 - Loss: 61.62626388323787
Epoch: 102 - Loss: 62.08511186431905
Epoch: 103 - Loss: 61.48716438791318
Epoch: 104 - Loss: 61.43569142404468
Epoch: 105 - Loss: 61.61751220226913
Epoch: 106 - Loss: 61.67236586132097
Epoch: 107 - Loss: 61.51151491931605
Epoch: 108 - Loss: 61.28187235795824
Epoch: 109 - Loss: 61.22759955261852
Epoch: 110 - Loss: 61.4168835073573
Epoch: 111 - Loss: 61.260425625585114
Epoch: 112 - Loss: 61.109070735543185
Epoch: 113 - Loss: 61.16726556488943
Epoch: 114 - Loss: 61.21002214020702
Epoch: 115 - Loss: 61.15253577972471
Epoch: 116 - Loss: 61.027004521330184
Epoch: 117 - Loss: 60.98294382983024
Epoch: 118 - Loss: 61.03959530319098
Epoch: 119 - Loss: 60.992619379366246
Epoch: 120 - Loss: 60.889495743256624
Epoch: 121 - Loss: 60.881297976561726
Epoch: 122 - Loss: 60.89668527901277
Epoch: 123 - Loss: 60.85416761367016
Epoch: 124 - Loss: 60.783407178093995
Epoch: 125 - Loss: 60.744740470740695
Epoch: 126 - Loss: 60.752995450213646
Epoch: 127 - Loss: 60.716642201386925
Epoch: 128 - Loss: 60.65455165990842
Epoch: 129 - Loss: 60.63638039249761
Epoch: 130 - Loss: 60.62624567299784
Epoch: 131 - Loss: 60.59105970735572
Epoch: 132 - Loss: 60.5460050775066
Epoch: 133 - Loss: 60.51835688411769
Epoch: 134 - Loss: 60.505751905533266
Epoch: 135 - Loss: 60.47148551018574
Epoch: 136 - Loss: 60.431681175270555
Epoch: 137 - Loss: 60.4101078374406
Epoch: 138 - Loss: 60.38988592488151
Epoch: 139 - Loss: 60.354073622600396
Epoch: 140 - Loss: 60.31923593353148
Epoch: 141 - Loss: 60.2958540790612
Epoch: 142 - Loss: 60.27101655015418
Epoch: 143 - Loss: 60.23703288403501
Epoch: 144 - Loss: 60.207875642889164
Epoch: 145 - Loss: 60.184131179637895
Epoch: 146 - Loss: 60.15649033872546
Epoch: 147 - Loss: 60.12618829596635
Epoch: 148 - Loss: 60.09806151298338
Epoch: 149 - Loss: 60.077121946521515
Epoch: 150 - Loss: 60.05154951140794
Epoch: 151 - Loss: 60.020450972821884
Epoch: 152 - Loss: 59.99297945726012
Epoch: 153 - Loss: 59.96610396271164
Epoch: 154 - Loss: 59.936938004772905
Epoch: 155 - Loss: 59.90677197770547
Epoch: 156 - Loss: 59.880641821244105
Epoch: 157 - Loss: 59.85602952186144
Epoch: 158 - Loss: 59.82895363011109
Epoch: 159 - Loss: 59.801163975169196
Epoch: 160 - Loss: 59.775496386895696
Epoch: 161 - Loss: 59.74946154994251
Epoch: 162 - Loss: 59.72182612434428
Epoch: 163 - Loss: 59.69606758585693
Epoch: 164 - Loss: 59.6728884637996
Epoch: 165 - Loss: 59.65008100846806
Epoch: 166 - Loss: 59.62455212257159
Epoch: 167 - Loss: 59.602952688988886
Epoch: 168 - Loss: 59.587505622398915
Epoch: 169 - Loss: 59.57663566163448
Epoch: 170 - Loss: 59.60568689612377
Epoch: 171 - Loss: 59.61917154812899
Epoch: 172 - Loss: 59.80796224434701
Epoch: 173 - Loss: 59.65732257590237
Epoch: 174 - Loss: 59.788823346280395
Epoch: 175 - Loss: 59.515280754610274
Epoch: 176 - Loss: 59.422879685455115
Epoch: 177 - Loss: 59.35901200388626
Epoch: 178 - Loss: 59.32573534502903
Epoch: 179 - Loss: 59.309741788212825
Epoch: 180 - Loss: 59.31770971169637
Epoch: 181 - Loss: 59.39267779874584
Epoch: 182 - Loss: 59.41426185551576
Epoch: 183 - Loss: 59.70888041434792
Epoch: 184 - Loss: 59.336616620985346
Epoch: 185 - Loss: 59.2340698332023
Epoch: 186 - Loss: 59.1472504208393
Epoch: 187 - Loss: 59.10888934701859
Epoch: 188 - Loss: 59.09453335875094
Epoch: 189 - Loss: 59.108960844233316
Too slow optimization
Epoch: 1 - Loss: 192.8470998578106
Epoch: 2 - Loss: 192.82690313634978
Epoch: 3 - Loss: 192.8066882061458
Epoch: 4 - Loss: 192.78645483433928
Epoch: 5 - Loss: 192.76620267018404
Epoch: 6 - Loss: 192.745931355394
Epoch: 7 - Loss: 192.72564057252367
Epoch: 8 - Loss: 192.7053299503555
Epoch: 9 - Loss: 192.68499917215757
Epoch: 10 - Loss: 192.66464787361505
Epoch: 11 - Loss: 192.6442757041405
Epoch: 12 - Loss: 192.62388230891298
Epoch: 13 - Loss: 192.60346735343134
Epoch: 14 - Loss: 192.58303044955147
Epoch: 15 - Loss: 192.5625712557498
Epoch: 16 - Loss: 192.54208942145394
Epoch: 17 - Loss: 192.5215845614122
Epoch: 18 - Loss: 192.50105635253968
Epoch: 19 - Loss: 192.48050441758028
Epoch: 20 - Loss: 192.4599283903347
Epoch: 21 - Loss: 192.4393279351226
Epoch: 22 - Loss: 192.41870268870264
Epoch: 23 - Loss: 192.39805230136744
Epoch: 24 - Loss: 192.37737641417974
Epoch: 25 - Loss: 192.35667465816067
Epoch: 26 - Loss: 192.33594675574574
Epoch: 27 - Loss: 192.31519233077918
Epoch: 28 - Loss: 192.2944109532601
Epoch: 29 - Loss: 192.27360238116273
Epoch: 30 - Loss: 192.25276621249023
Epoch: 31 - Loss: 192.2319021023077
Epoch: 32 - Loss: 192.21100971251803
Epoch: 33 - Loss: 192.19008867516413
Epoch: 34 - Loss: 192.169138679388
Epoch: 35 - Loss: 192.14815938130965
Epoch: 36 - Loss: 192.12715042358553
Epoch: 37 - Loss: 192.10611146266646
Epoch: 38 - Loss: 192.08504224498333
Epoch: 39 - Loss: 192.06394237570714
Epoch: 40 - Loss: 192.04281157508927
Epoch: 41 - Loss: 192.02164943922827
Epoch: 42 - Loss: 192.00045567591337
Epoch: 43 - Loss: 191.97923003925388
Epoch: 44 - Loss: 191.95797214543006
Epoch: 45 - Loss: 191.93668167453765
Epoch: 46 - Loss: 191.91535831553236
Epoch: 47 - Loss: 191.89400172056742
Epoch: 48 - Loss: 191.87261157125815
Epoch: 49 - Loss: 191.85118752940636
Epoch: 50 - Loss: 191.82972926841452
Epoch: 51 - Loss: 191.80823644452752
Epoch: 52 - Loss: 191.78670870286393
Epoch: 53 - Loss: 191.76514573555335
Epoch: 54 - Loss: 191.74354716391264
Epoch: 55 - Loss: 191.72191262487425
Epoch: 56 - Loss: 191.7002417490083
Epoch: 57 - Loss: 191.67853416123086
Epoch: 58 - Loss: 191.6567894864303
Epoch: 59 - Loss: 191.6350073135078
Epoch: 60 - Loss: 191.61318726037783
Epoch: 61 - Loss: 191.59132891244874
Epoch: 62 - Loss: 191.56943185071282
Epoch: 63 - Loss: 191.54749565503226
Epoch: 64 - Loss: 191.5255198913806
Epoch: 65 - Loss: 191.5035041102025
Epoch: 66 - Loss: 191.48144785676772
Epoch: 67 - Loss: 191.4593505789849
Epoch: 68 - Loss: 191.43721203996034
Epoch: 69 - Loss: 191.4150314985972
Epoch: 70 - Loss: 191.39280855494653
Epoch: 71 - Loss: 191.3705426282978
Epoch: 72 - Loss: 191.3482333130185
Epoch: 73 - Loss: 191.32588001560427
Epoch: 74 - Loss: 191.30348217924347
Epoch: 75 - Loss: 191.2810392273633
Epoch: 76 - Loss: 191.25855060783886
Epoch: 77 - Loss: 191.23601566870252
Epoch: 78 - Loss: 191.21343378803755
Epoch: 79 - Loss: 191.19080434657263
Epoch: 80 - Loss: 191.16812667456347
Epoch: 81 - Loss: 191.14540008932553
Epoch: 82 - Loss: 191.12262390959228
Epoch: 83 - Loss: 191.09979740015592
Epoch: 84 - Loss: 191.07691991265926
Epoch: 85 - Loss: 191.05399063238502
Epoch: 86 - Loss: 191.03100881433184
Epoch: 87 - Loss: 191.007973649834
Epoch: 88 - Loss: 190.98488433093772
Epoch: 89 - Loss: 190.96173997467764
Epoch: 90 - Loss: 190.93853976697338
Epoch: 91 - Loss: 190.9152828665855
Epoch: 92 - Loss: 190.8919681794635
Epoch: 93 - Loss: 190.86859484681577
Epoch: 94 - Loss: 190.84516188434498
Epoch: 95 - Loss: 190.82166830021467
Epoch: 96 - Loss: 190.79811310882067
Epoch: 97 - Loss: 190.774495173384
Epoch: 98 - Loss: 190.75081330103055
Epoch: 99 - Loss: 190.7270664296439
Epoch: 100 - Loss: 190.70325360613984
Epoch: 101 - Loss: 190.67937346549448
Epoch: 102 - Loss: 190.6554247604992
Epoch: 103 - Loss: 190.6314062136792
Epoch: 104 - Loss: 190.60731652357842
Epoch: 105 - Loss: 190.58315431769114
Epoch: 106 - Loss: 190.55891816452112
Epoch: 107 - Loss: 190.53460661344482
Epoch: 108 - Loss: 190.5102182337979
Epoch: 109 - Loss: 190.48575149771676
Epoch: 110 - Loss: 190.46120459935142
Epoch: 111 - Loss: 190.43657610765433
Epoch: 112 - Loss: 190.41186421035857
Epoch: 113 - Loss: 190.38706715237282
Epoch: 114 - Loss: 190.36218316740823
Epoch: 115 - Loss: 190.33721041027212
Epoch: 116 - Loss: 190.31214693769846
Epoch: 117 - Loss: 190.28699077326607
Epoch: 118 - Loss: 190.26173992057565
Epoch: 119 - Loss: 190.23639218299869
Epoch: 120 - Loss: 190.2109453215849
Epoch: 121 - Loss: 190.18539702233264
Epoch: 122 - Loss: 190.15974518829856
Epoch: 123 - Loss: 190.13398707831448
Epoch: 124 - Loss: 190.1081204077081
Epoch: 125 - Loss: 190.0821424250231
Epoch: 126 - Loss: 190.05605058382343
Epoch: 127 - Loss: 190.0298420004842
Epoch: 128 - Loss: 190.00351384775337
Epoch: 129 - Loss: 189.97706323553757
Epoch: 130 - Loss: 189.95048693222353
Epoch: 131 - Loss: 189.92378186561461
Epoch: 132 - Loss: 189.8969447553068
Epoch: 133 - Loss: 189.86997220152966
Epoch: 134 - Loss: 189.84286066008315
Epoch: 135 - Loss: 189.8156064520877
Epoch: 136 - Loss: 189.7882058015129
Epoch: 137 - Loss: 189.7606548042191
Epoch: 138 - Loss: 189.73294940470026
Epoch: 139 - Loss: 189.7050853795916
Epoch: 140 - Loss: 189.6770585637299
Epoch: 141 - Loss: 189.6488638223774
Epoch: 142 - Loss: 189.62049643068642
Epoch: 143 - Loss: 189.59195202302746
Epoch: 144 - Loss: 189.56322525554566
Epoch: 145 - Loss: 189.53431091206596
Epoch: 146 - Loss: 189.50520435559864
Epoch: 147 - Loss: 189.47589817977084
Epoch: 148 - Loss: 189.44638730740348
Epoch: 149 - Loss: 189.41666557991545
Epoch: 150 - Loss: 189.38672664711103
Epoch: 151 - Loss: 189.3565630596657
Epoch: 152 - Loss: 189.3261694516059
Epoch: 153 - Loss: 189.2955378463283
Epoch: 154 - Loss: 189.26466065066683
Epoch: 155 - Loss: 189.23353006466985
Epoch: 156 - Loss: 189.20213795647672
Epoch: 157 - Loss: 189.17047584359372
Epoch: 158 - Loss: 189.13853494454435
Epoch: 159 - Loss: 189.10630602667234
Epoch: 160 - Loss: 189.0737795416504
Epoch: 161 - Loss: 189.04094557594985
Epoch: 162 - Loss: 189.00779351366924
Epoch: 163 - Loss: 188.97431252012197
Epoch: 164 - Loss: 188.9404910357783
Epoch: 165 - Loss: 188.90631751130474
Epoch: 166 - Loss: 188.8717793184237
Epoch: 167 - Loss: 188.83686345206527
Epoch: 168 - Loss: 188.80155582071706
Epoch: 169 - Loss: 188.76584312212754
Epoch: 170 - Loss: 188.7297100756431
Epoch: 171 - Loss: 188.69314111378102
Epoch: 172 - Loss: 188.65611976401857
Epoch: 173 - Loss: 188.61862895698175
Epoch: 174 - Loss: 188.58065064920532
Epoch: 175 - Loss: 188.5421660890394
Epoch: 176 - Loss: 188.5031554460621
Epoch: 177 - Loss: 188.46359819958934
Epoch: 178 - Loss: 188.42347228899206
Epoch: 179 - Loss: 188.38275501730746
Epoch: 180 - Loss: 188.3414221997045
Epoch: 181 - Loss: 188.2994486280826
Epoch: 182 - Loss: 188.2568077316797
Epoch: 183 - Loss: 188.21347148615976
Epoch: 184 - Loss: 188.16941042104833
Epoch: 185 - Loss: 188.12459351454362
Epoch: 186 - Loss: 188.07898796994823
Epoch: 187 - Loss: 188.03255935947848
Epoch: 188 - Loss: 187.98527121885823
Epoch: 189 - Loss: 187.93708509621504
Epoch: 190 - Loss: 187.88796039764046
Epoch: 191 - Loss: 187.83785492361085
Epoch: 192 - Loss: 187.78672212908432
Epoch: 193 - Loss: 187.73451469567857
Epoch: 194 - Loss: 187.68118194846363
Epoch: 195 - Loss: 187.62667015931515
Epoch: 196 - Loss: 187.57092286722528
Epoch: 197 - Loss: 187.51387980991055
Epoch: 198 - Loss: 187.4554772980165
Epoch: 199 - Loss: 187.39564771305663
Epoch: 200 - Loss: 187.33431900659255
Epoch: 201 - Loss: 187.27141635303576
Epoch: 202 - Loss: 187.20685851403675
Epoch: 203 - Loss: 187.14055990253667
Epoch: 204 - Loss: 187.072430652376
Epoch: 205 - Loss: 187.00237430755624
Epoch: 206 - Loss: 186.93028884195502
Epoch: 207 - Loss: 186.85606474343692
Epoch: 208 - Loss: 186.77958767532655
Epoch: 209 - Loss: 186.7007345117538
Epoch: 210 - Loss: 186.61937516606247
Epoch: 211 - Loss: 186.53537243571049
Epoch: 212 - Loss: 186.44858109473688
Epoch: 213 - Loss: 186.35884536766753
Epoch: 214 - Loss: 186.26600128951273
Epoch: 215 - Loss: 186.16987642824282
Epoch: 216 - Loss: 186.07028572481374
Epoch: 217 - Loss: 185.96703412672883
Epoch: 218 - Loss: 185.8599201966977
Epoch: 219 - Loss: 185.7281463969157
Epoch: 220 - Loss: 185.58917423311811
Epoch: 221 - Loss: 185.4432379799166
Epoch: 222 - Loss: 185.29026409897997
Epoch: 223 - Loss: 185.13013764883124
Epoch: 224 - Loss: 184.9627117552907
Epoch: 225 - Loss: 184.78780597766246
Epoch: 226 - Loss: 184.60521729238317
Epoch: 227 - Loss: 184.41472006978148
Epoch: 228 - Loss: 184.2160704457436
Epoch: 229 - Loss: 184.00901217056068
Epoch: 230 - Loss: 183.79328195111407
Epoch: 231 - Loss: 183.5686156989689
Epoch: 232 - Loss: 183.3347525596807
Epoch: 233 - Loss: 183.0914437430732
Epoch: 234 - Loss: 182.83845719367147
Epoch: 235 - Loss: 182.5755895800354
Epoch: 236 - Loss: 182.30266302972953
Epoch: 237 - Loss: 182.01953511374296
Epoch: 238 - Loss: 181.72609621926597
Epoch: 239 - Loss: 181.42226041327302
Epoch: 240 - Loss: 181.1079432035446
Epoch: 241 - Loss: 180.78302365441675
Epoch: 242 - Loss: 180.4472706890264
Epoch: 243 - Loss: 180.0370712211771
Epoch: 244 - Loss: 179.58236096673053
Epoch: 245 - Loss: 179.10543485344812
Epoch: 246 - Loss: 178.6017021640336
Epoch: 247 - Loss: 178.06260878585627
Epoch: 248 - Loss: 177.4733890134216
Epoch: 249 - Loss: 176.81040550340845
Epoch: 250 - Loss: 176.04536690131627
Epoch: 251 - Loss: 175.23078824163898
Epoch: 252 - Loss: 176.6143780049911
Epoch: 253 - Loss: 176.07103104500652
Epoch: 254 - Loss: 175.1260732043299
Epoch: 255 - Loss: 175.12806461304356
Epoch: 256 - Loss: 175.34482259434677
Epoch: 257 - Loss: 175.53091764392119
Epoch: 258 - Loss: 175.6603424296588
Epoch: 259 - Loss: 175.73294946654676
Epoch: 260 - Loss: 175.75383792215587
Epoch: 261 - Loss: 175.7284451358852
Epoch: 262 - Loss: 175.6616981639428
Epoch: 263 - Loss: 175.5584926329179
Epoch: 264 - Loss: 175.425099794157
Epoch: 265 - Loss: 175.27203708311555
Epoch: 266 - Loss: 175.11965177534344
Epoch: 267 - Loss: 175.01274752598238
Epoch: 268 - Loss: 175.1331367140953
Epoch: 269 - Loss: 175.32551441178666
Epoch: 270 - Loss: 175.2643091914722
Epoch: 271 - Loss: 175.07091045932629
Epoch: 272 - Loss: 175.003166516783
Epoch: 273 - Loss: 175.06454783977753
Epoch: 274 - Loss: 175.12447478663532
Epoch: 275 - Loss: 175.16061768296618
Epoch: 276 - Loss: 175.1674824668709
Epoch: 277 - Loss: 175.14653060302035
Epoch: 278 - Loss: 175.10348691600828
Epoch: 279 - Loss: 175.04801018990813
Epoch: 280 - Loss: 174.99196757309997
Epoch: 281 - Loss: 174.99484003671654
Epoch: 282 - Loss: 175.04546674006838
Epoch: 283 - Loss: 175.06782116469523
Epoch: 284 - Loss: 175.03019632478276
Epoch: 285 - Loss: 174.98363546068146
Epoch: 286 - Loss: 174.97538057215627
Epoch: 287 - Loss: 174.99770948969476
Epoch: 288 - Loss: 175.01626769560434
Epoch: 289 - Loss: 175.01596211968447
Epoch: 290 - Loss: 174.99877363785123
Epoch: 291 - Loss: 174.9721417359312
Epoch: 292 - Loss: 174.9601604171505
Epoch: 293 - Loss: 174.96946912495014
Epoch: 294 - Loss: 174.98251649596847
Epoch: 295 - Loss: 174.97924393203124
Epoch: 296 - Loss: 174.96243544303738
Epoch: 297 - Loss: 174.9501009459743
Epoch: 298 - Loss: 174.950892763568
Epoch: 299 - Loss: 174.95769007684825
Epoch: 300 - Loss: 174.9593680770352
Epoch: 1 - Loss: 195.88011422895318
Epoch: 2 - Loss: 195.85435884140824
Epoch: 3 - Loss: 195.82869121309403
Epoch: 4 - Loss: 195.80310827389627
Epoch: 5 - Loss: 195.7776128484421
Epoch: 6 - Loss: 195.75220624862828
Epoch: 7 - Loss: 195.72689062075185
Epoch: 8 - Loss: 195.70166468065082
Epoch: 9 - Loss: 195.67653067549568
Epoch: 10 - Loss: 195.6514884137411
Epoch: 11 - Loss: 195.62654124158257
Epoch: 12 - Loss: 195.6016895919229
Epoch: 13 - Loss: 195.57703263806073
Epoch: 14 - Loss: 195.55235685113146
Epoch: 15 - Loss: 195.52778167788705
Epoch: 16 - Loss: 195.5033015196491
Epoch: 17 - Loss: 195.47899167814688
Epoch: 18 - Loss: 195.45472142597336
Epoch: 19 - Loss: 195.43055048331937
Epoch: 20 - Loss: 195.40668226541894
Epoch: 21 - Loss: 195.38264897315403
Epoch: 22 - Loss: 195.35877715620904
Epoch: 23 - Loss: 195.3350055304326
Epoch: 24 - Loss: 195.31133636234512
Epoch: 25 - Loss: 195.28776580059207
Epoch: 26 - Loss: 195.26429559630623
Epoch: 27 - Loss: 195.24093812467274
Epoch: 28 - Loss: 195.21768230060295
Epoch: 29 - Loss: 195.19452825003208
Epoch: 30 - Loss: 195.17147363779327
Epoch: 31 - Loss: 195.1485113347682
Epoch: 32 - Loss: 195.12578888000257
Epoch: 33 - Loss: 195.10284829227606
Epoch: 34 - Loss: 195.0802068772694
Epoch: 35 - Loss: 195.05766736724843
Epoch: 36 - Loss: 195.03522984359037
Epoch: 37 - Loss: 195.01289783189722
Epoch: 38 - Loss: 194.99066390017202
Epoch: 39 - Loss: 194.96853147015315
Epoch: 40 - Loss: 194.9464984349937
Epoch: 41 - Loss: 194.92456886893092
Epoch: 42 - Loss: 194.90274202375613
Epoch: 43 - Loss: 194.88101401380908
Epoch: 44 - Loss: 194.85938631766393
Epoch: 45 - Loss: 194.8378587324732
Epoch: 46 - Loss: 194.8164301173459
Epoch: 47 - Loss: 194.79510152083546
Epoch: 48 - Loss: 194.77387202821174
Epoch: 49 - Loss: 194.7527405022159
Epoch: 50 - Loss: 194.73170738588695
Epoch: 51 - Loss: 194.7107718966587
Epoch: 52 - Loss: 194.68993405749538
Epoch: 53 - Loss: 194.66919251777261
Epoch: 54 - Loss: 194.64837568626083
Epoch: 55 - Loss: 194.62782618979747
Epoch: 56 - Loss: 194.6073731624891
Epoch: 57 - Loss: 194.5870131210449
Epoch: 58 - Loss: 194.5667791256545
Epoch: 59 - Loss: 194.54671373917066
Epoch: 60 - Loss: 194.52663921408785
Epoch: 61 - Loss: 194.50665249392347
Epoch: 62 - Loss: 194.48675680349336
Epoch: 63 - Loss: 194.46682977628163
Epoch: 64 - Loss: 194.44711993519357
Epoch: 65 - Loss: 194.42764570813696
Epoch: 66 - Loss: 194.40819018121175
Epoch: 67 - Loss: 194.38880372002674
Epoch: 68 - Loss: 194.3694540668049
Epoch: 69 - Loss: 194.3501939779284
Epoch: 70 - Loss: 194.33101901087403
Epoch: 71 - Loss: 194.31193182348196
Epoch: 72 - Loss: 194.292932016956
Epoch: 73 - Loss: 194.27397987752212
Epoch: 74 - Loss: 194.2551514553486
Epoch: 75 - Loss: 194.2364621032059
Epoch: 76 - Loss: 194.21771559219906
Epoch: 77 - Loss: 194.1991570711419
Epoch: 78 - Loss: 194.18067994705098
Epoch: 79 - Loss: 194.16228923890418
Epoch: 80 - Loss: 194.14398372538307
Epoch: 81 - Loss: 194.12576087667415
Epoch: 82 - Loss: 194.10761861120815
Epoch: 83 - Loss: 194.08956124262818
Epoch: 84 - Loss: 194.07157284033298
Epoch: 85 - Loss: 194.05367679694578
Epoch: 86 - Loss: 194.0358593874331
Epoch: 87 - Loss: 194.01812147099335
Epoch: 88 - Loss: 194.0004631000603
Epoch: 89 - Loss: 193.98288452549008
Epoch: 90 - Loss: 193.96538569762708
Epoch: 91 - Loss: 193.9479810817622
Epoch: 92 - Loss: 193.93063877553698
Epoch: 93 - Loss: 193.91337008029222
Epoch: 94 - Loss: 193.8961750616707
Epoch: 95 - Loss: 193.87905651262315
Epoch: 96 - Loss: 193.8620139595427
Epoch: 97 - Loss: 193.84504721594772
Epoch: 98 - Loss: 193.82816062925858
Epoch: 99 - Loss: 193.81135140030068
Epoch: 100 - Loss: 193.79461324825328
Epoch: 101 - Loss: 193.77796806143195
Epoch: 102 - Loss: 193.7613768071798
Epoch: 103 - Loss: 193.74485040220017
Epoch: 104 - Loss: 193.728405142151
Epoch: 105 - Loss: 193.7120302431059
Epoch: 106 - Loss: 193.69572892486931
Epoch: 107 - Loss: 193.67950269637186
Epoch: 108 - Loss: 193.66334696014937
Epoch: 109 - Loss: 193.64726171436408
Epoch: 110 - Loss: 193.63124613903886
Epoch: 111 - Loss: 193.61529953273762
Epoch: 112 - Loss: 193.5994179263393
Epoch: 113 - Loss: 193.58369012072015
Epoch: 114 - Loss: 193.56795354060804
Epoch: 115 - Loss: 193.55228487760047
Epoch: 116 - Loss: 193.53668452646255
Epoch: 117 - Loss: 193.52115168364432
Epoch: 118 - Loss: 193.5056854882273
Epoch: 119 - Loss: 193.4901562945401
Epoch: 120 - Loss: 193.47482301777964
Epoch: 121 - Loss: 193.45955599186192
Epoch: 122 - Loss: 193.44435374048996
Epoch: 123 - Loss: 193.4292168910307
Epoch: 124 - Loss: 193.41414430113028
Epoch: 125 - Loss: 193.39913699200704
Epoch: 126 - Loss: 193.38419314960268
Epoch: 127 - Loss: 193.36931346597729
Epoch: 128 - Loss: 193.35449675894623
Epoch: 129 - Loss: 193.3397424983413
Epoch: 130 - Loss: 193.3250509848717
Epoch: 131 - Loss: 193.31042166426172
Epoch: 132 - Loss: 193.29585344394064
Epoch: 133 - Loss: 193.28134803381892
Epoch: 134 - Loss: 193.2669040476326
Epoch: 135 - Loss: 193.2525205624668
Epoch: 136 - Loss: 193.23819769400146
Epoch: 137 - Loss: 193.22393512813366
Epoch: 138 - Loss: 193.20973188135042
Epoch: 139 - Loss: 193.1955882552031
Epoch: 140 - Loss: 193.18150385046485
Epoch: 141 - Loss: 193.16747792229071
Epoch: 142 - Loss: 193.15351030496836
Epoch: 143 - Loss: 193.13959210244488
Epoch: 144 - Loss: 193.12574045374458
Epoch: 145 - Loss: 193.11194631404737
Epoch: 146 - Loss: 193.09820890399055
Epoch: 147 - Loss: 193.08452857850915
Epoch: 148 - Loss: 193.0709046158259
Epoch: 149 - Loss: 193.05733712726
Epoch: 150 - Loss: 193.04382504691426
Epoch: 151 - Loss: 193.030368572413
Epoch: 152 - Loss: 193.0169726639664
Epoch: 153 - Loss: 193.00362582231875
Epoch: 154 - Loss: 192.99033342659877
Epoch: 155 - Loss: 192.97709512999393
Epoch: 156 - Loss: 192.96390454203475
Epoch: 157 - Loss: 192.95077356519283
Epoch: 158 - Loss: 192.9376957514104
Epoch: 159 - Loss: 192.924670783657
Epoch: 160 - Loss: 192.91169833959722
Epoch: 161 - Loss: 192.8987781814454
Epoch: 162 - Loss: 192.88590987651048
Epoch: 163 - Loss: 192.87309321916325
Epoch: 164 - Loss: 192.8603279314397
Epoch: 165 - Loss: 192.8476135971325
Epoch: 166 - Loss: 192.83494995783246
Epoch: 167 - Loss: 192.8223367372357
Epoch: 168 - Loss: 192.80977297373474
Epoch: 169 - Loss: 192.79725974727305
Epoch: 170 - Loss: 192.78479604742523
Epoch: 171 - Loss: 192.77238161758152
Epoch: 172 - Loss: 192.76001614672612
Epoch: 173 - Loss: 192.74769936331475
Epoch: 174 - Loss: 192.7354309519487
Epoch: 175 - Loss: 192.7232108926867
Epoch: 176 - Loss: 192.71103904589262
Epoch: 177 - Loss: 192.6989151937782
Epoch: 178 - Loss: 192.68683902388818
Epoch: 179 - Loss: 192.67481016174926
Epoch: 180 - Loss: 192.6628286776345
Epoch: 181 - Loss: 192.65089388699738
Epoch: 182 - Loss: 192.6390062223133
Epoch: 183 - Loss: 192.6271642909056
Epoch: 184 - Loss: 192.61536840602244
Epoch: 185 - Loss: 192.60368790627345
Epoch: 186 - Loss: 192.59198179221013
Epoch: 187 - Loss: 192.58032084378746
Epoch: 188 - Loss: 192.56870502587523
Epoch: 189 - Loss: 192.5571339121342
Epoch: 190 - Loss: 192.54560735186536
Epoch: 191 - Loss: 192.53412506517034
Epoch: 192 - Loss: 192.5226866938715
Epoch: 193 - Loss: 192.51129217355944
Epoch: 194 - Loss: 192.49994120962324
Epoch: 195 - Loss: 192.48863352761612
Epoch: 196 - Loss: 192.47736890210246
Epoch: 197 - Loss: 192.46614439766702
Epoch: 198 - Loss: 192.45496526462802
Epoch: 199 - Loss: 192.44383590414085
Epoch: 200 - Loss: 192.43273951816244
Epoch: 201 - Loss: 192.42168517350527
Epoch: 202 - Loss: 192.4106722891156
Epoch: 203 - Loss: 192.3997010747374
Epoch: 204 - Loss: 192.38877085864303
Epoch: 205 - Loss: 192.37786375142971
Epoch: 206 - Loss: 192.36701437996155
Epoch: 207 - Loss: 192.35620510931082
Epoch: 208 - Loss: 192.3454357521043
Epoch: 209 - Loss: 192.3347074059746
Epoch: 210 - Loss: 192.324018474613
Epoch: 211 - Loss: 192.31336905292545
Epoch: 212 - Loss: 192.3027669179305
Epoch: 213 - Loss: 192.2921954420954
Epoch: 214 - Loss: 192.28166316568135
Epoch: 215 - Loss: 192.27116931552004
Epoch: 216 - Loss: 192.260714297335
Epoch: 217 - Loss: 192.25029730964295
Epoch: 218 - Loss: 192.23991878827346
Epoch: 219 - Loss: 192.22957782852194
Epoch: 220 - Loss: 192.2192753733201
Epoch: 221 - Loss: 192.20900892240473
Epoch: 222 - Loss: 192.19878379822418
Epoch: 223 - Loss: 192.18859247881457
Epoch: 224 - Loss: 192.17843757025844
Epoch: 225 - Loss: 192.16831927913253
Epoch: 226 - Loss: 192.15823728368431
Epoch: 227 - Loss: 192.14819118423333
Epoch: 228 - Loss: 192.13818222175945
Epoch: 229 - Loss: 192.12820865958648
Epoch: 230 - Loss: 192.11827061568343
Epoch: 231 - Loss: 192.10836800767896
Epoch: 232 - Loss: 192.09850047718407
Epoch: 233 - Loss: 192.08866814314152
Epoch: 234 - Loss: 192.0788703406124
Epoch: 235 - Loss: 192.06910710290992
Epoch: 236 - Loss: 192.0593782176312
Epoch: 237 - Loss: 192.0496556870413
Epoch: 238 - Loss: 192.03999512149326
Epoch: 239 - Loss: 192.03036834374547
Epoch: 240 - Loss: 192.02077627969163
Epoch: 241 - Loss: 192.01121654482253
Epoch: 242 - Loss: 192.0016900339146
Epoch: 243 - Loss: 191.9921965800025
Epoch: 244 - Loss: 191.98273454233396
Epoch: 245 - Loss: 191.97330653284135
Epoch: 246 - Loss: 191.96391100488796
Epoch: 247 - Loss: 191.95454778378743
Epoch: 248 - Loss: 191.94521669406626
Epoch: 249 - Loss: 191.93591754768997
Epoch: 250 - Loss: 191.92665036252984
Epoch: 251 - Loss: 191.9173977800152
Epoch: 252 - Loss: 191.9081964300804
Epoch: 253 - Loss: 191.89902632779692
Epoch: 254 - Loss: 191.88988788369974
Epoch: 255 - Loss: 191.88078014006706
Epoch: 256 - Loss: 191.87170327834963
Epoch: 257 - Loss: 191.86265733721913
Epoch: 258 - Loss: 191.85364176381148
Epoch: 259 - Loss: 191.8446566965063
Epoch: 260 - Loss: 191.83570199234208
Epoch: 261 - Loss: 191.8267774039989
Epoch: 262 - Loss: 191.81788271763213
Epoch: 263 - Loss: 191.809017886089
Epoch: 264 - Loss: 191.80018284093805
Epoch: 265 - Loss: 191.7913875933843
Epoch: 266 - Loss: 191.78260944462008
Epoch: 267 - Loss: 191.7738610331291
Epoch: 268 - Loss: 191.765141169806
Epoch: 269 - Loss: 191.7565063380987
Epoch: 270 - Loss: 191.74780576632682
Epoch: 271 - Loss: 191.73917287760187
Epoch: 272 - Loss: 191.73057749706456
Epoch: 273 - Loss: 191.72200276837282
Epoch: 274 - Loss: 191.7134550180374
Epoch: 275 - Loss: 191.70493490875484
Epoch: 276 - Loss: 191.69646973186838
Epoch: 277 - Loss: 191.68800441921593
Epoch: 278 - Loss: 191.67956734940756
Epoch: 279 - Loss: 191.6711566324008
Epoch: 280 - Loss: 191.66277299713988
Epoch: 281 - Loss: 191.65441703407313
Epoch: 282 - Loss: 191.64608745393008
Epoch: 283 - Loss: 191.63778459901795
Epoch: 284 - Loss: 191.62944500421608
Epoch: 285 - Loss: 191.62120119325755
Epoch: 286 - Loss: 191.61303753928271
Epoch: 287 - Loss: 191.60484227338986
Epoch: 288 - Loss: 191.59667309250938
Epoch: 289 - Loss: 191.588529894724
Epoch: 290 - Loss: 191.58041239531983
Epoch: 291 - Loss: 191.57232101347014
Epoch: 292 - Loss: 191.56425487735987
Epoch: 293 - Loss: 191.55621415683666
Epoch: 294 - Loss: 191.54819768484293
Epoch: 295 - Loss: 191.54020666771146
Epoch: 296 - Loss: 191.53223920388396
Epoch: 297 - Loss: 191.5242969451656
Epoch: 298 - Loss: 191.5163811485887
Epoch: 299 - Loss: 191.50848891668628
Epoch: 300 - Loss: 191.50062206137298
Epoch: 1 - Loss: 197.68984841564318
Epoch: 2 - Loss: 197.68564449296832
Epoch: 3 - Loss: 197.6814399990584
Epoch: 4 - Loss: 197.67723505855955
Epoch: 5 - Loss: 197.67302932288686
Epoch: 6 - Loss: 197.66882321440121
Epoch: 7 - Loss: 197.66461661644266
Epoch: 8 - Loss: 197.66040940108064
Epoch: 9 - Loss: 197.65620153386894
Epoch: 10 - Loss: 197.65199317099132
Epoch: 11 - Loss: 197.64778384605384
Epoch: 12 - Loss: 197.6435741536932
Epoch: 13 - Loss: 197.6393638780182
Epoch: 14 - Loss: 197.63515359570502
Epoch: 15 - Loss: 197.63094198484748
Epoch: 16 - Loss: 197.62672971783778
Epoch: 17 - Loss: 197.62251678728572
Epoch: 18 - Loss: 197.6183031868531
Epoch: 19 - Loss: 197.61408890224226
Epoch: 20 - Loss: 197.60987392922814
Epoch: 21 - Loss: 197.60565825586846
Epoch: 22 - Loss: 197.6014418755672
Epoch: 23 - Loss: 197.597224780304
Epoch: 24 - Loss: 197.59300696134648
Epoch: 25 - Loss: 197.58878841066698
Epoch: 26 - Loss: 197.58456912323513
Epoch: 27 - Loss: 197.58034908646744
Epoch: 28 - Loss: 197.5761282962444
Epoch: 29 - Loss: 197.5719067428611
Epoch: 30 - Loss: 197.56768347265833
Epoch: 31 - Loss: 197.56346040989717
Epoch: 32 - Loss: 197.55923658953535
Epoch: 33 - Loss: 197.5550119700579
Epoch: 34 - Loss: 197.55078646894054
Epoch: 35 - Loss: 197.54656040031986
Epoch: 36 - Loss: 197.54233336906032
Epoch: 37 - Loss: 197.53810550700146
Epoch: 38 - Loss: 197.533876757223
Epoch: 39 - Loss: 197.52964727974944
Epoch: 40 - Loss: 197.52541692337607
Epoch: 41 - Loss: 197.5211857328953
Epoch: 42 - Loss: 197.51695360243835
Epoch: 43 - Loss: 197.5127207075495
Epoch: 44 - Loss: 197.50848693415674
Epoch: 45 - Loss: 197.5042523053752
Epoch: 46 - Loss: 197.5000167923314
Epoch: 47 - Loss: 197.49578041112665
Epoch: 48 - Loss: 197.49154312941272
Epoch: 49 - Loss: 197.48730500365727
Epoch: 50 - Loss: 197.48306580346826
Epoch: 51 - Loss: 197.4788258505573
Epoch: 52 - Loss: 197.47458488216478
Epoch: 53 - Loss: 197.47034310575356
Epoch: 54 - Loss: 197.46610051194014
Epoch: 55 - Loss: 197.46185688894775
Epoch: 56 - Loss: 197.45761231406985
Epoch: 57 - Loss: 197.45336682319902
Epoch: 58 - Loss: 197.44912033032224
Epoch: 59 - Loss: 197.44487294885488
Epoch: 60 - Loss: 197.44062721222875
Epoch: 61 - Loss: 197.43637793161844
Epoch: 62 - Loss: 197.4321276761075
Epoch: 63 - Loss: 197.427876465606
Epoch: 64 - Loss: 197.4236242388758
Epoch: 65 - Loss: 197.41937102692665
Epoch: 66 - Loss: 197.41511682418192
Epoch: 67 - Loss: 197.4108618375724
Epoch: 68 - Loss: 197.40660567556708
Epoch: 69 - Loss: 197.40234850622343
Epoch: 70 - Loss: 197.39809033357105
Epoch: 71 - Loss: 197.3938302745415
Epoch: 72 - Loss: 197.38957006687718
Epoch: 73 - Loss: 197.38530883420154
Epoch: 74 - Loss: 197.3810468746333
Epoch: 75 - Loss: 197.37678357258812
Epoch: 76 - Loss: 197.37251923052247
Epoch: 77 - Loss: 197.3682538292793
Epoch: 78 - Loss: 197.3639873435502
Epoch: 79 - Loss: 197.35971983249584
Epoch: 80 - Loss: 197.35545125683288
Epoch: 81 - Loss: 197.351181610148
Epoch: 82 - Loss: 197.34691089108767
Epoch: 83 - Loss: 197.3426390938684
Epoch: 84 - Loss: 197.33836620922335
Epoch: 85 - Loss: 197.33409223317216
Epoch: 86 - Loss: 197.32981709022985
Epoch: 87 - Loss: 197.3255409339275
Epoch: 88 - Loss: 197.32126366694823
Epoch: 89 - Loss: 197.31698529051948
Epoch: 90 - Loss: 197.31270580444954
Epoch: 91 - Loss: 197.3084252000043
Epoch: 92 - Loss: 197.30414346695358
Epoch: 93 - Loss: 197.2998606024703
Epoch: 94 - Loss: 197.29557661494349
Epoch: 95 - Loss: 197.29129148614595
Epoch: 96 - Loss: 197.28700521575504
Epoch: 97 - Loss: 197.28271779912922
Epoch: 98 - Loss: 197.27842923005278
Epoch: 99 - Loss: 197.2741395080129
Epoch: 100 - Loss: 197.2698486125373
Epoch: 101 - Loss: 197.26555636692157
Epoch: 102 - Loss: 197.26126315692883
Epoch: 103 - Loss: 197.25696877667264
Epoch: 104 - Loss: 197.25267321874384
Epoch: 105 - Loss: 197.248376481925
Epoch: 106 - Loss: 197.24407855970202
Epoch: 107 - Loss: 197.23977944936252
Epoch: 108 - Loss: 197.2354791469868
Epoch: 109 - Loss: 197.23117764849752
Epoch: 110 - Loss: 197.2268749964529
Epoch: 111 - Loss: 197.22257106102447
Epoch: 112 - Loss: 197.21826595085696
Epoch: 113 - Loss: 197.21395964750852
Epoch: 114 - Loss: 197.20965207545024
Epoch: 115 - Loss: 197.20534331853537
Epoch: 116 - Loss: 197.2010332475604
Epoch: 117 - Loss: 197.19672201171642
Epoch: 118 - Loss: 197.19240955408074
Epoch: 119 - Loss: 197.18809586233814
Epoch: 120 - Loss: 197.1837809524474
Epoch: 121 - Loss: 197.17946483090606
Epoch: 122 - Loss: 197.17514740714833
Epoch: 123 - Loss: 197.17082855306333
Epoch: 124 - Loss: 197.16650860066036
Epoch: 125 - Loss: 197.16218741412192
Epoch: 126 - Loss: 197.15786496433273
Epoch: 127 - Loss: 197.153541262948
Epoch: 128 - Loss: 197.14921626523926
Epoch: 129 - Loss: 197.14489003288682
Epoch: 130 - Loss: 197.1405624494587
Epoch: 131 - Loss: 197.1362336593775
Epoch: 132 - Loss: 197.13190344723932
Epoch: 133 - Loss: 197.12757202498344
Epoch: 134 - Loss: 197.12323931365367
Epoch: 135 - Loss: 197.11890530085535
Epoch: 136 - Loss: 197.1145699835628
Epoch: 137 - Loss: 197.11023336669822
Epoch: 138 - Loss: 197.10589541582686
Epoch: 139 - Loss: 197.10155615986122
Epoch: 140 - Loss: 197.09721556202996
Epoch: 141 - Loss: 197.09287366108074
Epoch: 142 - Loss: 197.08853038316977
Epoch: 143 - Loss: 197.08418639871624
Epoch: 144 - Loss: 197.07984049735327
Epoch: 145 - Loss: 197.07549325706114
Epoch: 146 - Loss: 197.07114467340128
Epoch: 147 - Loss: 197.06679474435413
Epoch: 148 - Loss: 197.06244346561866
Epoch: 149 - Loss: 197.0580908158836
Epoch: 150 - Loss: 197.05373679657717
Epoch: 151 - Loss: 197.0493814456637
Epoch: 152 - Loss: 197.0450247505665
Epoch: 153 - Loss: 197.0406666168768
Epoch: 154 - Loss: 197.03630581466476
Epoch: 155 - Loss: 197.03194495760496
Epoch: 156 - Loss: 197.02758277846914
Epoch: 157 - Loss: 197.0232192144356
Epoch: 158 - Loss: 197.01885425565197
Epoch: 159 - Loss: 197.0144878943712
Epoch: 160 - Loss: 197.0101201485433
Epoch: 161 - Loss: 197.0057509785278
Epoch: 162 - Loss: 197.0013804233479
Epoch: 163 - Loss: 196.99700843568326
Epoch: 164 - Loss: 196.99263498456006
Epoch: 165 - Loss: 196.9882599474974
Epoch: 166 - Loss: 196.98388375006584
Epoch: 167 - Loss: 196.97950610143394
Epoch: 168 - Loss: 196.97512702332818
Epoch: 169 - Loss: 196.97074651185974
Epoch: 170 - Loss: 196.96636456306152
Epoch: 171 - Loss: 196.96198117557282
Epoch: 172 - Loss: 196.95759634048216
Epoch: 173 - Loss: 196.9532100420729
Epoch: 174 - Loss: 196.94882230470748
Epoch: 175 - Loss: 196.94443311077734
Epoch: 176 - Loss: 196.94004237834008
Epoch: 177 - Loss: 196.93565025759065
Epoch: 178 - Loss: 196.93125666765823
Epoch: 179 - Loss: 196.9268616080563
Epoch: 180 - Loss: 196.92246504366787
Epoch: 181 - Loss: 196.91806702295378
Epoch: 182 - Loss: 196.91366751795562
Epoch: 183 - Loss: 196.90926652617108
Epoch: 184 - Loss: 196.90486405260427
Epoch: 185 - Loss: 196.90046006807958
Epoch: 186 - Loss: 196.8960545847215
Epoch: 187 - Loss: 196.8916475955004
Epoch: 188 - Loss: 196.88723910165206
Epoch: 189 - Loss: 196.8828290826667
Epoch: 190 - Loss: 196.87841754675242
Epoch: 191 - Loss: 196.8740044859155
Epoch: 192 - Loss: 196.86958990015276
Epoch: 193 - Loss: 196.8651737928653
Epoch: 194 - Loss: 196.860756299409
Epoch: 195 - Loss: 196.8563371223938
Epoch: 196 - Loss: 196.8519164021068
Epoch: 197 - Loss: 196.84749413578336
Epoch: 198 - Loss: 196.84307031772698
Epoch: 199 - Loss: 196.83864495043753
Epoch: 200 - Loss: 196.8342180413331
Epoch: 201 - Loss: 196.82978954630374
Epoch: 202 - Loss: 196.8253594890743
Epoch: 203 - Loss: 196.82092785302487
Epoch: 204 - Loss: 196.81649464040112
Epoch: 205 - Loss: 196.81205984686773
Epoch: 206 - Loss: 196.80762346787466
Epoch: 207 - Loss: 196.8031855598574
Epoch: 208 - Loss: 196.79874599597892
Epoch: 209 - Loss: 196.79430483208168
Epoch: 210 - Loss: 196.78986206630708
Epoch: 211 - Loss: 196.7854176171128
Epoch: 212 - Loss: 196.7809716422153
Epoch: 213 - Loss: 196.7765240517455
Epoch: 214 - Loss: 196.77207484128328
Epoch: 215 - Loss: 196.767624006333
Epoch: 216 - Loss: 196.7631715424681
Epoch: 217 - Loss: 196.75871745624517
Epoch: 218 - Loss: 196.75426188870958
Epoch: 219 - Loss: 196.74980451006812
Epoch: 220 - Loss: 196.74534548910182
Epoch: 221 - Loss: 196.7408848373655
Epoch: 222 - Loss: 196.73642250257632
Epoch: 223 - Loss: 196.73195850655307
Epoch: 224 - Loss: 196.727492844748
Epoch: 225 - Loss: 196.72302551253406
Epoch: 226 - Loss: 196.7185565111544
Epoch: 227 - Loss: 196.71408582402083
Epoch: 228 - Loss: 196.70961345444138
Epoch: 229 - Loss: 196.7051393960133
Epoch: 230 - Loss: 196.70066364592236
Epoch: 231 - Loss: 196.69618615231178
Epoch: 232 - Loss: 196.69170699354433
Epoch: 233 - Loss: 196.6872261209959
Epoch: 234 - Loss: 196.68274352829457
Epoch: 235 - Loss: 196.67825921864366
Epoch: 236 - Loss: 196.67377317409634
Epoch: 237 - Loss: 196.66928573109382
Epoch: 238 - Loss: 196.66479621332184
Epoch: 239 - Loss: 196.66030465913482
Epoch: 240 - Loss: 196.65581154475547
Epoch: 241 - Loss: 196.65131678067416
Epoch: 242 - Loss: 196.64682023166833
Epoch: 243 - Loss: 196.6423220526144
Epoch: 244 - Loss: 196.63782199579296
Epoch: 245 - Loss: 196.63332022074167
Epoch: 246 - Loss: 196.62881668962893
Epoch: 247 - Loss: 196.6243113460518
Epoch: 248 - Loss: 196.6198042127314
Epoch: 249 - Loss: 196.61529527238048
Epoch: 250 - Loss: 196.61078456001866
Epoch: 251 - Loss: 196.60627247660392
Epoch: 252 - Loss: 196.6017576187723
Epoch: 253 - Loss: 196.59724148060147
Epoch: 254 - Loss: 196.59272352420976
Epoch: 255 - Loss: 196.5882037378747
Epoch: 256 - Loss: 196.58368213248397
Epoch: 257 - Loss: 196.57915874297646
Epoch: 258 - Loss: 196.57463386258792
Epoch: 259 - Loss: 196.57010674533572
Epoch: 260 - Loss: 196.56557789301826
Epoch: 261 - Loss: 196.56104707663292
Epoch: 262 - Loss: 196.55651393683434
Epoch: 263 - Loss: 196.55197940051863
Epoch: 264 - Loss: 196.54744293592876
Epoch: 265 - Loss: 196.5429046752383
Epoch: 266 - Loss: 196.5383645242408
Epoch: 267 - Loss: 196.5338224868475
Epoch: 268 - Loss: 196.5292785570439
Epoch: 269 - Loss: 196.52473267269232
Epoch: 270 - Loss: 196.52018500427317
Epoch: 271 - Loss: 196.51563537832484
Epoch: 272 - Loss: 196.51108380060415
Epoch: 273 - Loss: 196.50653040102725
Epoch: 274 - Loss: 196.50197502044296
Epoch: 275 - Loss: 196.4974177327425
Epoch: 276 - Loss: 196.49285837687975
Epoch: 277 - Loss: 196.48829719144703
Epoch: 278 - Loss: 196.48373408534647
Epoch: 279 - Loss: 196.47916904047904
Epoch: 280 - Loss: 196.47460203415724
Epoch: 281 - Loss: 196.47003306809097
Epoch: 282 - Loss: 196.46546213926158
Epoch: 283 - Loss: 196.46088924158144
Epoch: 284 - Loss: 196.45631383141242
Epoch: 285 - Loss: 196.45173701106214
Epoch: 286 - Loss: 196.4471583216669
Epoch: 287 - Loss: 196.44257752573012
Epoch: 288 - Loss: 196.43799468215963
Epoch: 289 - Loss: 196.4334099120562
Epoch: 290 - Loss: 196.42882311563557
Epoch: 291 - Loss: 196.4242343072663
Epoch: 292 - Loss: 196.419643484106
Epoch: 293 - Loss: 196.41505062334105
Epoch: 294 - Loss: 196.41045612387612
Epoch: 295 - Loss: 196.40585913573378
Epoch: 296 - Loss: 196.4012601030574
Epoch: 297 - Loss: 196.39665901225283
Epoch: 298 - Loss: 196.39205587232084
Epoch: 299 - Loss: 196.38745066223908
Epoch: 300 - Loss: 196.3828434186365
Epoch: 1 - Loss: 194.1221275693179
Epoch: 2 - Loss: 194.1196959428424
Epoch: 3 - Loss: 194.1172641699308
Epoch: 4 - Loss: 194.11483218195303
Epoch: 5 - Loss: 194.1124000362659
Epoch: 6 - Loss: 194.10996771154677
Epoch: 7 - Loss: 194.10753520490442
Epoch: 8 - Loss: 194.1051025135746
Epoch: 9 - Loss: 194.1026696347963
Epoch: 10 - Loss: 194.10023656585028
Epoch: 11 - Loss: 194.0978033040574
Epoch: 12 - Loss: 194.0953698469353
Epoch: 13 - Loss: 194.09293619173405
Epoch: 14 - Loss: 194.09050238636814
Epoch: 15 - Loss: 194.08806832488509
Epoch: 16 - Loss: 194.08563410237252
Epoch: 17 - Loss: 194.0831996294611
Epoch: 18 - Loss: 194.08076494847228
Epoch: 19 - Loss: 194.07833005339327
Epoch: 20 - Loss: 194.07589494603477
Epoch: 21 - Loss: 194.07345962097727
Epoch: 22 - Loss: 194.07102407924555
Epoch: 23 - Loss: 194.06858821812833
Epoch: 24 - Loss: 194.06615223318855
Epoch: 25 - Loss: 194.06371602456719
Epoch: 26 - Loss: 194.06127959067763
Epoch: 27 - Loss: 194.05884292996737
Epoch: 28 - Loss: 194.05640604084897
Epoch: 29 - Loss: 194.05396896460948
Epoch: 30 - Loss: 194.0515316143953
Epoch: 31 - Loss: 194.04909326187078
Epoch: 32 - Loss: 194.04665544469992
Epoch: 33 - Loss: 194.0442173925287
Epoch: 34 - Loss: 194.0417791040376
Epoch: 35 - Loss: 194.03934063900937
Epoch: 36 - Loss: 194.03690182692193
Epoch: 37 - Loss: 194.03446298712868
Epoch: 38 - Loss: 194.03202378331056
Epoch: 39 - Loss: 194.0295843015157
Epoch: 40 - Loss: 194.027144578031
Epoch: 41 - Loss: 194.02470461215233
Epoch: 42 - Loss: 194.0222643137375
Epoch: 43 - Loss: 194.01982395123403
Epoch: 44 - Loss: 194.01738316403907
Epoch: 45 - Loss: 194.01494221964555
Epoch: 46 - Loss: 194.01250102958033
Epoch: 47 - Loss: 194.01005963459596
Epoch: 48 - Loss: 194.00761795947042
Epoch: 49 - Loss: 194.00517608469687
Epoch: 50 - Loss: 194.00273390941456
Epoch: 51 - Loss: 194.0002914873562
Epoch: 52 - Loss: 193.99784881591862
Epoch: 53 - Loss: 193.99540589571396
Epoch: 54 - Loss: 193.99296272644492
Epoch: 55 - Loss: 193.99051930769525
Epoch: 56 - Loss: 193.9880756392137
Epoch: 57 - Loss: 193.98563171917039
Epoch: 58 - Loss: 193.98318754986494
Epoch: 59 - Loss: 193.98074312981
Epoch: 60 - Loss: 193.9782984587048
Epoch: 61 - Loss: 193.9758535363653
Epoch: 62 - Loss: 193.97340833410797
Epoch: 63 - Loss: 193.9709629080803
Epoch: 64 - Loss: 193.96851734598
Epoch: 65 - Loss: 193.96607128897858
Epoch: 66 - Loss: 193.96362510889665
Epoch: 67 - Loss: 193.96117867625384
Epoch: 68 - Loss: 193.9587319909086
Epoch: 69 - Loss: 193.95628505262712
Epoch: 70 - Loss: 193.953837864829
Epoch: 71 - Loss: 193.95139041907058
Epoch: 72 - Loss: 193.94894274430948
Epoch: 73 - Loss: 193.94649479282953
Epoch: 74 - Loss: 193.94404658747317
Epoch: 75 - Loss: 193.94159814057159
Epoch: 76 - Loss: 193.93914943881853
Epoch: 77 - Loss: 193.9367004807348
Epoch: 78 - Loss: 193.93425126997892
Epoch: 79 - Loss: 193.9318017943878
Epoch: 80 - Loss: 193.9293520621525
Epoch: 81 - Loss: 193.92690207500092
Epoch: 82 - Loss: 193.92445184175895
Epoch: 83 - Loss: 193.922001217797
Epoch: 84 - Loss: 193.91955050178234
Epoch: 85 - Loss: 193.9170996593175
Epoch: 86 - Loss: 193.91464839636996
Epoch: 87 - Loss: 193.91219655951122
Epoch: 88 - Loss: 193.90974478754123
Epoch: 89 - Loss: 193.90729277603566
Epoch: 90 - Loss: 193.90484049179588
Epoch: 91 - Loss: 193.9023879510995
Epoch: 92 - Loss: 193.89993514425814
Epoch: 93 - Loss: 193.89748209037703
Epoch: 94 - Loss: 193.89502877963372
Epoch: 95 - Loss: 193.89257521205005
Epoch: 96 - Loss: 193.8901213891635
Epoch: 97 - Loss: 193.88766731388543
Epoch: 98 - Loss: 193.8852129781242
Epoch: 99 - Loss: 193.88275838155053
Epoch: 100 - Loss: 193.88030350775216
Epoch: 101 - Loss: 193.8778483958891
Epoch: 102 - Loss: 193.87539303337874
Epoch: 103 - Loss: 193.87293739021837
Epoch: 104 - Loss: 193.8704815042484
Epoch: 105 - Loss: 193.86802539247714
Epoch: 106 - Loss: 193.86556898950948
Epoch: 107 - Loss: 193.86311234235075
Epoch: 108 - Loss: 193.8606554224269
Epoch: 109 - Loss: 193.85819824351364
Epoch: 110 - Loss: 193.85574078966607
Epoch: 111 - Loss: 193.85328309238565
Epoch: 112 - Loss: 193.85082570650542
Epoch: 113 - Loss: 193.84836749097383
Epoch: 114 - Loss: 193.84590901579054
Epoch: 115 - Loss: 193.84345028077928
Epoch: 116 - Loss: 193.84099128578097
Epoch: 117 - Loss: 193.83853203066886
Epoch: 118 - Loss: 193.83607251524325
Epoch: 119 - Loss: 193.8336127532465
Epoch: 120 - Loss: 193.83115271788193
Epoch: 121 - Loss: 193.8286924198281
Epoch: 122 - Loss: 193.8262318483157
Epoch: 123 - Loss: 193.8237710288126
Epoch: 124 - Loss: 193.8213099480743
Epoch: 125 - Loss: 193.81884861018648
Epoch: 126 - Loss: 193.81638697360745
Epoch: 127 - Loss: 193.81392510779935
Epoch: 128 - Loss: 193.81146301640754
Epoch: 129 - Loss: 193.80900062724783
Epoch: 130 - Loss: 193.80653798300162
Epoch: 131 - Loss: 193.80407507142712
Epoch: 132 - Loss: 193.80161189568582
Epoch: 133 - Loss: 193.79914845718062
Epoch: 134 - Loss: 193.79668475569596
Epoch: 135 - Loss: 193.794220791059
Epoch: 136 - Loss: 193.79175656311583
Epoch: 137 - Loss: 193.7892920677267
Epoch: 138 - Loss: 193.78682731385388
Epoch: 139 - Loss: 193.78436229612848
Epoch: 140 - Loss: 193.78189697978578
Epoch: 141 - Loss: 193.77943143171325
Epoch: 142 - Loss: 193.7769657549223
Epoch: 143 - Loss: 193.7744996802711
Epoch: 144 - Loss: 193.77203334095964
Epoch: 145 - Loss: 193.76956673770178
Epoch: 146 - Loss: 193.76709986848334
Epoch: 147 - Loss: 193.76463270344678
Epoch: 148 - Loss: 193.76216528859186
Epoch: 149 - Loss: 193.75969762055334
Epoch: 150 - Loss: 193.75722968755707
Epoch: 151 - Loss: 193.754761487481
Epoch: 152 - Loss: 193.75229306123873
Epoch: 153 - Loss: 193.74982432990922
Epoch: 154 - Loss: 193.7473552600415
Epoch: 155 - Loss: 193.7448859832566
Epoch: 156 - Loss: 193.74241649422964
Epoch: 157 - Loss: 193.73994669853406
Epoch: 158 - Loss: 193.73747664770667
Epoch: 159 - Loss: 193.7350063241546
Epoch: 160 - Loss: 193.7325356549265
Epoch: 161 - Loss: 193.73006479106735
Epoch: 162 - Loss: 193.7275936588823
Epoch: 163 - Loss: 193.72512225816754
Epoch: 164 - Loss: 193.7226505887241
Epoch: 165 - Loss: 193.72017865033166
Epoch: 166 - Loss: 193.71770644273636
Epoch: 167 - Loss: 193.71523403562284
Epoch: 168 - Loss: 193.71276129111126
Epoch: 169 - Loss: 193.7102882767888
Epoch: 170 - Loss: 193.70781499426428
Epoch: 171 - Loss: 193.7053414730667
Epoch: 172 - Loss: 193.70286765660023
Epoch: 173 - Loss: 193.7003935605902
Epoch: 174 - Loss: 193.69791919364752
Epoch: 175 - Loss: 193.69544458690368
Epoch: 176 - Loss: 193.69296967778803
Epoch: 177 - Loss: 193.69049449696593
Epoch: 178 - Loss: 193.68801904430458
Epoch: 179 - Loss: 193.6855433086685
Epoch: 180 - Loss: 193.68306708731598
Epoch: 181 - Loss: 193.68059081597852
Epoch: 182 - Loss: 193.67811428196777
Epoch: 183 - Loss: 193.6756374655062
Epoch: 184 - Loss: 193.67316045409248
Epoch: 185 - Loss: 193.67068299933106
Epoch: 186 - Loss: 193.6682053620375
Epoch: 187 - Loss: 193.66572745068532
Epoch: 188 - Loss: 193.66324923697738
Epoch: 189 - Loss: 193.6607707774813
Epoch: 190 - Loss: 193.65829208462063
Epoch: 191 - Loss: 193.65581307546574
Epoch: 192 - Loss: 193.65333375757257
Epoch: 193 - Loss: 193.65085419703965
Epoch: 194 - Loss: 193.64837435781823
Epoch: 195 - Loss: 193.6458942451946
Epoch: 196 - Loss: 193.6434139454335
Epoch: 197 - Loss: 193.64093327976113
Epoch: 198 - Loss: 193.6384523370887
Epoch: 199 - Loss: 193.63597111705053
Epoch: 200 - Loss: 193.63348961939107
Epoch: 201 - Loss: 193.6310078438791
Epoch: 202 - Loss: 193.6285257901248
Epoch: 203 - Loss: 193.62604346055048
Epoch: 204 - Loss: 193.62356084953782
Epoch: 205 - Loss: 193.62107791357232
Epoch: 206 - Loss: 193.61859474415598
Epoch: 207 - Loss: 193.61611129510467
Epoch: 208 - Loss: 193.61362756606815
Epoch: 209 - Loss: 193.6111435568001
Epoch: 210 - Loss: 193.60865926691648
Epoch: 211 - Loss: 193.60617469618845
Epoch: 212 - Loss: 193.60368984195512
Epoch: 213 - Loss: 193.60120470869202
Epoch: 214 - Loss: 193.59871926008398
Epoch: 215 - Loss: 193.59623360981612
Epoch: 216 - Loss: 193.59374763004294
Epoch: 217 - Loss: 193.59126137492126
Epoch: 218 - Loss: 193.5887748297098
Epoch: 219 - Loss: 193.58628801482783
Epoch: 220 - Loss: 193.5838009122539
Epoch: 221 - Loss: 193.58131336371122
Epoch: 222 - Loss: 193.57882567332814
Epoch: 223 - Loss: 193.57633769818102
Epoch: 224 - Loss: 193.57384950489947
Epoch: 225 - Loss: 193.57136102936056
Epoch: 226 - Loss: 193.5688722073302
Epoch: 227 - Loss: 193.56638333647194
Epoch: 228 - Loss: 193.56389394374685
Epoch: 229 - Loss: 193.561404264555
Epoch: 230 - Loss: 193.5589142786614
Epoch: 231 - Loss: 193.55642402488886
Epoch: 232 - Loss: 193.55393345254637
Epoch: 233 - Loss: 193.55144263756998
Epoch: 234 - Loss: 193.5489515333971
Epoch: 235 - Loss: 193.54646013991945
Epoch: 236 - Loss: 193.5439684952377
Epoch: 237 - Loss: 193.54147648171588
Epoch: 238 - Loss: 193.5389842098191
Epoch: 239 - Loss: 193.53649165094555
Epoch: 240 - Loss: 193.53399879441045
Epoch: 241 - Loss: 193.53150565072718
Epoch: 242 - Loss: 193.52901221614707
Epoch: 243 - Loss: 193.52651849885075
Epoch: 244 - Loss: 193.5240244559124
Epoch: 245 - Loss: 193.52153018120532
Epoch: 246 - Loss: 193.51903559591827
Epoch: 247 - Loss: 193.51654071677984
Epoch: 248 - Loss: 193.51404554379445
Epoch: 249 - Loss: 193.51155007651718
Epoch: 250 - Loss: 193.509054314901
Epoch: 251 - Loss: 193.5065582656407
Epoch: 252 - Loss: 193.50406192520876
Epoch: 253 - Loss: 193.50156526270902
Epoch: 254 - Loss: 193.4990683233952
Epoch: 255 - Loss: 193.49657105623035
Epoch: 256 - Loss: 193.49407353681107
Epoch: 257 - Loss: 193.4915757179025
Epoch: 258 - Loss: 193.48907767311297
Epoch: 259 - Loss: 193.4865792098613
Epoch: 260 - Loss: 193.4840805203815
Epoch: 261 - Loss: 193.48158150655098
Epoch: 262 - Loss: 193.47908219996577
Epoch: 263 - Loss: 193.47658264937849
Epoch: 264 - Loss: 193.47408271045563
Epoch: 265 - Loss: 193.47158253399542
Epoch: 266 - Loss: 193.46908201166264
Epoch: 267 - Loss: 193.46658123981126
Epoch: 268 - Loss: 193.46408015341382
Epoch: 269 - Loss: 193.46157870781212
Epoch: 270 - Loss: 193.4590769950573
Epoch: 271 - Loss: 193.4565749881995
Epoch: 272 - Loss: 193.45407267814593
Epoch: 273 - Loss: 193.45157005592486
Epoch: 274 - Loss: 193.44906714074682
Epoch: 275 - Loss: 193.4465639214241
Epoch: 276 - Loss: 193.44406039707098
Epoch: 277 - Loss: 193.44155662795447
Epoch: 278 - Loss: 193.43905251267432
Epoch: 279 - Loss: 193.43654809535226
Epoch: 280 - Loss: 193.43404337606594
Epoch: 281 - Loss: 193.43153833320116
Epoch: 282 - Loss: 193.4290329615505
Epoch: 283 - Loss: 193.42652731800413
Epoch: 284 - Loss: 193.4240213570644
Epoch: 285 - Loss: 193.42151510587223
Epoch: 286 - Loss: 193.41900855956482
Epoch: 287 - Loss: 193.41650168822144
Epoch: 288 - Loss: 193.4139945171035
Epoch: 289 - Loss: 193.41148703840682
Epoch: 290 - Loss: 193.40897925565648
Epoch: 291 - Loss: 193.40647120585763
Epoch: 292 - Loss: 193.40396281463728
Epoch: 293 - Loss: 193.40145410324752
Epoch: 294 - Loss: 193.3989450970487
Epoch: 295 - Loss: 193.39643578373767
Epoch: 296 - Loss: 193.3939261631972
Epoch: 297 - Loss: 193.3914162083126
Epoch: 298 - Loss: 193.388905965192
Epoch: 299 - Loss: 193.38639536807233
Epoch: 300 - Loss: 193.38388450521262
Epoch: 1 - Loss: 198.86527941598206
Epoch: 2 - Loss: 198.8484683110211
Epoch: 3 - Loss: 198.83165568097505
Epoch: 4 - Loss: 198.81484159742143
Epoch: 5 - Loss: 198.79802581839857
Epoch: 6 - Loss: 198.78120841219942
Epoch: 7 - Loss: 198.76438937328848
Epoch: 8 - Loss: 198.74756860569283
Epoch: 9 - Loss: 198.7307461026547
Epoch: 10 - Loss: 198.7139218267688
Epoch: 11 - Loss: 198.69709574059922
Epoch: 12 - Loss: 198.68026780549593
Epoch: 13 - Loss: 198.66343796761728
Epoch: 14 - Loss: 198.6466061882745
Epoch: 15 - Loss: 198.62977247031452
Epoch: 16 - Loss: 198.612936744383
Epoch: 17 - Loss: 198.59609895053978
Epoch: 18 - Loss: 198.5792590872529
Epoch: 19 - Loss: 198.56241709296077
Epoch: 20 - Loss: 198.54557292614888
Epoch: 21 - Loss: 198.52872654524194
Epoch: 22 - Loss: 198.511877891933
Epoch: 23 - Loss: 198.49502695634948
Epoch: 24 - Loss: 198.47817368064528
Epoch: 25 - Loss: 198.46131802197257
Epoch: 26 - Loss: 198.44445993670007
Epoch: 27 - Loss: 198.4275993832541
Epoch: 28 - Loss: 198.41073631601736
Epoch: 29 - Loss: 198.39387069272559
Epoch: 30 - Loss: 198.37700247719403
Epoch: 31 - Loss: 198.36013161827262
Epoch: 32 - Loss: 198.3432580718191
Epoch: 33 - Loss: 198.3263817936575
Epoch: 34 - Loss: 198.3095027390267
Epoch: 35 - Loss: 198.2926208630667
Epoch: 36 - Loss: 198.27573612148245
Epoch: 37 - Loss: 198.2588484687635
Epoch: 38 - Loss: 198.2419578594987
Epoch: 39 - Loss: 198.22506424786266
Epoch: 40 - Loss: 198.20816758801757
Epoch: 41 - Loss: 198.19126783352056
Epoch: 42 - Loss: 198.1743649375127
Epoch: 43 - Loss: 198.15745885285773
Epoch: 44 - Loss: 198.14054953201102
Epoch: 45 - Loss: 198.12363692821376
Epoch: 46 - Loss: 198.10672099232326
Epoch: 47 - Loss: 198.08980167541176
Epoch: 48 - Loss: 198.07287892819724
Epoch: 49 - Loss: 198.05595270469493
Epoch: 50 - Loss: 198.0390229488625
Epoch: 51 - Loss: 198.02208960891852
Epoch: 52 - Loss: 198.0051526348714
Epoch: 53 - Loss: 197.98787961443844
Epoch: 54 - Loss: 197.97043376484592
Epoch: 55 - Loss: 197.95293977594446
Epoch: 56 - Loss: 197.93540478886354
Epoch: 57 - Loss: 197.91783485724005
Epoch: 58 - Loss: 197.90023514143604
Epoch: 59 - Loss: 197.88261004788572
Epoch: 60 - Loss: 197.86496337563463
Epoch: 61 - Loss: 197.84729836988214
Epoch: 62 - Loss: 197.82961782841525
Epoch: 63 - Loss: 197.81192416203785
Epoch: 64 - Loss: 197.79421944513825
Epoch: 65 - Loss: 197.7765054639687
Epoch: 66 - Loss: 197.7587837555698
Epoch: 67 - Loss: 197.74105563851043
Epoch: 68 - Loss: 197.7233222433807
Epoch: 69 - Loss: 197.70558453684592
Epoch: 70 - Loss: 197.6878433412063
Epoch: 71 - Loss: 197.67009935387517
Epoch: 72 - Loss: 197.65235316273228
Epoch: 73 - Loss: 197.6346052597689
Epoch: 74 - Loss: 197.6168560529109
Epoch: 75 - Loss: 197.59910587637123
Epoch: 76 - Loss: 197.58135499845815
Epoch: 77 - Loss: 197.5636036339882
Epoch: 78 - Loss: 197.54585194773279
Epoch: 79 - Loss: 197.52809705534975
Epoch: 80 - Loss: 197.5103449531779
Epoch: 81 - Loss: 197.4925928659472
Epoch: 82 - Loss: 197.47484065022073
Epoch: 83 - Loss: 197.45708862527536
Epoch: 84 - Loss: 197.43933672720854
Epoch: 85 - Loss: 197.42158434067255
Epoch: 86 - Loss: 197.4038317779314
Epoch: 87 - Loss: 197.38607901472523
Epoch: 88 - Loss: 197.36832584168
Epoch: 89 - Loss: 197.35057232303177
Epoch: 90 - Loss: 197.33281822497807
Epoch: 91 - Loss: 197.31506350255088
Epoch: 92 - Loss: 197.29730796298978
Epoch: 93 - Loss: 197.2795514866754
Epoch: 94 - Loss: 197.26179407811009
Epoch: 95 - Loss: 197.24403565374584
Epoch: 96 - Loss: 197.22627582130056
Epoch: 97 - Loss: 197.20851458165208
Epoch: 98 - Loss: 197.1907520879897
Epoch: 99 - Loss: 197.17298761785662
Epoch: 100 - Loss: 197.15522135916154
Epoch: 101 - Loss: 197.13745312913633
Epoch: 102 - Loss: 197.11968279045504
Epoch: 103 - Loss: 197.1019102226582
Epoch: 104 - Loss: 197.08413532791366
Epoch: 105 - Loss: 197.06635793401506
Epoch: 106 - Loss: 197.04857787432766
Epoch: 107 - Loss: 197.03079504015153
Epoch: 108 - Loss: 197.0130092409743
Epoch: 109 - Loss: 196.99522057153456
Epoch: 110 - Loss: 196.97742865496824
Epoch: 111 - Loss: 196.95963347515203
Epoch: 112 - Loss: 196.94183486144155
Epoch: 113 - Loss: 196.92403275049384
Epoch: 114 - Loss: 196.90622705855486
Epoch: 115 - Loss: 196.8884172782259
Epoch: 116 - Loss: 196.87060385583933
Epoch: 117 - Loss: 196.8527865685591
Epoch: 118 - Loss: 196.8349649544044
Epoch: 119 - Loss: 196.8171392525818
Epoch: 120 - Loss: 196.79930923745098
Epoch: 121 - Loss: 196.78147479791363
Epoch: 122 - Loss: 196.7636358440031
Epoch: 123 - Loss: 196.74579226680652
Epoch: 124 - Loss: 196.72794411165663
Epoch: 125 - Loss: 196.71009099254871
Epoch: 126 - Loss: 196.69223295744618
Epoch: 127 - Loss: 196.67436940386168
Epoch: 128 - Loss: 196.65650125047472
Epoch: 129 - Loss: 196.6386279567657
Epoch: 130 - Loss: 196.62074939011177
Epoch: 131 - Loss: 196.60286545078648
Epoch: 132 - Loss: 196.58497592553536
Epoch: 133 - Loss: 196.56708091165902
Epoch: 134 - Loss: 196.54918028075983
Epoch: 135 - Loss: 196.53127400439428
Epoch: 136 - Loss: 196.51336186559317
Epoch: 137 - Loss: 196.49544405183383
Epoch: 138 - Loss: 196.47752016988184
Epoch: 139 - Loss: 196.45959027971062
Epoch: 140 - Loss: 196.44165429506728
Epoch: 141 - Loss: 196.423712120213
Epoch: 142 - Loss: 196.40576375686223
Epoch: 143 - Loss: 196.38780906217082
Epoch: 144 - Loss: 196.36984803316352
Epoch: 145 - Loss: 196.35188048726306
Epoch: 146 - Loss: 196.33390647153036
Epoch: 147 - Loss: 196.3159258032636
Epoch: 148 - Loss: 196.2979385290345
Epoch: 149 - Loss: 196.2799444574227
Epoch: 150 - Loss: 196.2619438200645
Epoch: 151 - Loss: 196.24393635776696
Epoch: 152 - Loss: 196.22592199845533
Epoch: 153 - Loss: 196.20790059957736
Epoch: 154 - Loss: 196.18987232247875
Epoch: 155 - Loss: 196.17183713283973
Epoch: 156 - Loss: 196.1537943764229
Epoch: 157 - Loss: 196.1357449604086
Epoch: 158 - Loss: 196.11768808037368
Epoch: 159 - Loss: 196.0996239243734
Epoch: 160 - Loss: 196.08155236166456
Epoch: 161 - Loss: 196.0634735280287
Epoch: 162 - Loss: 196.0453872570663
Epoch: 163 - Loss: 196.02729350727188
Epoch: 164 - Loss: 196.00919217194482
Epoch: 165 - Loss: 195.99108343400832
Epoch: 166 - Loss: 195.97296696745343
Epoch: 167 - Loss: 195.95484286363111
Epoch: 168 - Loss: 195.93671107145863
Epoch: 169 - Loss: 195.9185714531987
Epoch: 170 - Loss: 195.9004240376735
Epoch: 171 - Loss: 195.8822689489122
Epoch: 172 - Loss: 195.86410580812512
Epoch: 173 - Loss: 195.84593465418124
Epoch: 174 - Loss: 195.82775556318094
Epoch: 175 - Loss: 195.80956851303074
Epoch: 176 - Loss: 195.79137337823312
Epoch: 177 - Loss: 195.77317012394198
Epoch: 178 - Loss: 195.75495768652493
Epoch: 179 - Loss: 195.7367380888202
Epoch: 180 - Loss: 195.7185102040412
Epoch: 181 - Loss: 195.70027420630117
Epoch: 182 - Loss: 195.68202979731333
Epoch: 183 - Loss: 195.66377709395053
Epoch: 184 - Loss: 195.64551600524018
Epoch: 185 - Loss: 195.6272465066531
Epoch: 186 - Loss: 195.6089686272393
Epoch: 187 - Loss: 195.59068212176538
Epoch: 188 - Loss: 195.5723871691817
Epoch: 189 - Loss: 195.55408368924486
Epoch: 190 - Loss: 195.53577159806903
Epoch: 191 - Loss: 195.51745092657066
Epoch: 192 - Loss: 195.4991215639121
Epoch: 193 - Loss: 195.48078364883358
Epoch: 194 - Loss: 195.46243689368754
Epoch: 195 - Loss: 195.44408149719027
Epoch: 196 - Loss: 195.42571810938188
Epoch: 197 - Loss: 195.4073449864209
Epoch: 198 - Loss: 195.38896298793253
Epoch: 199 - Loss: 195.37057210181595
Epoch: 200 - Loss: 195.35217231483836
Epoch: 201 - Loss: 195.33376356969978
Epoch: 202 - Loss: 195.31534585330584
Epoch: 203 - Loss: 195.29691912451557
Epoch: 204 - Loss: 195.2784830923716
Epoch: 205 - Loss: 195.2600382208512
Epoch: 206 - Loss: 195.24158427362346
Epoch: 207 - Loss: 195.22312123625622
Epoch: 208 - Loss: 195.20464898986572
Epoch: 209 - Loss: 195.18616755825772
Epoch: 210 - Loss: 195.1676768987885
Epoch: 211 - Loss: 195.14917700662292
Epoch: 212 - Loss: 195.13066785599975
Epoch: 213 - Loss: 195.11214938374215
Epoch: 214 - Loss: 195.09362154512655
Epoch: 215 - Loss: 195.07508438315824
Epoch: 216 - Loss: 195.05653781386053
Epoch: 217 - Loss: 195.03798180987786
Epoch: 218 - Loss: 195.01941646434028
Epoch: 219 - Loss: 195.00084159509024
Epoch: 220 - Loss: 194.98225729361064
Epoch: 221 - Loss: 194.96366346006118
Epoch: 222 - Loss: 194.94506007625063
Epoch: 223 - Loss: 194.92644712717842
Epoch: 224 - Loss: 194.9078245827131
Epoch: 225 - Loss: 194.88919242322802
Epoch: 226 - Loss: 194.8705506238845
Epoch: 227 - Loss: 194.85189915833607
Epoch: 228 - Loss: 194.83323802269288
Epoch: 229 - Loss: 194.81456717013936
Epoch: 230 - Loss: 194.79588659264272
Epoch: 231 - Loss: 194.777196330949
Epoch: 232 - Loss: 194.75849611298958
Epoch: 233 - Loss: 194.73978619996373
Epoch: 234 - Loss: 194.72106654689824
Epoch: 235 - Loss: 194.7023369250321
Epoch: 236 - Loss: 194.68359749504552
Epoch: 237 - Loss: 194.66484950673745
Epoch: 238 - Loss: 194.64609034322638
Epoch: 239 - Loss: 194.62732118081402
Epoch: 240 - Loss: 194.60854205900588
Epoch: 241 - Loss: 194.58975296719615
Epoch: 242 - Loss: 194.57095386458906
Epoch: 243 - Loss: 194.5521447803554
Epoch: 244 - Loss: 194.5333256181376
Too slow optimization
Epoch: 1 - Loss: 195.0995328397383
Epoch: 2 - Loss: 184.3489182750104
Epoch: 3 - Loss: 190.24554671236916
Epoch: 4 - Loss: 189.77960442977243
Epoch: 5 - Loss: 188.59344326266893
Epoch: 6 - Loss: 187.66348257358374
Epoch: 7 - Loss: 186.58145908458084
Epoch: 8 - Loss: 185.39300354730406
Epoch: 9 - Loss: 184.10513558747337
Epoch: 10 - Loss: 182.68084404441674
Epoch: 11 - Loss: 181.36384152603134
Epoch: 12 - Loss: 174.2847991981536
Epoch: 13 - Loss: 170.01417143065393
Epoch: 14 - Loss: 167.93085192784758
Epoch: 15 - Loss: 164.48853713474762
Epoch: 16 - Loss: 169.92618748410143
Epoch: 17 - Loss: 169.56269927942014
Epoch: 18 - Loss: 171.30955123294663
Epoch: 19 - Loss: 170.78899347113395
Epoch: 20 - Loss: 170.14844993897879
Epoch: 21 - Loss: 169.65299501463514
Epoch: 22 - Loss: 168.9007954057826
Epoch: 23 - Loss: 167.9199895643976
Epoch: 24 - Loss: 166.79404639192396
Epoch: 25 - Loss: 165.4884244674827
Epoch: 26 - Loss: 163.67086820390745
Epoch: 27 - Loss: 161.38745255355914
Epoch: 28 - Loss: 158.3405156246104
Epoch: 29 - Loss: 151.2007194399656
Epoch: 30 - Loss: 119.67483569596311
Epoch: 31 - Loss: 116.36328528162673
Epoch: 32 - Loss: 116.89882857212281
Epoch: 33 - Loss: 116.69971832740367
Epoch: 34 - Loss: 115.48128145024448
Epoch: 35 - Loss: 92.92751727854757
Epoch: 36 - Loss: 112.836902341607
Epoch: 37 - Loss: 113.98485423364882
Epoch: 38 - Loss: 110.2590808325882
Epoch: 39 - Loss: 105.14028162162228
Epoch: 40 - Loss: 99.12142660451113
Epoch: 41 - Loss: 93.4580163022997
Epoch: 42 - Loss: 85.54459242188565
Epoch: 43 - Loss: 83.68377741214582
Epoch: 44 - Loss: 83.25991753445443
Epoch: 45 - Loss: 82.37432173114094
Epoch: 46 - Loss: 80.56543385881558
Epoch: 47 - Loss: 77.37194585557828
Epoch: 48 - Loss: 74.38609243697077
Epoch: 49 - Loss: 72.98121777312979
Epoch: 50 - Loss: 83.11395336341037
Epoch: 51 - Loss: 71.10961850663723
Epoch: 52 - Loss: 72.51060438714286
Epoch: 53 - Loss: 75.293762324007
Epoch: 54 - Loss: 76.6529506054836
Epoch: 55 - Loss: 76.85773518128224
Epoch: 56 - Loss: 76.58108567146033
Epoch: 57 - Loss: 76.36827109080086
Epoch: 58 - Loss: 77.00289840144995
Epoch: 59 - Loss: 76.51756176311972
Epoch: 60 - Loss: 75.5487434646425
Epoch: 61 - Loss: 75.40305980315678
Epoch: 62 - Loss: 75.11559506015173
Epoch: 63 - Loss: 74.19883472877663
Epoch: 64 - Loss: 72.74156630547304
Epoch: 65 - Loss: 71.97990906489923
Epoch: 66 - Loss: 70.64629387189066
Epoch: 67 - Loss: 68.51721170973117
Epoch: 68 - Loss: 68.31822523476397
Epoch: 69 - Loss: 70.3106246071777
Epoch: 70 - Loss: 69.83988978771075
Epoch: 71 - Loss: 67.90494586360018
Epoch: 72 - Loss: 66.67583008298764
Epoch: 73 - Loss: 67.45760153853176
Epoch: 74 - Loss: 67.58161550333078
Epoch: 75 - Loss: 67.3567035975304
Epoch: 76 - Loss: 66.9360671818975
Epoch: 77 - Loss: 65.81414989732276
Epoch: 78 - Loss: 65.16208648363623
Epoch: 79 - Loss: 65.54709347607195
Epoch: 80 - Loss: 66.84081061318209
Epoch: 81 - Loss: 66.50265441441974
Epoch: 82 - Loss: 65.67098106678088
Epoch: 83 - Loss: 64.65520375099622
Epoch: 84 - Loss: 66.79891259833327
Epoch: 85 - Loss: 68.09684783740406
Epoch: 86 - Loss: 69.94383650969874
Epoch: 87 - Loss: 68.03727227234609
Epoch: 88 - Loss: 64.75700564059494
Epoch: 89 - Loss: 62.89089977664913
Epoch: 90 - Loss: 66.02089276032697
Epoch: 91 - Loss: 66.8104759364219
Epoch: 92 - Loss: 67.10433822444486
Epoch: 93 - Loss: 67.90415270575565
Epoch: 94 - Loss: 68.26611486870723
Epoch: 95 - Loss: 68.06893445808629
Epoch: 96 - Loss: 67.42316072078714
Epoch: 97 - Loss: 66.70580376293678
Epoch: 98 - Loss: 66.40868587541199
Epoch: 99 - Loss: 64.83968902586044
Epoch: 100 - Loss: 62.531693462429914
Epoch: 101 - Loss: 72.79905930028207
Epoch: 102 - Loss: 72.284335912754
Epoch: 103 - Loss: 74.19123294849977
Epoch: 104 - Loss: 74.18546032028613
Epoch: 105 - Loss: 73.9547506360994
Epoch: 106 - Loss: 73.81578506185052
Epoch: 107 - Loss: 73.37710593902497
Epoch: 108 - Loss: 73.22106997634926
Epoch: 109 - Loss: 73.20142897500993
Epoch: 110 - Loss: 73.07235000281842
Epoch: 111 - Loss: 72.83279549802302
Epoch: 112 - Loss: 72.64454602388284
Epoch: 113 - Loss: 72.49438542333739
Epoch: 114 - Loss: 72.03185695439183
Epoch: 115 - Loss: 71.33731217040743
Epoch: 116 - Loss: 70.20728628015041
Epoch: 117 - Loss: 67.44939237507927
Epoch: 118 - Loss: 54.0391802511305
Epoch: 119 - Loss: 65.81588365443929
Epoch: 120 - Loss: 67.57757101524801
Epoch: 121 - Loss: 68.4868832246974
Epoch: 122 - Loss: 69.12087267571127
Epoch: 123 - Loss: 69.63230339523017
Epoch: 124 - Loss: 69.99649787076366
Epoch: 125 - Loss: 70.19580060797948
Epoch: 126 - Loss: 70.28828200633443
Epoch: 127 - Loss: 70.31192093278437
Epoch: 128 - Loss: 70.2232500245073
Epoch: 129 - Loss: 70.045471881787
Epoch: 130 - Loss: 69.81269235844698
Epoch: 131 - Loss: 69.525359501281
Epoch: 132 - Loss: 69.26485293973327
Epoch: 133 - Loss: 69.11362636905923
Epoch: 134 - Loss: 69.03764278013148
Epoch: 135 - Loss: 68.95810505633322
Epoch: 136 - Loss: 68.86615366946384
Epoch: 137 - Loss: 68.77813534384013
Epoch: 138 - Loss: 68.68042610645483
Epoch: 139 - Loss: 68.57355619421338
Epoch: 140 - Loss: 68.47866737996978
Epoch: 141 - Loss: 68.39343199460407
Epoch: 142 - Loss: 68.3077494462818
Epoch: 143 - Loss: 68.23529484315216
Epoch: 144 - Loss: 68.17010366448636
Epoch: 145 - Loss: 68.0971425331983
Epoch: 146 - Loss: 68.01921056786105
Epoch: 147 - Loss: 67.94492069075206
Epoch: 148 - Loss: 67.87039747589529
Epoch: 149 - Loss: 67.79988462148924
Epoch: 150 - Loss: 67.73799899405167
Epoch: 151 - Loss: 67.67799834864154
Epoch: 152 - Loss: 67.61708825245799
Epoch: 153 - Loss: 67.55923034664501
Epoch: 154 - Loss: 67.50206217510302
Epoch: 155 - Loss: 67.44248112040168
Epoch: 156 - Loss: 67.38418139417226
Epoch: 157 - Loss: 67.32724865970937
Epoch: 158 - Loss: 67.26935896183667
Epoch: 159 - Loss: 67.21272890158039
Epoch: 160 - Loss: 67.15876277989207
Epoch: 161 - Loss: 67.10545952987741
Epoch: 162 - Loss: 67.05370105685263
Epoch: 163 - Loss: 67.00485225156635
Epoch: 164 - Loss: 66.95730764064287
Epoch: 165 - Loss: 66.91087549977495
Epoch: 166 - Loss: 66.86657146380993
Epoch: 167 - Loss: 66.82325139833003
Epoch: 168 - Loss: 66.78022910958957
Epoch: 169 - Loss: 66.73824510715941
Epoch: 170 - Loss: 66.69658901614225
Epoch: 171 - Loss: 66.65453087063564
Epoch: 172 - Loss: 66.61259472997257
Epoch: 173 - Loss: 66.57045540785197
Epoch: 174 - Loss: 66.52744073777396
Epoch: 175 - Loss: 66.48387860119854
Epoch: 176 - Loss: 66.43960673712519
Epoch: 177 - Loss: 66.39402250649617
Epoch: 178 - Loss: 66.34721447838497
Epoch: 179 - Loss: 66.29904813771059
Epoch: 180 - Loss: 66.24889719649988
Epoch: 181 - Loss: 66.19660818643094
Too slow optimization
Epoch: 1 - Loss: 191.7861068786011
Epoch: 2 - Loss: 191.1801729756216
Epoch: 3 - Loss: 190.6316491488911
Epoch: 4 - Loss: 190.12644730563267
Epoch: 5 - Loss: 189.6422183781518
Epoch: 6 - Loss: 189.15476900558744
Epoch: 7 - Loss: 188.66420938449298
Epoch: 8 - Loss: 188.19443456616574
Epoch: 9 - Loss: 187.83122311338656
Epoch: 10 - Loss: 187.5664824249651
Epoch: 11 - Loss: 187.1388642861721
Epoch: 12 - Loss: 186.7032418672879
Epoch: 13 - Loss: 186.30056451649676
Epoch: 14 - Loss: 185.92221174712478
Epoch: 15 - Loss: 185.57499452263514
Epoch: 16 - Loss: 185.2353088841225
Epoch: 17 - Loss: 184.89418710376134
Epoch: 18 - Loss: 184.54814339014703
Epoch: 19 - Loss: 184.19537552782677
Epoch: 20 - Loss: 183.83522859521221
Epoch: 21 - Loss: 183.4678249750736
Epoch: 22 - Loss: 183.09391820473684
Epoch: 23 - Loss: 182.7149491013735
Epoch: 24 - Loss: 182.333647319199
Epoch: 25 - Loss: 181.95398436431677
Epoch: 26 - Loss: 181.57796949886975
Epoch: 27 - Loss: 181.1661910799527
Epoch: 28 - Loss: 180.72722174396276
Epoch: 29 - Loss: 180.25485434978498
Epoch: 30 - Loss: 179.7610355762998
Epoch: 31 - Loss: 179.25167746937387
Epoch: 32 - Loss: 178.72231932031266
Epoch: 33 - Loss: 178.16517798772554
Epoch: 34 - Loss: 177.57366520854123
Epoch: 35 - Loss: 176.94254517251255
Epoch: 36 - Loss: 176.26778326188673
Epoch: 37 - Loss: 175.54639372128494
Epoch: 38 - Loss: 174.77682347368125
Epoch: 39 - Loss: 173.96017744255738
Epoch: 40 - Loss: 173.10298008853368
Epoch: 41 - Loss: 172.2268517348648
Epoch: 42 - Loss: 171.4045042299501
Epoch: 43 - Loss: 170.82786551787692
Epoch: 44 - Loss: 170.060289013895
Epoch: 45 - Loss: 169.1367187174644
Epoch: 46 - Loss: 168.29765348494863
Epoch: 47 - Loss: 167.55974601694416
Epoch: 48 - Loss: 166.7588167724746
Epoch: 49 - Loss: 163.52773262967807
Epoch: 50 - Loss: 161.61705426905425
Epoch: 51 - Loss: 160.80817148660128
Epoch: 52 - Loss: 160.0901319863655
Epoch: 53 - Loss: 159.4330446886275
Epoch: 54 - Loss: 158.8385054000224
Epoch: 55 - Loss: 158.26845936729237
Epoch: 56 - Loss: 157.63782580607207
Epoch: 57 - Loss: 156.7416801997913
Epoch: 58 - Loss: 154.7289349093165
Epoch: 59 - Loss: 159.483703580063
Epoch: 60 - Loss: 150.27571192630762
Epoch: 61 - Loss: 153.34891729493555
Epoch: 62 - Loss: 150.99566830972748
Epoch: 63 - Loss: 145.67180647556742
Epoch: 64 - Loss: 138.78773484761666
Epoch: 65 - Loss: 131.8011317168528
Epoch: 66 - Loss: 126.21979697595815
Epoch: 67 - Loss: 125.80140887800763
Epoch: 68 - Loss: 126.14520021705738
Epoch: 69 - Loss: 126.53583375634403
Epoch: 70 - Loss: 126.8477125691431
Epoch: 71 - Loss: 127.06792103113078
Epoch: 72 - Loss: 127.19800349345834
Epoch: 73 - Loss: 127.24091618693856
Epoch: 74 - Loss: 127.20055615639511
Epoch: 75 - Loss: 127.08602642007708
Epoch: 76 - Loss: 126.92403654860138
Epoch: 77 - Loss: 126.79175792428296
Epoch: 78 - Loss: 126.68691935364059
Epoch: 79 - Loss: 126.59171201937605
Epoch: 80 - Loss: 126.47536157694195
Epoch: 81 - Loss: 126.30831522089281
Epoch: 82 - Loss: 126.07843867822609
Epoch: 83 - Loss: 125.79477110897336
Epoch: 84 - Loss: 125.4790681300163
Epoch: 85 - Loss: 125.14909383106276
Epoch: 86 - Loss: 124.79982126855039
Epoch: 87 - Loss: 124.39590881501472
Epoch: 88 - Loss: 123.88481779308856
Epoch: 89 - Loss: 123.2226942193007
Epoch: 90 - Loss: 122.37317484616115
Epoch: 91 - Loss: 121.27153973843716
Epoch: 92 - Loss: 119.77002166082896
Epoch: 93 - Loss: 117.58227220425962
Epoch: 94 - Loss: 114.60608373325681
Epoch: 95 - Loss: 116.57941574463025
Epoch: 96 - Loss: 117.46131055503812
Epoch: 97 - Loss: 114.82656792836576
Epoch: 98 - Loss: 113.88627681210261
Epoch: 99 - Loss: 114.6881736337192
Epoch: 100 - Loss: 115.21009551653194
Epoch: 101 - Loss: 115.24440211548884
Epoch: 102 - Loss: 114.86720482647574
Epoch: 103 - Loss: 114.19072945770004
Epoch: 104 - Loss: 113.59247339473123
Epoch: 105 - Loss: 114.30415269366227
Epoch: 106 - Loss: 114.05153627662209
Epoch: 107 - Loss: 113.49843029402548
Epoch: 108 - Loss: 113.77811762171957
Epoch: 109 - Loss: 113.99195581536767
Epoch: 110 - Loss: 113.90669186832882
Epoch: 111 - Loss: 113.62305844565724
Epoch: 112 - Loss: 113.3839593971997
Epoch: 113 - Loss: 113.4719806687725
Epoch: 114 - Loss: 113.61816299776422
Epoch: 115 - Loss: 113.31750653801294
Epoch: 116 - Loss: 113.30577655309021
Epoch: 117 - Loss: 113.38874059338578
Epoch: 118 - Loss: 113.34379657271606
Epoch: 119 - Loss: 113.25577599264813
Epoch: 120 - Loss: 113.11217306715224
Epoch: 121 - Loss: 113.10588405718892
Epoch: 122 - Loss: 113.1792994529555
Epoch: 123 - Loss: 113.06053523600933
Epoch: 124 - Loss: 112.96831645842776
Epoch: 125 - Loss: 112.96362048655746
Epoch: 126 - Loss: 113.01405642617308
Epoch: 127 - Loss: 112.85901867700991
Epoch: 128 - Loss: 112.82548854222497
Epoch: 129 - Loss: 112.81380693468424
Epoch: 130 - Loss: 112.74787022096613
Epoch: 131 - Loss: 112.71918652888145
Epoch: 132 - Loss: 112.59641469057009
Epoch: 133 - Loss: 112.62110527397134
Epoch: 134 - Loss: 112.50117872345355
Epoch: 135 - Loss: 112.0166658627322
Epoch: 136 - Loss: 87.0041788447286
Epoch: 137 - Loss: 71.77608264145775
Epoch: 138 - Loss: 69.76344303519092
Epoch: 139 - Loss: 69.2467803155893
Epoch: 140 - Loss: 69.27013513378597
Epoch: 141 - Loss: 69.31850412333755
Epoch: 142 - Loss: 69.23005694591954
Epoch: 143 - Loss: 69.05105086848879
Epoch: 144 - Loss: 68.97178374784707
Epoch: 145 - Loss: 69.09935319224951
Epoch: 146 - Loss: 69.05899556436805
Epoch: 147 - Loss: 68.89801821599785
Epoch: 148 - Loss: 68.90102256434716
Epoch: 149 - Loss: 68.94316805646694
Epoch: 150 - Loss: 68.90534335299485
Epoch: 151 - Loss: 68.80279428106493
Epoch: 152 - Loss: 68.74022944579235
Epoch: 153 - Loss: 68.76954189539055
Epoch: 154 - Loss: 68.74619194293163
Epoch: 155 - Loss: 68.65845691862663
Epoch: 156 - Loss: 68.6371780757283
Epoch: 157 - Loss: 68.64983888963066
Epoch: 158 - Loss: 68.62807015813034
Epoch: 159 - Loss: 68.57484075467659
Epoch: 160 - Loss: 68.54521156987605
Epoch: 161 - Loss: 68.55594762829091
Epoch: 162 - Loss: 68.54195108305424
Epoch: 163 - Loss: 68.5037964452768
Epoch: 164 - Loss: 68.49610439176514
Epoch: 165 - Loss: 68.5027674442559
Epoch: 166 - Loss: 68.49062717782847
Epoch: 167 - Loss: 68.46620835794914
Epoch: 168 - Loss: 68.45854253823457
Epoch: 169 - Loss: 68.46303013451258
Epoch: 170 - Loss: 68.45013733009235
Epoch: 171 - Loss: 68.43192618468849
Epoch: 172 - Loss: 68.42653299341892
Epoch: 173 - Loss: 68.42097913473016
Epoch: 174 - Loss: 68.4032783558092
Epoch: 175 - Loss: 68.38394376796064
Epoch: 176 - Loss: 68.37373822669824
Epoch: 177 - Loss: 68.36141408081357
Epoch: 178 - Loss: 68.341315045605
Epoch: 179 - Loss: 68.32532533339636
Epoch: 180 - Loss: 68.31722859152819
Epoch: 181 - Loss: 68.30204306355094
Epoch: 182 - Loss: 68.28582590075837
Epoch: 183 - Loss: 68.27380466602794
Epoch: 184 - Loss: 68.26517170549914
Epoch: 185 - Loss: 68.25351935363227
Epoch: 186 - Loss: 68.24157109470407
Epoch: 187 - Loss: 68.23345432526823
Epoch: 188 - Loss: 68.22497004920139
Epoch: 189 - Loss: 68.21344338261949
Epoch: 190 - Loss: 68.20184774835786
Epoch: 191 - Loss: 68.1926384564945
Epoch: 192 - Loss: 68.18109805255932
Epoch: 193 - Loss: 68.16917842066344
Epoch: 194 - Loss: 68.15884517996646
Epoch: 195 - Loss: 68.14997582276067
Epoch: 196 - Loss: 68.14031458226603
Epoch: 197 - Loss: 68.13052338666846
Epoch: 198 - Loss: 68.12081608728862
Epoch: 199 - Loss: 68.11092789926572
Epoch: 200 - Loss: 68.09927197296527
Epoch: 201 - Loss: 68.08732519754487
Epoch: 202 - Loss: 68.07661125924909
Epoch: 203 - Loss: 68.06624155782997
Epoch: 204 - Loss: 68.05601744308036
Epoch: 205 - Loss: 68.0462219983996
Epoch: 206 - Loss: 68.03728585986076
Epoch: 207 - Loss: 68.02739772312985
Epoch: 208 - Loss: 68.01689411860062
Epoch: 209 - Loss: 68.00627847987127
Epoch: 210 - Loss: 67.99616607127827
Epoch: 211 - Loss: 67.98769059668633
Epoch: 212 - Loss: 67.97584514866973
Epoch: 213 - Loss: 67.9653097940612
Epoch: 214 - Loss: 67.95490403698943
Epoch: 215 - Loss: 67.94500022310358
Epoch: 216 - Loss: 67.93537995654846
Epoch: 217 - Loss: 67.92521643742032
Epoch: 218 - Loss: 67.91478973780572
Epoch: 219 - Loss: 67.9033464457902
Epoch: 220 - Loss: 67.89297187262807
Epoch: 221 - Loss: 67.88278560714821
Epoch: 222 - Loss: 67.87286049647795
Epoch: 223 - Loss: 67.8626468299607
Epoch: 224 - Loss: 67.85182575489914
Epoch: 225 - Loss: 67.84146481064089
Epoch: 226 - Loss: 67.83149836231138
Epoch: 227 - Loss: 67.82114935505616
Epoch: 228 - Loss: 67.81028323408094
Epoch: 229 - Loss: 67.79904234773426
Epoch: 230 - Loss: 67.78841830485581
Epoch: 231 - Loss: 67.77805884788562
Epoch: 232 - Loss: 67.76814850387667
Epoch: 233 - Loss: 67.75854664282102
Epoch: 234 - Loss: 67.74855457797999
Epoch: 235 - Loss: 67.7379673871829
Epoch: 236 - Loss: 67.72695667315696
Epoch: 237 - Loss: 67.71566999703403
Epoch: 238 - Loss: 67.70491100475027
Epoch: 239 - Loss: 67.6943397791475
Epoch: 240 - Loss: 67.68443413443315
Epoch: 241 - Loss: 67.67457444810745
Epoch: 242 - Loss: 67.66435652486511
Epoch: 243 - Loss: 67.65371217437195
Epoch: 244 - Loss: 67.6426092219587
Epoch: 245 - Loss: 67.63134423680141
Epoch: 246 - Loss: 67.62233929452677
Epoch: 247 - Loss: 67.60965003426293
Epoch: 248 - Loss: 67.59949571118511
Epoch: 249 - Loss: 67.5896941377055
Epoch: 250 - Loss: 67.57932645251472
Epoch: 251 - Loss: 67.56844439952881
Epoch: 252 - Loss: 67.55731118263166
Epoch: 253 - Loss: 67.54572906309129
Epoch: 254 - Loss: 67.53383535939598
Epoch: 255 - Loss: 67.52255745064446
Epoch: 256 - Loss: 67.51154158820833
Epoch: 257 - Loss: 67.50093718962434
Epoch: 258 - Loss: 67.49074290904495
Epoch: 259 - Loss: 67.4806597039612
Epoch: 260 - Loss: 67.4701845720096
Epoch: 261 - Loss: 67.45926986356199
Epoch: 262 - Loss: 67.4479178428028
Epoch: 263 - Loss: 67.43627138659315
Epoch: 264 - Loss: 67.42411898064367
Epoch: 265 - Loss: 67.41255268337787
Epoch: 266 - Loss: 67.40135630944516
Epoch: 267 - Loss: 67.39047567190984
Epoch: 268 - Loss: 67.37999293099658
Epoch: 269 - Loss: 67.36888870189497
Epoch: 270 - Loss: 67.35745935309842
Epoch: 271 - Loss: 67.3458073770494
Epoch: 272 - Loss: 67.33338707570311
Epoch: 273 - Loss: 67.321645855199
Epoch: 274 - Loss: 67.31014822915812
Epoch: 275 - Loss: 67.29980287014321
Epoch: 276 - Loss: 67.28735046000803
Epoch: 277 - Loss: 67.27527909415934
Epoch: 278 - Loss: 67.2636092676916
Epoch: 279 - Loss: 67.25223867808623
Epoch: 280 - Loss: 67.24112529408721
Epoch: 281 - Loss: 67.2294928701393
Epoch: 282 - Loss: 67.21733926126984
Epoch: 283 - Loss: 67.20561015987569
Epoch: 284 - Loss: 67.19330204549146
Epoch: 285 - Loss: 67.18136668286064
Epoch: 286 - Loss: 67.16961130371811
Too slow optimization
Epoch: 1 - Loss: 199.70823036653488
Epoch: 2 - Loss: 199.6052166365908
Epoch: 3 - Loss: 199.50611295045252
Epoch: 4 - Loss: 199.4105920698997
Epoch: 5 - Loss: 199.31902566996675
Epoch: 6 - Loss: 199.23125561530784
Epoch: 7 - Loss: 199.14693795594636
Epoch: 8 - Loss: 199.06595336403248
Epoch: 9 - Loss: 198.9882828141131
Epoch: 10 - Loss: 198.9138100766408
Epoch: 11 - Loss: 198.84238465011654
Epoch: 12 - Loss: 198.77391393569357
Epoch: 13 - Loss: 198.70821659102847
Epoch: 14 - Loss: 198.64548801933282
Epoch: 15 - Loss: 198.5852899466627
Epoch: 16 - Loss: 198.52756337620275
Epoch: 17 - Loss: 198.4722898427471
Epoch: 18 - Loss: 198.41933464104486
Epoch: 19 - Loss: 198.36856625449892
Epoch: 20 - Loss: 198.31992981485587
Epoch: 21 - Loss: 198.27316124835266
Epoch: 22 - Loss: 198.228347071659
Epoch: 23 - Loss: 198.1853570711117
Epoch: 24 - Loss: 198.14400579715937
Epoch: 25 - Loss: 198.10425568076784
Epoch: 26 - Loss: 198.06593781548256
Epoch: 27 - Loss: 198.02909203824774
Epoch: 28 - Loss: 197.9936231644752
Epoch: 29 - Loss: 197.95938080280445
Epoch: 30 - Loss: 197.92633781506134
Epoch: 31 - Loss: 197.89439971102675
Epoch: 32 - Loss: 197.86353301123503
Epoch: 33 - Loss: 197.83368367210184
Epoch: 34 - Loss: 197.8047472464045
Epoch: 35 - Loss: 197.77674352282648
Epoch: 36 - Loss: 197.7495801369026
Epoch: 37 - Loss: 197.72318145408437
Epoch: 38 - Loss: 197.69756385985798
Epoch: 39 - Loss: 197.67266218503516
Epoch: 40 - Loss: 197.6484371594372
Epoch: 41 - Loss: 197.62483814307376
Epoch: 42 - Loss: 197.60206596854468
Epoch: 43 - Loss: 197.5794200860219
Epoch: 44 - Loss: 197.55755435019975
Epoch: 45 - Loss: 197.5362013068909
Epoch: 46 - Loss: 197.51530666513491
Epoch: 47 - Loss: 197.49489417552803
Epoch: 48 - Loss: 197.47491288763737
Epoch: 49 - Loss: 197.45533698066035
Epoch: 50 - Loss: 197.43614476209405
Epoch: 51 - Loss: 197.41731440565516
Epoch: 52 - Loss: 197.39881925359762
Epoch: 53 - Loss: 197.38062792796535
Epoch: 54 - Loss: 197.36274987568936
Epoch: 55 - Loss: 197.3451520495876
Epoch: 56 - Loss: 197.32781721776936
Epoch: 57 - Loss: 197.31094588957822
Epoch: 58 - Loss: 197.29408307390509
Epoch: 59 - Loss: 197.27744403633244
Epoch: 60 - Loss: 197.26099455875544
Epoch: 61 - Loss: 197.24474092106936
Epoch: 62 - Loss: 197.22866698604457
Epoch: 63 - Loss: 197.21275830712096
Epoch: 64 - Loss: 197.19700437002552
Epoch: 65 - Loss: 197.18139532152745
Epoch: 66 - Loss: 197.16592312777655
Epoch: 67 - Loss: 197.15057131478412
Epoch: 68 - Loss: 197.13534713449687
Epoch: 69 - Loss: 197.12023618106298
Epoch: 70 - Loss: 197.10523159551505
Epoch: 71 - Loss: 197.09032703273138
Epoch: 72 - Loss: 197.0755181223341
Epoch: 73 - Loss: 197.06079639545962
Epoch: 74 - Loss: 197.04612015332174
Epoch: 75 - Loss: 197.03160037772903
Epoch: 76 - Loss: 197.01712150202397
Epoch: 77 - Loss: 197.00270536697104
Epoch: 78 - Loss: 196.98836073666766
Epoch: 79 - Loss: 196.97407502869763
Epoch: 80 - Loss: 196.95984313863232
Epoch: 81 - Loss: 196.94567170997385
Epoch: 82 - Loss: 196.93155106363142
Epoch: 83 - Loss: 196.9174825208003
Epoch: 84 - Loss: 196.90345846638232
Epoch: 85 - Loss: 196.88947828175262
Epoch: 86 - Loss: 196.87553796392922
Epoch: 87 - Loss: 196.86163403704282
Epoch: 88 - Loss: 196.84776842220535
Epoch: 89 - Loss: 196.83393688276706
Epoch: 90 - Loss: 196.8201370271256
Epoch: 91 - Loss: 196.80636711029177
Epoch: 92 - Loss: 196.79262591016254
Epoch: 93 - Loss: 196.77890993827432
Epoch: 94 - Loss: 196.76522005680553
Epoch: 95 - Loss: 196.75155353763225
Epoch: 96 - Loss: 196.73790909689163
Epoch: 97 - Loss: 196.72429512496896
Epoch: 98 - Loss: 196.71072628615133
Epoch: 99 - Loss: 196.6971412020425
Epoch: 100 - Loss: 196.68356979300592
Epoch: 101 - Loss: 196.67001678485428
Epoch: 102 - Loss: 196.6564794569397
Epoch: 103 - Loss: 196.6429563195805
Epoch: 104 - Loss: 196.6294462751257
Epoch: 105 - Loss: 196.61594933701875
Epoch: 106 - Loss: 196.60246310573194
Epoch: 107 - Loss: 196.58898773853855
Epoch: 108 - Loss: 196.57552324694328
Epoch: 109 - Loss: 196.5620311025738
Epoch: 110 - Loss: 196.5485831140738
Epoch: 111 - Loss: 196.53514290750525
Epoch: 112 - Loss: 196.52173928264546
Epoch: 113 - Loss: 196.50831248758232
Epoch: 114 - Loss: 196.4948915888864
Epoch: 115 - Loss: 196.481475938771
Epoch: 116 - Loss: 196.46806516228708
Epoch: 117 - Loss: 196.45465863942374
Epoch: 118 - Loss: 196.4412558651704
Epoch: 119 - Loss: 196.42785633994012
Epoch: 120 - Loss: 196.41445952704535
Epoch: 121 - Loss: 196.40106507211487
Epoch: 122 - Loss: 196.38767248192931
Epoch: 123 - Loss: 196.3742784972217
Epoch: 124 - Loss: 196.36089106096733
Epoch: 125 - Loss: 196.34750081720006
Epoch: 126 - Loss: 196.33411068154282
Epoch: 127 - Loss: 196.32072012882224
Epoch: 128 - Loss: 196.30732464531835
Epoch: 129 - Loss: 196.2939323893338
Epoch: 130 - Loss: 196.28053844689066
Epoch: 131 - Loss: 196.2671422556152
Epoch: 132 - Loss: 196.2537458943115
Epoch: 133 - Loss: 196.240346462223
Epoch: 134 - Loss: 196.2269411187251
Epoch: 135 - Loss: 196.2135325849963
Epoch: 136 - Loss: 196.20011996927175
Epoch: 137 - Loss: 196.1867027669789
Epoch: 138 - Loss: 196.17328054422885
Epoch: 139 - Loss: 196.15985307406086
Epoch: 140 - Loss: 196.14641986258363
Epoch: 141 - Loss: 196.13298038980386
Epoch: 142 - Loss: 196.119534130932
Epoch: 143 - Loss: 196.10608107340502
Epoch: 144 - Loss: 196.09262053485085
Epoch: 145 - Loss: 196.07915344552052
Epoch: 146 - Loss: 196.06567694126687
Epoch: 147 - Loss: 196.05219303639913
Epoch: 148 - Loss: 196.03869901159058
Epoch: 149 - Loss: 196.0251916620834
Epoch: 150 - Loss: 196.01167787978073
Epoch: 151 - Loss: 195.9981541409669
Too slow optimization
Epoch: 1 - Loss: 191.230665886359
Epoch: 2 - Loss: 191.09732057997493
Epoch: 3 - Loss: 190.96332350210076
Epoch: 4 - Loss: 190.82866965629063
Epoch: 5 - Loss: 190.69335410009856
Epoch: 6 - Loss: 190.55737122976197
Epoch: 7 - Loss: 190.42071572193024
Epoch: 8 - Loss: 190.2833813970709
Epoch: 9 - Loss: 190.14536216402706
Epoch: 10 - Loss: 190.0066513835572
Epoch: 11 - Loss: 189.86724169967357
Epoch: 12 - Loss: 189.727124823738
Epoch: 13 - Loss: 189.58629143633576
Epoch: 14 - Loss: 189.4447304137937
Epoch: 15 - Loss: 189.30242978159453
Epoch: 16 - Loss: 189.15937515935582
Epoch: 17 - Loss: 189.01555113282186
Epoch: 18 - Loss: 188.8709398164996
Epoch: 19 - Loss: 188.72552085513695
Epoch: 20 - Loss: 188.57927105746194
Epoch: 21 - Loss: 188.43216593063448
Epoch: 22 - Loss: 188.28417847462885
Epoch: 23 - Loss: 188.13527931627814
Epoch: 24 - Loss: 187.98543757325692
Epoch: 25 - Loss: 187.8346210193964
Epoch: 26 - Loss: 187.68279407694843
Epoch: 27 - Loss: 187.52992020183007
Epoch: 28 - Loss: 187.37596024226826
Epoch: 29 - Loss: 187.2208708531112
Epoch: 30 - Loss: 187.06460299445536
Epoch: 31 - Loss: 186.90710150342673
Epoch: 32 - Loss: 186.74830369078484
Epoch: 33 - Loss: 186.58813747652854
Epoch: 34 - Loss: 186.4265168231923
Epoch: 35 - Loss: 186.2633407347022
Epoch: 36 - Loss: 186.09848888346036
Epoch: 37 - Loss: 185.93181823870896
Epoch: 38 - Loss: 185.76315629863555
Epoch: 39 - Loss: 185.59229505766422
Epoch: 40 - Loss: 185.41898457087188
Epoch: 41 - Loss: 185.24292324438844
Epoch: 42 - Loss: 185.06374316691117
Epoch: 43 - Loss: 184.88099707472261
Epoch: 44 - Loss: 184.69413962515634
Epoch: 45 - Loss: 184.50250148910627
Epoch: 46 - Loss: 184.30526614858445
Epoch: 47 - Loss: 184.10141719675298
Epoch: 48 - Loss: 183.88970200212844
Epoch: 49 - Loss: 183.6685578799592
Epoch: 50 - Loss: 183.4360316119791
Epoch: 51 - Loss: 183.18966556485375
Epoch: 52 - Loss: 182.9263483083475
Epoch: 53 - Loss: 182.64212097827783
Epoch: 54 - Loss: 182.31015979143035
Epoch: 55 - Loss: 181.86372549165122
Epoch: 56 - Loss: 181.3650771680907
Epoch: 57 - Loss: 180.80274061657883
Epoch: 58 - Loss: 180.16167198978508
Epoch: 59 - Loss: 179.42266485696052
Epoch: 60 - Loss: 178.56203433815335
Epoch: 61 - Loss: 177.5520078265518
Epoch: 62 - Loss: 176.36221241114714
Epoch: 63 - Loss: 174.71673551932784
Epoch: 64 - Loss: 172.82934923890923
Epoch: 65 - Loss: 170.69995616461284
Epoch: 66 - Loss: 177.97704036821298
Epoch: 67 - Loss: 180.8694291633578
Epoch: 68 - Loss: 177.92178866845722
Epoch: 69 - Loss: 172.99282017277574
Epoch: 70 - Loss: 170.58654576761023
Epoch: 71 - Loss: 171.64095040841352
Epoch: 72 - Loss: 172.50647496514918
Epoch: 73 - Loss: 173.17546678131743
Epoch: 74 - Loss: 173.68887052106513
Epoch: 75 - Loss: 174.07606568291948
Epoch: 76 - Loss: 174.35771403830157
Epoch: 77 - Loss: 174.549068357023
Epoch: 78 - Loss: 174.6618318927409
Epoch: 79 - Loss: 174.70521161898253
Epoch: 80 - Loss: 174.68655805009087
Epoch: 81 - Loss: 174.61177581734503
Epoch: 82 - Loss: 174.48559790484873
Epoch: 83 - Loss: 174.3117701172763
Epoch: 84 - Loss: 174.09317069625914
Epoch: 85 - Loss: 173.83187615874084
Epoch: 86 - Loss: 173.52917985826727
Epoch: 87 - Loss: 173.18556281488665
Epoch: 88 - Loss: 172.80062550712702
Epoch: 89 - Loss: 172.37303423587434
Epoch: 90 - Loss: 171.90070420535503
Epoch: 91 - Loss: 171.382126351121
Epoch: 92 - Loss: 170.82254953967478
Epoch: 93 - Loss: 170.26168738641374
Epoch: 94 - Loss: 169.9041724104973
Epoch: 95 - Loss: 171.25528493329773
Epoch: 96 - Loss: 170.90884773355722
Epoch: 97 - Loss: 169.86196332650638
Epoch: 98 - Loss: 170.0097268478756
Epoch: 99 - Loss: 170.25156181892334
Epoch: 100 - Loss: 170.44078307666365
Epoch: 101 - Loss: 170.5491997047204
Epoch: 102 - Loss: 170.57633103039075
Epoch: 103 - Loss: 170.528387195862
Epoch: 104 - Loss: 170.41379481398437
Epoch: 105 - Loss: 170.2439654497795
Epoch: 106 - Loss: 170.0380982641404
Epoch: 107 - Loss: 169.8348877895471
Epoch: 108 - Loss: 169.71428205498242
Epoch: 109 - Loss: 169.8676412658151
Epoch: 110 - Loss: 170.03193734668807
Epoch: 111 - Loss: 169.70323491040446
Epoch: 112 - Loss: 169.6623535012321
Epoch: 113 - Loss: 169.696552685167
Epoch: 114 - Loss: 169.73983035394414
Epoch: 115 - Loss: 169.75832180312207
Epoch: 116 - Loss: 169.7418689526194
Epoch: 117 - Loss: 169.6946171899207
Epoch: 118 - Loss: 169.63126524704558
Epoch: 119 - Loss: 169.57556994017273
Epoch: 120 - Loss: 169.55392147902836
Epoch: 121 - Loss: 169.57332102019402
Epoch: 122 - Loss: 169.62853176091502
Epoch: 123 - Loss: 169.5293145958082
Epoch: 124 - Loss: 169.49806271378313
Epoch: 125 - Loss: 169.4997071983403
Epoch: 126 - Loss: 169.50959747346926
Epoch: 127 - Loss: 169.5091974976329
Epoch: 128 - Loss: 169.49189477929963
Epoch: 129 - Loss: 169.4611717007175
Epoch: 130 - Loss: 169.42760406678272
Epoch: 131 - Loss: 169.4041512086676
Epoch: 132 - Loss: 169.397501185527
Epoch: 133 - Loss: 169.39903007698592
Epoch: 134 - Loss: 169.39048362576935
Epoch: 135 - Loss: 169.3665890700863
Epoch: 136 - Loss: 169.3404290592282
Epoch: 137 - Loss: 169.32354017825944
Epoch: 138 - Loss: 169.31522010260568
Epoch: 139 - Loss: 169.30837649118965
Epoch: 140 - Loss: 169.29719271324925
Epoch: 141 - Loss: 169.28032619866633
Epoch: 142 - Loss: 169.26062325724442
Epoch: 143 - Loss: 169.24278785261066
Epoch: 144 - Loss: 169.2298419722692
Epoch: 145 - Loss: 169.22029092994623
Epoch: 146 - Loss: 169.2093151875343
Epoch: 147 - Loss: 169.19408291899202
Epoch: 148 - Loss: 169.17672107211217
Epoch: 149 - Loss: 169.16102479673094
Epoch: 150 - Loss: 169.14821706417203
Epoch: 151 - Loss: 169.13666258269203
Epoch: 152 - Loss: 169.12413503404923
Epoch: 153 - Loss: 169.10970936878667
Epoch: 154 - Loss: 169.09416407638489
Epoch: 155 - Loss: 169.07910170465712
Epoch: 156 - Loss: 169.06551962069705
Epoch: 157 - Loss: 169.0529188610335
Epoch: 158 - Loss: 169.0398717114005
Epoch: 159 - Loss: 169.0255870206507
Epoch: 160 - Loss: 169.01065915596368
Epoch: 161 - Loss: 168.9961862447036
Epoch: 162 - Loss: 168.98256018052564
Epoch: 163 - Loss: 168.96927747363216
Epoch: 164 - Loss: 168.95562004858985
Epoch: 165 - Loss: 168.94132987683977
Epoch: 166 - Loss: 168.92673897807728
Epoch: 167 - Loss: 168.9123780606308
Epoch: 168 - Loss: 168.89845718646046
Epoch: 169 - Loss: 168.88469399068003
Epoch: 170 - Loss: 168.87065421430026
Epoch: 171 - Loss: 168.85622199440488
Epoch: 172 - Loss: 168.84166728381965
Epoch: 173 - Loss: 168.82729169781115
Epoch: 174 - Loss: 168.81311688142432
Epoch: 175 - Loss: 168.79892369952685
Epoch: 176 - Loss: 168.78451199931584
Epoch: 177 - Loss: 168.76988426935398
Epoch: 178 - Loss: 168.7552047572824
Epoch: 179 - Loss: 168.7406122597057
Epoch: 180 - Loss: 168.72608272327793
Epoch: 181 - Loss: 168.71147482243077
Epoch: 182 - Loss: 168.69669332337295
Epoch: 183 - Loss: 168.68178017868567
Epoch: 184 - Loss: 168.666843162986
Epoch: 185 - Loss: 168.65192779558328
Epoch: 186 - Loss: 168.63698012999447
Epoch: 187 - Loss: 168.62191878370643
Epoch: 188 - Loss: 168.60671971009697
Epoch: 189 - Loss: 168.59142726924014
Epoch: 190 - Loss: 168.576094185084
Epoch: 191 - Loss: 168.560722021239
Epoch: 192 - Loss: 168.5452645576127
Epoch: 193 - Loss: 168.52968166426658
Epoch: 194 - Loss: 168.5139784209171
Epoch: 195 - Loss: 168.4981878010353
Epoch: 196 - Loss: 168.48232577515003
Epoch: 197 - Loss: 168.46637300503582
Epoch: 198 - Loss: 168.45029802151737
Epoch: 199 - Loss: 168.43408861573732
Epoch: 200 - Loss: 168.41775679752664
Epoch: 201 - Loss: 168.4013170234214
Epoch: 202 - Loss: 168.3847650217783
Epoch: 203 - Loss: 168.3680805047942
Epoch: 204 - Loss: 168.3512470771859
Epoch: 205 - Loss: 168.3342643006914
Epoch: 206 - Loss: 168.31713945291602
Epoch: 207 - Loss: 168.2998715385176
Epoch: 208 - Loss: 168.28244766184847
Epoch: 209 - Loss: 168.26485285246628
Epoch: 210 - Loss: 168.24708044104685
Epoch: 211 - Loss: 168.22913108442378
Epoch: 212 - Loss: 168.21100354824964
Epoch: 213 - Loss: 168.19259755984618
Epoch: 214 - Loss: 168.17380865941473
Epoch: 215 - Loss: 168.15478851108628
Epoch: 216 - Loss: 168.1355368927717
Epoch: 217 - Loss: 168.11605354530417
Epoch: 218 - Loss: 168.0963335234204
Epoch: 219 - Loss: 168.0763696177935
Epoch: 220 - Loss: 168.05615516098987
Epoch: 221 - Loss: 168.0356875536867
Epoch: 222 - Loss: 168.01496575177953
Epoch: 223 - Loss: 167.9939871749155
Epoch: 224 - Loss: 167.97274783196235
Epoch: 225 - Loss: 167.9512453234266
Epoch: 226 - Loss: 167.9294810460495
Epoch: 227 - Loss: 167.90745958148705
Epoch: 228 - Loss: 167.8851871504643
Epoch: 229 - Loss: 167.86267198683015
Epoch: 230 - Loss: 167.839926754558
Epoch: 231 - Loss: 167.8169712281392
Epoch: 232 - Loss: 167.79383272913273
Epoch: 233 - Loss: 167.77054666315885
Epoch: 234 - Loss: 167.7471583804984
Epoch: 235 - Loss: 167.72372510565344
Epoch: 236 - Loss: 167.70032153153448
Epoch: 237 - Loss: 167.67704138117347
Epoch: 238 - Loss: 167.65400036869676
Epoch: 239 - Loss: 167.63133955530418
Epoch: 240 - Loss: 167.6092292209506
Epoch: 241 - Loss: 167.58787158517302
Epoch: 242 - Loss: 167.56750025377687
Epoch: 243 - Loss: 167.54837435589837
Epoch: 244 - Loss: 167.53076444515034
Epoch: 245 - Loss: 167.51492525280105
Epoch: 246 - Loss: 167.50104926582156
Epoch: 247 - Loss: 167.48919814446657
Epoch: 248 - Loss: 167.47922017378417
Epoch: 249 - Loss: 167.47068333512973
Epoch: 250 - Loss: 167.46287736194657
Epoch: 251 - Loss: 167.45493540767066
Epoch: 252 - Loss: 167.44606437219352
Epoch: 253 - Loss: 167.43577974677396
Epoch: 254 - Loss: 167.424014986231
Epoch: 255 - Loss: 167.41106111651044
Epoch: 256 - Loss: 167.39740073691604
Epoch: 257 - Loss: 167.3835348447785
Epoch: 258 - Loss: 167.3698653735849
Epoch: 259 - Loss: 167.3566467251202
Epoch: 260 - Loss: 167.3439896215134
Epoch: 261 - Loss: 167.33189277339542
Epoch: 262 - Loss: 167.32028247409227
Epoch: 263 - Loss: 167.30904836948594
Epoch: 264 - Loss: 167.29807048435458
Epoch: 265 - Loss: 167.28723684786186
Epoch: 266 - Loss: 167.2764531692247
Epoch: 267 - Loss: 167.26564678030942
Epoch: 268 - Loss: 167.2547669189958
Epoch: 269 - Loss: 167.24378296095358
Epoch: 270 - Loss: 167.23268159061988
Epoch: 271 - Loss: 167.2214635280751
Epoch: 272 - Loss: 167.21014021599154
Epoch: 273 - Loss: 167.19873070258708
Epoch: 274 - Loss: 167.1872587878362
Epoch: 275 - Loss: 167.17575041569094
Epoch: 276 - Loss: 167.1642313131429
Epoch: 277 - Loss: 167.15272493210762
Epoch: 278 - Loss: 167.1412507446975
Epoch: 279 - Loss: 167.1298226560773
Epoch: 280 - Loss: 167.11844953056533
Epoch: 281 - Loss: 167.10713292765217
Epoch: 282 - Loss: 167.09586881208241
Epoch: 283 - Loss: 167.0846481851457
Epoch: 284 - Loss: 167.07345854255647
Epoch: 285 - Loss: 167.06228563782196
Epoch: 286 - Loss: 167.05111532454427
Epoch: 287 - Loss: 167.03993522962637
Epoch: 288 - Loss: 167.02873601802816
Epoch: 289 - Loss: 167.0175120810453
Epoch: 290 - Loss: 167.00626160626322
Epoch: 291 - Loss: 166.99498610658245
Epoch: 292 - Loss: 166.98368956447996
Epoch: 293 - Loss: 166.97237738246946
Epoch: 294 - Loss: 166.9610553314541
Epoch: 295 - Loss: 166.94972866275685
Epoch: 296 - Loss: 166.9384014813357
Epoch: 297 - Loss: 166.92707639906632
Epoch: 298 - Loss: 166.91575448718203
Epoch: 299 - Loss: 166.90443540949795
Epoch: 300 - Loss: 166.89311771715552
Epoch: 1 - Loss: 198.79377318417616
Epoch: 2 - Loss: 198.78854556208051
Epoch: 3 - Loss: 198.78331678471434
Epoch: 4 - Loss: 198.77808685138532
Epoch: 5 - Loss: 198.77285569846515
Epoch: 6 - Loss: 198.76762329091662
Epoch: 7 - Loss: 198.76238966947815
Epoch: 8 - Loss: 198.75715478322536
Epoch: 9 - Loss: 198.75191861492723
Epoch: 10 - Loss: 198.74668113846687
Epoch: 11 - Loss: 198.7414423525563
Epoch: 12 - Loss: 198.73620199600174
Epoch: 13 - Loss: 198.73096044993773
Epoch: 14 - Loss: 198.72571754536705
Epoch: 15 - Loss: 198.720473285003
Epoch: 16 - Loss: 198.7152275551076
Epoch: 17 - Loss: 198.7099805305694
Epoch: 18 - Loss: 198.70473188590853
Epoch: 19 - Loss: 198.69948160353286
Epoch: 20 - Loss: 198.69422988112572
Epoch: 21 - Loss: 198.68897718760203
Epoch: 22 - Loss: 198.68372245304488
Epoch: 23 - Loss: 198.67846614964253
Epoch: 24 - Loss: 198.67320825735882
Epoch: 25 - Loss: 198.66794875641907
Epoch: 26 - Loss: 198.66268762682608
Epoch: 27 - Loss: 198.6574248412589
Epoch: 28 - Loss: 198.65216039548963
Epoch: 29 - Loss: 198.64689426164125
Epoch: 30 - Loss: 198.64162641974775
Epoch: 31 - Loss: 198.63635684581743
Epoch: 32 - Loss: 198.63108552872131
Epoch: 33 - Loss: 198.62581241056733
Epoch: 34 - Loss: 198.62053754058394
Epoch: 35 - Loss: 198.61526060707624
Epoch: 36 - Loss: 198.60998142848507
Epoch: 37 - Loss: 198.60470108283812
Epoch: 38 - Loss: 198.59941887739893
Epoch: 39 - Loss: 198.5941347919988
Epoch: 40 - Loss: 198.5888486625257
Epoch: 41 - Loss: 198.58356114881838
Epoch: 42 - Loss: 198.57827134204726
Epoch: 43 - Loss: 198.5729795564743
Epoch: 44 - Loss: 198.56768585848948
Epoch: 45 - Loss: 198.56239019532063
Epoch: 46 - Loss: 198.55709257800677
Epoch: 47 - Loss: 198.55179292950325
Epoch: 48 - Loss: 198.54649129794396
Epoch: 49 - Loss: 198.54118767865845
Epoch: 50 - Loss: 198.5358820140434
Epoch: 51 - Loss: 198.53057432206492
Epoch: 52 - Loss: 198.5252645841315
Epoch: 53 - Loss: 198.51995278009184
Epoch: 54 - Loss: 198.51463893472547
Epoch: 55 - Loss: 198.5093230218172
Epoch: 56 - Loss: 198.50400503291277
Epoch: 57 - Loss: 198.4986849451066
Epoch: 58 - Loss: 198.49336277979975
Epoch: 59 - Loss: 198.48803821766919
Epoch: 60 - Loss: 198.48271183885666
Epoch: 61 - Loss: 198.47738334498968
Epoch: 62 - Loss: 198.4720527228754
Epoch: 63 - Loss: 198.4667199976129
Epoch: 64 - Loss: 198.46138509498414
Epoch: 65 - Loss: 198.4560480756647
Epoch: 66 - Loss: 198.45070891747525
Epoch: 67 - Loss: 198.44536759735664
Epoch: 68 - Loss: 198.4400240891821
Epoch: 69 - Loss: 198.43467841242636
Epoch: 70 - Loss: 198.42933066997998
Epoch: 71 - Loss: 198.42398082668265
Epoch: 72 - Loss: 198.4186286339081
Epoch: 73 - Loss: 198.41327424781514
Epoch: 74 - Loss: 198.4079176619507
Epoch: 75 - Loss: 198.4025588702636
Epoch: 76 - Loss: 198.39719786683554
Epoch: 77 - Loss: 198.39183468346687
Epoch: 78 - Loss: 198.3864692377073
Epoch: 79 - Loss: 198.38110152976137
Epoch: 80 - Loss: 198.37573160213847
Epoch: 81 - Loss: 198.3703593899874
Epoch: 82 - Loss: 198.36498504020997
Epoch: 83 - Loss: 198.35960837787246
Epoch: 84 - Loss: 198.35422945861546
Epoch: 85 - Loss: 198.34884826946322
Epoch: 86 - Loss: 198.34346480686165
Epoch: 87 - Loss: 198.33807906471316
Epoch: 88 - Loss: 198.3326910330792
Epoch: 89 - Loss: 198.32730071764857
Epoch: 90 - Loss: 198.3219081009611
Epoch: 91 - Loss: 198.3165131426225
Epoch: 92 - Loss: 198.31111591219258
Epoch: 93 - Loss: 198.3057163654034
Epoch: 94 - Loss: 198.30031441710068
Epoch: 95 - Loss: 198.29491021933106
Epoch: 96 - Loss: 198.2895037244406
Epoch: 97 - Loss: 198.28409485016175
Epoch: 98 - Loss: 198.27868364502757
Epoch: 99 - Loss: 198.27327007000628
Epoch: 100 - Loss: 198.26785412487752
Epoch: 101 - Loss: 198.2624358245045
Epoch: 102 - Loss: 198.2570151479258
Epoch: 103 - Loss: 198.2515920959188
Epoch: 104 - Loss: 198.24616665859213
Epoch: 105 - Loss: 198.24073882958606
Epoch: 106 - Loss: 198.2353086025483
Epoch: 107 - Loss: 198.22987597096713
Epoch: 108 - Loss: 198.22444092746724
Epoch: 109 - Loss: 198.21900346741901
Epoch: 110 - Loss: 198.21356359127228
Epoch: 111 - Loss: 198.20812127075646
Epoch: 112 - Loss: 198.20267645556098
Epoch: 113 - Loss: 198.19722926850264
Epoch: 114 - Loss: 198.19177984584408
Epoch: 115 - Loss: 198.18632773778964
Epoch: 116 - Loss: 198.1808731576548
Epoch: 117 - Loss: 198.1754161169498
Epoch: 118 - Loss: 198.16995659947634
Epoch: 119 - Loss: 198.16449460370754
Epoch: 120 - Loss: 198.15903011246436
Epoch: 121 - Loss: 198.15356312399632
Epoch: 122 - Loss: 198.1480933902665
Epoch: 123 - Loss: 198.14262140307508
Epoch: 124 - Loss: 198.13714688060406
Epoch: 125 - Loss: 198.1316698346593
Epoch: 126 - Loss: 198.12619022452532
Epoch: 127 - Loss: 198.12070810677903
Epoch: 128 - Loss: 198.11522344382266
Epoch: 129 - Loss: 198.10973622740912
Epoch: 130 - Loss: 198.10424643756994
Epoch: 131 - Loss: 198.0987540968431
Epoch: 132 - Loss: 198.09325917600827
Epoch: 133 - Loss: 198.08776167294366
Epoch: 134 - Loss: 198.0822615804453
Epoch: 135 - Loss: 198.0767588918154
Epoch: 136 - Loss: 198.07125360616135
Epoch: 137 - Loss: 198.06574570404774
Epoch: 138 - Loss: 198.0602351804537
Epoch: 139 - Loss: 198.05472203775912
Epoch: 140 - Loss: 198.04920625035797
Epoch: 141 - Loss: 198.0436878247547
Epoch: 142 - Loss: 198.03816751406785
Epoch: 143 - Loss: 198.03264378922427
Epoch: 144 - Loss: 198.02711744928064
Epoch: 145 - Loss: 198.02158835203107
Epoch: 146 - Loss: 198.01605661099168
Epoch: 147 - Loss: 198.01052200529324
Epoch: 148 - Loss: 198.00498485207177
Epoch: 149 - Loss: 197.99944501727296
Epoch: 150 - Loss: 197.9939024869422
Epoch: 151 - Loss: 197.9883572194255
Epoch: 152 - Loss: 197.98280922376742
Epoch: 153 - Loss: 197.97725849145954
Epoch: 154 - Loss: 197.97170501440564
Epoch: 155 - Loss: 197.96614878439266
Epoch: 156 - Loss: 197.9605897931731
Epoch: 157 - Loss: 197.955028032431
Epoch: 158 - Loss: 197.94946349377346
Epoch: 159 - Loss: 197.9438961687785
Epoch: 160 - Loss: 197.93832594094965
Epoch: 161 - Loss: 197.93275299345217
Epoch: 162 - Loss: 197.92717725123754
Epoch: 163 - Loss: 197.92159868639058
Epoch: 164 - Loss: 197.91601731200026
Epoch: 165 - Loss: 197.91043305642225
Epoch: 166 - Loss: 197.9048457257145
Epoch: 167 - Loss: 197.89925580796637
Epoch: 168 - Loss: 197.89366303515195
Epoch: 169 - Loss: 197.88806739390984
Epoch: 170 - Loss: 197.88246903050486
Epoch: 171 - Loss: 197.87686763958598
Epoch: 172 - Loss: 197.87126330381756
Epoch: 173 - Loss: 197.86565607400217
Epoch: 174 - Loss: 197.8600459291271
Epoch: 175 - Loss: 197.85443302327866
Epoch: 176 - Loss: 197.84881702823736
Epoch: 177 - Loss: 197.84319816504677
Epoch: 178 - Loss: 197.83757631296257
Epoch: 179 - Loss: 197.83195147557004
Epoch: 180 - Loss: 197.82632358692425
Epoch: 181 - Loss: 197.82069291968273
Epoch: 182 - Loss: 197.81505890259518
Epoch: 183 - Loss: 197.80942208318243
Epoch: 184 - Loss: 197.80378221176548
Epoch: 185 - Loss: 197.7981393753487
Epoch: 186 - Loss: 197.79249348251884
Epoch: 187 - Loss: 197.78684471875795
Epoch: 188 - Loss: 197.78119272000103
Epoch: 189 - Loss: 197.77553761343725
Epoch: 190 - Loss: 197.76987942652542
Epoch: 191 - Loss: 197.76421819371197
Epoch: 192 - Loss: 197.75855383044077
Epoch: 193 - Loss: 197.75288636870556
Epoch: 194 - Loss: 197.74721582472677
Epoch: 195 - Loss: 197.74154214741603
Epoch: 196 - Loss: 197.7358652126052
Epoch: 197 - Loss: 197.73018502677303
Epoch: 198 - Loss: 197.72450183742592
Epoch: 199 - Loss: 197.71881547832518
Epoch: 200 - Loss: 197.71312593256226
Epoch: 201 - Loss: 197.70743319673852
Epoch: 202 - Loss: 197.70173724420118
Epoch: 203 - Loss: 197.69603729443298
Epoch: 204 - Loss: 197.69033492683093
Epoch: 205 - Loss: 197.68462928786107
Epoch: 206 - Loss: 197.6789204197649
Epoch: 207 - Loss: 197.6732082712813
Epoch: 208 - Loss: 197.66749283764497
Epoch: 209 - Loss: 197.66177408629216
Epoch: 210 - Loss: 197.6560523538991
Epoch: 211 - Loss: 197.650327011178
Epoch: 212 - Loss: 197.6445983688964
Epoch: 213 - Loss: 197.63886635518588
Epoch: 214 - Loss: 197.63313099037876
Epoch: 215 - Loss: 197.62739227095634
Epoch: 216 - Loss: 197.62164993361054
Epoch: 217 - Loss: 197.61590481014463
Epoch: 218 - Loss: 197.61015592003326
Epoch: 219 - Loss: 197.60440361032158
Epoch: 220 - Loss: 197.59864786536485
Epoch: 221 - Loss: 197.59288865822228
Epoch: 222 - Loss: 197.58712602993955
Epoch: 223 - Loss: 197.5813599697492
Epoch: 224 - Loss: 197.57559039298087
Epoch: 225 - Loss: 197.56981737130675
Epoch: 226 - Loss: 197.56404074070437
Epoch: 227 - Loss: 197.55826065152837
Epoch: 228 - Loss: 197.55247703517497
Epoch: 229 - Loss: 197.54668911549055
Epoch: 230 - Loss: 197.54089838635994
Epoch: 231 - Loss: 197.53510475687114
Epoch: 232 - Loss: 197.52930675306928
Epoch: 233 - Loss: 197.52350529707257
Epoch: 234 - Loss: 197.51769990205622
Epoch: 235 - Loss: 197.51189111885057
Epoch: 236 - Loss: 197.50607867750924
Epoch: 237 - Loss: 197.5002625802905
Epoch: 238 - Loss: 197.49444249245525
Epoch: 239 - Loss: 197.4886190248702
Epoch: 240 - Loss: 197.48279190318812
Epoch: 241 - Loss: 197.47696100058292
Epoch: 242 - Loss: 197.4711263594815
Epoch: 243 - Loss: 197.46528821771957
Epoch: 244 - Loss: 197.45944600985382
Epoch: 245 - Loss: 197.45360006360437
Epoch: 246 - Loss: 197.44775031411874
Epoch: 247 - Loss: 197.44189673830883
Epoch: 248 - Loss: 197.43603934007749
Epoch: 249 - Loss: 197.4301781268092
Epoch: 250 - Loss: 197.42431301390724
Epoch: 251 - Loss: 197.41844402226968
Epoch: 252 - Loss: 197.41257107666993
Epoch: 253 - Loss: 197.40669430974924
Epoch: 254 - Loss: 197.40081358168914
Epoch: 255 - Loss: 197.39492890318218
Epoch: 256 - Loss: 197.38904026413445
Epoch: 257 - Loss: 197.38314764580556
Epoch: 258 - Loss: 197.37725103226725
Epoch: 259 - Loss: 197.3713503612425
Epoch: 260 - Loss: 197.36544570435265
Epoch: 261 - Loss: 197.35953683651977
Epoch: 262 - Loss: 197.35362407333855
Epoch: 263 - Loss: 197.34770725089456
Epoch: 264 - Loss: 197.34178628158583
Epoch: 265 - Loss: 197.3358611735309
Epoch: 266 - Loss: 197.3299320128552
Epoch: 267 - Loss: 197.32399881439935
Epoch: 268 - Loss: 197.31806115762575
Epoch: 269 - Loss: 197.31211947894562
Epoch: 270 - Loss: 197.30617358080585
Epoch: 271 - Loss: 197.30022347375194
Epoch: 272 - Loss: 197.29426908217013
Epoch: 273 - Loss: 197.28831049769425
Epoch: 274 - Loss: 197.2823475887874
Epoch: 275 - Loss: 197.27638039612359
Epoch: 276 - Loss: 197.2704088317885
Epoch: 277 - Loss: 197.26443298165728
Epoch: 278 - Loss: 197.25845281797248
Epoch: 279 - Loss: 197.2524683081709
Epoch: 280 - Loss: 197.2464793671946
Epoch: 281 - Loss: 197.2404859837202
Epoch: 282 - Loss: 197.23448821279635
Epoch: 283 - Loss: 197.22848600408594
Epoch: 284 - Loss: 197.22247939927703
Epoch: 285 - Loss: 197.21646817873156
Epoch: 286 - Loss: 197.21045253925314
Epoch: 287 - Loss: 197.20443240167933
Epoch: 288 - Loss: 197.198407698278
Epoch: 289 - Loss: 197.19237844300412
Epoch: 290 - Loss: 197.18634462965952
Epoch: 291 - Loss: 197.1803062235451
Epoch: 292 - Loss: 197.17426316501766
Epoch: 293 - Loss: 197.16821549418907
Epoch: 294 - Loss: 197.1621631718256
Epoch: 295 - Loss: 197.15610620717385
Epoch: 296 - Loss: 197.15004445956214
Epoch: 297 - Loss: 197.1439780579257
Epoch: 298 - Loss: 197.13790692754375
Epoch: 299 - Loss: 197.13183104788232
Epoch: 300 - Loss: 197.12575039977287
Epoch: 1 - Loss: 190.02528953798497
Epoch: 2 - Loss: 188.13407936267646
Epoch: 3 - Loss: 187.056005282361
Epoch: 4 - Loss: 186.21026465132962
Epoch: 5 - Loss: 185.43068424417828
Epoch: 6 - Loss: 179.75362131383469
Epoch: 7 - Loss: 178.86600785025982
Epoch: 8 - Loss: 177.09458324770142
Epoch: 9 - Loss: 175.01088784233033
Epoch: 10 - Loss: 173.30677452452312
Epoch: 11 - Loss: 171.98985971229027
Epoch: 12 - Loss: 171.14561868238255
Epoch: 13 - Loss: 170.53095262845002
Epoch: 14 - Loss: 169.9440594253146
Epoch: 15 - Loss: 169.10274746175145
Epoch: 16 - Loss: 171.15866170298625
Epoch: 17 - Loss: 169.2131659476546
Epoch: 18 - Loss: 168.03339307202737
Epoch: 19 - Loss: 167.86949660535024
Epoch: 20 - Loss: 167.58005489086963
Epoch: 21 - Loss: 167.2024163305167
Epoch: 22 - Loss: 166.7833377135238
Epoch: 23 - Loss: 166.34097787030652
Epoch: 24 - Loss: 165.89280346074548
Epoch: 25 - Loss: 165.46746912903723
Epoch: 26 - Loss: 165.07285597827615
Epoch: 27 - Loss: 164.67816266563287
Epoch: 28 - Loss: 164.26761548679448
Epoch: 29 - Loss: 163.7922569663786
Epoch: 30 - Loss: 163.24890168737224
Epoch: 31 - Loss: 162.58648078346414
Epoch: 32 - Loss: 161.7631327118988
Epoch: 33 - Loss: 160.7412336586467
Epoch: 34 - Loss: 151.74963338852154
Epoch: 35 - Loss: 124.10486207543785
Epoch: 36 - Loss: 117.74477866127587
Epoch: 37 - Loss: 115.08339747003559
Epoch: 38 - Loss: 111.53066321585892
Epoch: 39 - Loss: 112.43499022643984
Epoch: 40 - Loss: 109.37901127238831
Epoch: 41 - Loss: 109.80579403287189
Epoch: 42 - Loss: 110.47453392033637
Epoch: 43 - Loss: 105.2863144763149
Epoch: 44 - Loss: 99.12657188233031
Epoch: 45 - Loss: 93.06452561081966
Epoch: 46 - Loss: 88.59681177760912
Epoch: 47 - Loss: 81.99530517102083
Epoch: 48 - Loss: 80.17203190782182
Epoch: 49 - Loss: 78.66889425949053
Epoch: 50 - Loss: 78.15826832184261
Epoch: 51 - Loss: 77.68939988863283
Epoch: 52 - Loss: 76.40109943550078
Epoch: 53 - Loss: 73.42400292285292
Epoch: 54 - Loss: 71.91848506607381
Epoch: 55 - Loss: 77.45193873801018
Epoch: 56 - Loss: 70.49350474005603
Epoch: 57 - Loss: 72.89869049215763
Epoch: 58 - Loss: 74.95122843681409
Epoch: 59 - Loss: 75.91396323735631
Epoch: 60 - Loss: 76.25174596467393
Epoch: 61 - Loss: 76.3708840678876
Epoch: 62 - Loss: 76.32716300467271
Epoch: 63 - Loss: 76.0458218929642
Epoch: 64 - Loss: 75.53791474665371
Epoch: 65 - Loss: 74.88898841607516
Epoch: 66 - Loss: 73.55670521479752
Epoch: 67 - Loss: 71.95825775635768
Epoch: 68 - Loss: 71.728836891593
Epoch: 69 - Loss: 74.127561681453
Epoch: 70 - Loss: 73.26129309025953
Epoch: 71 - Loss: 71.24140920406575
Epoch: 72 - Loss: 71.4398376168674
Epoch: 73 - Loss: 72.14653518728142
Epoch: 74 - Loss: 72.43141533119832
Epoch: 75 - Loss: 72.13327129244955
Epoch: 76 - Loss: 71.35578752412513
Epoch: 77 - Loss: 70.42088498206614
Epoch: 78 - Loss: 70.30306523868768
Epoch: 79 - Loss: 71.1134503731238
Epoch: 80 - Loss: 70.63772146161905
Epoch: 81 - Loss: 69.7828155474403
Epoch: 82 - Loss: 69.57855605657987
Epoch: 83 - Loss: 69.7822698124804
Epoch: 84 - Loss: 69.6779729229247
Epoch: 85 - Loss: 69.28414003757308
Epoch: 86 - Loss: 69.10370091007212
Epoch: 87 - Loss: 69.45160009820111
Epoch: 88 - Loss: 68.98611735447284
Epoch: 89 - Loss: 69.05408421206964
Epoch: 90 - Loss: 69.20812354288033
Epoch: 91 - Loss: 69.10573848535579
Epoch: 92 - Loss: 68.93789931762639
Epoch: 93 - Loss: 69.10355684304356
Epoch: 94 - Loss: 69.0844777860988
Epoch: 95 - Loss: 68.96633751607821
Epoch: 96 - Loss: 69.04687757834068
Epoch: 97 - Loss: 69.0459405698541
Epoch: 98 - Loss: 68.9350530213362
Epoch: 99 - Loss: 68.90322164324304
Epoch: 100 - Loss: 68.94728729536246
Epoch: 101 - Loss: 68.82375887517053
Epoch: 102 - Loss: 68.79968892156218
Epoch: 103 - Loss: 68.81051138225848
Epoch: 104 - Loss: 68.74010063374386
Epoch: 105 - Loss: 68.68201632318166
Epoch: 106 - Loss: 68.70888641593453
Epoch: 107 - Loss: 68.65175701023942
Epoch: 108 - Loss: 68.61367616349428
Epoch: 109 - Loss: 68.63157088429129
Epoch: 110 - Loss: 68.60351989741376
Epoch: 111 - Loss: 68.5639031747821
Epoch: 112 - Loss: 68.57578034411533
Epoch: 113 - Loss: 68.55263684550633
Epoch: 114 - Loss: 68.5248168727145
Epoch: 115 - Loss: 68.52778869772831
Epoch: 116 - Loss: 68.50647674256501
Epoch: 117 - Loss: 68.47772597336242
Epoch: 118 - Loss: 68.47419544523068
Epoch: 119 - Loss: 68.45071314616128
Epoch: 120 - Loss: 68.42677403248601
Epoch: 121 - Loss: 68.41784349504685
Epoch: 122 - Loss: 68.39398792695981
Epoch: 123 - Loss: 68.37070443902965
Epoch: 124 - Loss: 68.36109543444167
Epoch: 125 - Loss: 68.33806053384318
Epoch: 126 - Loss: 68.31815775576128
Epoch: 127 - Loss: 68.30685227972079
Epoch: 128 - Loss: 68.28641281107066
Epoch: 129 - Loss: 68.26870987779186
Epoch: 130 - Loss: 68.25723818601075
Epoch: 131 - Loss: 68.23787971574241
Epoch: 132 - Loss: 68.22222841518474
Epoch: 133 - Loss: 68.20939191349574
Epoch: 134 - Loss: 68.19139872867771
Epoch: 135 - Loss: 68.17615721628701
Epoch: 136 - Loss: 68.16199978792537
Epoch: 137 - Loss: 68.14422975350197
Epoch: 138 - Loss: 68.12943623228828
Epoch: 139 - Loss: 68.11406653343796
Epoch: 140 - Loss: 68.0966208500068
Epoch: 141 - Loss: 68.08169982112055
Epoch: 142 - Loss: 68.06571065142245
Epoch: 143 - Loss: 68.04886242220313
Epoch: 144 - Loss: 68.03397937745665
Epoch: 145 - Loss: 68.01770863438612
Epoch: 146 - Loss: 68.00144041158438
Epoch: 147 - Loss: 67.98655394756051
Epoch: 148 - Loss: 67.97029971404346
Epoch: 149 - Loss: 67.95454852150212
Epoch: 150 - Loss: 67.93941051083684
Epoch: 151 - Loss: 67.92327592039761
Epoch: 152 - Loss: 67.90778713986691
Epoch: 153 - Loss: 67.89234423816582
Epoch: 154 - Loss: 67.87627360500788
Epoch: 155 - Loss: 67.86083497330665
Epoch: 156 - Loss: 67.84508483619852
Epoch: 157 - Loss: 67.82911554587962
Epoch: 158 - Loss: 67.81354876167303
Epoch: 159 - Loss: 67.79759401749843
Epoch: 160 - Loss: 67.78174047664454
Epoch: 161 - Loss: 67.7660337246899
Epoch: 162 - Loss: 67.75000684722622
Epoch: 163 - Loss: 67.734211630929
Epoch: 164 - Loss: 67.71836756353544
Epoch: 165 - Loss: 67.70236654005822
Epoch: 166 - Loss: 67.68657123085922
Epoch: 167 - Loss: 67.6706051999536
Epoch: 168 - Loss: 67.65463352256926
Epoch: 169 - Loss: 67.63876152967433
Epoch: 170 - Loss: 67.62270666835711
Epoch: 171 - Loss: 67.60671835020705
Epoch: 172 - Loss: 67.5907142266449
Epoch: 173 - Loss: 67.57462535568472
Epoch: 174 - Loss: 67.55851358361937
Epoch: 175 - Loss: 67.5423487737848
Epoch: 176 - Loss: 67.52614126444361
Epoch: 177 - Loss: 67.50994323630745
Epoch: 178 - Loss: 67.49363757842848
Epoch: 179 - Loss: 67.47732693076156
Epoch: 180 - Loss: 67.46096640975568
Epoch: 181 - Loss: 67.44452641263041
Epoch: 182 - Loss: 67.42807214213092
Epoch: 183 - Loss: 67.41153214672698
Epoch: 184 - Loss: 67.39493934794163
Epoch: 185 - Loss: 67.37829571414925
Epoch: 186 - Loss: 67.36156521122889
Epoch: 187 - Loss: 67.34478494471293
Epoch: 188 - Loss: 67.3279202681891
Epoch: 189 - Loss: 67.3109642882725
Epoch: 190 - Loss: 67.29393519497701
Epoch: 191 - Loss: 67.27678874651059
Epoch: 192 - Loss: 67.25955969224242
Epoch: 193 - Loss: 67.24221417722737
Epoch: 194 - Loss: 67.2247499992271
Epoch: 195 - Loss: 67.20715499392688
Epoch: 196 - Loss: 67.18941853645016
Epoch: 197 - Loss: 67.17153515796542
Epoch: 198 - Loss: 67.15348319796905
Epoch: 199 - Loss: 67.1352448031103
Epoch: 200 - Loss: 67.1168076671481
Epoch: 201 - Loss: 67.09814562655411
Epoch: 202 - Loss: 67.07924677739558
Epoch: 203 - Loss: 67.06008602152329
Epoch: 204 - Loss: 67.04062819998899
Epoch: 205 - Loss: 67.02084884906061
Epoch: 206 - Loss: 67.000692458668
Epoch: 207 - Loss: 66.9801436813549
Epoch: 208 - Loss: 66.95909253627919
Epoch: 209 - Loss: 66.93753204912343
Epoch: 210 - Loss: 66.91535417396483
Epoch: 211 - Loss: 66.89250227630767
Epoch: 212 - Loss: 66.86888209863095
Epoch: 213 - Loss: 66.84440061301528
Epoch: 214 - Loss: 66.81894015079668
Epoch: 215 - Loss: 66.79234500557072
Epoch: 216 - Loss: 66.76441836405891
Epoch: 217 - Loss: 66.73491448864063
Epoch: 218 - Loss: 66.70354855972695
Epoch: 219 - Loss: 66.67001198377933
Epoch: 220 - Loss: 66.63401497418452
Epoch: 221 - Loss: 66.59523060396393
Epoch: 222 - Loss: 66.55333400681627
Epoch: 223 - Loss: 66.51085946850685
Epoch: 224 - Loss: 66.46649864911502
Epoch: 225 - Loss: 66.42042996632351
Epoch: 226 - Loss: 66.37302180360558
Epoch: 227 - Loss: 66.32459782571524
Epoch: 228 - Loss: 66.27484762078653
Epoch: 229 - Loss: 66.22447936782343
Epoch: 230 - Loss: 66.17461314680588
Epoch: 231 - Loss: 66.12554894098872
Epoch: 232 - Loss: 66.07725314985433
Epoch: 233 - Loss: 66.01927212695838
Epoch: 234 - Loss: 65.91012168886171
Epoch: 235 - Loss: 65.78923477443435
Epoch: 236 - Loss: 65.63110638161895
Epoch: 237 - Loss: 65.47570796121042
Epoch: 238 - Loss: 65.28544124081539
Epoch: 239 - Loss: 65.09625818248334
Epoch: 240 - Loss: 64.86193170408016
Epoch: 241 - Loss: 64.63820826631371
Epoch: 242 - Loss: 64.38413439114264
Epoch: 243 - Loss: 64.11223286804473
Epoch: 244 - Loss: 63.77010927542307
Epoch: 245 - Loss: 63.47338417240585
Epoch: 246 - Loss: 63.20309952629061
Epoch: 247 - Loss: 63.065367415548266
Epoch: 248 - Loss: 62.40099194612881
Epoch: 249 - Loss: 62.07113316840304
Epoch: 250 - Loss: 61.705985753690925
Epoch: 251 - Loss: 62.00821478867682
Epoch: 252 - Loss: 60.65643775348866
Epoch: 253 - Loss: 72.3250171475747
Epoch: 254 - Loss: 72.22347694289938
Epoch: 255 - Loss: 70.31795595967496
Epoch: 256 - Loss: 74.44060098323266
Epoch: 257 - Loss: 72.16048415054392
Epoch: 258 - Loss: 73.69240588170078
Epoch: 259 - Loss: 74.256279491145
Epoch: 260 - Loss: 74.33654516193573
Epoch: 261 - Loss: 74.36696618722648
Epoch: 262 - Loss: 74.37034331307507
Epoch: 263 - Loss: 74.35141690819871
Epoch: 264 - Loss: 74.31362967947521
Epoch: 265 - Loss: 74.25880400591643
Epoch: 266 - Loss: 74.18962357195768
Epoch: 267 - Loss: 74.10974189612524
Epoch: 268 - Loss: 74.02241092167833
Epoch: 269 - Loss: 73.92954905117942
Epoch: 270 - Loss: 73.83167500391473
Epoch: 271 - Loss: 73.72931678489554
Epoch: 272 - Loss: 73.62332349651386
Epoch: 273 - Loss: 73.51504521892265
Epoch: 274 - Loss: 73.40593557487777
Epoch: 275 - Loss: 73.2970043067726
Epoch: 276 - Loss: 73.18833016597272
Epoch: 277 - Loss: 73.07957372744386
Epoch: 278 - Loss: 72.97130228389656
Epoch: 279 - Loss: 72.86467001836688
Epoch: 280 - Loss: 72.760519540359
Epoch: 281 - Loss: 72.65866104611148
Epoch: 282 - Loss: 72.55904690517298
Epoch: 283 - Loss: 72.46190530710108
Epoch: 284 - Loss: 72.36795222235699
Epoch: 285 - Loss: 72.27773621670914
Too slow optimization
Epoch: 1 - Loss: 193.57861730193667
Epoch: 2 - Loss: 193.5639880573834
Epoch: 3 - Loss: 193.54958739361012
Epoch: 4 - Loss: 193.53541112519395
Epoch: 5 - Loss: 193.52145271746687
Epoch: 6 - Loss: 193.50770790570476
Epoch: 7 - Loss: 193.49415598811865
Epoch: 8 - Loss: 193.48081695487937
Epoch: 9 - Loss: 193.46765798393844
Epoch: 10 - Loss: 193.45465420699645
Epoch: 11 - Loss: 193.4417970369635
Epoch: 12 - Loss: 193.42905971261695
Epoch: 13 - Loss: 193.41641750232483
Epoch: 14 - Loss: 193.40385603573824
Epoch: 15 - Loss: 193.39134381765066
Epoch: 16 - Loss: 193.37887285920772
Epoch: 17 - Loss: 193.3664244546604
Epoch: 18 - Loss: 193.3539963186726
Epoch: 19 - Loss: 193.34158524186185
Epoch: 20 - Loss: 193.32918650409064
Epoch: 21 - Loss: 193.3168098085443
Epoch: 22 - Loss: 193.30445865696248
Epoch: 23 - Loss: 193.2921339904817
Epoch: 24 - Loss: 193.27985155500076
Epoch: 25 - Loss: 193.2676146997057
Epoch: 26 - Loss: 193.25543820923363
Epoch: 27 - Loss: 193.24329613235386
Epoch: 28 - Loss: 193.2312249572283
Epoch: 29 - Loss: 193.21921048169992
Epoch: 30 - Loss: 193.20725505929963
Epoch: 31 - Loss: 193.19535854571973
Epoch: 32 - Loss: 193.18351769479293
Epoch: 33 - Loss: 193.1717292366701
Epoch: 34 - Loss: 193.1599888020166
Epoch: 35 - Loss: 193.14829277346763
Epoch: 36 - Loss: 193.1366391750491
Epoch: 37 - Loss: 193.12502551165426
Epoch: 38 - Loss: 193.1134490981268
Epoch: 39 - Loss: 193.10190903044094
Epoch: 40 - Loss: 193.09040782027358
Epoch: 41 - Loss: 193.07894525870591
Epoch: 42 - Loss: 193.0675224669841
Epoch: 43 - Loss: 193.05614088435325
Epoch: 44 - Loss: 193.04480181422278
Epoch: 45 - Loss: 193.03350625339212
Epoch: 46 - Loss: 193.02225489753715
Epoch: 47 - Loss: 193.01104741574645
Epoch: 48 - Loss: 192.99988418173018
Epoch: 49 - Loss: 192.9887642867213
Epoch: 50 - Loss: 192.97768675518165
Epoch: 51 - Loss: 192.96665060019535
Epoch: 52 - Loss: 192.9556547031848
Epoch: 53 - Loss: 192.9446977671421
Epoch: 54 - Loss: 192.93377944297518
Epoch: 55 - Loss: 192.92289774838764
Epoch: 56 - Loss: 192.91205447593302
Epoch: 57 - Loss: 192.90124839413863
Epoch: 58 - Loss: 192.8904793820338
Epoch: 59 - Loss: 192.87974760630237
Epoch: 60 - Loss: 192.8690532730073
Epoch: 61 - Loss: 192.8583962256681
Epoch: 62 - Loss: 192.84777644903426
Epoch: 63 - Loss: 192.8372111306571
Epoch: 64 - Loss: 192.82666660701514
Epoch: 65 - Loss: 192.81615868140906
Epoch: 66 - Loss: 192.80569122466707
Epoch: 67 - Loss: 192.79525715086058
Epoch: 68 - Loss: 192.78485548953265
Epoch: 69 - Loss: 192.7744883731114
Epoch: 70 - Loss: 192.76415543472797
Epoch: 71 - Loss: 192.75385703703998
Epoch: 72 - Loss: 192.7435919229522
Epoch: 73 - Loss: 192.73336020421837
Epoch: 74 - Loss: 192.72316087545997
Epoch: 75 - Loss: 192.71299484097707
Epoch: 76 - Loss: 192.70286185151028
Epoch: 77 - Loss: 192.69276134726414
Epoch: 78 - Loss: 192.6826935543021
Epoch: 79 - Loss: 192.67265789842403
Epoch: 80 - Loss: 192.66265425086078
Epoch: 81 - Loss: 192.6526825110101
Epoch: 82 - Loss: 192.64274149756613
Epoch: 83 - Loss: 192.6328316072124
Epoch: 84 - Loss: 192.62295203092987
Epoch: 85 - Loss: 192.6131021974615
Epoch: 86 - Loss: 192.60328321552433
Epoch: 87 - Loss: 192.59349415050045
Epoch: 88 - Loss: 192.58373413217453
Epoch: 89 - Loss: 192.57400428168913
Epoch: 90 - Loss: 192.5643039483615
Epoch: 91 - Loss: 192.55463211184656
Epoch: 92 - Loss: 192.54498894972343
Epoch: 93 - Loss: 192.53537428591034
Epoch: 94 - Loss: 192.52578790247205
Epoch: 95 - Loss: 192.51622799557032
Epoch: 96 - Loss: 192.50669821254127
Epoch: 97 - Loss: 192.49719534621804
Epoch: 98 - Loss: 192.48771980251453
Epoch: 99 - Loss: 192.47827130670467
Epoch: 100 - Loss: 192.46884978410662
Epoch: 101 - Loss: 192.45945479325994
Epoch: 102 - Loss: 192.45008621871042
Epoch: 103 - Loss: 192.44074392508136
Epoch: 104 - Loss: 192.43142766895525
Epoch: 105 - Loss: 192.42213723574696
Epoch: 106 - Loss: 192.41287242823404
Epoch: 107 - Loss: 192.40363291204667
Epoch: 108 - Loss: 192.39441875182246
Epoch: 109 - Loss: 192.38522960574798
Epoch: 110 - Loss: 192.37606533164464
Epoch: 111 - Loss: 192.36692559941338
Epoch: 112 - Loss: 192.35781086526086
Epoch: 113 - Loss: 192.3487208499464
Epoch: 114 - Loss: 192.33965377739744
Epoch: 115 - Loss: 192.33061033935195
Epoch: 116 - Loss: 192.3215907132808
Epoch: 117 - Loss: 192.3125956339438
Epoch: 118 - Loss: 192.30361708077663
Epoch: 119 - Loss: 192.29466831095652
Epoch: 120 - Loss: 192.28574054478764
Epoch: 121 - Loss: 192.2768364600327
Epoch: 122 - Loss: 192.2679548493131
Epoch: 123 - Loss: 192.25909561844202
Epoch: 124 - Loss: 192.25025857922887
Epoch: 125 - Loss: 192.24144986116542
Epoch: 126 - Loss: 192.2326567365717
Epoch: 127 - Loss: 192.22387886273512
Epoch: 128 - Loss: 192.21512909516645
Epoch: 129 - Loss: 192.20640062556828
Epoch: 130 - Loss: 192.19769343316912
Epoch: 131 - Loss: 192.18900861708858
Epoch: 132 - Loss: 192.18034321361168
Epoch: 133 - Loss: 192.17170334690044
Epoch: 134 - Loss: 192.16307912800954
Epoch: 135 - Loss: 192.1544753285642
Epoch: 136 - Loss: 192.14589188609028
Epoch: 137 - Loss: 192.13732830878746
Epoch: 138 - Loss: 192.12878483187853
Epoch: 139 - Loss: 192.1202611154267
Epoch: 140 - Loss: 192.11175675843305
Epoch: 141 - Loss: 192.10327248971117
Epoch: 142 - Loss: 192.09480723979308
Epoch: 143 - Loss: 192.08636175815082
Epoch: 144 - Loss: 192.07793427059428
Epoch: 145 - Loss: 192.06951993488585
Epoch: 146 - Loss: 192.06113072381882
Epoch: 147 - Loss: 192.05276022827508
Too slow optimization
Epoch: 1 - Loss: 196.10830747070432
Epoch: 2 - Loss: 196.86169125187106
Epoch: 3 - Loss: 194.3975500158015
Epoch: 4 - Loss: 194.0694449087244
Epoch: 5 - Loss: 193.99225392652045
Epoch: 6 - Loss: 194.10158688151932
Epoch: 7 - Loss: 193.97943607780138
Epoch: 8 - Loss: 193.4803875898126
Epoch: 9 - Loss: 193.02739370013975
Epoch: 10 - Loss: 192.68882884256854
Epoch: 11 - Loss: 192.4700989696469
Epoch: 12 - Loss: 192.2969926189597
Epoch: 13 - Loss: 192.11593886610726
Epoch: 14 - Loss: 191.89851693540336
Epoch: 15 - Loss: 191.64977220046518
Epoch: 16 - Loss: 191.37604311276542
Epoch: 17 - Loss: 191.09031764021992
Epoch: 18 - Loss: 190.81000537921963
Epoch: 19 - Loss: 190.5544385975326
Epoch: 20 - Loss: 190.3385551238405
Epoch: 21 - Loss: 190.158940299302
Epoch: 22 - Loss: 189.98253241150255
Epoch: 23 - Loss: 189.77678951192823
Epoch: 24 - Loss: 189.5443646333893
Epoch: 25 - Loss: 189.3033234744412
Epoch: 26 - Loss: 189.06661287251674
Epoch: 27 - Loss: 188.8374442831028
Epoch: 28 - Loss: 188.6100764516528
Epoch: 29 - Loss: 188.37328634568007
Epoch: 30 - Loss: 188.11436468037476
Epoch: 31 - Loss: 187.82086735261413
Epoch: 32 - Loss: 187.46001053762095
Epoch: 33 - Loss: 187.01463680300068
Epoch: 34 - Loss: 186.4854588186754
Epoch: 35 - Loss: 185.93784377220737
Epoch: 36 - Loss: 185.67959726187505
Epoch: 37 - Loss: 185.61621563839654
Epoch: 38 - Loss: 185.00544494117278
Epoch: 39 - Loss: 184.49154618365884
Epoch: 40 - Loss: 184.22716057006636
Epoch: 41 - Loss: 183.91862647109116
Epoch: 42 - Loss: 183.49055065989407
Epoch: 43 - Loss: 182.99235542580502
Epoch: 44 - Loss: 182.482889577876
Epoch: 45 - Loss: 182.02436989002018
Epoch: 46 - Loss: 181.61807099948814
Epoch: 47 - Loss: 180.99825159665434
Epoch: 48 - Loss: 180.06669609617597
Epoch: 49 - Loss: 168.47846637151846
Epoch: 50 - Loss: 141.336318110377
Epoch: 51 - Loss: 137.97335040903502
Epoch: 52 - Loss: 136.32894656663802
Epoch: 53 - Loss: 135.28561960643754
Epoch: 54 - Loss: 135.3512019654027
Epoch: 55 - Loss: 135.21251225405075
Epoch: 56 - Loss: 134.9787671888296
Epoch: 57 - Loss: 134.66797181446165
Epoch: 58 - Loss: 134.3973431444149
Epoch: 59 - Loss: 134.16237077337755
Epoch: 60 - Loss: 133.89523390035012
Epoch: 61 - Loss: 133.5609748768811
Epoch: 62 - Loss: 133.16647827244242
Epoch: 63 - Loss: 132.7330553897468
Epoch: 64 - Loss: 132.2405127287649
Epoch: 65 - Loss: 131.67071944767545
Epoch: 66 - Loss: 131.0580700313613
Epoch: 67 - Loss: 130.35655586983887
Epoch: 68 - Loss: 129.55043222388048
Epoch: 69 - Loss: 128.77494014886474
Epoch: 70 - Loss: 127.9306656749054
Epoch: 71 - Loss: 126.5918956421007
Epoch: 72 - Loss: 124.65744172326451
Epoch: 73 - Loss: 123.12618859682269
Epoch: 74 - Loss: 121.51753384783346
Epoch: 75 - Loss: 118.07088405498567
Epoch: 76 - Loss: 103.72018590654352
Epoch: 77 - Loss: 94.24385671908597
Epoch: 78 - Loss: 96.42073986048793
Epoch: 79 - Loss: 98.20733701853288
Epoch: 80 - Loss: 99.21986217798373
Epoch: 81 - Loss: 99.73221026111247
Epoch: 82 - Loss: 99.90949063281572
Epoch: 83 - Loss: 99.85126317283063
Epoch: 84 - Loss: 99.58093844521115
Epoch: 85 - Loss: 99.08873109839486
Epoch: 86 - Loss: 98.36968430006155
Epoch: 87 - Loss: 97.31452606960418
Epoch: 88 - Loss: 95.72059954450195
Epoch: 89 - Loss: 93.44512349783545
Epoch: 90 - Loss: 93.23443776809354
Epoch: 91 - Loss: 96.54653198809439
Epoch: 92 - Loss: 93.86505754076121
Epoch: 93 - Loss: 92.12538941940467
Epoch: 94 - Loss: 92.92340702081333
Epoch: 95 - Loss: 93.66368934292163
Epoch: 96 - Loss: 93.77102440030856
Epoch: 97 - Loss: 93.40490925549946
Epoch: 98 - Loss: 92.56816196469612
Epoch: 99 - Loss: 91.29714643026583
Epoch: 100 - Loss: 90.2769945378235
Epoch: 101 - Loss: 90.84596215463284
Epoch: 102 - Loss: 91.8182342506162
Epoch: 103 - Loss: 91.32245648683121
Epoch: 104 - Loss: 89.91431442157456
Epoch: 105 - Loss: 89.81081408209408
Epoch: 106 - Loss: 90.28502205325567
Epoch: 107 - Loss: 90.23561678570269
Epoch: 108 - Loss: 90.13790409943871
Epoch: 109 - Loss: 89.25512091961329
Epoch: 110 - Loss: 88.63653744492983
Epoch: 111 - Loss: 88.22320310947661
Epoch: 112 - Loss: 89.01246547826068
Epoch: 113 - Loss: 87.85297467398333
Epoch: 114 - Loss: 87.52286611598014
Epoch: 115 - Loss: 87.60353427112538
Epoch: 116 - Loss: 87.50746090701091
Epoch: 117 - Loss: 87.18896220464917
Epoch: 118 - Loss: 87.47273641403505
Epoch: 119 - Loss: 85.7436350115921
Epoch: 120 - Loss: 89.44264167158072
Epoch: 121 - Loss: 88.75032422953954
Epoch: 122 - Loss: 91.31554215732065
Epoch: 123 - Loss: 90.54965105572762
Epoch: 124 - Loss: 89.45081248175107
Epoch: 125 - Loss: 88.97029543814222
Epoch: 126 - Loss: 88.2578007392173
Epoch: 127 - Loss: 87.99560751189162
Epoch: 128 - Loss: 87.92058808952947
Epoch: 129 - Loss: 87.74592189819157
Epoch: 130 - Loss: 87.58327392464916
Epoch: 131 - Loss: 87.44004742952936
Epoch: 132 - Loss: 87.48265992776375
Epoch: 133 - Loss: 87.01434202880493
Epoch: 134 - Loss: 74.65663986537983
Epoch: 135 - Loss: 68.64073512306368
NON-FINITE LOSS: retcode=Unstable npoints=6 expected=6
NON-FINITE LOSS: retcode=Unstable npoints=5 expected=6
Epoch: 136 - Loss: 1.0e6
NON-FINITE LOSS: retcode=Unstable npoints=6 expected=6
NON-FINITE LOSS: retcode=Unstable npoints=5 expected=6
Epoch: 137 - Loss: 1.0e6
NON-FINITE LOSS: retcode=Unstable npoints=6 expected=6
NON-FINITE LOSS: retcode=Unstable npoints=5 expected=6
Epoch: 138 - Loss: 1.0e6
NON-FINITE LOSS: retcode=Unstable npoints=6 expected=6
NON-FINITE LOSS: retcode=Unstable npoints=4 expected=6
Epoch: 139 - Loss: 1.0e6
NON-FINITE LOSS: retcode=Unstable npoints=6 expected=6
NON-FINITE LOSS: retcode=Unstable npoints=4 expected=6
Epoch: 140 - Loss: 1.0e6
NON-FINITE LOSS: retcode=Unstable npoints=6 expected=6
NON-FINITE LOSS: retcode=Unstable npoints=4 expected=6
Epoch: 141 - Loss: 1.0e6
Epoch: 1 - Loss: 198.81785170774182
Epoch: 2 - Loss: 197.26079499090514
Epoch: 3 - Loss: 195.56310935880543
Epoch: 4 - Loss: 193.7100399044884
Epoch: 5 - Loss: 191.68061738270293
Epoch: 6 - Loss: 189.44725838437535
Epoch: 7 - Loss: 186.80171044418324
Epoch: 8 - Loss: 181.28343232379942
Epoch: 9 - Loss: 193.17012558853907
Epoch: 10 - Loss: 183.239093430092
Epoch: 11 - Loss: 177.55983623820688
Epoch: 12 - Loss: 181.10926110436472
Epoch: 13 - Loss: 182.80846465036282
Epoch: 14 - Loss: 183.60920377985306
Epoch: 15 - Loss: 184.0310480063934
Epoch: 16 - Loss: 184.24830161917313
Epoch: 17 - Loss: 184.34099836042492
Epoch: 18 - Loss: 184.34952706789576
Epoch: 19 - Loss: 184.29641118006464
Epoch: 20 - Loss: 184.19543762666248
Epoch: 21 - Loss: 184.05571549472253
Epoch: 22 - Loss: 183.88365919580443
Epoch: 23 - Loss: 183.68397916020277
Epoch: 24 - Loss: 183.46025090675957
Epoch: 25 - Loss: 183.21523062378654
Epoch: 26 - Loss: 182.9510527574169
Epoch: 27 - Loss: 182.66936352643182
Epoch: 28 - Loss: 182.371397963203
Epoch: 29 - Loss: 182.05803575288337
Epoch: 30 - Loss: 181.72552039039056
Epoch: 31 - Loss: 181.3495915078155
Epoch: 32 - Loss: 180.95416591226697
Epoch: 33 - Loss: 180.53884890736578
Epoch: 34 - Loss: 180.10293227286482
Epoch: 35 - Loss: 179.64540946108528
Epoch: 36 - Loss: 179.16499601904528
Epoch: 37 - Loss: 178.66015969749225
Epoch: 38 - Loss: 178.1291538520211
Epoch: 39 - Loss: 177.57007341698142
Epoch: 40 - Loss: 176.98091804597905
Epoch: 41 - Loss: 176.3596649536855
Epoch: 42 - Loss: 175.704334045159
Epoch: 43 - Loss: 175.01299832015238
Epoch: 44 - Loss: 174.28369594907034
Epoch: 45 - Loss: 173.51412859093634
Epoch: 46 - Loss: 172.7010056303386
Epoch: 47 - Loss: 171.80394579777922
Epoch: 48 - Loss: 170.77986852012455
Epoch: 49 - Loss: 169.67008478039457
Epoch: 50 - Loss: 168.4432438043288
Epoch: 51 - Loss: 167.04210928030528
Epoch: 52 - Loss: 165.37470434616617
Epoch: 53 - Loss: 163.78884574697113
Epoch: 54 - Loss: 161.6101904356124
Epoch: 55 - Loss: 150.88610381002604
Epoch: 56 - Loss: 120.85846348605509
Epoch: 57 - Loss: 115.35296012164208
Epoch: 58 - Loss: 113.97992614493833
Epoch: 59 - Loss: 111.4595521900076
Epoch: 60 - Loss: 110.94211918358329
Epoch: 61 - Loss: 110.45772973696185
Epoch: 62 - Loss: 109.5102558185286
Epoch: 63 - Loss: 104.72818134596834
Epoch: 64 - Loss: 110.40770184369518
Epoch: 65 - Loss: 110.27466162800626
Epoch: 66 - Loss: 109.15632705934041
Epoch: 67 - Loss: 108.55725635854795
Epoch: 68 - Loss: 108.53085716894914
Epoch: 69 - Loss: 107.5372756648945
Epoch: 70 - Loss: 103.95406955117352
Epoch: 71 - Loss: 98.01244214659577
Epoch: 72 - Loss: 92.64335938903498
Epoch: 73 - Loss: 86.58138542376061
Epoch: 74 - Loss: 80.58368209354418
Epoch: 75 - Loss: 81.73804018866046
Epoch: 76 - Loss: 81.49134434589352
Epoch: 77 - Loss: 81.90307519837921
Epoch: 78 - Loss: 82.39480838148921
Epoch: 79 - Loss: 82.36993882504476
Epoch: 80 - Loss: 82.82965832950123
Epoch: 81 - Loss: 82.73485245537435
Epoch: 82 - Loss: 82.8899868285305
Epoch: 83 - Loss: 83.07121740380815
Epoch: 84 - Loss: 83.0035997757847
Epoch: 85 - Loss: 83.06589638969744
Epoch: 86 - Loss: 83.11680643317001
Epoch: 87 - Loss: 82.96525608262901
Epoch: 88 - Loss: 83.05201763665256
Epoch: 89 - Loss: 82.94170175513555
Epoch: 90 - Loss: 82.85289904284612
Epoch: 91 - Loss: 82.84028915911571
Epoch: 92 - Loss: 82.67315531285057
Epoch: 93 - Loss: 82.63788837776929
Epoch: 94 - Loss: 82.51000433768218
Epoch: 95 - Loss: 82.34666386348542
Epoch: 96 - Loss: 82.25514652005945
Epoch: 97 - Loss: 82.04992151182445
Epoch: 98 - Loss: 81.90825895622919
Epoch: 99 - Loss: 81.70038334676639
Epoch: 100 - Loss: 81.48775632476452
Epoch: 101 - Loss: 81.2826051604384
Epoch: 102 - Loss: 81.01922887949698
Epoch: 103 - Loss: 80.791806066583
Epoch: 104 - Loss: 80.5127643270394
Epoch: 105 - Loss: 80.17318137762025
Epoch: 106 - Loss: 79.78655322187917
Epoch: 107 - Loss: 79.3088463117219
Epoch: 108 - Loss: 78.77742877896472
Epoch: 109 - Loss: 78.11121718849506
Epoch: 110 - Loss: 77.29928263977199
Epoch: 111 - Loss: 76.25339860842217
Epoch: 112 - Loss: 74.84582303736644
Epoch: 113 - Loss: 72.94238598499562
Epoch: 114 - Loss: 70.70868553208426
Epoch: 115 - Loss: 74.0163960298999
Epoch: 116 - Loss: 78.97631835901599
Epoch: 117 - Loss: 74.23544252419423
Epoch: 118 - Loss: 70.35841799825259
Epoch: 119 - Loss: 70.79351015052632
Epoch: 120 - Loss: 71.88242042238679
Epoch: 121 - Loss: 72.60806162524067
Epoch: 122 - Loss: 72.99029367577357
Epoch: 123 - Loss: 73.09397265378283
Epoch: 124 - Loss: 72.95556278740453
Epoch: 125 - Loss: 72.60137404001527
Epoch: 126 - Loss: 72.01760766207735
Epoch: 127 - Loss: 71.1933672193357
Epoch: 128 - Loss: 70.13807212233483
Epoch: 129 - Loss: 69.18508480144175
Epoch: 130 - Loss: 70.16079514641721
Epoch: 131 - Loss: 70.55711578162449
Epoch: 132 - Loss: 68.90927113889647
Epoch: 133 - Loss: 69.19887672279117
Epoch: 134 - Loss: 69.67833968109689
Epoch: 135 - Loss: 69.8984503631721
Epoch: 136 - Loss: 69.8111307218023
Epoch: 137 - Loss: 69.44030868367192
Epoch: 138 - Loss: 68.87335186090033
Epoch: 139 - Loss: 68.43689970672291
Epoch: 140 - Loss: 68.86699027922624
Epoch: 141 - Loss: 69.10028279830922
Epoch: 142 - Loss: 68.35544434678367
Epoch: 143 - Loss: 68.39353033511013
Epoch: 144 - Loss: 68.64664074344442
Epoch: 145 - Loss: 68.73482527690636
Epoch: 146 - Loss: 68.59323655669714
Epoch: 147 - Loss: 68.30555576019825
Epoch: 148 - Loss: 68.11698397200665
Epoch: 149 - Loss: 68.30435251774087
Epoch: 150 - Loss: 68.36609162290016
Epoch: 151 - Loss: 68.05669470042858
Epoch: 152 - Loss: 68.0115484680818
Epoch: 153 - Loss: 68.10473371127351
Epoch: 154 - Loss: 68.11609584183303
Epoch: 155 - Loss: 67.99871790278475
Epoch: 156 - Loss: 67.83808592902106
Epoch: 157 - Loss: 67.79004941093748
Epoch: 158 - Loss: 67.85115436793663
Epoch: 159 - Loss: 67.7613347917014
Epoch: 160 - Loss: 67.61392778872467
Epoch: 161 - Loss: 67.57664330170813
Epoch: 162 - Loss: 67.56600985610572
Epoch: 163 - Loss: 67.49539352073482
Epoch: 164 - Loss: 67.36912026448594
Epoch: 165 - Loss: 67.25739553721311
Epoch: 166 - Loss: 67.2030014221569
Epoch: 167 - Loss: 67.12589755658595
Epoch: 168 - Loss: 66.9779519895058
Epoch: 169 - Loss: 66.8437474387879
Epoch: 170 - Loss: 66.7495100457875
Epoch: 171 - Loss: 66.60524554591002
Epoch: 172 - Loss: 66.42657144899125
Epoch: 173 - Loss: 66.24921979858289
Epoch: 174 - Loss: 66.05378700290134
Epoch: 175 - Loss: 65.85439295634073
Epoch: 176 - Loss: 65.58818462919871
Epoch: 177 - Loss: 65.30623830919251
Epoch: 178 - Loss: 65.01540192238734
Epoch: 179 - Loss: 64.70277388322657
Epoch: 180 - Loss: 64.3447045697231
Epoch: 181 - Loss: 64.03328463858837
Epoch: 182 - Loss: 63.591163178673696
Epoch: 183 - Loss: 61.95745012461711
Epoch: 184 - Loss: 60.25271908333209
Epoch: 185 - Loss: 58.588529503224734
Epoch: 186 - Loss: 57.08568394908017
Epoch: 187 - Loss: 55.984685907766
Epoch: 188 - Loss: 55.584459760487
Epoch: 189 - Loss: 55.74169766756551
Epoch: 190 - Loss: 52.99950915261263
Epoch: 191 - Loss: 53.101124531097454
Epoch: 192 - Loss: 54.017378761787825
Epoch: 193 - Loss: 54.601861951100176
Epoch: 194 - Loss: 54.81724895844606
Epoch: 195 - Loss: 54.71466659920264
Epoch: 196 - Loss: 54.47449870627557
Epoch: 197 - Loss: 54.082431167437754
Epoch: 198 - Loss: 53.569037825853066
Epoch: 199 - Loss: 52.80683384110684
Too slow optimization
Epoch: 1 - Loss: 201.80845522310892
Epoch: 2 - Loss: 201.7979683507702
Epoch: 3 - Loss: 201.7874785296311
Epoch: 4 - Loss: 201.77698604988055
Epoch: 5 - Loss: 201.76649098612367
Epoch: 6 - Loss: 201.75599341328592
Epoch: 7 - Loss: 201.74549315886134
Epoch: 8 - Loss: 201.7349901100937
Epoch: 9 - Loss: 201.72448421172373
Epoch: 10 - Loss: 201.71397538691693
Epoch: 11 - Loss: 201.7034634971353
Epoch: 12 - Loss: 201.6929484380075
Epoch: 13 - Loss: 201.682430113442
Epoch: 14 - Loss: 201.67190840780358
Epoch: 15 - Loss: 201.66138324809882
Epoch: 16 - Loss: 201.6508545400073
Epoch: 17 - Loss: 201.64032221449395
Epoch: 18 - Loss: 201.62978618378722
Epoch: 19 - Loss: 201.61924710998989
Epoch: 20 - Loss: 201.60870339963745
Epoch: 21 - Loss: 201.5981558031684
Epoch: 22 - Loss: 201.5876042163062
Epoch: 23 - Loss: 201.57704852335175
Epoch: 24 - Loss: 201.566488711619
Epoch: 25 - Loss: 201.5559246197556
Epoch: 26 - Loss: 201.54535632336194
Epoch: 27 - Loss: 201.53478359102368
Epoch: 28 - Loss: 201.52420633596225
Epoch: 29 - Loss: 201.51362455539254
Epoch: 30 - Loss: 201.50303818884473
Epoch: 31 - Loss: 201.49244867515327
Epoch: 32 - Loss: 201.48185148453777
Epoch: 33 - Loss: 201.47125082224056
Epoch: 34 - Loss: 201.46064538411272
Epoch: 35 - Loss: 201.45003450668136
Epoch: 36 - Loss: 201.43941834104362
Epoch: 37 - Loss: 201.42879700947083
Epoch: 38 - Loss: 201.4181703331566
Epoch: 39 - Loss: 201.40753827361155
Epoch: 40 - Loss: 201.39690057335184
Epoch: 41 - Loss: 201.38625720864587
Epoch: 42 - Loss: 201.37560808281256
Epoch: 43 - Loss: 201.3649533412984
Epoch: 44 - Loss: 201.3542923720341
Epoch: 45 - Loss: 201.34362533504407
Epoch: 46 - Loss: 201.33295213648526
Epoch: 47 - Loss: 201.32227278342228
Epoch: 48 - Loss: 201.3115866590209
Epoch: 49 - Loss: 201.30089442058045
Epoch: 50 - Loss: 201.2901956241934
Epoch: 51 - Loss: 201.27949016287684
Epoch: 52 - Loss: 201.26877769188442
Epoch: 53 - Loss: 201.25805882842738
Epoch: 54 - Loss: 201.24733287915058
Epoch: 55 - Loss: 201.23660010929004
Epoch: 56 - Loss: 201.22586011351564
Epoch: 57 - Loss: 201.21511290976682
Epoch: 58 - Loss: 201.20435840950933
Epoch: 59 - Loss: 201.19359656081136
Epoch: 60 - Loss: 201.18282731408266
Epoch: 61 - Loss: 201.17205044958584
Epoch: 62 - Loss: 201.16126613396136
Epoch: 63 - Loss: 201.15047418823565
Epoch: 64 - Loss: 201.13967339249345
Epoch: 65 - Loss: 201.12886650814784
Epoch: 66 - Loss: 201.1180510297298
Epoch: 67 - Loss: 201.10722684442774
Epoch: 68 - Loss: 201.09639537403476
Epoch: 69 - Loss: 201.08555636913042
Epoch: 70 - Loss: 201.07470789916223
Epoch: 71 - Loss: 201.06385180155308
Epoch: 72 - Loss: 201.05298719423325
Epoch: 73 - Loss: 201.04211460515234
Epoch: 74 - Loss: 201.0312329257686
Epoch: 75 - Loss: 201.0203426130675
Epoch: 76 - Loss: 201.00944358878255
Epoch: 77 - Loss: 200.99853583844205
Epoch: 78 - Loss: 200.98761820999962
Epoch: 79 - Loss: 200.97669276392057
Epoch: 80 - Loss: 200.9657581176111
Epoch: 81 - Loss: 200.95481445783005
Epoch: 82 - Loss: 200.9438616076151
Epoch: 83 - Loss: 200.93289951154222
Epoch: 84 - Loss: 200.92192811099903
Epoch: 85 - Loss: 200.91094689321454
Epoch: 86 - Loss: 200.89995700608029
Epoch: 87 - Loss: 200.8889572167931
Epoch: 88 - Loss: 200.8779485922675
Epoch: 89 - Loss: 200.86692819048864
Epoch: 90 - Loss: 200.85589929522504
Epoch: 91 - Loss: 200.84486053821573
Epoch: 92 - Loss: 200.83381186804795
Epoch: 93 - Loss: 200.82275319748473
Epoch: 94 - Loss: 200.8116844661078
Epoch: 95 - Loss: 200.8006056102157
Epoch: 96 - Loss: 200.7895179321437
Epoch: 97 - Loss: 200.77841854144694
Epoch: 98 - Loss: 200.76730869793408
Epoch: 99 - Loss: 200.75618847210887
Epoch: 100 - Loss: 200.74505782840603
Epoch: 101 - Loss: 200.73391660939092
Epoch: 102 - Loss: 200.7227647097485
Epoch: 103 - Loss: 200.7116019757013
Epoch: 104 - Loss: 200.70042840722738
Epoch: 105 - Loss: 200.68924421134588
Epoch: 106 - Loss: 200.6780490643062
Epoch: 107 - Loss: 200.66684357003325
Epoch: 108 - Loss: 200.65562625003025
Epoch: 109 - Loss: 200.64439794729722
Epoch: 110 - Loss: 200.6331582511525
Epoch: 111 - Loss: 200.62190738071502
Epoch: 112 - Loss: 200.61064498118182
Epoch: 113 - Loss: 200.59937111966354
Epoch: 114 - Loss: 200.58808511207593
Epoch: 115 - Loss: 200.57678810024558
Epoch: 116 - Loss: 200.56547933651174
Epoch: 117 - Loss: 200.5541587934027
Epoch: 118 - Loss: 200.54282638855062
Epoch: 119 - Loss: 200.53148206955512
Epoch: 120 - Loss: 200.52012575294532
Epoch: 121 - Loss: 200.50875727189884
Epoch: 122 - Loss: 200.49737672043705
Epoch: 123 - Loss: 200.48598386021305
Epoch: 124 - Loss: 200.47457949400143
Epoch: 125 - Loss: 200.4631618098485
Epoch: 126 - Loss: 200.45173200285552
Epoch: 127 - Loss: 200.44028864654268
Epoch: 128 - Loss: 200.4288331791216
Epoch: 129 - Loss: 200.41736491766238
Epoch: 130 - Loss: 200.40588386224917
Epoch: 131 - Loss: 200.39438975223115
Epoch: 132 - Loss: 200.38288276495283
Epoch: 133 - Loss: 200.37136267590134
Epoch: 134 - Loss: 200.3598293853398
Epoch: 135 - Loss: 200.3482828267911
Epoch: 136 - Loss: 200.33672289570688
Epoch: 137 - Loss: 200.32514960529267
Epoch: 138 - Loss: 200.31356269820907
Epoch: 139 - Loss: 200.30196216572742
Epoch: 140 - Loss: 200.29034797653176
Epoch: 141 - Loss: 200.278719990972
Epoch: 142 - Loss: 200.2670780882373
Epoch: 143 - Loss: 200.25542343637508
Epoch: 144 - Loss: 200.24375359404877
Epoch: 145 - Loss: 200.23206927334104
Epoch: 146 - Loss: 200.22037103027247
Epoch: 147 - Loss: 200.20865829368725
Epoch: 148 - Loss: 200.1969311250438
Epoch: 149 - Loss: 200.18518970122605
Epoch: 150 - Loss: 200.17343344276668
Epoch: 151 - Loss: 200.16166246616547
Epoch: 152 - Loss: 200.1498766549506
Epoch: 153 - Loss: 200.13807606651017
Epoch: 154 - Loss: 200.12626028267036
Epoch: 155 - Loss: 200.11442846099368
Epoch: 156 - Loss: 200.1025825867738
Epoch: 157 - Loss: 200.09072149215768
Epoch: 158 - Loss: 200.07884501163812
Epoch: 159 - Loss: 200.06695308701134
Epoch: 160 - Loss: 200.0550456526444
Epoch: 161 - Loss: 200.04312256022425
Epoch: 162 - Loss: 200.03118371485925
Epoch: 163 - Loss: 200.01922941210955
Epoch: 164 - Loss: 200.00725888811505
Epoch: 165 - Loss: 199.99527248195344
Epoch: 166 - Loss: 199.98326978981643
Epoch: 167 - Loss: 199.9712510020274
Epoch: 168 - Loss: 199.95921581467817
Epoch: 169 - Loss: 199.9471642607058
Epoch: 170 - Loss: 199.93509621373116
Epoch: 171 - Loss: 199.92301178772655
Epoch: 172 - Loss: 199.9109103737898
Epoch: 173 - Loss: 199.89879227043394
Epoch: 174 - Loss: 199.88665722609838
Epoch: 175 - Loss: 199.87450516020098
Epoch: 176 - Loss: 199.86233595695654
Epoch: 177 - Loss: 199.85014961447558
Epoch: 178 - Loss: 199.83794599338228
Epoch: 179 - Loss: 199.82572505236908
Epoch: 180 - Loss: 199.81348648825656
Epoch: 181 - Loss: 199.8012303466946
Epoch: 182 - Loss: 199.78895650664052
Epoch: 183 - Loss: 199.7766647691789
Epoch: 184 - Loss: 199.76435518343496
Epoch: 185 - Loss: 199.75202663882004
Epoch: 186 - Loss: 199.73968097081485
Epoch: 187 - Loss: 199.7273168895928
Epoch: 188 - Loss: 199.71493460991695
Epoch: 189 - Loss: 199.70253389771588
Epoch: 190 - Loss: 199.6901146437262
Epoch: 191 - Loss: 199.67767673553558
Epoch: 192 - Loss: 199.6652200599714
Epoch: 193 - Loss: 199.6527445267455
Epoch: 194 - Loss: 199.64025002424995
Epoch: 195 - Loss: 199.6277364280487
Epoch: 196 - Loss: 199.61520409089437
Epoch: 197 - Loss: 199.60265233856344
Epoch: 198 - Loss: 199.59008085110386
Epoch: 199 - Loss: 199.5774898406552
Epoch: 200 - Loss: 199.56487918714876
Epoch: 201 - Loss: 199.5522487749474
Epoch: 202 - Loss: 199.53959848563343
Epoch: 203 - Loss: 199.5269282089039
Epoch: 204 - Loss: 199.5142378286958
Epoch: 205 - Loss: 199.50152708597986
Epoch: 206 - Loss: 199.48879616102604
Epoch: 207 - Loss: 199.47604476960097
Epoch: 208 - Loss: 199.46327287511124
Epoch: 209 - Loss: 199.45048026819964
Epoch: 210 - Loss: 199.4376668035801
Epoch: 211 - Loss: 199.42483259710903
Epoch: 212 - Loss: 199.41197716350703
Epoch: 213 - Loss: 199.39910056104085
Epoch: 214 - Loss: 199.38620264478715
Epoch: 215 - Loss: 199.37328301963439
Epoch: 216 - Loss: 199.3603422420517
Epoch: 217 - Loss: 199.34737882764253
Epoch: 218 - Loss: 199.33439437603283
Epoch: 219 - Loss: 199.32138801263142
Epoch: 220 - Loss: 199.30835970503867
Epoch: 221 - Loss: 199.29530895833724
Epoch: 222 - Loss: 199.2822362571444
Epoch: 223 - Loss: 199.26914096224368
Epoch: 224 - Loss: 199.2560231247554
Epoch: 225 - Loss: 199.24288251925447
Epoch: 226 - Loss: 199.22971934682403
Epoch: 227 - Loss: 199.21653325551634
Epoch: 228 - Loss: 199.20332392110438
Epoch: 229 - Loss: 199.19009147055587
Epoch: 230 - Loss: 199.17683561436942
Epoch: 231 - Loss: 199.16355641889683
Epoch: 232 - Loss: 199.150253540236
Epoch: 233 - Loss: 199.13692698958187
Epoch: 234 - Loss: 199.12357651189086
Epoch: 235 - Loss: 199.11020206861275
Epoch: 236 - Loss: 199.09680350053262
Epoch: 237 - Loss: 199.08338069306765
Epoch: 238 - Loss: 199.06993332439566
Epoch: 239 - Loss: 199.05646179879412
Epoch: 240 - Loss: 199.04296569954946
Epoch: 241 - Loss: 199.02944448577557
Epoch: 242 - Loss: 199.01589829300266
Epoch: 243 - Loss: 199.002326836184
Epoch: 244 - Loss: 198.9887302966394
Epoch: 245 - Loss: 198.97510851445202
Epoch: 246 - Loss: 198.96146139612947
Epoch: 247 - Loss: 198.94778836179836
Epoch: 248 - Loss: 198.93408961765272
Epoch: 249 - Loss: 198.92036489420266
Epoch: 250 - Loss: 198.90661401742102
Epoch: 251 - Loss: 198.8928369540261
Epoch: 252 - Loss: 198.8790329640914
Epoch: 253 - Loss: 198.86520303840473
Epoch: 254 - Loss: 198.85134651723718
Epoch: 255 - Loss: 198.8374631809665
Epoch: 256 - Loss: 198.82355287205897
Epoch: 257 - Loss: 198.80961546637664
Epoch: 258 - Loss: 198.79565131476855
Epoch: 259 - Loss: 198.78165927990182
Epoch: 260 - Loss: 198.76763970658735
Epoch: 261 - Loss: 198.75359245617466
Epoch: 262 - Loss: 198.7395173788223
Epoch: 263 - Loss: 198.72541424539028
Epoch: 264 - Loss: 198.71128314036312
Epoch: 265 - Loss: 198.6971235651638
Epoch: 266 - Loss: 198.68293570124737
Epoch: 267 - Loss: 198.66871906771453
Epoch: 268 - Loss: 198.65447385792876
Epoch: 269 - Loss: 198.64019975408914
Epoch: 270 - Loss: 198.62589661053045
Epoch: 271 - Loss: 198.61156422877048
Epoch: 272 - Loss: 198.59720262647207
Epoch: 273 - Loss: 198.58281136395624
Epoch: 274 - Loss: 198.56839037956786
Epoch: 275 - Loss: 198.55393952779238
Epoch: 276 - Loss: 198.53945865689454
Epoch: 277 - Loss: 198.52494774618066
Epoch: 278 - Loss: 198.51040637741494
Epoch: 279 - Loss: 198.49583449177996
Epoch: 280 - Loss: 198.48123193588756
Epoch: 281 - Loss: 198.4665988121717
Epoch: 282 - Loss: 198.4519343656341
Epoch: 283 - Loss: 198.43723899847245
Epoch: 284 - Loss: 198.4225122499508
Epoch: 285 - Loss: 198.4077539345686
Epoch: 286 - Loss: 198.39296402718426
Epoch: 287 - Loss: 198.3781422062131
Epoch: 288 - Loss: 198.363288383067
Epoch: 289 - Loss: 198.3484023711782
Epoch: 290 - Loss: 198.3334840262664
Epoch: 291 - Loss: 198.31853314729895
Epoch: 292 - Loss: 198.3035495521272
Epoch: 293 - Loss: 198.28853311359453
Epoch: 294 - Loss: 198.2734836709564
Epoch: 295 - Loss: 198.25840069547047
Epoch: 296 - Loss: 198.2432845056332
Epoch: 297 - Loss: 198.22813470702462
Epoch: 298 - Loss: 198.21295123769423
Epoch: 299 - Loss: 198.19773372836295
Epoch: 300 - Loss: 198.18248220994838
Epoch: 1 - Loss: 184.40457094363686
Epoch: 2 - Loss: 188.89164458251653
Epoch: 3 - Loss: 190.81223389515213
Epoch: 4 - Loss: 184.99228040662152
Epoch: 5 - Loss: 191.89307267881077
Epoch: 6 - Loss: 164.5349200114288
Epoch: 7 - Loss: 180.75280507566677
Epoch: 8 - Loss: 181.90855400323588
Epoch: 9 - Loss: 179.16090824186074
Epoch: 10 - Loss: 178.25910826096754
Epoch: 11 - Loss: 176.62588630228484
Epoch: 12 - Loss: 175.04627226679
Epoch: 13 - Loss: 173.2238024505015
Epoch: 14 - Loss: 172.22587284069456
Epoch: 15 - Loss: 171.20416459877717
Epoch: 16 - Loss: 171.3549843957605
Epoch: 17 - Loss: 157.91827514042984
Epoch: 18 - Loss: 141.76447642061657
Epoch: 19 - Loss: 142.4331161669629
Epoch: 20 - Loss: 143.92640495238288
Epoch: 21 - Loss: 144.14861516184152
Epoch: 22 - Loss: 142.5695620433582
Epoch: 23 - Loss: 139.70599997012
Epoch: 24 - Loss: 137.25213735474313
Epoch: 25 - Loss: 133.89915884352115
Epoch: 26 - Loss: 132.91473432318162
Epoch: 27 - Loss: 134.61659065984674
Epoch: 28 - Loss: 135.48597727780552
Epoch: 29 - Loss: 135.63516594210512
Epoch: 30 - Loss: 134.52143479740386
NON-FINITE LOSS: retcode=Unstable npoints=6 expected=6
NON-FINITE LOSS: retcode=Unstable npoints=5 expected=6
Epoch: 31 - Loss: 1.0e6
NON-FINITE LOSS: retcode=Unstable npoints=6 expected=6
NON-FINITE LOSS: retcode=Unstable npoints=4 expected=6
Epoch: 32 - Loss: 1.0e6
NON-FINITE LOSS: retcode=Unstable npoints=6 expected=6
NON-FINITE LOSS: retcode=Unstable npoints=4 expected=6
Epoch: 33 - Loss: 1.0e6
NON-FINITE LOSS: retcode=Unstable npoints=6 expected=6
NON-FINITE LOSS: retcode=Unstable npoints=4 expected=6
Epoch: 34 - Loss: 1.0e6
NON-FINITE LOSS: retcode=Unstable npoints=6 expected=6
NON-FINITE LOSS: retcode=Unstable npoints=4 expected=6
Epoch: 35 - Loss: 1.0e6
NON-FINITE LOSS: retcode=Unstable npoints=6 expected=6
NON-FINITE LOSS: retcode=Unstable npoints=3 expected=6
Epoch: 36 - Loss: 1.0e6
Epoch: 1 - Loss: 194.75572084947157
Epoch: 2 - Loss: 192.81971389680982
Epoch: 3 - Loss: 191.97034041896254
Epoch: 4 - Loss: 191.903443815862
Epoch: 5 - Loss: 190.97432971829392
Epoch: 6 - Loss: 190.37989907106524
Epoch: 7 - Loss: 190.11456517494057
Epoch: 8 - Loss: 189.87156775621366
Epoch: 9 - Loss: 189.5698183949655
Epoch: 10 - Loss: 189.21893949757458
Epoch: 11 - Loss: 188.8440907241224
Epoch: 12 - Loss: 188.48219278054472
Epoch: 13 - Loss: 188.18844611029874
Epoch: 14 - Loss: 188.00185131183989
Epoch: 15 - Loss: 187.86097981360453
Epoch: 16 - Loss: 187.652762626652
Epoch: 17 - Loss: 187.39058426809297
Epoch: 18 - Loss: 187.16370362726198
Epoch: 19 - Loss: 186.9986640933938
Epoch: 20 - Loss: 186.86422196124946
Epoch: 21 - Loss: 186.72841012351256
Epoch: 22 - Loss: 186.57754904976844
Epoch: 23 - Loss: 186.41220645817918
Epoch: 24 - Loss: 186.24265809515845
Epoch: 25 - Loss: 186.08562748096287
Epoch: 26 - Loss: 185.95494180232103
Epoch: 27 - Loss: 185.84464215356616
Epoch: 28 - Loss: 185.72837797852145
Epoch: 29 - Loss: 185.59199552345248
Epoch: 30 - Loss: 185.45138579767612
Epoch: 31 - Loss: 185.3259559420876
Epoch: 32 - Loss: 185.21662713849935
Epoch: 33 - Loss: 185.11305570815748
Epoch: 34 - Loss: 185.00716396032027
Epoch: 35 - Loss: 184.89858647240388
Epoch: 36 - Loss: 184.79425685826376
Epoch: 37 - Loss: 184.7046969574846
Epoch: 38 - Loss: 184.63611159188113
Epoch: 39 - Loss: 184.58047522255438
Epoch: 40 - Loss: 184.5103019676132
Epoch: 41 - Loss: 184.43139625185944
Epoch: 42 - Loss: 184.35336217061038
Epoch: 43 - Loss: 184.28024011981947
Epoch: 44 - Loss: 184.21022536855838
Epoch: 45 - Loss: 184.13930576358877
Epoch: 46 - Loss: 184.06580154357434
Epoch: 47 - Loss: 183.9915504837209
Epoch: 48 - Loss: 183.91186443683958
Epoch: 49 - Loss: 183.82757285780474
Epoch: 50 - Loss: 183.746743982288
Epoch: 51 - Loss: 183.66798685769663
Epoch: 52 - Loss: 183.59039068970011
Epoch: 53 - Loss: 183.51517706851016
Epoch: 54 - Loss: 183.4428048554314
Epoch: 55 - Loss: 183.37145685117716
Epoch: 56 - Loss: 183.29869415573265
Epoch: 57 - Loss: 183.22355260658222
Epoch: 58 - Loss: 183.14690576761538
Epoch: 59 - Loss: 183.0701199154273
Epoch: 60 - Loss: 182.9934090623522
Epoch: 61 - Loss: 182.91583105716933
Epoch: 62 - Loss: 182.83693738716602
Epoch: 63 - Loss: 182.7576981671067
Epoch: 64 - Loss: 182.67934847736396
Epoch: 65 - Loss: 182.60205118561433
Epoch: 66 - Loss: 182.52510512651273
Epoch: 67 - Loss: 182.4479368027971
Epoch: 68 - Loss: 182.3705170586787
Epoch: 69 - Loss: 182.29290917509022
Epoch: 70 - Loss: 182.2147100738186
Epoch: 71 - Loss: 182.1352233527688
Epoch: 72 - Loss: 182.05427253236056
Epoch: 73 - Loss: 181.9723837939528
Epoch: 74 - Loss: 181.89012314108683
Epoch: 75 - Loss: 181.80750729315184
Epoch: 76 - Loss: 181.72419353790912
Epoch: 77 - Loss: 181.63994686474757
Epoch: 78 - Loss: 181.55477917597221
Epoch: 79 - Loss: 181.4686396431244
Epoch: 80 - Loss: 181.38121703246443
Epoch: 81 - Loss: 181.29215707083958
Epoch: 82 - Loss: 181.20135005452622
Epoch: 83 - Loss: 181.1088820613315
Epoch: 84 - Loss: 181.01474002762293
Epoch: 85 - Loss: 180.91874407630183
Epoch: 86 - Loss: 180.82073404100112
Epoch: 87 - Loss: 180.72066898132587
Epoch: 88 - Loss: 180.6185005598307
Epoch: 89 - Loss: 180.5140278422508
Epoch: 90 - Loss: 180.40696858191956
Epoch: 91 - Loss: 180.297084213055
Epoch: 92 - Loss: 180.18422126587527
Epoch: 93 - Loss: 180.06822782077836
Epoch: 94 - Loss: 179.9488766406962
Epoch: 95 - Loss: 179.82596596929613
Epoch: 96 - Loss: 179.69932264281323
Epoch: 97 - Loss: 179.56880453410847
Epoch: 98 - Loss: 179.4341874599562
Epoch: 99 - Loss: 179.29517735143205
Epoch: 100 - Loss: 179.1515263234279
Epoch: 101 - Loss: 179.0029919758915
Epoch: 102 - Loss: 178.84931408706768
Epoch: 103 - Loss: 178.6901963453208
Epoch: 104 - Loss: 178.52533288458955
Epoch: 105 - Loss: 178.35445006632463
Epoch: 106 - Loss: 178.17722670770073
Epoch: 107 - Loss: 177.99329081285316
Epoch: 108 - Loss: 177.802209458456
Epoch: 109 - Loss: 177.60348090849592
Epoch: 110 - Loss: 177.3965136778232
Epoch: 111 - Loss: 177.18057589671625
Epoch: 112 - Loss: 176.95474216115912
Epoch: 113 - Loss: 176.71790482588818
Epoch: 114 - Loss: 176.4687550036863
Epoch: 115 - Loss: 176.20582954278024
Epoch: 116 - Loss: 175.927802614495
Epoch: 117 - Loss: 175.63444080511582
Epoch: 118 - Loss: 175.32947945176974
Epoch: 119 - Loss: 175.02973114378614
Epoch: 120 - Loss: 174.79700007728138
Epoch: 121 - Loss: 174.81976436732495
Epoch: 122 - Loss: 174.77412346748267
Epoch: 123 - Loss: 174.50939473348578
Epoch: 124 - Loss: 174.27089671390485
Epoch: 125 - Loss: 174.1134378231402
Epoch: 126 - Loss: 174.00520330375255
Epoch: 127 - Loss: 173.91487079086335
Epoch: 128 - Loss: 173.8260489109729
Epoch: 129 - Loss: 173.73188725008313
Epoch: 130 - Loss: 173.63009283043206
Epoch: 131 - Loss: 173.5203857883735
Epoch: 132 - Loss: 173.40352731845053
Epoch: 133 - Loss: 173.28103916861014
Epoch: 134 - Loss: 173.15541041575182
Epoch: 135 - Loss: 173.0304637209921
Epoch: 136 - Loss: 172.9116462621225
Epoch: 137 - Loss: 172.80531696268307
Epoch: 138 - Loss: 172.7151926670062
Epoch: 139 - Loss: 172.6352737663473
Epoch: 140 - Loss: 172.5475460076723
Epoch: 141 - Loss: 172.43826662465383
Epoch: 142 - Loss: 172.3137581042516
Epoch: 143 - Loss: 172.18846417593338
Epoch: 144 - Loss: 172.06859831405384
Epoch: 145 - Loss: 171.9511746130856
Epoch: 146 - Loss: 171.82994733430166
Epoch: 147 - Loss: 171.6994140327099
Epoch: 148 - Loss: 171.5560814931994
Epoch: 149 - Loss: 171.39849423691777
Epoch: 150 - Loss: 171.22713818625465
Epoch: 151 - Loss: 171.04433217267967
Epoch: 152 - Loss: 170.85423990308416
Epoch: 153 - Loss: 170.66268187013532
Epoch: 154 - Loss: 170.47690135480187
Epoch: 155 - Loss: 170.30639201366816
Epoch: 156 - Loss: 170.1656097186697
Epoch: 157 - Loss: 170.07197268563678
Epoch: 158 - Loss: 170.02284644577566
Epoch: 159 - Loss: 169.97015610612507
Epoch: 160 - Loss: 169.8630236836364
Epoch: 161 - Loss: 169.7008892872493
Epoch: 162 - Loss: 169.51680875031846
Epoch: 163 - Loss: 169.3411205666965
Epoch: 164 - Loss: 169.18635652390995
Epoch: 165 - Loss: 169.05090211461564
Epoch: 166 - Loss: 168.9272592932441
Epoch: 167 - Loss: 168.807200680832
Epoch: 168 - Loss: 168.68336086160915
Epoch: 169 - Loss: 168.54989379724088
Epoch: 170 - Loss: 168.40380277706126
Epoch: 171 - Loss: 168.24605670611248
Epoch: 172 - Loss: 168.08049422556036
Epoch: 173 - Loss: 167.91187844501187
Epoch: 174 - Loss: 167.7451200912063
Epoch: 175 - Loss: 167.58529083427808
Epoch: 176 - Loss: 167.4367111814186
Epoch: 177 - Loss: 167.3006998775155
Epoch: 178 - Loss: 167.17361666086992
Epoch: 179 - Loss: 167.0486190153706
Epoch: 180 - Loss: 166.9211785316624
Epoch: 181 - Loss: 166.79312165823248
Epoch: 182 - Loss: 166.67114113790913
Epoch: 183 - Loss: 166.56154549042088
Epoch: 184 - Loss: 166.46607639022943
Epoch: 185 - Loss: 166.38147065245596
Epoch: 186 - Loss: 166.30153381934514
Epoch: 187 - Loss: 166.21937620403065
Epoch: 188 - Loss: 166.12866093310407
Epoch: 189 - Loss: 166.0241117374095
Epoch: 190 - Loss: 165.902206038995
Epoch: 191 - Loss: 165.76233598293936
Epoch: 192 - Loss: 165.60641778868
Epoch: 193 - Loss: 165.43649295502934
Epoch: 194 - Loss: 165.2534252506832
Epoch: 195 - Loss: 165.05743041398438
Epoch: 196 - Loss: 164.84825942947143
Epoch: 197 - Loss: 164.6242565638361
Epoch: 198 - Loss: 164.3829047983859
Epoch: 199 - Loss: 164.12325313870966
Epoch: 200 - Loss: 163.84571660245237
Epoch: 201 - Loss: 163.54993295583387
Epoch: 202 - Loss: 163.23364677497958
Epoch: 203 - Loss: 162.89272938077562
Epoch: 204 - Loss: 162.52561214679417
Epoch: 205 - Loss: 162.13418670356194
Epoch: 206 - Loss: 161.71229678773744
Epoch: 207 - Loss: 161.2537802946331
Epoch: 208 - Loss: 160.76515500111134
Epoch: 209 - Loss: 160.2328531976403
Epoch: 210 - Loss: 159.6637832356078
Epoch: 211 - Loss: 159.04126079930788
Epoch: 212 - Loss: 158.3734862101387
Epoch: 213 - Loss: 157.65468656186118
Epoch: 214 - Loss: 156.88401779743987
Epoch: 215 - Loss: 156.07635661556625
Epoch: 216 - Loss: 155.0152304044286
Epoch: 217 - Loss: 153.88778179846244
Epoch: 218 - Loss: 152.57810217451348
Epoch: 219 - Loss: 150.7488624525239
Epoch: 220 - Loss: 147.42398840280146
Epoch: 221 - Loss: 150.03692648355656
Epoch: 222 - Loss: 144.4764544616867
Epoch: 223 - Loss: 121.22784934632017
Epoch: 224 - Loss: 92.26503738882256
Epoch: 225 - Loss: 92.32516077869528
Epoch: 226 - Loss: 92.37537132857183
Epoch: 227 - Loss: 92.6302152351596
Epoch: 228 - Loss: 92.77585510339011
Epoch: 229 - Loss: 92.18992988329867
Epoch: 230 - Loss: 90.40341465851641
Epoch: 231 - Loss: 88.41129527105511
Epoch: 232 - Loss: 90.46997840844149
Epoch: 233 - Loss: 89.2572318955982
Epoch: 234 - Loss: 88.30518209405868
Epoch: 235 - Loss: 88.97011594773727
Epoch: 236 - Loss: 89.35869589718732
Epoch: 237 - Loss: 89.24619007828255
Epoch: 238 - Loss: 88.63907898962698
Epoch: 239 - Loss: 87.65313811188736
Epoch: 240 - Loss: 86.9881560730078
Epoch: 241 - Loss: 87.36860890653885
Epoch: 242 - Loss: 86.91963105465494
Epoch: 243 - Loss: 86.03521030593389
Epoch: 244 - Loss: 85.70784633147836
Epoch: 245 - Loss: 85.4741148208094
Epoch: 246 - Loss: 85.04038591847916
Epoch: 247 - Loss: 84.31231300474118
Epoch: 248 - Loss: 83.28007297059773
Epoch: 249 - Loss: 82.05861058519255
Epoch: 250 - Loss: 80.96497044106484
Epoch: 251 - Loss: 79.96228956327
Epoch: 252 - Loss: 78.79225537958723
Epoch: 253 - Loss: 80.17428960995564
Epoch: 254 - Loss: 80.40956526261512
Epoch: 255 - Loss: 78.3951073902395
Epoch: 256 - Loss: 78.49075328775211
Epoch: 257 - Loss: 78.85871218710486
Epoch: 258 - Loss: 79.03049831599691
Epoch: 259 - Loss: 79.03490205673316
Epoch: 260 - Loss: 78.90916989775182
Epoch: 261 - Loss: 78.54653590838076
Epoch: 262 - Loss: 77.86731633154285
Epoch: 263 - Loss: 77.10935413412798
Epoch: 264 - Loss: 76.54209419858624
Epoch: 265 - Loss: 76.53686133706329
Epoch: 266 - Loss: 76.94059475101382
Epoch: 267 - Loss: 76.23178766356364
Epoch: 268 - Loss: 75.51257499411936
Epoch: 269 - Loss: 75.37426243494365
Epoch: 270 - Loss: 75.36306213854846
Epoch: 271 - Loss: 75.23289077297393
Epoch: 272 - Loss: 74.93837793686842
Epoch: 273 - Loss: 74.54060866170859
Epoch: 274 - Loss: 74.13627125903778
Epoch: 275 - Loss: 73.88132860402868
Epoch: 276 - Loss: 73.9610739608617
Epoch: 277 - Loss: 74.09897855610298
Epoch: 278 - Loss: 73.99103687205137
Epoch: 279 - Loss: 73.94785141209685
Epoch: 280 - Loss: 74.04647212439019
Epoch: 281 - Loss: 74.13215090481971
Epoch: 282 - Loss: 74.12193032318255
Epoch: 283 - Loss: 74.00411403706049
Epoch: 284 - Loss: 73.82257863856591
Epoch: 285 - Loss: 73.67194292812515
Epoch: 286 - Loss: 73.61833843016237
Epoch: 287 - Loss: 73.57795436987848
Epoch: 288 - Loss: 73.46768863939195
Epoch: 289 - Loss: 73.3794458840926
Epoch: 290 - Loss: 73.37237333520733
Epoch: 291 - Loss: 73.39888395115422
Epoch: 292 - Loss: 73.41624611178752
Epoch: 293 - Loss: 73.3952719502895
Epoch: 294 - Loss: 73.34946898639538
Epoch: 295 - Loss: 73.32036821942432
Epoch: 296 - Loss: 73.31310998297708
Epoch: 297 - Loss: 73.28338575918004
Epoch: 298 - Loss: 73.22125701220219
Epoch: 299 - Loss: 73.16337662324386
Epoch: 300 - Loss: 73.142103695331
Epoch: 1 - Loss: 171.9513207044974
Epoch: 2 - Loss: 180.7430184783696
Epoch: 3 - Loss: 182.63393481102176
Epoch: 4 - Loss: 183.3789822818736
Epoch: 5 - Loss: 183.89000654782058
Epoch: 6 - Loss: 184.28192893719398
Epoch: 7 - Loss: 184.5473459415788
Epoch: 8 - Loss: 184.69209563656088
Epoch: 9 - Loss: 184.7413762637469
Epoch: 10 - Loss: 184.72299129265537
Epoch: 11 - Loss: 184.57600717122637
Epoch: 12 - Loss: 184.31521448688846
Epoch: 13 - Loss: 183.9427985261529
Epoch: 14 - Loss: 183.50099685686692
Epoch: 15 - Loss: 183.02733676883778
Epoch: 16 - Loss: 182.52463289533324
Epoch: 17 - Loss: 181.98296186833525
Epoch: 18 - Loss: 181.39742565201144
Epoch: 19 - Loss: 180.76910202596807
Epoch: 20 - Loss: 180.1043613772139
Epoch: 21 - Loss: 179.41353325770538
Epoch: 22 - Loss: 178.7036366829996
Epoch: 23 - Loss: 177.9695408008516
Epoch: 24 - Loss: 177.20378045293592
Epoch: 25 - Loss: 176.3899023133431
Epoch: 26 - Loss: 175.47366957812446
Epoch: 27 - Loss: 174.37713448115073
Epoch: 28 - Loss: 173.07516558067437
Epoch: 29 - Loss: 166.89779094269431
Epoch: 30 - Loss: 157.43470963338163
Epoch: 31 - Loss: 130.90118787623692
Epoch: 32 - Loss: 128.48804212071718
Epoch: 33 - Loss: 124.4901972469544
Epoch: 34 - Loss: 119.58606506585608
Epoch: 35 - Loss: 120.75846167270221
Epoch: 36 - Loss: 122.16663948819141
Epoch: 37 - Loss: 120.21915301236403
Epoch: 38 - Loss: 117.88416866892673
Epoch: 39 - Loss: 118.56491959903441
Epoch: 40 - Loss: 112.06793353511893
Epoch: 41 - Loss: 109.32057700454148
Epoch: 42 - Loss: 104.98007825288573
Epoch: 43 - Loss: 99.33421135790984
Epoch: 44 - Loss: 91.40619052112203
Epoch: 45 - Loss: 88.64243876473306
Epoch: 46 - Loss: 88.743404022977
Epoch: 47 - Loss: 88.70641751119432
Epoch: 48 - Loss: 87.8605065537165
Epoch: 49 - Loss: 86.29225292112997
Epoch: 50 - Loss: 83.91018428082936
Epoch: 51 - Loss: 79.99176148891684
Epoch: 52 - Loss: 92.52119104046785
Epoch: 53 - Loss: 83.56032231034216
Epoch: 54 - Loss: 80.49388198499949
Epoch: 55 - Loss: 73.06738664827414
Epoch: 56 - Loss: 71.09539479404208
Epoch: 57 - Loss: 81.25153686599182
Epoch: 58 - Loss: 73.81131487432896
Epoch: 59 - Loss: 75.00837338276297
Epoch: 60 - Loss: 77.18951175629972
Epoch: 61 - Loss: 78.38789962869573
Epoch: 62 - Loss: 78.91758471839152
Epoch: 63 - Loss: 78.96249911877877
Epoch: 64 - Loss: 78.58496895473111
Epoch: 65 - Loss: 77.80433784075171
Epoch: 66 - Loss: 76.57569302186418
Epoch: 67 - Loss: 74.80514918032175
Epoch: 68 - Loss: 72.43863918866835
Epoch: 69 - Loss: 71.31960126082176
Epoch: 70 - Loss: 72.77005790889409
Epoch: 71 - Loss: 72.74594229243515
Epoch: 72 - Loss: 71.59799854579646
Epoch: 73 - Loss: 70.14745639829916
Epoch: 74 - Loss: 70.27145731043348
Epoch: 75 - Loss: 70.93490916547547
Epoch: 76 - Loss: 70.97235982694924
Epoch: 77 - Loss: 70.32906617204394
Epoch: 78 - Loss: 69.09084387188071
Epoch: 79 - Loss: 67.54720046427202
Epoch: 80 - Loss: 67.39548402439817
Epoch: 81 - Loss: 67.80015581072684
Epoch: 82 - Loss: 66.95569777766543
Epoch: 83 - Loss: 66.18271836645157
Epoch: 84 - Loss: 65.79152972419845
Epoch: 85 - Loss: 65.51926535290951
Epoch: 86 - Loss: 64.90334099062599
Epoch: 87 - Loss: 64.02506400657526
Epoch: 88 - Loss: 63.46171204986178
Epoch: 89 - Loss: 62.692488154661966
Epoch: 90 - Loss: 62.17163918857827
Epoch: 91 - Loss: 61.953165535817526
Epoch: 92 - Loss: 61.65963680351883
Epoch: 93 - Loss: 61.834032725450236
Epoch: 94 - Loss: 62.22940812075367
Epoch: 95 - Loss: 62.557843382121916
Epoch: 96 - Loss: 62.80514202996814
Epoch: 97 - Loss: 62.44540747095524
Epoch: 98 - Loss: 61.86325979227183
Epoch: 99 - Loss: 61.16535204207549
Epoch: 100 - Loss: 60.90787309812357
Epoch: 101 - Loss: 60.76989357042828
Epoch: 102 - Loss: 60.653795033338675
Epoch: 103 - Loss: 60.66722517644294
Epoch: 104 - Loss: 60.75396165019064
Epoch: 105 - Loss: 60.742753498043726
Epoch: 106 - Loss: 60.631179988933866
Epoch: 107 - Loss: 60.347856712688525
Epoch: 108 - Loss: 59.97606296636247
Epoch: 109 - Loss: 59.6412027784737
Epoch: 110 - Loss: 59.29151590392645
Epoch: 111 - Loss: 58.882728977420896
Epoch: 112 - Loss: 58.62047434442774
Epoch: 113 - Loss: 58.50987636552071
Epoch: 114 - Loss: 58.23154078417907
Epoch: 115 - Loss: 57.70601314263539
Epoch: 116 - Loss: 56.60015097848294
Epoch: 117 - Loss: 54.35827886239053
Epoch: 118 - Loss: 52.288517510416916
Epoch: 119 - Loss: 50.77760636176925
Epoch: 120 - Loss: 50.52673119282052
Epoch: 121 - Loss: 51.21760409536628
Epoch: 122 - Loss: 51.44961225359835
Epoch: 123 - Loss: 51.52962210173968
Epoch: 124 - Loss: 51.528099988416216
Epoch: 125 - Loss: 51.60730316912839
Epoch: 126 - Loss: 51.822248861014415
Epoch: 127 - Loss: 51.79627929121284
Epoch: 128 - Loss: 51.33680197071806
Epoch: 129 - Loss: 50.778814938301934
Epoch: 130 - Loss: 50.27555192474587
Epoch: 131 - Loss: 49.948721043841054
Epoch: 132 - Loss: 50.23943530335319
Epoch: 133 - Loss: 50.286690129830525
Epoch: 134 - Loss: 49.6301623804028
Epoch: 135 - Loss: 49.73882770727985
Epoch: 136 - Loss: 49.999913693862176
Epoch: 137 - Loss: 50.040027091075686
Epoch: 138 - Loss: 49.87037435915933
Epoch: 139 - Loss: 49.602075389419646
Epoch: 140 - Loss: 49.42893151018153
Epoch: 141 - Loss: 49.38028863928051
Epoch: 142 - Loss: 49.317335884499414
Epoch: 143 - Loss: 49.23826895045369
Epoch: 144 - Loss: 49.09880445408993
Epoch: 145 - Loss: 49.016523885209054
Epoch: 146 - Loss: 49.099401686995826
Epoch: 147 - Loss: 49.079804347006096
Epoch: 148 - Loss: 48.89301311762628
Epoch: 149 - Loss: 48.79596879909895
Epoch: 150 - Loss: 48.74823913686881
Epoch: 151 - Loss: 48.658688814075376
Epoch: 152 - Loss: 48.57357815556857
Epoch: 153 - Loss: 48.48874286376726
Epoch: 154 - Loss: 48.42482430590798
Epoch: 155 - Loss: 48.41207749315254
Epoch: 156 - Loss: 48.36671074677995
Epoch: 157 - Loss: 48.25645251057043
Epoch: 158 - Loss: 48.168596631702314
Epoch: 159 - Loss: 48.127125838223556
Epoch: 160 - Loss: 48.03097093855895
Epoch: 161 - Loss: 47.95988304007987
Epoch: 162 - Loss: 47.901205659755604
Epoch: 163 - Loss: 47.839865303818335
Epoch: 164 - Loss: 47.79554001753477
Epoch: 165 - Loss: 47.72080152725966
Epoch: 166 - Loss: 47.63884700768955
Epoch: 167 - Loss: 47.583186648009054
Epoch: 168 - Loss: 47.50904684811502
Epoch: 169 - Loss: 47.43518625558927
Epoch: 170 - Loss: 47.37046185637977
Epoch: 171 - Loss: 47.31212564336087
Epoch: 172 - Loss: 47.257035622565354
Epoch: 173 - Loss: 47.182223103432406
Epoch: 174 - Loss: 47.12065112233706
Epoch: 175 - Loss: 47.05137639756285
Epoch: 176 - Loss: 46.98870302881907
Epoch: 177 - Loss: 46.91646488439604
Epoch: 178 - Loss: 46.85893226832793
Epoch: 179 - Loss: 46.79651731509079
Epoch: 180 - Loss: 46.73756454337202
Epoch: 181 - Loss: 46.66916714776567
Epoch: 182 - Loss: 46.610770065904426
Epoch: 183 - Loss: 46.54757689220546
Epoch: 184 - Loss: 46.48329764310706
Epoch: 185 - Loss: 46.42918544144045
Epoch: 186 - Loss: 46.37424208961214
Epoch: 187 - Loss: 46.31036779551254
Epoch: 188 - Loss: 46.249027258429365
Epoch: 189 - Loss: 46.19546476696184
Epoch: 190 - Loss: 46.148801816591465
Epoch: 191 - Loss: 46.12909007597363
Epoch: 192 - Loss: 46.13317416921728
Epoch: 193 - Loss: 46.555661949512846
Epoch: 194 - Loss: 45.942230648423404
Epoch: 195 - Loss: 47.22339010850481
Epoch: 196 - Loss: 51.649382258991274
Epoch: 197 - Loss: 54.771346614874105
Epoch: 198 - Loss: 55.69999625729503
Epoch: 199 - Loss: 55.55249752514014
Epoch: 200 - Loss: 54.79234187206712
Epoch: 201 - Loss: 54.41745500461189
Epoch: 202 - Loss: 55.19793293604267
Epoch: 203 - Loss: 54.27620602187447
Epoch: 204 - Loss: 53.037650800267194
Epoch: 205 - Loss: 49.98702143976289
Epoch: 206 - Loss: 49.0367194399272
Epoch: 207 - Loss: 49.45699004974392
Epoch: 208 - Loss: 50.41437094191859
Epoch: 209 - Loss: 51.118926250498944
Epoch: 210 - Loss: 50.564032721461444
Epoch: 211 - Loss: 48.529976085886325
Epoch: 212 - Loss: 47.223800176641596
Epoch: 213 - Loss: 46.84514654254596
Epoch: 214 - Loss: 46.74351309302999
Epoch: 215 - Loss: 46.5272324920814
Epoch: 216 - Loss: 46.011804376669375
Epoch: 217 - Loss: 44.805341479629725
Epoch: 218 - Loss: 41.949407009549624
Epoch: 219 - Loss: 40.225294583127834
Epoch: 220 - Loss: 50.06415119715222
Epoch: 221 - Loss: 50.72712003241734
Epoch: 222 - Loss: 43.53176715616019
Epoch: 223 - Loss: 45.33923231498233
Epoch: 224 - Loss: 49.03184330082778
Epoch: 225 - Loss: 49.97515662561682
Epoch: 226 - Loss: 49.244143456228805
Epoch: 227 - Loss: 48.629194992200304
Epoch: 228 - Loss: 49.32921320772882
Epoch: 229 - Loss: 48.36662369427451
Epoch: 230 - Loss: 48.50243406421373
Epoch: 231 - Loss: 49.34432195658966
Epoch: 232 - Loss: 49.90527749670999
Epoch: 233 - Loss: 50.039763930861426
Epoch: 234 - Loss: 49.74576201945874
Epoch: 235 - Loss: 49.37633659984936
Epoch: 236 - Loss: 49.517231998909644
Epoch: 237 - Loss: 49.04810184211196
Epoch: 238 - Loss: 48.37143951332597
Epoch: 239 - Loss: 48.2335831195598
Epoch: 240 - Loss: 48.11782101405109
Epoch: 241 - Loss: 47.85012086196836
Epoch: 242 - Loss: 47.51626781654489
Epoch: 243 - Loss: 47.43618738333713
Epoch: 244 - Loss: 47.419380767154834
Epoch: 245 - Loss: 47.02596847680576
Epoch: 246 - Loss: 46.64667119138384
Epoch: 247 - Loss: 46.38551976404102
Epoch: 248 - Loss: 46.00864081363357
Epoch: 249 - Loss: 45.50871911207475
Epoch: 250 - Loss: 45.095578908407134
Epoch: 251 - Loss: 44.70193656810838
Epoch: 252 - Loss: 43.72819813318266
Epoch: 253 - Loss: 42.346894342249264
Epoch: 254 - Loss: 46.9895349114107
Epoch: 255 - Loss: 60.75407020063249
Epoch: 256 - Loss: 84.65401702639792
Epoch: 257 - Loss: 90.23758310850586
Epoch: 258 - Loss: 97.55101507597716
Epoch: 259 - Loss: 102.81202691190673
Epoch: 260 - Loss: 97.90797824607301
Epoch: 261 - Loss: 87.27759766991281
Epoch: 262 - Loss: 54.19087141543066
Epoch: 263 - Loss: 51.42802693495746
Epoch: 264 - Loss: 49.19036863297821
Epoch: 265 - Loss: 48.85641653276452
Epoch: 266 - Loss: 47.41219601350634
Epoch: 267 - Loss: 47.29590131365721
Epoch: 268 - Loss: 46.58647801071468
Epoch: 269 - Loss: 46.528204917474135
Epoch: 270 - Loss: 45.84032047017017
Epoch: 271 - Loss: 45.82413437614655
Epoch: 272 - Loss: 45.49152117011518
Epoch: 273 - Loss: 45.71458597784423
Epoch: 274 - Loss: 45.52611653181084
Epoch: 275 - Loss: 45.799206539437414
Epoch: 276 - Loss: 45.89613220257591
Epoch: 277 - Loss: 45.95097657007659
Epoch: 278 - Loss: 46.05305281822954
Epoch: 279 - Loss: 45.808735488770836
Epoch: 280 - Loss: 45.73722188361346
Epoch: 281 - Loss: 45.513946840059916
Epoch: 282 - Loss: 45.50400048218373
Epoch: 283 - Loss: 45.39983301998886
Epoch: 284 - Loss: 45.40582365551556
Epoch: 285 - Loss: 45.40577444808644
Epoch: 286 - Loss: 45.40656865976701
Epoch: 287 - Loss: 45.448663599661984
Epoch: 288 - Loss: 45.4278293559591
Epoch: 289 - Loss: 45.46194949124721
Epoch: 290 - Loss: 45.40685223357596
Epoch: 291 - Loss: 45.41658310530759
Epoch: 292 - Loss: 45.35431782422729
Epoch: 293 - Loss: 45.34428533715965
Epoch: 294 - Loss: 45.28336543334592
Epoch: 295 - Loss: 45.25343177850925
Epoch: 296 - Loss: 45.20945804407037
Epoch: 297 - Loss: 45.17760550995415
Epoch: 298 - Loss: 45.156616393235524
Epoch: 299 - Loss: 45.129304042328314
Epoch: 300 - Loss: 45.12307448809299
Epoch: 1 - Loss: 193.7789925083514
Epoch: 2 - Loss: 193.67966848324664
Epoch: 3 - Loss: 193.57966627491314
Epoch: 4 - Loss: 193.47896721468507
Epoch: 5 - Loss: 193.37754710834116
Epoch: 6 - Loss: 193.2753836058385
Epoch: 7 - Loss: 193.17245606776848
Epoch: 8 - Loss: 193.06874325271093
Epoch: 9 - Loss: 192.9620414044883
Epoch: 10 - Loss: 192.85220454670346
Epoch: 11 - Loss: 192.7413652241842
Epoch: 12 - Loss: 192.62953281326742
Epoch: 13 - Loss: 192.51670915168268
Epoch: 14 - Loss: 192.40288977311917
Epoch: 15 - Loss: 192.288065086496
Epoch: 16 - Loss: 192.17222100781598
Epoch: 17 - Loss: 192.05534363753554
Epoch: 18 - Loss: 191.93741463005418
Epoch: 19 - Loss: 191.8184114212436
Epoch: 20 - Loss: 191.69831434674356
Epoch: 21 - Loss: 191.57709918722188
Epoch: 22 - Loss: 191.45474071025944
Epoch: 23 - Loss: 191.33121409242898
Epoch: 24 - Loss: 191.2064891290629
Epoch: 25 - Loss: 191.08053843740728
Epoch: 26 - Loss: 190.95333217390518
Epoch: 27 - Loss: 190.8248394043263
Epoch: 28 - Loss: 190.6950275028739
Epoch: 29 - Loss: 190.56386270666135
Epoch: 30 - Loss: 190.43130991634732
Epoch: 31 - Loss: 190.2973331257842
Epoch: 32 - Loss: 190.16189337469046
Epoch: 33 - Loss: 190.02495129232614
Epoch: 34 - Loss: 189.88646480375522
Epoch: 35 - Loss: 189.7463904420441
Epoch: 36 - Loss: 189.60468296885006
Epoch: 37 - Loss: 189.46129518324636
Epoch: 38 - Loss: 189.31617757293867
Epoch: 39 - Loss: 189.16927828961897
Epoch: 40 - Loss: 189.02054278235818
Epoch: 41 - Loss: 188.8699151051241
Epoch: 42 - Loss: 188.71733377656795
Epoch: 43 - Loss: 188.56273560894874
Epoch: 44 - Loss: 188.40605428610374
Epoch: 45 - Loss: 188.24721653357503
Epoch: 46 - Loss: 188.0861457232291
Epoch: 47 - Loss: 187.92275752056716
Epoch: 48 - Loss: 187.75695980502064
Epoch: 49 - Loss: 187.5886525974872
Epoch: 50 - Loss: 187.41772114331349
Epoch: 51 - Loss: 187.24403998471644
Epoch: 52 - Loss: 187.06746479971218
Epoch: 53 - Loss: 186.88782793593214
Epoch: 54 - Loss: 186.7049353915868
Epoch: 55 - Loss: 186.5185572159911
Epoch: 56 - Loss: 186.3284192006305
Epoch: 57 - Loss: 186.13419467875406
Epoch: 58 - Loss: 185.93548033613655
Epoch: 59 - Loss: 185.73178105582986
Epoch: 60 - Loss: 185.52248758812297
Epoch: 61 - Loss: 185.30682489457587
Epoch: 62 - Loss: 185.08382287686317
Epoch: 63 - Loss: 184.85222973303993
Epoch: 64 - Loss: 184.610438473015
Epoch: 65 - Loss: 184.35634536155936
Epoch: 66 - Loss: 184.08718499231438
Epoch: 67 - Loss: 183.79926911223183
Epoch: 68 - Loss: 183.48763833098653
Epoch: 69 - Loss: 183.14553963019122
Epoch: 70 - Loss: 182.7636912573624
Epoch: 71 - Loss: 182.29279118482503
Epoch: 72 - Loss: 181.64819341696918
Epoch: 73 - Loss: 180.89000707067854
Epoch: 74 - Loss: 179.9809280593514
Epoch: 75 - Loss: 178.87053389703522
Epoch: 76 - Loss: 177.49504897900067
Epoch: 77 - Loss: 175.65077992048185
Epoch: 78 - Loss: 173.1646880290967
Epoch: 79 - Loss: 170.45238135332963
Epoch: 80 - Loss: 185.10212619745417
Epoch: 81 - Loss: 179.35624234818414
Epoch: 82 - Loss: 172.00698164240282
Epoch: 83 - Loss: 171.453459548672
Epoch: 84 - Loss: 172.94478441838677
Epoch: 85 - Loss: 174.05796666833257
Epoch: 86 - Loss: 174.90555930346028
Epoch: 87 - Loss: 175.55407440488713
Epoch: 88 - Loss: 176.04382385735406
Epoch: 89 - Loss: 176.36473770977017
Epoch: 90 - Loss: 176.5699521704238
Epoch: 91 - Loss: 176.70719079183306
Epoch: 92 - Loss: 176.78659758488854
Epoch: 93 - Loss: 176.81578709867725
Epoch: 94 - Loss: 176.80046331243267
Epoch: 95 - Loss: 176.7448555883989
Epoch: 96 - Loss: 176.65202752753322
Epoch: 97 - Loss: 176.5240977504007
Epoch: 98 - Loss: 176.3623948201455
Epoch: 99 - Loss: 176.16755891495666
Epoch: 100 - Loss: 175.90791939835992
Epoch: 101 - Loss: 175.57680646403338
Epoch: 102 - Loss: 175.19457709218213
Epoch: 103 - Loss: 174.7610268702787
Epoch: 104 - Loss: 174.2746010359484
Epoch: 105 - Loss: 173.7319785602616
Epoch: 106 - Loss: 173.12733923127465
Epoch: 107 - Loss: 172.45143101128411
Epoch: 108 - Loss: 171.69220800684943
Epoch: 109 - Loss: 170.8514137224655
Epoch: 110 - Loss: 170.10573419955617
Epoch: 111 - Loss: 172.55917007390943
Epoch: 112 - Loss: 170.34879302008827
Epoch: 113 - Loss: 170.1579278198834
Epoch: 114 - Loss: 170.565656415469
Epoch: 115 - Loss: 170.89434684858952
Epoch: 116 - Loss: 171.09207195628537
Epoch: 117 - Loss: 171.1652380599016
Epoch: 118 - Loss: 171.12611200910305
Epoch: 119 - Loss: 170.98552890873256
Epoch: 120 - Loss: 170.75397378774133
Epoch: 121 - Loss: 170.44825073475874
Epoch: 122 - Loss: 170.11350644777656
Epoch: 123 - Loss: 169.89385113399342
Epoch: 124 - Loss: 170.45680860885915
Epoch: 125 - Loss: 170.26742735108186
Epoch: 126 - Loss: 169.86095014407223
Epoch: 127 - Loss: 169.99402644903654
Epoch: 128 - Loss: 170.1429475553383
Epoch: 129 - Loss: 170.21868215149362
Epoch: 130 - Loss: 170.20565387794215
Epoch: 131 - Loss: 170.11235213810778
Epoch: 132 - Loss: 169.9639525828435
Epoch: 133 - Loss: 169.8141175192775
Epoch: 134 - Loss: 169.7636343796554
Epoch: 135 - Loss: 170.0682910544041
Epoch: 136 - Loss: 169.82681140381476
Epoch: 137 - Loss: 169.73306642733604
Epoch: 138 - Loss: 169.8152076743558
Epoch: 139 - Loss: 169.8892561410652
Epoch: 140 - Loss: 169.90555268753613
Epoch: 141 - Loss: 169.85847045385722
Epoch: 142 - Loss: 169.7664856923058
Epoch: 143 - Loss: 169.67192428210174
Epoch: 144 - Loss: 169.64014194112522
Epoch: 145 - Loss: 169.79009271839155
Epoch: 146 - Loss: 169.6486789411334
Epoch: 147 - Loss: 169.60690370000898
Epoch: 148 - Loss: 169.65399919636684
Epoch: 149 - Loss: 169.69436662345848
Epoch: 150 - Loss: 169.69206984942886
Epoch: 151 - Loss: 169.64576730347898
Epoch: 152 - Loss: 169.5774447380454
Epoch: 153 - Loss: 169.52782735694842
Epoch: 154 - Loss: 169.5350813144269
Epoch: 155 - Loss: 169.64509003444402
Epoch: 156 - Loss: 169.49675673257116
Epoch: 157 - Loss: 169.4865298814081
Epoch: 158 - Loss: 169.50814566529237
Epoch: 159 - Loss: 169.51872595895173
Epoch: 160 - Loss: 169.5012795779075
Epoch: 161 - Loss: 169.46186693904232
Epoch: 162 - Loss: 169.42268946246853
Epoch: 163 - Loss: 169.40907798551407
Epoch: 164 - Loss: 169.42826278912926
Epoch: 165 - Loss: 169.38766680914867
Epoch: 166 - Loss: 169.36973350847
Epoch: 167 - Loss: 169.3670545380589
Epoch: 168 - Loss: 169.36431904591794
Epoch: 169 - Loss: 169.35165166233654
Epoch: 170 - Loss: 169.33036291454812
Epoch: 171 - Loss: 169.30970865442072
Epoch: 172 - Loss: 169.29822390921225
Epoch: 173 - Loss: 169.29351899289784
Epoch: 174 - Loss: 169.28393642145028
Epoch: 175 - Loss: 169.2659227768012
Epoch: 176 - Loss: 169.2483460350668
Epoch: 177 - Loss: 169.23707168050512
Epoch: 178 - Loss: 169.2289039606745
Epoch: 179 - Loss: 169.21837133518653
Epoch: 180 - Loss: 169.2038202375461
Epoch: 181 - Loss: 169.18807980682837
Epoch: 182 - Loss: 169.17501429049838
Epoch: 183 - Loss: 169.16503333833677
Epoch: 184 - Loss: 169.15452610819122
Epoch: 185 - Loss: 169.14101186908772
Epoch: 186 - Loss: 169.12649886751026
Epoch: 187 - Loss: 169.1138313887905
Epoch: 188 - Loss: 169.10287141845583
Epoch: 189 - Loss: 169.0915527694602
Epoch: 190 - Loss: 169.07869979411723
Epoch: 191 - Loss: 169.0650872739512
Epoch: 192 - Loss: 169.05225733505117
Epoch: 193 - Loss: 169.04060716304008
Epoch: 194 - Loss: 169.02896599729533
Epoch: 195 - Loss: 169.01630201513854
Epoch: 196 - Loss: 169.003105207136
Epoch: 197 - Loss: 168.99044255496372
Epoch: 198 - Loss: 168.97845378160338
Epoch: 199 - Loss: 168.9664142311381
Epoch: 200 - Loss: 168.95380199486473
Epoch: 201 - Loss: 168.9408619082995
Epoch: 202 - Loss: 168.92817977807564
Epoch: 203 - Loss: 168.91591151892354
Epoch: 204 - Loss: 168.9036327703774
Epoch: 205 - Loss: 168.89097515075895
Epoch: 206 - Loss: 168.87811084232962
Epoch: 207 - Loss: 168.86542154423876
Epoch: 208 - Loss: 168.85295725084976
Epoch: 209 - Loss: 168.8404468207659
Epoch: 210 - Loss: 168.82770314430752
Epoch: 211 - Loss: 168.81483549768149
Epoch: 212 - Loss: 168.80205991829092
Epoch: 213 - Loss: 168.7894055444291
Epoch: 214 - Loss: 168.77670239294682
Epoch: 215 - Loss: 168.763837181776
Epoch: 216 - Loss: 168.75089466762927
Epoch: 217 - Loss: 168.7380061187977
Epoch: 218 - Loss: 168.7251659715568
Epoch: 219 - Loss: 168.71226631877576
Epoch: 220 - Loss: 168.6992548277959
Epoch: 221 - Loss: 168.6861898993647
Epoch: 222 - Loss: 168.67314422471287
Epoch: 223 - Loss: 168.660105406101
Epoch: 224 - Loss: 168.6470047828159
Epoch: 225 - Loss: 168.63381804658013
Epoch: 226 - Loss: 168.62058881205337
Epoch: 227 - Loss: 168.60735551733475
Epoch: 228 - Loss: 168.59409955624565
Epoch: 229 - Loss: 168.58077968674675
Epoch: 230 - Loss: 168.56738928701265
Epoch: 231 - Loss: 168.55395711004175
Epoch: 232 - Loss: 168.54050101801917
Epoch: 233 - Loss: 168.52700403798246
Epoch: 234 - Loss: 168.51344167889758
Epoch: 235 - Loss: 168.49981501262633
Epoch: 236 - Loss: 168.48614272677753
Epoch: 237 - Loss: 168.47243042224449
Epoch: 238 - Loss: 168.45866363852218
Epoch: 239 - Loss: 168.44482937859902
Epoch: 240 - Loss: 168.43093152794512
Epoch: 241 - Loss: 168.4169805289369
Epoch: 242 - Loss: 168.4029759925388
Epoch: 243 - Loss: 168.38890692128908
Epoch: 244 - Loss: 168.37476696255513
Epoch: 245 - Loss: 168.36056014017447
Epoch: 246 - Loss: 168.34629132334032
Epoch: 247 - Loss: 168.33195709315197
Epoch: 248 - Loss: 168.31755003094906
Epoch: 249 - Loss: 168.3030674476894
Epoch: 250 - Loss: 168.2885122332895
Epoch: 251 - Loss: 168.27388559753132
Epoch: 252 - Loss: 168.25918356388047
Epoch: 253 - Loss: 168.2444014198892
Epoch: 254 - Loss: 168.22953834474967
Epoch: 255 - Loss: 168.2145958673597
Epoch: 256 - Loss: 168.19957326289273
Epoch: 257 - Loss: 168.18446709965303
Epoch: 258 - Loss: 168.16927476990233
Epoch: 259 - Loss: 168.15399636325563
Epoch: 260 - Loss: 168.13863247747634
Epoch: 261 - Loss: 168.12318192719323
Epoch: 262 - Loss: 168.10764254230116
Epoch: 263 - Loss: 168.09201351917142
Epoch: 264 - Loss: 168.07629564179013
Epoch: 265 - Loss: 168.06048950673758
Epoch: 266 - Loss: 168.04459468641565
Epoch: 267 - Loss: 168.02861100975431
Epoch: 268 - Loss: 168.01253965877004
Epoch: 269 - Loss: 167.99638273123404
Epoch: 270 - Loss: 167.98014219197088
Epoch: 271 - Loss: 167.96381994970045
Epoch: 272 - Loss: 167.94741884769508
Epoch: 273 - Loss: 167.93094307569396
Epoch: 274 - Loss: 167.914397634814
Epoch: 275 - Loss: 167.8977879530073
Epoch: 276 - Loss: 167.88112034530133
Epoch: 277 - Loss: 167.86440266808063
Epoch: 278 - Loss: 167.84764436805062
Epoch: 279 - Loss: 167.83085617605838
Epoch: 280 - Loss: 167.81405018863492
Epoch: 281 - Loss: 167.7972403963355
Epoch: 282 - Loss: 167.78044306156627
Epoch: 283 - Loss: 167.76367669049262
Epoch: 284 - Loss: 167.74696200051292
Epoch: 285 - Loss: 167.73032221589347
Epoch: 286 - Loss: 167.71378346450422
Epoch: 287 - Loss: 167.69737490943382
Epoch: 288 - Loss: 167.68112865684685
Epoch: 289 - Loss: 167.66507972583588
Epoch: 290 - Loss: 167.6492660960591
Epoch: 291 - Loss: 167.63372855719228
Epoch: 292 - Loss: 167.61851019074822
Epoch: 293 - Loss: 167.60365558049105
Epoch: 294 - Loss: 167.58920983392704
Epoch: 295 - Loss: 167.57521726176532
Epoch: 296 - Loss: 167.56171950710663
Epoch: 297 - Loss: 167.54875311068727
Epoch: 298 - Loss: 167.53634666416858
Epoch: 299 - Loss: 167.52451755523856
Epoch: 300 - Loss: 167.51326868300492
Epoch: 1 - Loss: 198.1777892706561
Epoch: 2 - Loss: 198.05991831506148
Epoch: 3 - Loss: 197.94125295796707
Epoch: 4 - Loss: 197.82176693321387
Epoch: 5 - Loss: 197.70142601123536
Epoch: 6 - Loss: 197.58019689382803
Epoch: 7 - Loss: 197.45804204305716
Epoch: 8 - Loss: 197.33492277379088
Epoch: 9 - Loss: 197.2107985951532
Epoch: 10 - Loss: 197.08562492849813
Epoch: 11 - Loss: 196.95936044683617
Epoch: 12 - Loss: 196.83195305284437
Epoch: 13 - Loss: 196.70335556734338
Epoch: 14 - Loss: 196.57351473477166
Epoch: 15 - Loss: 196.4423764807544
Epoch: 16 - Loss: 196.30988231973748
Epoch: 17 - Loss: 196.17597273440285
Epoch: 18 - Loss: 196.040583732897
Epoch: 19 - Loss: 195.9036490119805
Epoch: 20 - Loss: 195.76509894982837
Epoch: 21 - Loss: 195.62485945866518
Epoch: 22 - Loss: 195.48285485711668
Epoch: 23 - Loss: 195.3390043464396
Epoch: 24 - Loss: 195.19322492371768
Epoch: 25 - Loss: 195.04542745590925
Epoch: 26 - Loss: 194.89552149333616
Epoch: 27 - Loss: 194.74341258649787
Epoch: 28 - Loss: 194.58900358782867
Epoch: 29 - Loss: 194.43219198601992
Epoch: 30 - Loss: 194.2728751355066
Epoch: 31 - Loss: 194.11094850511986
Epoch: 32 - Loss: 193.94630288232764
Epoch: 33 - Loss: 193.7728125517182
Epoch: 34 - Loss: 193.5933268320935
Epoch: 35 - Loss: 193.40817700640306
Epoch: 36 - Loss: 193.2192143443095
Epoch: 37 - Loss: 193.02642496381728
Epoch: 38 - Loss: 192.82977454865335
Epoch: 39 - Loss: 192.629217360564
Epoch: 40 - Loss: 192.42469992209038
Epoch: 41 - Loss: 192.21613449192083
Epoch: 42 - Loss: 192.00346012288756
Epoch: 43 - Loss: 191.78658678048927
Epoch: 44 - Loss: 191.56542275038103
Epoch: 45 - Loss: 191.33987164095814
Epoch: 46 - Loss: 191.10983326096076
Epoch: 47 - Loss: 190.87520848084614
Epoch: 48 - Loss: 190.63587388039505
Epoch: 49 - Loss: 190.39174055647808
Epoch: 50 - Loss: 190.14268966483476
Epoch: 51 - Loss: 189.88861097917064
Epoch: 52 - Loss: 189.6293924095209
Epoch: 53 - Loss: 189.36492788281205
Epoch: 54 - Loss: 189.0950907932401
Epoch: 55 - Loss: 188.81976953304374
Epoch: 56 - Loss: 188.53884173570995
Epoch: 57 - Loss: 188.2521767507022
Epoch: 58 - Loss: 187.95962982662718
Epoch: 59 - Loss: 187.6610329477952
Epoch: 60 - Loss: 187.35618093405728
Epoch: 61 - Loss: 187.04481107281637
Epoch: 62 - Loss: 186.72657007206791
Epoch: 63 - Loss: 186.40096475659377
Epoch: 64 - Loss: 186.06729149108776
Epoch: 65 - Loss: 185.7245246414901
Epoch: 66 - Loss: 185.3711477167508
Epoch: 67 - Loss: 185.00490498863772
Epoch: 68 - Loss: 184.62240063787522
Epoch: 69 - Loss: 184.21848539741669
Epoch: 70 - Loss: 183.78528042188458
Epoch: 71 - Loss: 183.3106061233372
Epoch: 72 - Loss: 182.7754141913789
Epoch: 73 - Loss: 182.01698345067788
Epoch: 74 - Loss: 181.04605219731943
Epoch: 75 - Loss: 179.8385916311118
Epoch: 76 - Loss: 178.28118880744208
Epoch: 77 - Loss: 176.21397413222186
Epoch: 78 - Loss: 173.1366760810237
Epoch: 79 - Loss: 171.89402445589215
Epoch: 80 - Loss: 170.53667064443735
Epoch: 81 - Loss: 171.19210314318792
Epoch: 82 - Loss: 171.58316978213293
Epoch: 83 - Loss: 171.69741626158174
Epoch: 84 - Loss: 171.5697953026228
Epoch: 85 - Loss: 171.2247857685346
Epoch: 86 - Loss: 170.69112128010175
Epoch: 87 - Loss: 170.12123345592443
Epoch: 88 - Loss: 171.26155044181795
Epoch: 89 - Loss: 170.01194286452497
Epoch: 90 - Loss: 170.30056547853462
Epoch: 91 - Loss: 170.53542009446213
Epoch: 92 - Loss: 170.58991995430665
Epoch: 93 - Loss: 170.4673335326403
Epoch: 94 - Loss: 170.19972004327585
Epoch: 95 - Loss: 169.880034637597
Epoch: 96 - Loss: 169.83253069854558
Epoch: 97 - Loss: 170.0206677951069
Epoch: 98 - Loss: 169.72266588904728
Epoch: 99 - Loss: 169.86598645265386
Epoch: 100 - Loss: 169.95676959904426
Epoch: 101 - Loss: 169.9182018386494
Epoch: 102 - Loss: 169.76520824875814
Epoch: 103 - Loss: 169.5779674138869
Epoch: 104 - Loss: 169.54659147388878
Epoch: 105 - Loss: 169.90381863612836
Epoch: 106 - Loss: 169.45948641890547
Epoch: 107 - Loss: 169.60529694792467
Epoch: 108 - Loss: 169.71834820222458
Epoch: 109 - Loss: 169.7033840269595
Epoch: 110 - Loss: 169.5657245204132
Epoch: 111 - Loss: 169.36643924507482
Epoch: 112 - Loss: 169.26666118562912
Epoch: 113 - Loss: 169.60049919939996
Epoch: 114 - Loss: 169.1979696690267
Epoch: 115 - Loss: 169.26162084836662
Epoch: 116 - Loss: 169.3374338769814
Epoch: 117 - Loss: 169.3215227678214
Epoch: 118 - Loss: 169.21279830082528
Epoch: 119 - Loss: 169.07186498720844
Epoch: 120 - Loss: 169.02842419222108
Epoch: 121 - Loss: 169.21508495506012
Epoch: 122 - Loss: 168.95078450986435
Epoch: 123 - Loss: 169.0031098556917
Epoch: 124 - Loss: 169.05609502751804
Epoch: 125 - Loss: 169.0267768773388
Epoch: 126 - Loss: 168.92117946047594
Epoch: 127 - Loss: 168.80613149608453
Epoch: 128 - Loss: 168.79625580778134
Epoch: 129 - Loss: 168.92476228218334
Epoch: 130 - Loss: 168.70714956890052
Epoch: 131 - Loss: 168.7722266257218
Epoch: 132 - Loss: 168.82313199404572
Epoch: 133 - Loss: 168.78605623985106
Epoch: 134 - Loss: 168.67279422046386
Epoch: 135 - Loss: 168.55703095360025
Epoch: 136 - Loss: 168.559315786147
Epoch: 137 - Loss: 168.69448445658497
Epoch: 138 - Loss: 168.46362105207723
Epoch: 139 - Loss: 168.54543034275898
Epoch: 140 - Loss: 168.60501164180823
Epoch: 141 - Loss: 168.56749677704585
Epoch: 142 - Loss: 168.44542436722045
Epoch: 143 - Loss: 168.31460353386083
Epoch: 144 - Loss: 168.3117059322887
Epoch: 145 - Loss: 168.4890696791085
Epoch: 146 - Loss: 168.21321955640582
Epoch: 147 - Loss: 168.30332238463055
Epoch: 148 - Loss: 168.37036764014584
Epoch: 149 - Loss: 168.33390387247763
Epoch: 150 - Loss: 168.204280276544
Epoch: 151 - Loss: 168.0546391918111
Epoch: 152 - Loss: 168.03142291693175
Epoch: 153 - Loss: 168.24588542046374
Epoch: 154 - Loss: 167.9329830251497
Epoch: 155 - Loss: 168.01918092556556
Epoch: 156 - Loss: 168.08843217850804
Epoch: 157 - Loss: 168.0549316218926
Epoch: 158 - Loss: 167.92633373843063
Epoch: 159 - Loss: 167.7720090160626
Epoch: 160 - Loss: 167.73616746083943
Epoch: 161 - Loss: 167.95205310256713
Epoch: 162 - Loss: 167.63934984310652
Epoch: 163 - Loss: 167.71294097670636
Epoch: 164 - Loss: 167.77634993176466
Epoch: 165 - Loss: 167.74266370058635
Epoch: 166 - Loss: 167.61832703864778
Epoch: 167 - Loss: 167.47119687668626
Epoch: 168 - Loss: 167.4374060099216
Epoch: 169 - Loss: 167.62640330296878
Epoch: 170 - Loss: 167.33825965769793
Epoch: 171 - Loss: 167.4031368941054
Epoch: 172 - Loss: 167.45904732646378
Epoch: 173 - Loss: 167.42220573721877
Epoch: 174 - Loss: 167.2997996305134
Epoch: 175 - Loss: 167.16025194663416
Epoch: 176 - Loss: 167.13329155086282
Epoch: 177 - Loss: 167.2981702809948
Epoch: 178 - Loss: 167.0294743615917
Epoch: 179 - Loss: 167.09231743743553
Epoch: 180 - Loss: 167.14384712302635
Epoch: 181 - Loss: 167.10350380817755
Epoch: 182 - Loss: 166.97979265379843
Epoch: 183 - Loss: 166.8424011326994
Epoch: 184 - Loss: 166.81927381535456
Epoch: 185 - Loss: 166.97486951722294
Epoch: 186 - Loss: 166.7106794793497
Epoch: 187 - Loss: 166.77457114479523
Epoch: 188 - Loss: 166.82478527798725
Epoch: 189 - Loss: 166.78196960559075
Epoch: 190 - Loss: 166.65532052121236
Epoch: 191 - Loss: 166.5152941885837
Epoch: 192 - Loss: 166.49136723914933
Epoch: 193 - Loss: 166.6489300345016
Epoch: 194 - Loss: 166.37869069591844
Epoch: 195 - Loss: 166.4431608423235
Epoch: 196 - Loss: 166.49304810922433
Epoch: 197 - Loss: 166.44858406522445
Epoch: 198 - Loss: 166.3188911530221
Epoch: 199 - Loss: 166.17434517953922
Epoch: 200 - Loss: 166.1463794572073
Epoch: 201 - Loss: 166.3084720703484
Epoch: 202 - Loss: 166.02976808208902
Epoch: 203 - Loss: 166.09244319990177
Epoch: 204 - Loss: 166.14096222414105
Epoch: 205 - Loss: 166.0946990859647
Epoch: 206 - Loss: 165.9623704724329
Epoch: 207 - Loss: 165.81381859221793
Epoch: 208 - Loss: 165.78101604171215
Epoch: 209 - Loss: 165.9433845030281
Epoch: 210 - Loss: 165.65936711841837
Epoch: 211 - Loss: 165.71795132620406
Epoch: 212 - Loss: 165.76318198790568
Epoch: 213 - Loss: 165.7140445595004
Epoch: 214 - Loss: 165.57896279834364
Epoch: 215 - Loss: 165.42733405903493
Epoch: 216 - Loss: 165.39031671797713
Epoch: 217 - Loss: 165.54749895891422
Epoch: 218 - Loss: 165.26141466779728
Epoch: 219 - Loss: 165.3147522155301
Epoch: 220 - Loss: 165.35503684113618
Epoch: 221 - Loss: 165.30151128698535
Epoch: 222 - Loss: 165.16258710032267
Epoch: 223 - Loss: 165.0075357733767
Epoch: 224 - Loss: 164.9664008798868
Epoch: 225 - Loss: 165.11567920625745
Epoch: 226 - Loss: 164.82731565282413
Epoch: 227 - Loss: 164.87486615867485
Epoch: 228 - Loss: 164.90896716706774
Epoch: 229 - Loss: 164.8493750597854
Epoch: 230 - Loss: 164.70466150537544
Epoch: 231 - Loss: 164.54419686298314
Epoch: 232 - Loss: 164.49746041668334
Epoch: 233 - Loss: 164.6385743490954
Epoch: 234 - Loss: 164.3443868039879
Epoch: 235 - Loss: 164.38500282121086
Epoch: 236 - Loss: 164.41135384016988
Epoch: 237 - Loss: 164.34353804443734
Epoch: 238 - Loss: 164.1902685392718
Epoch: 239 - Loss: 164.0210371814235
Epoch: 240 - Loss: 163.9654780443521
Epoch: 241 - Loss: 164.0979887610164
Epoch: 242 - Loss: 163.79259986334097
Epoch: 243 - Loss: 163.82339687775615
Epoch: 244 - Loss: 163.83893101319015
Epoch: 245 - Loss: 163.75932226895853
Epoch: 246 - Loss: 163.59330270072823
Epoch: 247 - Loss: 163.41037873974233
Epoch: 248 - Loss: 163.34074839680466
Epoch: 249 - Loss: 163.46138508965183
Epoch: 250 - Loss: 163.13803770800635
Epoch: 251 - Loss: 163.15340198477114
Epoch: 252 - Loss: 163.15235179721552
Epoch: 253 - Loss: 163.054859347172
Epoch: 254 - Loss: 162.86965313044772
Epoch: 255 - Loss: 162.66627609145456
Epoch: 256 - Loss: 162.57575482816543
Epoch: 257 - Loss: 162.67892254684187
Epoch: 258 - Loss: 162.3318487179968
Epoch: 259 - Loss: 162.32786851199594
Epoch: 260 - Loss: 162.3090496254934
Epoch: 261 - Loss: 162.1968756787062
Epoch: 262 - Loss: 162.00265899561364
Epoch: 263 - Loss: 161.7999059282168
Epoch: 264 - Loss: 161.72614984112062
Epoch: 265 - Loss: 161.87353171327257
Epoch: 266 - Loss: 161.5945924227161
Epoch: 267 - Loss: 161.68685258361924
Epoch: 268 - Loss: 161.76054773061065
Epoch: 269 - Loss: 161.7099430930851
Epoch: 270 - Loss: 161.5461839280703
Epoch: 271 - Loss: 161.355506712721
Epoch: 272 - Loss: 161.28392184820746
Epoch: 273 - Loss: 161.42596611635392
Epoch: 274 - Loss: 161.11751685432478
Epoch: 275 - Loss: 161.16845043006438
Epoch: 276 - Loss: 161.20933383355856
Epoch: 277 - Loss: 161.15722353229427
Epoch: 278 - Loss: 161.01902044881547
Epoch: 279 - Loss: 160.8631220621175
Epoch: 280 - Loss: 160.82178764545225
Epoch: 281 - Loss: 160.98622624163332
Epoch: 282 - Loss: 160.6817198991859
Epoch: 283 - Loss: 160.73239720567318
Epoch: 284 - Loss: 160.7667841620118
Epoch: 285 - Loss: 160.70492056562392
Epoch: 286 - Loss: 160.55612956698224
Epoch: 287 - Loss: 160.39062904657652
Epoch: 288 - Loss: 160.3430007795279
Epoch: 289 - Loss: 160.51020016230925
Epoch: 290 - Loss: 160.20109437916614
Epoch: 291 - Loss: 160.2573564921878
Epoch: 292 - Loss: 160.2990906037541
Epoch: 293 - Loss: 160.24512407199356
Epoch: 294 - Loss: 160.1036693751736
Epoch: 295 - Loss: 159.94394908058445
Epoch: 296 - Loss: 159.90136760779407
Epoch: 297 - Loss: 160.07991680146898
Epoch: 298 - Loss: 159.76622031598737
Epoch: 299 - Loss: 159.82527214007712
Epoch: 300 - Loss: 159.8682696904645
Epoch: 1 - Loss: 191.67347492654847
Epoch: 2 - Loss: 190.83490393547234
Epoch: 3 - Loss: 190.15030075873088
Epoch: 4 - Loss: 189.58398972922845
Epoch: 5 - Loss: 189.10663221607138
Epoch: 6 - Loss: 188.69530610638196
Epoch: 7 - Loss: 188.334936086481
Epoch: 8 - Loss: 188.02085450215674
Epoch: 9 - Loss: 187.76471539750025
Epoch: 10 - Loss: 187.566171951358
Epoch: 11 - Loss: 187.37967454659318
Epoch: 12 - Loss: 187.18328362034052
Epoch: 13 - Loss: 186.96842139160688
Epoch: 14 - Loss: 186.7593989031707
Epoch: 15 - Loss: 186.5584022246984
Epoch: 16 - Loss: 186.35740517558997
Epoch: 17 - Loss: 186.17954090327552
Epoch: 18 - Loss: 186.01352830236152
Epoch: 19 - Loss: 185.8509153211762
Epoch: 20 - Loss: 185.68741111179295
Epoch: 21 - Loss: 185.52121934607732
Epoch: 22 - Loss: 185.35184818418344
Epoch: 23 - Loss: 185.17951022918987
Epoch: 24 - Loss: 185.00492900786801
Epoch: 25 - Loss: 184.82934256373244
Epoch: 26 - Loss: 184.65455866055783
Epoch: 27 - Loss: 184.48282630186242
Epoch: 28 - Loss: 184.31605476114575
Epoch: 29 - Loss: 184.15396934160952
Epoch: 30 - Loss: 183.99244124918
Epoch: 31 - Loss: 183.82633872344576
Epoch: 32 - Loss: 183.65546943438173
Epoch: 33 - Loss: 183.48380190875747
Epoch: 34 - Loss: 183.3147436939911
Epoch: 35 - Loss: 183.14879100981122
Epoch: 36 - Loss: 182.98463050572258
Epoch: 37 - Loss: 182.82062370519296
Epoch: 38 - Loss: 182.65551684895513
Epoch: 39 - Loss: 182.48867394536575
Epoch: 40 - Loss: 182.31998691925583
Epoch: 41 - Loss: 182.14968189264158
Epoch: 42 - Loss: 181.97822421877675
Epoch: 43 - Loss: 181.80597412500953
Epoch: 44 - Loss: 181.63283637792097
Epoch: 45 - Loss: 181.45794139648214
Epoch: 46 - Loss: 181.2797419817581
Epoch: 47 - Loss: 181.08888528001626
Epoch: 48 - Loss: 180.88639741719902
Epoch: 49 - Loss: 180.67625897646056
Epoch: 50 - Loss: 180.45876037914394
Epoch: 51 - Loss: 180.23354143128262
Epoch: 52 - Loss: 179.999735227655
Epoch: 53 - Loss: 179.7563308860044
Epoch: 54 - Loss: 179.50232367065595
Epoch: 55 - Loss: 179.23690987242287
Epoch: 56 - Loss: 178.95945492326783
Epoch: 57 - Loss: 178.6692811415788
Epoch: 58 - Loss: 178.36561645383642
Epoch: 59 - Loss: 178.04744006388407
Epoch: 60 - Loss: 177.71342335202277
Epoch: 61 - Loss: 177.3620696634598
Epoch: 62 - Loss: 176.9919860809558
Epoch: 63 - Loss: 176.6018773115169
Epoch: 64 - Loss: 176.19060240674773
Epoch: 65 - Loss: 175.75718472197795
Epoch: 66 - Loss: 175.3014703234685
Epoch: 67 - Loss: 174.82668894754414
Epoch: 68 - Loss: 174.34746753881385
Epoch: 69 - Loss: 173.91973916401423
Epoch: 70 - Loss: 173.73991396489316
Epoch: 71 - Loss: 173.52475310405458
Epoch: 72 - Loss: 173.06654496837263
Epoch: 73 - Loss: 172.6005506352365
Epoch: 74 - Loss: 172.03982221552374
Epoch: 75 - Loss: 170.97439804290738
Epoch: 76 - Loss: 168.8832404722161
Epoch: 77 - Loss: 167.2065130094467
Epoch: 78 - Loss: 166.59084302080564
Epoch: 79 - Loss: 166.27605283285237
Epoch: 80 - Loss: 166.14733184435298
Epoch: 81 - Loss: 166.10017679632642
Epoch: 82 - Loss: 166.00682806107326
Epoch: 83 - Loss: 165.80290286377644
Epoch: 84 - Loss: 165.49054876426382
Epoch: 85 - Loss: 165.11260448928024
Epoch: 86 - Loss: 164.7236138955475
Epoch: 87 - Loss: 164.35930701654732
Epoch: 88 - Loss: 164.02007468577176
Epoch: 89 - Loss: 163.69528544921468
Epoch: 90 - Loss: 163.38297137942965
Epoch: 91 - Loss: 163.075739194212
Epoch: 92 - Loss: 162.74405643870548
Epoch: 93 - Loss: 162.33864718591838
Epoch: 94 - Loss: 161.76635780937858
Epoch: 95 - Loss: 160.74149904724916
Epoch: 96 - Loss: 163.29319685076706
Epoch: 97 - Loss: 159.87661906253703
Epoch: 98 - Loss: 160.5854156194626
Epoch: 99 - Loss: 161.07293203206785
Epoch: 100 - Loss: 161.45829914950423
Epoch: 101 - Loss: 161.80480896432917
Epoch: 102 - Loss: 162.08665696175984
Epoch: 103 - Loss: 162.23485668433685
Epoch: 104 - Loss: 162.2076883399985
Epoch: 105 - Loss: 162.01908914869878
Epoch: 106 - Loss: 161.71708160850852
Epoch: 107 - Loss: 161.35727284118877
Epoch: 108 - Loss: 160.97927092598886
Epoch: 109 - Loss: 160.60260494673494
Epoch: 110 - Loss: 160.2316577901506
Epoch: 111 - Loss: 159.86349381237608
Epoch: 112 - Loss: 159.49445664472654
Epoch: 113 - Loss: 159.1289874769976
Epoch: 114 - Loss: 158.78160113819297
Epoch: 115 - Loss: 158.4671973491386
Epoch: 116 - Loss: 158.16396640952948
Epoch: 117 - Loss: 157.79247378173775
Epoch: 118 - Loss: 157.24460561778366
Epoch: 119 - Loss: 156.43927960898068
Epoch: 120 - Loss: 155.35466224774913
Epoch: 121 - Loss: 154.19361027177504
Epoch: 122 - Loss: 153.79595971640646
Epoch: 123 - Loss: 151.95677104032765
Epoch: 124 - Loss: 150.30333531947525
Epoch: 125 - Loss: 149.3644193689994
Epoch: 126 - Loss: 147.4060745536456
Epoch: 127 - Loss: 141.97855062854245
Epoch: 128 - Loss: 129.4135912558805
Epoch: 129 - Loss: 124.7945186163167
Epoch: 130 - Loss: 126.02306426961073
Epoch: 131 - Loss: 127.39834576228482
Epoch: 132 - Loss: 128.37841252970583
Epoch: 133 - Loss: 129.07023871393474
Epoch: 134 - Loss: 129.55743832425267
Epoch: 135 - Loss: 129.8578178398699
Epoch: 136 - Loss: 130.03786807939431
Epoch: 137 - Loss: 130.13913415081728
Epoch: 138 - Loss: 130.15787697305564
Epoch: 139 - Loss: 130.09662402147387
Epoch: 140 - Loss: 129.9719717362562
Epoch: 141 - Loss: 129.80270598155371
Epoch: 142 - Loss: 129.57702526156217
Epoch: 143 - Loss: 129.28020330702142
Epoch: 144 - Loss: 128.92846584779534
Epoch: 145 - Loss: 128.50877107904154
Epoch: 146 - Loss: 127.99257026129445
Epoch: 147 - Loss: 127.35749073748168
Epoch: 148 - Loss: 126.57807937968687
Epoch: 149 - Loss: 125.59722900953933
Epoch: 150 - Loss: 124.35012222880269
Epoch: 151 - Loss: 122.88248774873408
Epoch: 152 - Loss: 121.97180112157646
Epoch: 153 - Loss: 123.28675452967957
Epoch: 154 - Loss: 125.04975491265712
Epoch: 155 - Loss: 124.60993125634023
Epoch: 156 - Loss: 123.03315442947411
Epoch: 157 - Loss: 121.88888794110677
Epoch: 158 - Loss: 122.01181701252268
Epoch: 159 - Loss: 122.62770220222129
Epoch: 160 - Loss: 123.02901036803054
Epoch: 161 - Loss: 123.13594123370403
Epoch: 162 - Loss: 122.97431496681394
Epoch: 163 - Loss: 122.57404201774695
Epoch: 164 - Loss: 122.00200574280268
Epoch: 165 - Loss: 121.44472065069716
Epoch: 166 - Loss: 121.39892902152407
Epoch: 167 - Loss: 122.07687130349859
Epoch: 168 - Loss: 121.65762252637836
Epoch: 169 - Loss: 121.07228416359486
Epoch: 170 - Loss: 121.08796968241951
Epoch: 171 - Loss: 121.247859760529
Epoch: 172 - Loss: 121.32971710941372
Epoch: 173 - Loss: 121.47486194250286
Epoch: 174 - Loss: 121.15468990422374
Epoch: 175 - Loss: 119.55571907243228
Epoch: 176 - Loss: 84.9710255170338
Epoch: 177 - Loss: 78.52590388154461
Epoch: 178 - Loss: 77.81501808139475
Epoch: 179 - Loss: 77.27839476801748
Epoch: 180 - Loss: 77.05185115392516
Epoch: 181 - Loss: 77.08137977826432
Epoch: 182 - Loss: 77.14136290725708
Epoch: 183 - Loss: 77.12134469010093
Epoch: 184 - Loss: 77.01019500534002
Epoch: 185 - Loss: 76.86209864778111
Epoch: 186 - Loss: 76.77506081938586
Epoch: 187 - Loss: 76.81282364124199
Epoch: 188 - Loss: 76.86114354977408
Epoch: 189 - Loss: 76.77575262050503
Epoch: 190 - Loss: 76.66721080233474
Epoch: 191 - Loss: 76.64296918543087
Epoch: 192 - Loss: 76.66243541037085
Epoch: 193 - Loss: 76.6607319726282
Epoch: 194 - Loss: 76.61498263373517
Epoch: 195 - Loss: 76.54573155150833
Epoch: 196 - Loss: 76.49802432529341
Epoch: 197 - Loss: 76.48924202917236
Epoch: 198 - Loss: 76.49118197174266
Epoch: 199 - Loss: 76.45326181583194
Epoch: 200 - Loss: 76.39657162733019
Epoch: 201 - Loss: 76.36471371803475
Epoch: 202 - Loss: 76.35472130446078
Epoch: 203 - Loss: 76.34119046438815
Epoch: 204 - Loss: 76.31162492009668
Epoch: 205 - Loss: 76.26779004663112
Epoch: 206 - Loss: 76.23747288769448
Epoch: 207 - Loss: 76.21801173626754
Epoch: 208 - Loss: 76.20305852784456
Epoch: 209 - Loss: 76.17376151598975
Epoch: 210 - Loss: 76.14118721570262
Epoch: 211 - Loss: 76.1133614193612
Epoch: 212 - Loss: 76.1040225445526
Epoch: 213 - Loss: 76.10264012555511
Epoch: 214 - Loss: 76.0893608201028
Epoch: 215 - Loss: 76.0752132165356
Epoch: 216 - Loss: 76.06527746665941
Epoch: 217 - Loss: 76.05978390253523
Epoch: 218 - Loss: 76.05382933178726
Epoch: 219 - Loss: 76.04555270533638
Epoch: 220 - Loss: 76.03171120453752
Epoch: 221 - Loss: 76.02428641826245
Epoch: 222 - Loss: 76.01962707990556
Epoch: 223 - Loss: 76.01368263273676
Epoch: 224 - Loss: 76.00494136130098
Epoch: 225 - Loss: 75.99614502026975
Epoch: 226 - Loss: 75.98949421231247
Epoch: 227 - Loss: 75.98449258751243
Epoch: 228 - Loss: 75.97773898861861
Epoch: 229 - Loss: 75.96843546146341
Epoch: 230 - Loss: 75.96002579658662
Epoch: 231 - Loss: 75.95290427263642
Epoch: 232 - Loss: 75.9461704016792
Epoch: 233 - Loss: 75.9384369276218
Epoch: 234 - Loss: 75.9298235817651
Epoch: 235 - Loss: 75.92197843193435
Epoch: 236 - Loss: 75.91450619725704
Epoch: 237 - Loss: 75.90703344492015
Epoch: 238 - Loss: 75.89911340010426
Epoch: 239 - Loss: 75.8909335043372
Epoch: 240 - Loss: 75.88269636289398
Epoch: 241 - Loss: 75.87532985893307
Epoch: 242 - Loss: 75.86687245382464
Epoch: 243 - Loss: 75.85891797744232
Epoch: 244 - Loss: 75.85194892704484
Epoch: 245 - Loss: 75.8408079230997
Epoch: 246 - Loss: 75.83220521029092
Epoch: 247 - Loss: 75.82302875944448
Epoch: 248 - Loss: 75.81356910044819
Epoch: 249 - Loss: 75.80342449490577
Epoch: 250 - Loss: 75.79332165010334
Epoch: 251 - Loss: 75.7827354856513
Epoch: 252 - Loss: 75.7712351599138
Epoch: 253 - Loss: 75.7595527909605
Epoch: 254 - Loss: 75.74499728112673
Epoch: 255 - Loss: 75.73093924453514
Epoch: 256 - Loss: 75.71280320636411
Epoch: 257 - Loss: 75.69186376295707
Epoch: 258 - Loss: 75.66462432163767
Epoch: 259 - Loss: 75.62784475200748
Epoch: 260 - Loss: 75.56885261841772
Epoch: 261 - Loss: 75.43948327414418
Epoch: 262 - Loss: 74.99966194240204
Epoch: 263 - Loss: 75.5359932758392
Epoch: 264 - Loss: 75.65368022121709
Epoch: 265 - Loss: 75.70237730133958
Epoch: 266 - Loss: 75.73020035563559
Epoch: 267 - Loss: 75.75045154994315
Epoch: 268 - Loss: 75.76770202789194
Epoch: 269 - Loss: 75.78298829363492
Epoch: 270 - Loss: 75.79528910860049
Epoch: 271 - Loss: 75.80301741755761
Epoch: 272 - Loss: 75.80517837930265
Epoch: 273 - Loss: 75.8012029144078
Epoch: 274 - Loss: 75.79158326851832
Epoch: 275 - Loss: 75.78158112559116
Epoch: 276 - Loss: 75.77590081575259
Epoch: 277 - Loss: 75.76870021331445
Epoch: 278 - Loss: 75.75949598057986
Epoch: 279 - Loss: 75.75103665876534
Epoch: 280 - Loss: 75.73851262757665
Epoch: 281 - Loss: 75.72259404584652
Epoch: 282 - Loss: 75.70796811490678
Epoch: 283 - Loss: 75.6924237152243
Epoch: 284 - Loss: 75.67536916886426
Epoch: 285 - Loss: 75.65800179073614
Epoch: 286 - Loss: 75.64107230989583
Epoch: 287 - Loss: 75.62133992546224
Epoch: 288 - Loss: 75.60274294939502
Epoch: 289 - Loss: 75.58422642469759
Epoch: 290 - Loss: 75.57149824738381
Epoch: 291 - Loss: 75.56264580874344
Epoch: 292 - Loss: 75.55363778549336
Epoch: 293 - Loss: 75.54670412083301
Epoch: 294 - Loss: 75.53457559786217
Epoch: 295 - Loss: 75.52494808956673
Epoch: 296 - Loss: 75.5160456996094
Epoch: 297 - Loss: 75.50681924282945
Epoch: 298 - Loss: 75.4988531822093
Epoch: 299 - Loss: 75.4911871434231
Epoch: 300 - Loss: 75.48415937015996
Epoch: 1 - Loss: 195.76029951715174
Epoch: 2 - Loss: 194.09955826585545
Epoch: 3 - Loss: 190.24795165003584
Epoch: 4 - Loss: 175.22625351641523
Epoch: 5 - Loss: 174.55884206383402
Epoch: 6 - Loss: 188.91322811669642
Epoch: 7 - Loss: 175.48031625815884
Epoch: 8 - Loss: 178.69717993064313
Epoch: 9 - Loss: 180.28683629964684
Epoch: 10 - Loss: 181.15479215266936
Epoch: 11 - Loss: 181.5671790122155
Epoch: 12 - Loss: 181.7144689893895
Epoch: 13 - Loss: 181.74305954228535
Epoch: 14 - Loss: 181.68847031356702
Epoch: 15 - Loss: 181.57143630999718
Epoch: 16 - Loss: 181.40483736625345
Epoch: 17 - Loss: 181.19701977449233
Epoch: 18 - Loss: 180.95347719371387
Epoch: 19 - Loss: 180.67774589430616
Epoch: 20 - Loss: 180.37187994678365
Epoch: 21 - Loss: 180.03669941254958
Epoch: 22 - Loss: 179.6719437059513
Epoch: 23 - Loss: 179.27651397341984
Epoch: 24 - Loss: 178.8493614416683
Epoch: 25 - Loss: 178.39334051247414
Epoch: 26 - Loss: 177.9345434585429
Epoch: 27 - Loss: 177.56980752908498
Epoch: 28 - Loss: 177.20126940769467
Epoch: 29 - Loss: 176.58315090136887
Epoch: 30 - Loss: 175.90842781139875
Epoch: 31 - Loss: 175.20781666876263
Epoch: 32 - Loss: 174.4670295937079
Epoch: 33 - Loss: 173.67417839971316
Epoch: 34 - Loss: 172.79064708091147
Epoch: 35 - Loss: 171.79005770951906
Epoch: 36 - Loss: 170.64900320489696
Epoch: 37 - Loss: 169.34427683017867
Epoch: 38 - Loss: 167.6306119867055
Epoch: 39 - Loss: 165.68056489955362
Epoch: 40 - Loss: 163.4873614024384
Epoch: 41 - Loss: 166.90268537402434
Epoch: 42 - Loss: 163.31908506884685
Epoch: 43 - Loss: 164.88085670879607
Epoch: 44 - Loss: 165.92539962355636
Epoch: 45 - Loss: 166.57553881112034
Epoch: 46 - Loss: 166.80516432438526
Epoch: 47 - Loss: 166.7709228634383
Epoch: 48 - Loss: 166.5716325109288
Epoch: 49 - Loss: 166.2343124819033
Epoch: 50 - Loss: 165.76272439029833
Epoch: 51 - Loss: 165.1450698910189
Epoch: 52 - Loss: 164.3582203632217
Epoch: 53 - Loss: 163.41839799926382
Epoch: 54 - Loss: 160.09381154035987
Epoch: 55 - Loss: 152.4082442899565
Epoch: 56 - Loss: 128.75105657865956
Epoch: 57 - Loss: 119.4149908158909
Epoch: 58 - Loss: 117.4952316748676
Epoch: 59 - Loss: 115.39746842746513
Epoch: 60 - Loss: 113.86628029315216
Epoch: 61 - Loss: 112.60706709388644
Epoch: 62 - Loss: 112.39761750630167
Epoch: 63 - Loss: 114.5217665389503
Epoch: 64 - Loss: 111.47045316045863
Epoch: 65 - Loss: 111.65998468010362
Epoch: 66 - Loss: 111.85490750703636
Epoch: 67 - Loss: 111.86166596252562
Epoch: 68 - Loss: 111.6641799038942
Epoch: 69 - Loss: 111.26697658783685
Epoch: 70 - Loss: 110.67672154932916
Epoch: 71 - Loss: 109.90418063239157
Epoch: 72 - Loss: 108.98542282547271
Epoch: 73 - Loss: 108.02844541933153
Epoch: 74 - Loss: 107.14006984749591
Epoch: 75 - Loss: 105.34965474057223
Epoch: 76 - Loss: 98.98526128559196
Epoch: 77 - Loss: 91.33248732425724
Epoch: 78 - Loss: 83.76941877459058
Epoch: 79 - Loss: 79.14677527433555
Epoch: 80 - Loss: 79.24476959966155
Epoch: 81 - Loss: 79.78015856857559
Epoch: 82 - Loss: 80.05926772819508
Epoch: 83 - Loss: 78.36650842702937
Epoch: 84 - Loss: 77.64577959739776
Epoch: 85 - Loss: 77.12847051990072
Epoch: 86 - Loss: 77.52853590558738
Epoch: 87 - Loss: 77.88532119249365
Epoch: 88 - Loss: 77.361399649286
Epoch: 89 - Loss: 77.94672186989321
Epoch: 90 - Loss: 77.44564672273003
Epoch: 91 - Loss: 77.6901609231806
Epoch: 92 - Loss: 77.82463476838696
Epoch: 93 - Loss: 77.54448331068676
Epoch: 94 - Loss: 77.88340639821381
Epoch: 95 - Loss: 77.45630325928539
Epoch: 96 - Loss: 77.60037320202731
Epoch: 97 - Loss: 77.52693667599858
Epoch: 98 - Loss: 77.40654094494188
Epoch: 99 - Loss: 77.52718557098075
Epoch: 100 - Loss: 77.31084511561014
Epoch: 101 - Loss: 77.27960653608335
Epoch: 102 - Loss: 77.20259839964976
Epoch: 103 - Loss: 76.9846551812644
Epoch: 104 - Loss: 76.94543934871355
Epoch: 105 - Loss: 76.78462860689261
Epoch: 106 - Loss: 76.65185506196116
Epoch: 107 - Loss: 76.58152358930487
Epoch: 108 - Loss: 76.37843309404013
Epoch: 109 - Loss: 76.2336594080797
Epoch: 110 - Loss: 76.02706234087262
Epoch: 111 - Loss: 75.77962498446388
Epoch: 112 - Loss: 75.57549736669822
Epoch: 113 - Loss: 75.28802461502707
Epoch: 114 - Loss: 75.00398030884537
Epoch: 115 - Loss: 74.67580800183562
Epoch: 116 - Loss: 74.25334601880634
Epoch: 117 - Loss: 73.79752761207705
Epoch: 118 - Loss: 73.21213468597207
Epoch: 119 - Loss: 72.50175436384262
Epoch: 120 - Loss: 71.62661192807438
Epoch: 121 - Loss: 70.44637949781934
Epoch: 122 - Loss: 68.87168538328129
Epoch: 123 - Loss: 66.6881107455242
Epoch: 124 - Loss: 64.7535579706881
Epoch: 125 - Loss: 69.49036984011649
Epoch: 126 - Loss: 71.36160457307255
Epoch: 127 - Loss: 68.69330198997221
Epoch: 128 - Loss: 64.98942546431164
Epoch: 129 - Loss: 65.09767554142854
Epoch: 130 - Loss: 65.97545504567734
Epoch: 131 - Loss: 66.4966593294379
Epoch: 132 - Loss: 66.63692303188797
Epoch: 133 - Loss: 66.43225718574064
Epoch: 134 - Loss: 65.91353619419829
Epoch: 135 - Loss: 65.15214789253594
Epoch: 136 - Loss: 64.41811784586673
Epoch: 137 - Loss: 64.75595347948148
Epoch: 138 - Loss: 65.54412283346171
Epoch: 139 - Loss: 64.22998444055561
Epoch: 140 - Loss: 64.24951248820994
Epoch: 141 - Loss: 64.61334084116336
Epoch: 142 - Loss: 64.78169395597034
Epoch: 143 - Loss: 64.65786620951938
Epoch: 144 - Loss: 64.29171035591568
Epoch: 145 - Loss: 63.89875235057561
Epoch: 146 - Loss: 63.97884413502848
Epoch: 147 - Loss: 64.41538325841259
Epoch: 148 - Loss: 63.93428689796701
Epoch: 149 - Loss: 63.8027872781433
Epoch: 150 - Loss: 64.00067946797978
Epoch: 151 - Loss: 64.11690564814974
Epoch: 152 - Loss: 64.04067889843432
Epoch: 153 - Loss: 63.840641693119714
Epoch: 154 - Loss: 63.73184810613345
Epoch: 155 - Loss: 63.88861061391982
Epoch: 156 - Loss: 63.91146851473878
Epoch: 157 - Loss: 63.71570497675525
Epoch: 158 - Loss: 63.703693890746585
Epoch: 159 - Loss: 63.78128052528823
Epoch: 160 - Loss: 63.78990180273186
Epoch: 161 - Loss: 63.70601834780879
Epoch: 162 - Loss: 63.61653352708331
Epoch: 163 - Loss: 63.62814206583621
Epoch: 164 - Loss: 63.67600081015152
Epoch: 165 - Loss: 63.610641142797675
Epoch: 166 - Loss: 63.54631455986665
Epoch: 167 - Loss: 63.55739826560058
Epoch: 168 - Loss: 63.57404560176205
Epoch: 169 - Loss: 63.54733511147109
Epoch: 170 - Loss: 63.495718674633224
Epoch: 171 - Loss: 63.47265148025551
Epoch: 172 - Loss: 63.486521306083496
Epoch: 173 - Loss: 63.4749117315561
Epoch: 174 - Loss: 63.43234969793269
Epoch: 175 - Loss: 63.411928437708
Epoch: 176 - Loss: 63.41286907937958
Epoch: 177 - Loss: 63.40293413137867
Epoch: 178 - Loss: 63.373951681147766
Epoch: 179 - Loss: 63.34635835488232
Epoch: 180 - Loss: 63.33665330191251
Epoch: 181 - Loss: 63.328658603355954
Epoch: 182 - Loss: 63.30378126713021
Epoch: 183 - Loss: 63.27780424885437
Epoch: 184 - Loss: 63.26405278477486
Epoch: 185 - Loss: 63.25202280631352
Epoch: 186 - Loss: 63.231118162363884
Epoch: 187 - Loss: 63.20622845585609
Epoch: 188 - Loss: 63.18787725385921
Epoch: 189 - Loss: 63.1739839521936
Epoch: 190 - Loss: 63.15424112910557
Epoch: 191 - Loss: 63.13035850073471
Epoch: 192 - Loss: 63.1107873022202
Epoch: 193 - Loss: 63.09415643086166
Epoch: 194 - Loss: 63.07424632395102
Epoch: 195 - Loss: 63.05108239674315
Epoch: 196 - Loss: 63.02963307956046
Epoch: 197 - Loss: 63.01076808932676
Epoch: 198 - Loss: 62.98997862528094
Epoch: 199 - Loss: 62.96643692855339
Epoch: 200 - Loss: 62.9438505431206
Epoch: 201 - Loss: 62.922807915179675
Epoch: 202 - Loss: 62.900506184323326
Epoch: 203 - Loss: 62.87621965652479
Epoch: 204 - Loss: 62.85208469643846
Epoch: 205 - Loss: 62.828921376102365
Epoch: 206 - Loss: 62.804908419426035
Epoch: 207 - Loss: 62.779256922480435
Epoch: 208 - Loss: 62.75347153988702
Epoch: 209 - Loss: 62.72809028220977
Epoch: 210 - Loss: 62.70191330635671
Epoch: 211 - Loss: 62.674386379378376
Epoch: 212 - Loss: 62.646364910856086
Epoch: 213 - Loss: 62.61828926944663
Epoch: 214 - Loss: 62.589355676084395
Epoch: 215 - Loss: 62.55907672316312
Epoch: 216 - Loss: 62.52799640432026
Epoch: 217 - Loss: 62.496360197099946
Epoch: 218 - Loss: 62.4635758749246
Epoch: 219 - Loss: 62.42926696710953
Epoch: 220 - Loss: 62.39368744134567
Epoch: 221 - Loss: 62.35693140995641
Epoch: 222 - Loss: 62.31851384153645
Epoch: 223 - Loss: 62.27805321472729
Epoch: 224 - Loss: 62.2355960203575
Epoch: 225 - Loss: 62.19103930764813
Epoch: 226 - Loss: 62.14387745494649
Epoch: 227 - Loss: 62.093661152635484
Epoch: 228 - Loss: 62.04017984737084
Epoch: 229 - Loss: 61.98308711409809
Epoch: 230 - Loss: 61.92172423991007
Epoch: 231 - Loss: 61.855426498489685
Epoch: 232 - Loss: 61.78363545318991
Epoch: 233 - Loss: 61.705622217698206
Epoch: 234 - Loss: 61.62038765672183
Epoch: 235 - Loss: 61.526859895058884
Epoch: 236 - Loss: 61.42394697178363
Epoch: 237 - Loss: 61.31034313782553
Epoch: 238 - Loss: 61.18447738804772
Epoch: 239 - Loss: 61.04464762834184
Epoch: 240 - Loss: 60.88906629516002
Epoch: 241 - Loss: 60.71578934897187
Epoch: 242 - Loss: 60.52280349591082
Epoch: 243 - Loss: 60.30835404405851
Epoch: 244 - Loss: 60.07143964484123
Epoch: 245 - Loss: 59.812725439127156
Epoch: 246 - Loss: 59.53654761291542
Epoch: 247 - Loss: 59.255223550397346
Epoch: 248 - Loss: 58.99815303076601
Epoch: 249 - Loss: 58.82970341692918
Epoch: 250 - Loss: 57.68547543265628
Epoch: 251 - Loss: 56.355178442070674
Epoch: 252 - Loss: 54.93957213404576
Epoch: 253 - Loss: 53.58326304939684
Epoch: 254 - Loss: 52.55983062208302
Epoch: 255 - Loss: 52.09305653515321
Epoch: 256 - Loss: 52.157476967788384
Epoch: 257 - Loss: 52.70729066716185
Epoch: 258 - Loss: 53.27210703648342
Epoch: 259 - Loss: 53.46457649362217
Epoch: 260 - Loss: 53.39535619417315
Epoch: 261 - Loss: 53.023630480789805
Epoch: 262 - Loss: 52.532018888382446
Epoch: 263 - Loss: 51.99225388630333
Epoch: 264 - Loss: 51.78798574235179
Epoch: 265 - Loss: 51.864718494471504
Epoch: 266 - Loss: 51.39940497080481
Epoch: 267 - Loss: 52.10317176918641
Epoch: 268 - Loss: 54.97823670165207
Epoch: 269 - Loss: 55.82715606632896
Epoch: 270 - Loss: 52.57784965849757
Epoch: 271 - Loss: 56.106220747113845
Epoch: 272 - Loss: 59.93688701469193
Epoch: 273 - Loss: 59.39392608517509
Epoch: 274 - Loss: 62.4174573798183
Epoch: 275 - Loss: 64.11709206715287
Epoch: 276 - Loss: 65.13057102888197
Epoch: 277 - Loss: 65.02889720596414
Epoch: 278 - Loss: 63.840147252166574
Epoch: 279 - Loss: 61.75097809007721
Epoch: 280 - Loss: 59.014943282433954
Epoch: 281 - Loss: 56.39802546065397
Epoch: 282 - Loss: 52.40637826899061
Epoch: 283 - Loss: 70.68009044269373
Epoch: 284 - Loss: 74.52493495237934
Epoch: 285 - Loss: 91.82181411351199
Epoch: 286 - Loss: 67.92033440192722
Epoch: 287 - Loss: 65.78778213806885
Epoch: 288 - Loss: 65.59574058485602
Epoch: 289 - Loss: 61.428813779599324
Epoch: 290 - Loss: 52.65519792312546
Epoch: 291 - Loss: 58.964915788767605
Epoch: 292 - Loss: 60.733553919120084
Epoch: 293 - Loss: 63.06886619449883
Epoch: 294 - Loss: 63.833112258687976
Epoch: 295 - Loss: 64.04726315875295
Epoch: 296 - Loss: 63.89313610180222
Epoch: 297 - Loss: 63.32839065554999
Epoch: 298 - Loss: 62.28112348433789
Epoch: 299 - Loss: 60.699106475088925
Epoch: 300 - Loss: 58.50783003437128
Epoch: 1 - Loss: 199.1664593216775
Epoch: 2 - Loss: 199.15162148605464
Epoch: 3 - Loss: 199.13677399575386
Epoch: 4 - Loss: 199.12191430394836
Epoch: 5 - Loss: 199.1070431829575
Epoch: 6 - Loss: 199.0921608666897
Epoch: 7 - Loss: 199.07726690211004
Epoch: 8 - Loss: 199.06236111086386
Epoch: 9 - Loss: 199.04744325509188
Epoch: 10 - Loss: 199.03251309110956
Epoch: 11 - Loss: 199.01757042244338
Epoch: 12 - Loss: 199.00261498688303
Epoch: 13 - Loss: 198.98764650827945
Epoch: 14 - Loss: 198.97266511449163
Epoch: 15 - Loss: 198.95766979870675
Epoch: 16 - Loss: 198.94266060768675
Epoch: 17 - Loss: 198.92763725472798
Epoch: 18 - Loss: 198.91259940694817
Epoch: 19 - Loss: 198.89754672637915
Epoch: 20 - Loss: 198.8824788991981
Epoch: 21 - Loss: 198.86739566391455
Epoch: 22 - Loss: 198.85229610358823
Epoch: 23 - Loss: 198.837180877745
Epoch: 24 - Loss: 198.82204923213536
Epoch: 25 - Loss: 198.80690088619406
Epoch: 26 - Loss: 198.79173556223387
Epoch: 27 - Loss: 198.77655299242204
Epoch: 28 - Loss: 198.7613528655395
Epoch: 29 - Loss: 198.74613503821502
Epoch: 30 - Loss: 198.73089936882332
Epoch: 31 - Loss: 198.7156452686773
Epoch: 32 - Loss: 198.70037266409403
Epoch: 33 - Loss: 198.68508142423212
Epoch: 34 - Loss: 198.66977141712277
Epoch: 35 - Loss: 198.6544417579609
Epoch: 36 - Loss: 198.6390927952598
Epoch: 37 - Loss: 198.6237240811768
Epoch: 38 - Loss: 198.6083343156188
Epoch: 39 - Loss: 198.59292530674443
Epoch: 40 - Loss: 198.57749580874193
Epoch: 41 - Loss: 198.5620460591644
Epoch: 42 - Loss: 198.5465747249568
Epoch: 43 - Loss: 198.53108227922266
Epoch: 44 - Loss: 198.5155677985993
Epoch: 45 - Loss: 198.50003171114034
Epoch: 46 - Loss: 198.4844735047783
Epoch: 47 - Loss: 198.46889291086268
Epoch: 48 - Loss: 198.4532896514264
Epoch: 49 - Loss: 198.43766353266705
Epoch: 50 - Loss: 198.42201420160913
Epoch: 51 - Loss: 198.40634142602033
Epoch: 52 - Loss: 198.39064489971216
Epoch: 53 - Loss: 198.374924381037
Epoch: 54 - Loss: 198.35918015569155
Epoch: 55 - Loss: 198.34341053117237
Epoch: 56 - Loss: 198.32761639365546
Epoch: 57 - Loss: 198.31179723884685
Epoch: 58 - Loss: 198.29595263352738
Epoch: 59 - Loss: 198.28008222768014
Epoch: 60 - Loss: 198.26418611621642
Epoch: 61 - Loss: 198.24826382238913
Epoch: 62 - Loss: 198.2323151487638
Epoch: 63 - Loss: 198.2163398106904
Epoch: 64 - Loss: 198.2003374537861
Epoch: 65 - Loss: 198.18430793990208
Epoch: 66 - Loss: 198.16825094495883
Epoch: 67 - Loss: 198.152165993806
Epoch: 68 - Loss: 198.1360533265017
Epoch: 69 - Loss: 198.11991235299837
Epoch: 70 - Loss: 198.10374279024103
Epoch: 71 - Loss: 198.08754448606518
Epoch: 72 - Loss: 198.0713170698656
Epoch: 73 - Loss: 198.05506040061604
Epoch: 74 - Loss: 198.03877388886391
Epoch: 75 - Loss: 198.02245760152587
Epoch: 76 - Loss: 198.00611120066725
Epoch: 77 - Loss: 197.98973427923667
Epoch: 78 - Loss: 197.9733265948067
Epoch: 79 - Loss: 197.95688856041767
Epoch: 80 - Loss: 197.9404183110458
Epoch: 81 - Loss: 197.9239166348184
Epoch: 82 - Loss: 197.90738296961646
Epoch: 83 - Loss: 197.8908170783781
Epoch: 84 - Loss: 197.87421865986855
Epoch: 85 - Loss: 197.85758749975057
Epoch: 86 - Loss: 197.84092292299903
Epoch: 87 - Loss: 197.82422502459949
Epoch: 88 - Loss: 197.80749337038418
Epoch: 89 - Loss: 197.79072776310093
Epoch: 90 - Loss: 197.77392750774098
Epoch: 91 - Loss: 197.75709268811966
Epoch: 92 - Loss: 197.74022300194827
Epoch: 93 - Loss: 197.72331784040836
Epoch: 94 - Loss: 197.7063770085426
Epoch: 95 - Loss: 197.6894000020386
Epoch: 96 - Loss: 197.67238729712935
Epoch: 97 - Loss: 197.65533756981563
Epoch: 98 - Loss: 197.63825089079455
Epoch: 99 - Loss: 197.62112624301136
Epoch: 100 - Loss: 197.60396397751254
Epoch: 101 - Loss: 197.58676456434404
Epoch: 102 - Loss: 197.56952665373836
Epoch: 103 - Loss: 197.55225041934324
Epoch: 104 - Loss: 197.5349350520718
Epoch: 105 - Loss: 197.51758046304792
Epoch: 106 - Loss: 197.500186287558
Epoch: 107 - Loss: 197.48275217741931
Epoch: 108 - Loss: 197.46527878720417
Epoch: 109 - Loss: 197.44776412171524
Epoch: 110 - Loss: 197.43020828530493
Epoch: 111 - Loss: 197.41261121211588
Epoch: 112 - Loss: 197.39497256189023
Epoch: 113 - Loss: 197.37729189937056
Epoch: 114 - Loss: 197.3595691578394
Epoch: 115 - Loss: 197.34180410359005
Epoch: 116 - Loss: 197.32399576590916
Epoch: 117 - Loss: 197.30614403994014
Epoch: 118 - Loss: 197.28824892271743
Epoch: 119 - Loss: 197.27030994869605
Epoch: 120 - Loss: 197.2523267554127
Epoch: 121 - Loss: 197.23429884968482
Epoch: 122 - Loss: 197.21622600935612
Epoch: 123 - Loss: 197.19810787898308
Epoch: 124 - Loss: 197.17994412965936
Epoch: 125 - Loss: 197.1617344065133
Epoch: 126 - Loss: 197.1434782442138
Epoch: 127 - Loss: 197.12517566758453
Epoch: 128 - Loss: 197.10682612840566
Epoch: 129 - Loss: 197.08842909982693
Epoch: 130 - Loss: 197.06998437298805
Epoch: 131 - Loss: 197.05149165060735
Epoch: 132 - Loss: 197.0329504700993
Epoch: 133 - Loss: 197.01436052691292
Epoch: 134 - Loss: 196.99572148037188
Epoch: 135 - Loss: 196.97703301071016
Epoch: 136 - Loss: 196.95829425419123
Epoch: 137 - Loss: 196.9395059384468
Epoch: 138 - Loss: 196.92066687756272
Epoch: 139 - Loss: 196.9017768946995
Epoch: 140 - Loss: 196.88283569552803
Epoch: 141 - Loss: 196.86384275485094
Epoch: 142 - Loss: 196.84479796065648
Epoch: 143 - Loss: 196.82570067853288
Epoch: 144 - Loss: 196.8065508786473
Epoch: 145 - Loss: 196.7873478520322
Epoch: 146 - Loss: 196.7680914884315
Epoch: 147 - Loss: 196.7487813106441
Epoch: 148 - Loss: 196.72941687511252
Epoch: 149 - Loss: 196.70999792979404
Epoch: 150 - Loss: 196.6905242651161
Epoch: 151 - Loss: 196.6709945343581
Epoch: 152 - Loss: 196.65140929444624
Epoch: 153 - Loss: 196.63176834611676
Epoch: 154 - Loss: 196.61207074410393
Epoch: 155 - Loss: 196.59231619674694
Epoch: 156 - Loss: 196.572504450515
Epoch: 157 - Loss: 196.55263508647414
Epoch: 158 - Loss: 196.5327077799524
Epoch: 159 - Loss: 196.5127218980848
Epoch: 160 - Loss: 196.4926771694691
Epoch: 161 - Loss: 196.47257308011618
Epoch: 162 - Loss: 196.45240945284084
Epoch: 163 - Loss: 196.43218569518308
Epoch: 164 - Loss: 196.41190161072552
Epoch: 165 - Loss: 196.39155670981174
Epoch: 166 - Loss: 196.37115053780948
Epoch: 167 - Loss: 196.35068264828902
Epoch: 168 - Loss: 196.33015263934058
Epoch: 169 - Loss: 196.30956014728372
Epoch: 170 - Loss: 196.28890437123766
Epoch: 171 - Loss: 196.26818516501498
Epoch: 172 - Loss: 196.24740269424873
Epoch: 173 - Loss: 196.2265557637457
Epoch: 174 - Loss: 196.2056444112198
Epoch: 175 - Loss: 196.1846679325514
Epoch: 176 - Loss: 196.16362590387172
Epoch: 177 - Loss: 196.14251809168732
Epoch: 178 - Loss: 196.1213437965862
Epoch: 179 - Loss: 196.10010242566682
Epoch: 180 - Loss: 196.078794036525
Epoch: 181 - Loss: 196.05741779239455
Epoch: 182 - Loss: 196.0359735431326
Epoch: 183 - Loss: 196.01446026603176
Epoch: 184 - Loss: 195.9928780719769
Epoch: 185 - Loss: 195.97122633156042
Epoch: 186 - Loss: 195.9495046291974
Epoch: 187 - Loss: 195.92771220956448
Epoch: 188 - Loss: 195.9058487932356
Epoch: 189 - Loss: 195.88391413400578
Epoch: 190 - Loss: 195.8619073333336
Epoch: 191 - Loss: 195.83982787649512
Epoch: 192 - Loss: 195.8176756214771
Epoch: 193 - Loss: 195.7954499536965
Epoch: 194 - Loss: 195.77315027868778
Epoch: 195 - Loss: 195.75077628448008
Epoch: 196 - Loss: 195.72832707577962
Epoch: 197 - Loss: 195.7058026241973
Epoch: 198 - Loss: 195.68320222003908
Epoch: 199 - Loss: 195.6605253775152
Epoch: 200 - Loss: 195.63777145749387
Epoch: 201 - Loss: 195.61494008982856
Epoch: 202 - Loss: 195.59203070134032
Epoch: 203 - Loss: 195.56904336179252
Epoch: 204 - Loss: 195.54597623767745
Epoch: 205 - Loss: 195.5228295989671
Epoch: 206 - Loss: 195.49960664102773
Epoch: 207 - Loss: 195.4762990699913
Epoch: 208 - Loss: 195.4529102183184
Epoch: 209 - Loss: 195.42943953434713
Epoch: 210 - Loss: 195.4058864574516
Epoch: 211 - Loss: 195.382250422474
Epoch: 212 - Loss: 195.35853086704168
Epoch: 213 - Loss: 195.33472734690625
Epoch: 214 - Loss: 195.31083903019587
Epoch: 215 - Loss: 195.28686542186637
Epoch: 216 - Loss: 195.2628059340401
Epoch: 217 - Loss: 195.2386600420174
Epoch: 218 - Loss: 195.21442711619315
Epoch: 219 - Loss: 195.19010655720288
Epoch: 220 - Loss: 195.16569776039975
Epoch: 221 - Loss: 195.1412001122744
Epoch: 222 - Loss: 195.1166130030473
Epoch: 223 - Loss: 195.09193581218935
Epoch: 224 - Loss: 195.06716791562457
Epoch: 225 - Loss: 195.04230868327903
Epoch: 226 - Loss: 195.01735747872985
Epoch: 227 - Loss: 194.99231362143382
Epoch: 228 - Loss: 194.96717652826553
Epoch: 229 - Loss: 194.94194552504268
Epoch: 230 - Loss: 194.91661991024284
Epoch: 231 - Loss: 194.89119910470458
Epoch: 232 - Loss: 194.865682399234
Epoch: 233 - Loss: 194.84006912921535
Epoch: 234 - Loss: 194.81435861310194
Epoch: 235 - Loss: 194.78855016907318
Epoch: 236 - Loss: 194.76264310957723
Epoch: 237 - Loss: 194.73663673826303
Epoch: 238 - Loss: 194.71053035838747
Epoch: 239 - Loss: 194.6843232695608
Epoch: 240 - Loss: 194.6580147642539
Epoch: 241 - Loss: 194.63160422208696
Epoch: 242 - Loss: 194.60509069904546
Epoch: 243 - Loss: 194.57847356318507
Epoch: 244 - Loss: 194.55175209053098
Epoch: 245 - Loss: 194.5249255416386
Epoch: 246 - Loss: 194.4979928487567
Epoch: 247 - Loss: 194.47095396361178
Epoch: 248 - Loss: 194.44380771251102
Epoch: 249 - Loss: 194.41655335751167
Epoch: 250 - Loss: 194.38919011091883
Epoch: 251 - Loss: 194.36171723470596
Epoch: 252 - Loss: 194.33413395176203
Epoch: 253 - Loss: 194.3064394415492
Epoch: 254 - Loss: 194.2786330005581
Epoch: 255 - Loss: 194.2507136040248
Epoch: 256 - Loss: 194.22268055857805
Epoch: 257 - Loss: 194.19453306966045
Epoch: 258 - Loss: 194.166270334641
Epoch: 259 - Loss: 194.13789146739913
Epoch: 260 - Loss: 194.1093957045338
Epoch: 261 - Loss: 194.08078212202585
Epoch: 262 - Loss: 194.05204996824128
Epoch: 263 - Loss: 194.02319827321122
Epoch: 264 - Loss: 193.99422627281484
Epoch: 265 - Loss: 193.96513313048305
Epoch: 266 - Loss: 193.93591788736478
Epoch: 267 - Loss: 193.906579798173
Epoch: 268 - Loss: 193.8771178257893
Epoch: 269 - Loss: 193.84753108972419
Epoch: 270 - Loss: 193.81781873917117
Epoch: 271 - Loss: 193.78797989721807
Epoch: 272 - Loss: 193.75801332263276
Epoch: 273 - Loss: 193.72791868629395
Epoch: 274 - Loss: 193.69769482207823
Epoch: 275 - Loss: 193.6672320921938
Epoch: 276 - Loss: 193.63549685728302
Epoch: 277 - Loss: 193.60352738490948
Epoch: 278 - Loss: 193.5713331141426
Epoch: 279 - Loss: 193.53892237863715
Epoch: 280 - Loss: 193.5063025565627
Epoch: 281 - Loss: 193.47348008573653
Epoch: 282 - Loss: 193.4404608232087
Epoch: 283 - Loss: 193.40724967456237
Epoch: 284 - Loss: 193.37385114026912
Epoch: 285 - Loss: 193.34026898159874
Epoch: 286 - Loss: 193.30650652408957
Epoch: 287 - Loss: 193.27256663231418
Epoch: 288 - Loss: 193.2384517276813
Epoch: 289 - Loss: 193.20416389927618
Epoch: 290 - Loss: 193.1697049938908
Epoch: 291 - Loss: 193.13507632417742
Epoch: 292 - Loss: 193.10027907878523
Epoch: 293 - Loss: 193.0653143025818
Epoch: 294 - Loss: 193.03018264779396
Epoch: 295 - Loss: 192.9948846140925
Epoch: 296 - Loss: 192.95942057665945
Epoch: 297 - Loss: 192.92379073802473
Epoch: 298 - Loss: 192.88799518971402
Epoch: 299 - Loss: 192.85203379273472
Epoch: 300 - Loss: 192.81590629099028
Epoch: 1 - Loss: 195.27442195507464
Epoch: 2 - Loss: 195.08530643060337
Epoch: 3 - Loss: 194.89347880139894
Epoch: 4 - Loss: 194.6988242401224
Epoch: 5 - Loss: 194.50123138545297
Epoch: 6 - Loss: 194.30058340902175
Epoch: 7 - Loss: 194.09676054097073
Epoch: 8 - Loss: 193.8896400359604
Epoch: 9 - Loss: 193.67909622793104
Epoch: 10 - Loss: 193.46500145562555
Epoch: 11 - Loss: 193.24722261556477
Epoch: 12 - Loss: 193.02563036234264
Epoch: 13 - Loss: 192.8000884502231
Epoch: 14 - Loss: 192.570463639738
Epoch: 15 - Loss: 192.33662424375248
Epoch: 16 - Loss: 192.09843620743433
Epoch: 17 - Loss: 191.85577027179437
Epoch: 18 - Loss: 191.6085013213491
Epoch: 19 - Loss: 191.3565073135916
Epoch: 20 - Loss: 191.09967298650508
Epoch: 21 - Loss: 190.83789277019187
Epoch: 22 - Loss: 190.5638620418763
Epoch: 23 - Loss: 190.28275188170338
Epoch: 24 - Loss: 189.9958970609705
Epoch: 25 - Loss: 189.70326689481684
Epoch: 26 - Loss: 189.40482597260453
Epoch: 27 - Loss: 189.10053086102042
Epoch: 28 - Loss: 188.79032621599987
Epoch: 29 - Loss: 188.47413094556728
Epoch: 30 - Loss: 188.15182230047017
Epoch: 31 - Loss: 187.82320557093644
Epoch: 32 - Loss: 187.48796866895668
Epoch: 33 - Loss: 187.14561215740017
Epoch: 34 - Loss: 186.79534347223392
Epoch: 35 - Loss: 186.43590599172316
Epoch: 36 - Loss: 186.0653296891872
Epoch: 37 - Loss: 185.6805287828254
Epoch: 38 - Loss: 185.2766774859245
Epoch: 39 - Loss: 184.84621032849338
Epoch: 40 - Loss: 184.37721917863706
Epoch: 41 - Loss: 183.85084261136484
Epoch: 42 - Loss: 183.23704887548777
Epoch: 43 - Loss: 182.48823940338525
Epoch: 44 - Loss: 181.53125669688484
Epoch: 45 - Loss: 180.05682968113456
Epoch: 46 - Loss: 178.15015717242665
Epoch: 47 - Loss: 175.70857082521113
Epoch: 48 - Loss: 171.84093142696116
Epoch: 49 - Loss: 186.20841364596797
Epoch: 50 - Loss: 180.5183755421854
Epoch: 51 - Loss: 171.3189144423449
Epoch: 52 - Loss: 173.2755532684411
Epoch: 53 - Loss: 174.53783770283448
Epoch: 54 - Loss: 175.48521778824536
Epoch: 55 - Loss: 176.0964306194257
Epoch: 56 - Loss: 176.5420662140171
Epoch: 57 - Loss: 176.88153197585686
Epoch: 58 - Loss: 177.13296298387561
Epoch: 59 - Loss: 177.310679339341
Epoch: 60 - Loss: 177.42597991982788
Epoch: 61 - Loss: 177.4877423952629
Epoch: 62 - Loss: 177.50291715917967
Epoch: 63 - Loss: 177.47692960449214
Epoch: 64 - Loss: 177.41399168952884
Epoch: 65 - Loss: 177.31734653362906
Epoch: 66 - Loss: 177.18945734397417
Epoch: 67 - Loss: 177.03215443435033
Epoch: 68 - Loss: 176.84675243414893
Epoch: 69 - Loss: 176.63413905134888
Epoch: 70 - Loss: 176.39485178365237
Epoch: 71 - Loss: 176.12912772116482
Epoch: 72 - Loss: 175.83696471532343
Epoch: 73 - Loss: 175.5181219304044
Epoch: 74 - Loss: 175.17212702398305
Epoch: 75 - Loss: 174.76638965734534
Epoch: 76 - Loss: 174.25636599766585
Epoch: 77 - Loss: 173.69457000697926
Epoch: 78 - Loss: 173.0739138541298
Epoch: 79 - Loss: 172.37837969910757
Epoch: 80 - Loss: 171.57368516858895
Epoch: 81 - Loss: 170.59307125149928
Epoch: 82 - Loss: 169.4706535735133
Epoch: 83 - Loss: 177.86952560806287
Epoch: 84 - Loss: 186.5927240158021
Epoch: 85 - Loss: 188.8253199296122
Epoch: 86 - Loss: 187.610274397686
Epoch: 87 - Loss: 179.1919366176287
Epoch: 88 - Loss: 169.17857451191625
Epoch: 89 - Loss: 170.67651389627116
Epoch: 90 - Loss: 171.8382333403956
Epoch: 91 - Loss: 172.65906109185653
Epoch: 92 - Loss: 173.27144792963472
Epoch: 93 - Loss: 173.7300183370155
Epoch: 94 - Loss: 174.0638521589673
Epoch: 95 - Loss: 174.28710442743082
Epoch: 96 - Loss: 174.3996516389159
Epoch: 97 - Loss: 174.45696917639873
Epoch: 98 - Loss: 174.46590130763147
Epoch: 99 - Loss: 174.4318926773286
Epoch: 100 - Loss: 174.35927986657435
Epoch: 101 - Loss: 174.25150522867563
Epoch: 102 - Loss: 174.11128318841054
Epoch: 103 - Loss: 173.92301982545678
Epoch: 104 - Loss: 173.67008567938046
Epoch: 105 - Loss: 173.37242128095102
Epoch: 106 - Loss: 173.0319466750555
Epoch: 107 - Loss: 172.64938819869175
Epoch: 108 - Loss: 172.22386775223816
Epoch: 109 - Loss: 171.75206182492067
Epoch: 110 - Loss: 171.2266800493777
Epoch: 111 - Loss: 170.63377046294377
Epoch: 112 - Loss: 169.94894336757315
Epoch: 113 - Loss: 169.1422482429397
Epoch: 114 - Loss: 168.33272740196037
Epoch: 115 - Loss: 172.03049673977023
Epoch: 116 - Loss: 168.3881272455919
Epoch: 117 - Loss: 169.15600918392022
Epoch: 118 - Loss: 169.72947199454703
Epoch: 119 - Loss: 170.1074902375009
Epoch: 120 - Loss: 170.33961283366278
Epoch: 121 - Loss: 170.4569249493015
Epoch: 122 - Loss: 170.4784151530228
Epoch: 123 - Loss: 170.41600353309283
Epoch: 124 - Loss: 170.27691801504758
Epoch: 125 - Loss: 170.06459783146195
Epoch: 126 - Loss: 169.77874033140588
Epoch: 127 - Loss: 169.41488956756103
Epoch: 128 - Loss: 168.9648444036232
Epoch: 129 - Loss: 168.42564400440583
Epoch: 130 - Loss: 167.87071209403015
Epoch: 131 - Loss: 168.44344905300395
Epoch: 132 - Loss: 168.50122162501285
Epoch: 133 - Loss: 167.7126623983272
Epoch: 134 - Loss: 168.00970401098172
Epoch: 135 - Loss: 168.2330863224906
Epoch: 136 - Loss: 168.32220028699297
Epoch: 137 - Loss: 168.28467495281902
Epoch: 138 - Loss: 168.1330487015781
Epoch: 139 - Loss: 167.8828997282219
Epoch: 140 - Loss: 167.57725917384457
Epoch: 141 - Loss: 167.4224285858993
Epoch: 142 - Loss: 167.9112728547651
Epoch: 143 - Loss: 167.38821631178118
Epoch: 144 - Loss: 167.37895734544654
Epoch: 145 - Loss: 167.50582746123004
Epoch: 146 - Loss: 167.55051818937397
Epoch: 147 - Loss: 167.4926898939264
Epoch: 148 - Loss: 167.34835105145433
Epoch: 149 - Loss: 167.16877080337963
Epoch: 150 - Loss: 167.15210095589828
Epoch: 151 - Loss: 167.27672173307514
Epoch: 152 - Loss: 167.0273840229642
Epoch: 153 - Loss: 167.04234532421833
Epoch: 154 - Loss: 167.0832007288462
Epoch: 155 - Loss: 167.06026104209153
Epoch: 156 - Loss: 166.97186574652392
Epoch: 157 - Loss: 166.85700562970553
Epoch: 158 - Loss: 166.85984910110432
Epoch: 159 - Loss: 166.87229590694315
Epoch: 160 - Loss: 166.73275649511805
Epoch: 161 - Loss: 166.73731597660884
Epoch: 162 - Loss: 166.73713916271714
Epoch: 163 - Loss: 166.68934683058745
Epoch: 164 - Loss: 166.60634330365326
Epoch: 165 - Loss: 166.55598849238035
Epoch: 166 - Loss: 166.5669475334973
Epoch: 167 - Loss: 166.47901679450916
Epoch: 168 - Loss: 166.4462819389964
Epoch: 169 - Loss: 166.4313066105255
Epoch: 170 - Loss: 166.3853865376104
Epoch: 171 - Loss: 166.3175841978113
Epoch: 172 - Loss: 166.29344773304697
Epoch: 173 - Loss: 166.2652166549077
Epoch: 174 - Loss: 166.1918333363031
Epoch: 175 - Loss: 166.16991283805098
Epoch: 176 - Loss: 166.13779089972445
Epoch: 177 - Loss: 166.08035585904017
Epoch: 178 - Loss: 166.02710086240668
Epoch: 179 - Loss: 166.0034902771462
Epoch: 180 - Loss: 165.94426177755506
Epoch: 181 - Loss: 165.90045783073336
Epoch: 182 - Loss: 165.86434264274743
Epoch: 183 - Loss: 165.8107529685737
Epoch: 184 - Loss: 165.76499613550993
Epoch: 185 - Loss: 165.72747779600317
Epoch: 186 - Loss: 165.66975948135672
Epoch: 187 - Loss: 165.6281232362813
Epoch: 188 - Loss: 165.58246505140266
Epoch: 189 - Loss: 165.52626423104508
Epoch: 190 - Loss: 165.4823388242093
Epoch: 191 - Loss: 165.43214851467783
Epoch: 192 - Loss: 165.3781711404026
Epoch: 193 - Loss: 165.33274897837344
Epoch: 194 - Loss: 165.27701094055908
Epoch: 195 - Loss: 165.22455731410503
Epoch: 196 - Loss: 165.17382262508582
Epoch: 197 - Loss: 165.11732970666804
Epoch: 198 - Loss: 165.06357223470934
Epoch: 199 - Loss: 165.0096349036504
Epoch: 200 - Loss: 164.95109457407324
Epoch: 201 - Loss: 164.89689366067185
Epoch: 202 - Loss: 164.8363428009117
Epoch: 203 - Loss: 164.77716020207149
Epoch: 204 - Loss: 164.71949536340782
Epoch: 205 - Loss: 164.65531158789298
Epoch: 206 - Loss: 164.59575786606175
Epoch: 207 - Loss: 164.53093924585025
Epoch: 208 - Loss: 164.46571407424167
Epoch: 209 - Loss: 164.40241213376703
Epoch: 210 - Loss: 164.33284141152825
Epoch: 211 - Loss: 164.26683614328886
Epoch: 212 - Loss: 164.1960120691014
Epoch: 213 - Loss: 164.12434632841692
Epoch: 214 - Loss: 164.0537694083667
Epoch: 215 - Loss: 163.97764929512564
Epoch: 216 - Loss: 163.90413212735774
Epoch: 217 - Loss: 163.82514121136776
Epoch: 218 - Loss: 163.7457054462752
Epoch: 219 - Loss: 163.66621768237263
Epoch: 220 - Loss: 163.5812372010108
Epoch: 221 - Loss: 163.4982983137401
Epoch: 222 - Loss: 163.4085739183416
Epoch: 223 - Loss: 163.3188145574059
Epoch: 224 - Loss: 163.22783763837757
Epoch: 225 - Loss: 163.13049096510213
Epoch: 226 - Loss: 163.03484522746876
Epoch: 227 - Loss: 162.93072942714073
Epoch: 228 - Loss: 162.8264113561635
Epoch: 229 - Loss: 162.7196484625157
Epoch: 230 - Loss: 162.6049159257857
Epoch: 231 - Loss: 162.49136864770188
Epoch: 232 - Loss: 162.36761218719818
Epoch: 233 - Loss: 162.24309005989394
Epoch: 234 - Loss: 162.11198202957777
Epoch: 235 - Loss: 161.97812536342747
Epoch: 236 - Loss: 161.84026528070234
Epoch: 237 - Loss: 161.69885390504456
Epoch: 238 - Loss: 161.55872612104488
Epoch: 239 - Loss: 161.42221871681224
Epoch: 240 - Loss: 161.2986290729338
Epoch: 241 - Loss: 161.20304983979082
Epoch: 242 - Loss: 161.1538756216403
Epoch: 243 - Loss: 161.15717068152682
Epoch: 244 - Loss: 161.15215209398372
Epoch: 245 - Loss: 161.0830965502839
Epoch: 246 - Loss: 160.97342801706642
Epoch: 247 - Loss: 160.8598829152653
Epoch: 248 - Loss: 160.76220937025522
Epoch: 249 - Loss: 160.68353703244617
Epoch: 250 - Loss: 160.61824935401654
Epoch: 251 - Loss: 160.56079665982128
Epoch: 252 - Loss: 160.50608214187716
Epoch: 253 - Loss: 160.45067623693487
Epoch: 254 - Loss: 160.39328727744422
Epoch: 255 - Loss: 160.33266918809295
Epoch: 256 - Loss: 160.26877799429698
Epoch: 257 - Loss: 160.2019694817453
Epoch: 258 - Loss: 160.13240360442404
Epoch: 259 - Loss: 160.06104912228628
Epoch: 260 - Loss: 159.98861129375476
Epoch: 261 - Loss: 159.91595493918624
Epoch: 262 - Loss: 159.844268675119
Epoch: 263 - Loss: 159.77427980333226
Epoch: 264 - Loss: 159.7067828968926
Epoch: 265 - Loss: 159.64204163399256
Epoch: 266 - Loss: 159.57951633443665
Epoch: 267 - Loss: 159.5182270514442
Epoch: 268 - Loss: 159.4565749436527
Epoch: 269 - Loss: 159.39321523657946
Epoch: 270 - Loss: 159.32761759990643
Epoch: 271 - Loss: 159.26002303559346
Epoch: 272 - Loss: 159.191435157443
Epoch: 273 - Loss: 159.12285614206857
Epoch: 274 - Loss: 159.05492670498492
Epoch: 275 - Loss: 158.9878961962165
Epoch: 276 - Loss: 158.92151123635867
Epoch: 277 - Loss: 158.85536199405888
Epoch: 278 - Loss: 158.788978291094
Epoch: 279 - Loss: 158.72190710379112
Epoch: 280 - Loss: 158.65136663882944
Epoch: 281 - Loss: 158.5777010535569
Epoch: 282 - Loss: 158.50207670186396
Epoch: 283 - Loss: 158.42464877619312
Epoch: 284 - Loss: 158.34557768123716
Epoch: 285 - Loss: 158.2650655879149
Epoch: 286 - Loss: 158.18324289393007
Epoch: 287 - Loss: 158.10015370230315
Epoch: 288 - Loss: 158.01575303564084
Epoch: 289 - Loss: 157.9298679769989
Epoch: 290 - Loss: 157.8422886820112
Epoch: 291 - Loss: 157.75279944214867
Epoch: 292 - Loss: 157.6612425576489
Epoch: 293 - Loss: 157.56757046187454
Epoch: 294 - Loss: 157.47180141368992
Epoch: 295 - Loss: 157.37400967592095
Epoch: 296 - Loss: 157.27426392131235
Epoch: 297 - Loss: 157.172595559538
Epoch: 298 - Loss: 157.06901646376826
Epoch: 299 - Loss: 156.96352457881738
Epoch: 300 - Loss: 156.85615987163268
Epoch: 1 - Loss: 189.49629683288663
Epoch: 2 - Loss: 188.30158298375213
Epoch: 3 - Loss: 187.29150635380077
Epoch: 4 - Loss: 185.4907538311392
Epoch: 5 - Loss: 185.08620680110545
Epoch: 6 - Loss: 182.71333699446728
Epoch: 7 - Loss: 181.83071462477776
Epoch: 8 - Loss: 180.8919470864462
Epoch: 9 - Loss: 179.71302662842737
Epoch: 10 - Loss: 178.4839345382017
Epoch: 11 - Loss: 177.15472992825164
Epoch: 12 - Loss: 175.7727099180258
Epoch: 13 - Loss: 174.49098278258106
Epoch: 14 - Loss: 173.42959428704685
Epoch: 15 - Loss: 172.34136117141986
Epoch: 16 - Loss: 170.76880670065464
Epoch: 17 - Loss: 168.49413572901025
Epoch: 18 - Loss: 171.12134417413324
Epoch: 19 - Loss: 124.72248932623961
Epoch: 20 - Loss: 118.76285536856611
Epoch: 21 - Loss: 116.43276208935347
Epoch: 22 - Loss: 113.60058230418667
Epoch: 23 - Loss: 112.39291194771297
Epoch: 24 - Loss: 113.93223404548766
Epoch: 25 - Loss: 112.45607007846691
Epoch: 26 - Loss: 119.48428808046226
Epoch: 27 - Loss: 118.88889422732373
Epoch: 28 - Loss: 113.90576344998875
Epoch: 29 - Loss: 105.26383662566023
Epoch: 30 - Loss: 95.12043297987807
Epoch: 31 - Loss: 94.97890060683223
Epoch: 32 - Loss: 96.34277905627256
Epoch: 33 - Loss: 97.19396150738768
Epoch: 34 - Loss: 97.62364295539362
Epoch: 35 - Loss: 97.77399883444293
Epoch: 36 - Loss: 97.73406171992781
Epoch: 37 - Loss: 97.46761125047554
Epoch: 38 - Loss: 97.02944259718463
Epoch: 39 - Loss: 96.41143835710862
Epoch: 40 - Loss: 95.5763785739126
Epoch: 41 - Loss: 94.41959764857135
Epoch: 42 - Loss: 92.54805911842513
Epoch: 43 - Loss: 88.7252593328002
Epoch: 44 - Loss: 91.30113605418988
Epoch: 45 - Loss: 86.01482821545265
Epoch: 46 - Loss: 87.0343095116416
Epoch: 47 - Loss: 113.03997618486741
NON-FINITE LOSS: retcode=Unstable npoints=6 expected=6
NON-FINITE LOSS: retcode=Unstable npoints=5 expected=6
Epoch: 48 - Loss: 1.0e6
NON-FINITE LOSS: retcode=Unstable npoints=6 expected=6
NON-FINITE LOSS: retcode=Unstable npoints=4 expected=6
Epoch: 49 - Loss: 1.0e6
NON-FINITE LOSS: retcode=Unstable npoints=6 expected=6
NON-FINITE LOSS: retcode=Unstable npoints=4 expected=6
Epoch: 50 - Loss: 1.0e6
NON-FINITE LOSS: retcode=Unstable npoints=6 expected=6
NON-FINITE LOSS: retcode=Unstable npoints=4 expected=6
Epoch: 51 - Loss: 1.0e6
NON-FINITE LOSS: retcode=Unstable npoints=6 expected=6
NON-FINITE LOSS: retcode=Unstable npoints=3 expected=6
Epoch: 52 - Loss: 1.0e6
NON-FINITE LOSS: retcode=Unstable npoints=6 expected=6
NON-FINITE LOSS: retcode=Unstable npoints=3 expected=6
Epoch: 53 - Loss: 1.0e6
Epoch: 1 - Loss: 196.73614317456895
Epoch: 2 - Loss: 196.72009454150103
Epoch: 3 - Loss: 196.70403050235848
Epoch: 4 - Loss: 196.68795053765524
Epoch: 5 - Loss: 196.67185593841222
Epoch: 6 - Loss: 196.65574188521134
Epoch: 7 - Loss: 196.63961276859908
Epoch: 8 - Loss: 196.623466787726
Epoch: 9 - Loss: 196.60730354596612
Epoch: 10 - Loss: 196.5911227920575
Epoch: 11 - Loss: 196.5749241340265
Epoch: 12 - Loss: 196.5587074475852
Epoch: 13 - Loss: 196.54247255617068
Epoch: 14 - Loss: 196.5262191210841
Epoch: 15 - Loss: 196.50994676189373
Epoch: 16 - Loss: 196.4936550622827
Epoch: 17 - Loss: 196.4773439308818
Epoch: 18 - Loss: 196.46101274731504
Epoch: 19 - Loss: 196.44466181548324
Epoch: 20 - Loss: 196.42829048934985
Epoch: 21 - Loss: 196.41189886697532
Epoch: 22 - Loss: 196.3954861278121
Epoch: 23 - Loss: 196.37905233701088
Epoch: 24 - Loss: 196.3625969103182
Epoch: 25 - Loss: 196.34612024549406
Epoch: 26 - Loss: 196.32962153325872
Epoch: 27 - Loss: 196.31310083281878
Epoch: 28 - Loss: 196.29655787521844
Epoch: 29 - Loss: 196.2799924365002
Epoch: 30 - Loss: 196.26340415513238
Epoch: 31 - Loss: 196.2467928618823
Epoch: 32 - Loss: 196.2301583416576
Epoch: 33 - Loss: 196.21350020260627
Epoch: 34 - Loss: 196.196818364859
Epoch: 35 - Loss: 196.18011258128828
Epoch: 36 - Loss: 196.16338249051051
Epoch: 37 - Loss: 196.14662822167585
Epoch: 38 - Loss: 196.12984939143996
Epoch: 39 - Loss: 196.11304595168238
Epoch: 40 - Loss: 196.09621734874946
Epoch: 41 - Loss: 196.07936345176722
Epoch: 42 - Loss: 196.06248414020422
Epoch: 43 - Loss: 196.0455790443751
Epoch: 44 - Loss: 196.02864809844846
Epoch: 45 - Loss: 196.01169123868303
Epoch: 46 - Loss: 195.99470823331617
Epoch: 47 - Loss: 195.97769870291467
Epoch: 48 - Loss: 195.96066253102939
Epoch: 49 - Loss: 195.94359950011795
Epoch: 50 - Loss: 195.9265093931493
Epoch: 51 - Loss: 195.9093920339979
Epoch: 52 - Loss: 195.89224712118641
Epoch: 53 - Loss: 195.8750746595642
Epoch: 54 - Loss: 195.8578746311132
Epoch: 55 - Loss: 195.8406459725548
Epoch: 56 - Loss: 195.82338919996346
Epoch: 57 - Loss: 195.80610396049525
Epoch: 58 - Loss: 195.78878999839347
Epoch: 59 - Loss: 195.7714470746698
Epoch: 60 - Loss: 195.7540750099959
Epoch: 61 - Loss: 195.7366736072428
Epoch: 62 - Loss: 195.71924237459987
Epoch: 63 - Loss: 195.70178162541305
Epoch: 64 - Loss: 195.68429083758193
Epoch: 65 - Loss: 195.66676990647613
Epoch: 66 - Loss: 195.64921853062293
Epoch: 67 - Loss: 195.63163641857562
Epoch: 68 - Loss: 195.61402351913802
Epoch: 69 - Loss: 195.59637937259524
Epoch: 70 - Loss: 195.57870400273697
Epoch: 71 - Loss: 195.56099705020824
Epoch: 72 - Loss: 195.5432585352224
Epoch: 73 - Loss: 195.5254877597127
Epoch: 74 - Loss: 195.50768453308982
Epoch: 75 - Loss: 195.4898490336457
Epoch: 76 - Loss: 195.47198071061592
Epoch: 77 - Loss: 195.45407915690626
Epoch: 78 - Loss: 195.436144257212
Epoch: 79 - Loss: 195.41817596597073
Epoch: 80 - Loss: 195.40017444762734
Epoch: 81 - Loss: 195.38213823269095
Epoch: 82 - Loss: 195.36406778528118
Epoch: 83 - Loss: 195.34596279965086
Epoch: 84 - Loss: 195.32782293019744
Epoch: 85 - Loss: 195.30964807951057
Epoch: 86 - Loss: 195.29143755109538
Epoch: 87 - Loss: 195.27319128959962
Epoch: 88 - Loss: 195.25490890156442
Epoch: 89 - Loss: 195.2365904367579
Epoch: 90 - Loss: 195.2182351674721
Epoch: 91 - Loss: 195.19984284768253
Epoch: 92 - Loss: 195.18141343956185
Epoch: 93 - Loss: 195.16294659172
Epoch: 94 - Loss: 195.14444172454662
Epoch: 95 - Loss: 195.12589853073038
Epoch: 96 - Loss: 195.10731693723628
Epoch: 97 - Loss: 195.08869657012016
Epoch: 98 - Loss: 195.07003701406202
Epoch: 99 - Loss: 195.05133789790662
Epoch: 100 - Loss: 195.03259871233027
Epoch: 101 - Loss: 195.0138196255933
Epoch: 102 - Loss: 194.99499966165192
Epoch: 103 - Loss: 194.9761388938702
Epoch: 104 - Loss: 194.9572368327893
Epoch: 105 - Loss: 194.93829303047366
Epoch: 106 - Loss: 194.91930742618158
Epoch: 107 - Loss: 194.90027911196552
Epoch: 108 - Loss: 194.88120806987115
Epoch: 109 - Loss: 194.86209368427495
Epoch: 110 - Loss: 194.84293574252843
Epoch: 111 - Loss: 194.82373347575572
Epoch: 112 - Loss: 194.80448688504447
Epoch: 113 - Loss: 194.78519555791118
Epoch: 114 - Loss: 194.76585883188875
Epoch: 115 - Loss: 194.74647640160012
Epoch: 116 - Loss: 194.72704771840432
Epoch: 117 - Loss: 194.7075725551125
Epoch: 118 - Loss: 194.6880502334214
Epoch: 119 - Loss: 194.6684809854761
Epoch: 120 - Loss: 194.64886327457558
Epoch: 121 - Loss: 194.62919705327383
Epoch: 122 - Loss: 194.60948191023851
Epoch: 123 - Loss: 194.58971733461993
Epoch: 124 - Loss: 194.56990294145967
Epoch: 125 - Loss: 194.55003826557035
Epoch: 126 - Loss: 194.53012275496303
Epoch: 127 - Loss: 194.51015592914055
Epoch: 128 - Loss: 194.49013721660128
Epoch: 129 - Loss: 194.47006607877708
Epoch: 130 - Loss: 194.44994219593812
Epoch: 131 - Loss: 194.42911219699616
Epoch: 132 - Loss: 194.40797603060545
Epoch: 133 - Loss: 194.38671399407636
Epoch: 134 - Loss: 194.36533357957506
Epoch: 135 - Loss: 194.34384086121153
Epoch: 136 - Loss: 194.32224089783506
Epoch: 137 - Loss: 194.30053972310733
Epoch: 138 - Loss: 194.2787406711956
Epoch: 139 - Loss: 194.25684844128358
Epoch: 140 - Loss: 194.23486616986455
Epoch: 141 - Loss: 194.21279687485756
Epoch: 142 - Loss: 194.19064281190697
Epoch: 143 - Loss: 194.16840678825582
Epoch: 144 - Loss: 194.14608989410397
Epoch: 145 - Loss: 194.12369407905928
Epoch: 146 - Loss: 194.10122120566695
Epoch: 147 - Loss: 194.07867226801335
Epoch: 148 - Loss: 194.05604741472837
Epoch: 149 - Loss: 194.03334923648364
Epoch: 150 - Loss: 194.01057753698834
Epoch: 151 - Loss: 193.9877329221535
Epoch: 152 - Loss: 193.9648160673291
Epoch: 153 - Loss: 193.9418264422067
Epoch: 154 - Loss: 193.91876514680885
Epoch: 155 - Loss: 193.8956313540096
Epoch: 156 - Loss: 193.87242628280566
Epoch: 157 - Loss: 193.84914914894733
Epoch: 158 - Loss: 193.82579985267657
Epoch: 159 - Loss: 193.80237786158574
Epoch: 160 - Loss: 193.7788845817623
Epoch: 161 - Loss: 193.75531797245537
Epoch: 162 - Loss: 193.73167809829206
Epoch: 163 - Loss: 193.707964781669
Epoch: 164 - Loss: 193.68417752367833
Epoch: 165 - Loss: 193.66031600236946
Epoch: 166 - Loss: 193.63637963773408
Epoch: 167 - Loss: 193.61236813260916
Epoch: 168 - Loss: 193.58828080531617
Epoch: 169 - Loss: 193.56411669115636
Epoch: 170 - Loss: 193.53987595034076
Epoch: 171 - Loss: 193.51555771749602
Epoch: 172 - Loss: 193.49116158312424
Epoch: 173 - Loss: 193.46668676122653
Epoch: 174 - Loss: 193.44213279804308
Epoch: 175 - Loss: 193.41749885945788
Epoch: 176 - Loss: 193.3927842395832
Epoch: 177 - Loss: 193.36798849449238
Epoch: 178 - Loss: 193.3431107920423
Epoch: 179 - Loss: 193.31815064924865
Epoch: 180 - Loss: 193.29310733896142
Epoch: 181 - Loss: 193.26797994678054
Epoch: 182 - Loss: 193.2427681175073
Epoch: 183 - Loss: 193.2174710872423
Epoch: 184 - Loss: 193.19208790931344
Epoch: 185 - Loss: 193.16661778971059
Epoch: 186 - Loss: 193.14106064894338
Epoch: 187 - Loss: 193.1154151133243
Epoch: 188 - Loss: 193.0896807684693
Epoch: 189 - Loss: 193.06385728545683
Epoch: 190 - Loss: 193.03794316851955
Epoch: 191 - Loss: 193.01193782251303
Epoch: 192 - Loss: 192.9858408404602
Epoch: 193 - Loss: 192.95965133399554
Epoch: 194 - Loss: 192.93336852489207
Epoch: 195 - Loss: 192.90699146295532
Epoch: 196 - Loss: 192.88051988621262
Epoch: 197 - Loss: 192.8539529619143
Epoch: 198 - Loss: 192.8272894385555
Epoch: 199 - Loss: 192.8005289592578
Epoch: 200 - Loss: 192.77367060615356
Epoch: 201 - Loss: 192.7467137777748
Epoch: 202 - Loss: 192.7196577495157
Epoch: 203 - Loss: 192.69250188842062
Epoch: 204 - Loss: 192.66524448688727
Epoch: 205 - Loss: 192.63788531233624
Epoch: 206 - Loss: 192.61042412086334
Epoch: 207 - Loss: 192.5828597800598
Epoch: 208 - Loss: 192.55519150616004
Epoch: 209 - Loss: 192.52741843400906
Epoch: 210 - Loss: 192.49953973136934
Epoch: 211 - Loss: 192.471554944206
Epoch: 212 - Loss: 192.44346338761602
Epoch: 213 - Loss: 192.4152635361628
Epoch: 214 - Loss: 192.3869551840546
Epoch: 215 - Loss: 192.35853732460947
Epoch: 216 - Loss: 192.33000924873411
Epoch: 217 - Loss: 192.30137001065722
Epoch: 218 - Loss: 192.272619088813
Epoch: 219 - Loss: 192.24375542664856
Epoch: 220 - Loss: 192.21477818585376
Epoch: 221 - Loss: 192.18568706738284
Epoch: 222 - Loss: 192.1564809932403
Epoch: 223 - Loss: 192.1271590597144
Epoch: 224 - Loss: 192.09772072467416
Epoch: 225 - Loss: 192.06816488213406
Epoch: 226 - Loss: 192.03849084204083
Epoch: 227 - Loss: 192.0086983052399
Epoch: 228 - Loss: 191.97878577466497
Epoch: 229 - Loss: 191.94875240573515
Epoch: 230 - Loss: 191.9185980443639
Epoch: 231 - Loss: 191.8883214619456
Epoch: 232 - Loss: 191.85792180046784
Epoch: 233 - Loss: 191.827398607591
Epoch: 234 - Loss: 191.7967506991285
Epoch: 235 - Loss: 191.7659773307935
Epoch: 236 - Loss: 191.7350778977193
Epoch: 237 - Loss: 191.7040514310595
Epoch: 238 - Loss: 191.6728969957318
Epoch: 239 - Loss: 191.641614408188
Epoch: 240 - Loss: 191.6102016153453
Epoch: 241 - Loss: 191.57865936972541
Epoch: 242 - Loss: 191.54698600440585
Epoch: 243 - Loss: 191.51518100981596
Epoch: 244 - Loss: 191.48324432029324
Epoch: 245 - Loss: 191.4511730784441
Epoch: 246 - Loss: 191.4189679684754
Epoch: 247 - Loss: 191.38662770779976
Epoch: 248 - Loss: 191.3541517363577
Epoch: 249 - Loss: 191.32153910544997
Epoch: 250 - Loss: 191.2887890546867
Epoch: 251 - Loss: 191.25589908192296
Epoch: 252 - Loss: 191.2228715946793
Epoch: 253 - Loss: 191.18970400858498
Epoch: 254 - Loss: 191.15639580709106
Epoch: 255 - Loss: 191.12294611453214
Epoch: 256 - Loss: 191.08935403569978
Epoch: 257 - Loss: 191.0556186533227
Epoch: 258 - Loss: 191.02173922387803
Epoch: 259 - Loss: 190.987714913703
Epoch: 260 - Loss: 190.95354487728014
Epoch: 261 - Loss: 190.919228132595
Epoch: 262 - Loss: 190.88476499038555
Epoch: 263 - Loss: 190.8501526633519
Epoch: 264 - Loss: 190.8153912404714
Epoch: 265 - Loss: 190.78047983702828
Epoch: 266 - Loss: 190.74541761703887
Epoch: 267 - Loss: 190.7102037055277
Epoch: 268 - Loss: 190.67483706598938
Epoch: 269 - Loss: 190.63931716515583
Epoch: 270 - Loss: 190.60364292028504
Epoch: 271 - Loss: 190.56781338743292
Epoch: 272 - Loss: 190.5318286410939
Epoch: 273 - Loss: 190.49568593189287
Epoch: 274 - Loss: 190.45938521871156
Epoch: 275 - Loss: 190.4229256299363
Epoch: 276 - Loss: 190.38630616384702
Epoch: 277 - Loss: 190.34952582828876
Epoch: 278 - Loss: 190.3125837614748
Epoch: 279 - Loss: 190.27547898123117
Epoch: 280 - Loss: 190.23821042022868
Epoch: 281 - Loss: 190.20077707001226
Epoch: 282 - Loss: 190.16317793137677
Epoch: 283 - Loss: 190.12541205110992
Epoch: 284 - Loss: 190.0874783204011
Epoch: 285 - Loss: 190.04937565528317
Epoch: 286 - Loss: 190.01110301923936
Epoch: 287 - Loss: 189.9726592777647
Epoch: 288 - Loss: 189.93404322988283
Epoch: 289 - Loss: 189.89525379477516
Epoch: 290 - Loss: 189.85628978605948
Epoch: 291 - Loss: 189.81714983436834
Epoch: 292 - Loss: 189.77783297788454
Epoch: 293 - Loss: 189.73833794983287
Epoch: 294 - Loss: 189.69866336219502
Epoch: 295 - Loss: 189.65880787116512
Epoch: 296 - Loss: 189.61877017374664
Epoch: 297 - Loss: 189.5785488324301
Epoch: 298 - Loss: 189.5381422605721
Epoch: 299 - Loss: 189.4975489213384
Epoch: 300 - Loss: 189.45676757368668
Epoch: 1 - Loss: 195.2130613646781
Epoch: 2 - Loss: 195.1774655005957
Epoch: 3 - Loss: 195.14179106521655
Epoch: 4 - Loss: 195.10603649280392
Epoch: 5 - Loss: 195.07020015265152
Epoch: 6 - Loss: 195.03428035840315
Epoch: 7 - Loss: 194.99827544160593
Epoch: 8 - Loss: 194.96218361452657
Epoch: 9 - Loss: 194.9260030984025
Epoch: 10 - Loss: 194.8897320964473
Epoch: 11 - Loss: 194.85336878227716
Epoch: 12 - Loss: 194.81691126646828
Epoch: 13 - Loss: 194.78035780526426
Epoch: 14 - Loss: 194.74370650159102
Epoch: 15 - Loss: 194.70695550232256
Epoch: 16 - Loss: 194.67010293300564
Epoch: 17 - Loss: 194.63314698024155
Epoch: 18 - Loss: 194.59608578602914
Epoch: 19 - Loss: 194.55891746123837
Epoch: 20 - Loss: 194.52164006125957
Epoch: 21 - Loss: 194.48425207883324
Epoch: 22 - Loss: 194.44675151050043
Epoch: 23 - Loss: 194.40913653437292
Epoch: 24 - Loss: 194.37140537259825
Epoch: 25 - Loss: 194.33355621006953
Epoch: 26 - Loss: 194.2955873633003
Epoch: 27 - Loss: 194.25749707001003
Epoch: 28 - Loss: 194.21928355773588
Epoch: 29 - Loss: 194.18094516358184
Epoch: 30 - Loss: 194.1424802525987
Epoch: 31 - Loss: 194.10388701908204
Epoch: 32 - Loss: 194.06516386519013
Epoch: 33 - Loss: 194.02630917016333
Epoch: 34 - Loss: 193.9873212886058
Epoch: 35 - Loss: 193.94819864066466
Epoch: 36 - Loss: 193.90893960823402
Epoch: 37 - Loss: 193.8695426394171
Epoch: 38 - Loss: 193.8300061704764
Epoch: 39 - Loss: 193.79032860953095
Epoch: 40 - Loss: 193.75050855393286
Epoch: 41 - Loss: 193.71054443126837
Epoch: 42 - Loss: 193.67043475510548
Epoch: 43 - Loss: 193.63017808870416
Epoch: 44 - Loss: 193.58977289697688
Epoch: 45 - Loss: 193.5492177322396
Epoch: 46 - Loss: 193.50851115151048
Epoch: 47 - Loss: 193.4676517500987
Epoch: 48 - Loss: 193.42663804750296
Epoch: 49 - Loss: 193.38546867306698
Epoch: 50 - Loss: 193.34414226846718
Epoch: 51 - Loss: 193.30265738602387
Epoch: 52 - Loss: 193.26101263838612
Epoch: 53 - Loss: 193.21920667805145
Epoch: 54 - Loss: 193.17723813867278
Epoch: 55 - Loss: 193.1351056564791
Epoch: 56 - Loss: 193.09280795857507
Epoch: 57 - Loss: 193.0486882499857
Epoch: 58 - Loss: 193.0042258512647
Epoch: 59 - Loss: 192.95946558017982
Epoch: 60 - Loss: 192.91442111762495
Epoch: 61 - Loss: 192.86910457906046
Epoch: 62 - Loss: 192.82352648097185
Epoch: 63 - Loss: 192.7776962600317
Epoch: 64 - Loss: 192.7316220473151
Epoch: 65 - Loss: 192.68531103353158
Epoch: 66 - Loss: 192.63876948430857
Epoch: 67 - Loss: 192.59200284861737
Epoch: 68 - Loss: 192.5450158511042
Epoch: 69 - Loss: 192.4978125462988
Epoch: 70 - Loss: 192.45039648532975
Epoch: 71 - Loss: 192.4027706491723
Epoch: 72 - Loss: 192.35493758164225
Epoch: 73 - Loss: 192.3068992741935
Epoch: 74 - Loss: 192.25865768051642
Epoch: 75 - Loss: 192.21021414475206
Epoch: 76 - Loss: 192.16156983644447
Epoch: 77 - Loss: 192.11272563203576
Epoch: 78 - Loss: 192.06368227837746
Epoch: 79 - Loss: 192.01444011800498
Epoch: 80 - Loss: 191.96499956545318
Epoch: 81 - Loss: 191.91536070725476
Epoch: 82 - Loss: 191.86552340531432
Epoch: 83 - Loss: 191.815487826761
Epoch: 84 - Loss: 191.76525353025937
Epoch: 85 - Loss: 191.7148202899932
Epoch: 86 - Loss: 191.66418767435766
Epoch: 87 - Loss: 191.61335517208678
Epoch: 88 - Loss: 191.56232234517068
Epoch: 89 - Loss: 191.51108856647184
Epoch: 90 - Loss: 191.45965323951833
Epoch: 91 - Loss: 191.40801572322724
Epoch: 92 - Loss: 191.35617523864644
Epoch: 93 - Loss: 191.30413110699575
Epoch: 94 - Loss: 191.25188254677258
Epoch: 95 - Loss: 191.1994287673432
Epoch: 96 - Loss: 191.14676898562197
Epoch: 97 - Loss: 191.09390233398875
Epoch: 98 - Loss: 191.04082823256556
Epoch: 99 - Loss: 190.98754574281747
Epoch: 100 - Loss: 190.9340540562478
Epoch: 101 - Loss: 190.8803523924527
Epoch: 102 - Loss: 190.82643995489357
Epoch: 103 - Loss: 190.7723159666427
Epoch: 104 - Loss: 190.7179795822164
Epoch: 105 - Loss: 190.66343037813277
Epoch: 106 - Loss: 190.60866687226545
Epoch: 107 - Loss: 190.55368909008357
Epoch: 108 - Loss: 190.49849594779286
Epoch: 109 - Loss: 190.44308672682703
Epoch: 110 - Loss: 190.38746075539146
Epoch: 111 - Loss: 190.3316172046634
Epoch: 112 - Loss: 190.27555584187533
Epoch: 113 - Loss: 190.21927573553822
Epoch: 114 - Loss: 190.16277630726685
Epoch: 115 - Loss: 190.10605693351252
Epoch: 116 - Loss: 190.0491170589453
Epoch: 117 - Loss: 189.9919559613338
Epoch: 118 - Loss: 189.93457341870916
Epoch: 119 - Loss: 189.87696870171013
Epoch: 120 - Loss: 189.8191413981229
Epoch: 121 - Loss: 189.76109096862783
Epoch: 122 - Loss: 189.70281704466922
Epoch: 123 - Loss: 189.64431899491618
Epoch: 124 - Loss: 189.58559652585816
Epoch: 125 - Loss: 189.52664936350473
Epoch: 126 - Loss: 189.46747701460674
Epoch: 127 - Loss: 189.40807909883068
Epoch: 128 - Loss: 189.3484552400053
Epoch: 129 - Loss: 189.288604910603
Epoch: 130 - Loss: 189.22852824992026
Epoch: 131 - Loss: 189.16822471200882
Epoch: 132 - Loss: 189.1076941083687
Epoch: 133 - Loss: 189.04693608999258
Epoch: 134 - Loss: 188.985950435094
Epoch: 135 - Loss: 188.92473669456965
Epoch: 136 - Loss: 188.86329463254708
Epoch: 137 - Loss: 188.8016240824022
Epoch: 138 - Loss: 188.73972469364017
Epoch: 139 - Loss: 188.67759621894362
Epoch: 140 - Loss: 188.61523834949801
Epoch: 141 - Loss: 188.55265102678905
Epoch: 142 - Loss: 188.48983345632848
Epoch: 143 - Loss: 188.42678571376132
Epoch: 144 - Loss: 188.36350727156662
Epoch: 145 - Loss: 188.29999775783085
Epoch: 146 - Loss: 188.23625671132555
Epoch: 147 - Loss: 188.17228326637743
Epoch: 148 - Loss: 188.10807779241492
Epoch: 149 - Loss: 188.0436391282135
Epoch: 150 - Loss: 187.97896665708112
Epoch: 151 - Loss: 187.91405963414832
Epoch: 152 - Loss: 187.84891720709632
Epoch: 153 - Loss: 187.78353872838156
Epoch: 154 - Loss: 187.71792263560386
Epoch: 155 - Loss: 187.65206803490344
Epoch: 156 - Loss: 187.58597365690147
Epoch: 157 - Loss: 187.5196380256555
Epoch: 158 - Loss: 187.45305985646644
Epoch: 159 - Loss: 187.38623716524356
Epoch: 160 - Loss: 187.31916800101
Epoch: 161 - Loss: 187.25185014445634
Epoch: 162 - Loss: 187.18428077460914
Epoch: 163 - Loss: 187.1164582553652
Epoch: 164 - Loss: 187.04837864589504
Epoch: 165 - Loss: 186.98003886007703
Epoch: 166 - Loss: 186.91143534555226
Epoch: 167 - Loss: 186.84256411625378
Epoch: 168 - Loss: 186.77342065235888
Epoch: 169 - Loss: 186.70399980832133
Epoch: 170 - Loss: 186.63429643114068
Epoch: 171 - Loss: 186.5643047113951
Epoch: 172 - Loss: 186.49401804333368
Epoch: 173 - Loss: 186.4234292549245
Epoch: 174 - Loss: 186.35253023003528
Epoch: 175 - Loss: 186.28131240948534
Epoch: 176 - Loss: 186.20976626370424
Epoch: 177 - Loss: 186.1378815695578
Epoch: 178 - Loss: 186.06564705671738
Epoch: 179 - Loss: 185.99304969257662
Epoch: 180 - Loss: 185.92007588414498
Epoch: 181 - Loss: 185.8467106071322
Epoch: 182 - Loss: 185.7729372980512
Epoch: 183 - Loss: 185.69873844562576
Epoch: 184 - Loss: 185.62409400917835
Epoch: 185 - Loss: 185.54898237194232
Epoch: 186 - Loss: 185.47337994860976
Epoch: 187 - Loss: 185.39726082698095
Epoch: 188 - Loss: 185.32059629628642
Epoch: 189 - Loss: 185.24335525244504
Epoch: 190 - Loss: 185.16550348486797
Epoch: 191 - Loss: 185.0870033619775
Epoch: 192 - Loss: 185.00781372137084
Epoch: 193 - Loss: 184.92788959714437
Epoch: 194 - Loss: 184.84718147509153
Epoch: 195 - Loss: 184.76563353172773
Epoch: 196 - Loss: 184.68318676641562
Epoch: 197 - Loss: 184.59977429350226
Epoch: 198 - Loss: 184.51532292039192
Epoch: 199 - Loss: 184.42975215628
Epoch: 200 - Loss: 184.34297247544646
Epoch: 201 - Loss: 184.25488393412652
Epoch: 202 - Loss: 184.16537814556236
Epoch: 203 - Loss: 184.07433265524332
Epoch: 204 - Loss: 183.98161240774675
Epoch: 205 - Loss: 183.88706620521836
Epoch: 206 - Loss: 183.79052650749105
Epoch: 207 - Loss: 183.6918039008008
Epoch: 208 - Loss: 183.59068716668176
Epoch: 209 - Loss: 183.48693941789966
Epoch: 210 - Loss: 183.38029424910286
Epoch: 211 - Loss: 183.2704507265884
Epoch: 212 - Loss: 183.1570677800093
Epoch: 213 - Loss: 183.0397584616247
Epoch: 214 - Loss: 182.9180818440346
Epoch: 215 - Loss: 182.79153933863117
Epoch: 216 - Loss: 182.659556431021
Epoch: 217 - Loss: 182.52147732289419
Epoch: 218 - Loss: 182.3765427289394
Epoch: 219 - Loss: 182.22388113618814
Epoch: 220 - Loss: 182.01757518202115
Epoch: 221 - Loss: 181.7940085404282
Epoch: 222 - Loss: 181.55251673177636
Epoch: 223 - Loss: 181.29157486285274
Epoch: 224 - Loss: 181.00923700297
Epoch: 225 - Loss: 180.70309013195347
Epoch: 226 - Loss: 180.3701973678517
Epoch: 227 - Loss: 180.00704412170867
Epoch: 228 - Loss: 179.60947532605277
Epoch: 229 - Loss: 179.17265144152148
Epoch: 230 - Loss: 178.69101838541022
Epoch: 231 - Loss: 178.15833339717798
Epoch: 232 - Loss: 177.56774541232036
Epoch: 233 - Loss: 176.91196372303986
Epoch: 234 - Loss: 176.18344672472256
Epoch: 235 - Loss: 175.22740283311745
Epoch: 236 - Loss: 174.15892452186748
Epoch: 237 - Loss: 172.99057149863128
Epoch: 238 - Loss: 171.688539791801
Epoch: 239 - Loss: 170.3368670545563
Epoch: 240 - Loss: 178.04705562687332
Epoch: 241 - Loss: 181.67720601832963
Epoch: 242 - Loss: 181.84655558325014
Epoch: 243 - Loss: 179.18737644296004
Epoch: 244 - Loss: 177.55183553848678
Epoch: 245 - Loss: 173.76628255077503
Epoch: 246 - Loss: 170.12092560599865
Epoch: 247 - Loss: 170.67174698306098
Epoch: 248 - Loss: 171.29376244496885
Epoch: 249 - Loss: 171.81043573884904
Epoch: 250 - Loss: 172.22395862887868
Epoch: 251 - Loss: 172.55089403856226
Epoch: 252 - Loss: 172.80559201920315
Epoch: 253 - Loss: 172.99920533958226
Epoch: 254 - Loss: 173.14041293278646
Epoch: 255 - Loss: 173.23609559926373
Epoch: 256 - Loss: 173.29181009970662
Epoch: 257 - Loss: 173.31210893384034
Epoch: 258 - Loss: 173.3007599342469
Epoch: 259 - Loss: 173.26090104457407
Epoch: 260 - Loss: 173.19515238324277
Epoch: 261 - Loss: 173.10569895020768
Epoch: 262 - Loss: 172.9943521131167
Epoch: 263 - Loss: 172.86259551310803
Epoch: 264 - Loss: 172.7116192801611
Epoch: 265 - Loss: 172.54234604579858
Epoch: 266 - Loss: 172.35545395778982
Epoch: 267 - Loss: 172.151401741876
Epoch: 268 - Loss: 171.93047096543287
Epoch: 269 - Loss: 171.69284608062983
Epoch: 270 - Loss: 171.43878668703334
Epoch: 271 - Loss: 171.16899900023037
Epoch: 272 - Loss: 170.8854506192045
Epoch: 273 - Loss: 170.59317161652365
Epoch: 274 - Loss: 170.3042707686033
Epoch: 275 - Loss: 170.0467568601228
Epoch: 276 - Loss: 169.88196568768095
Epoch: 277 - Loss: 169.99579240739584
Epoch: 278 - Loss: 170.51840809370424
Epoch: 279 - Loss: 170.51385253122248
Epoch: 280 - Loss: 170.02686063627647
Epoch: 281 - Loss: 169.8300941697871
Epoch: 282 - Loss: 169.87431862786758
Epoch: 283 - Loss: 169.95875817076674
Epoch: 284 - Loss: 170.03753284007078
Epoch: 285 - Loss: 170.09226688390578
Epoch: 286 - Loss: 170.11713068941827
Epoch: 287 - Loss: 170.11199544789656
Epoch: 288 - Loss: 170.07961142050203
Epoch: 289 - Loss: 170.02465461672472
Epoch: 290 - Loss: 169.95371580411438
Epoch: 291 - Loss: 169.87580630294994
Epoch: 292 - Loss: 169.80297925184195
Epoch: 293 - Loss: 169.75013169345726
Epoch: 294 - Loss: 169.73184044467433
Epoch: 295 - Loss: 169.77306764822262
Epoch: 296 - Loss: 169.8333657087775
Epoch: 297 - Loss: 169.78181585226622
Epoch: 298 - Loss: 169.70788883693507
Epoch: 299 - Loss: 169.6929291913827
Epoch: 300 - Loss: 169.6950518201743
Epoch: 1 - Loss: 202.74414560911347
Epoch: 2 - Loss: 202.72314269938616
Epoch: 3 - Loss: 202.70214068897667
Epoch: 4 - Loss: 202.6811398082253
Epoch: 5 - Loss: 202.66013969083477
Epoch: 6 - Loss: 202.63914076918027
Epoch: 7 - Loss: 202.6181429758874
Epoch: 8 - Loss: 202.59714679641675
Epoch: 9 - Loss: 202.5761513281007
Epoch: 10 - Loss: 202.55515682054303
Epoch: 11 - Loss: 202.53416333241572
Epoch: 12 - Loss: 202.51317108969562
Epoch: 13 - Loss: 202.49217979913877
Epoch: 14 - Loss: 202.4711896926543
Epoch: 15 - Loss: 202.45019935586112
Epoch: 16 - Loss: 202.42921160597714
Epoch: 17 - Loss: 202.40822595965633
Epoch: 18 - Loss: 202.38724004759646
Epoch: 19 - Loss: 202.3662550956729
Epoch: 20 - Loss: 202.34527071734496
Epoch: 21 - Loss: 202.32428825638146
Epoch: 22 - Loss: 202.30330568965636
Epoch: 23 - Loss: 202.28232200056857
Epoch: 24 - Loss: 202.26134263086607
Epoch: 25 - Loss: 202.24035967947486
Epoch: 26 - Loss: 202.2193790784507
Epoch: 27 - Loss: 202.1983991852616
Epoch: 28 - Loss: 202.17741875816154
Epoch: 29 - Loss: 202.15643989600014
Epoch: 30 - Loss: 202.13545907849073
Epoch: 31 - Loss: 202.11447776685637
Epoch: 32 - Loss: 202.09349646692783
Epoch: 33 - Loss: 202.07251345731362
Epoch: 34 - Loss: 202.05152892793532
Epoch: 35 - Loss: 202.03054320724686
Epoch: 36 - Loss: 202.0095561027918
Epoch: 37 - Loss: 201.9885668999792
Epoch: 38 - Loss: 201.96757528095324
Epoch: 39 - Loss: 201.94658067660265
Epoch: 40 - Loss: 201.9255835954699
Epoch: 41 - Loss: 201.90458327002915
Epoch: 42 - Loss: 201.88357890697614
Epoch: 43 - Loss: 201.86257138557872
Epoch: 44 - Loss: 201.84155966163107
Epoch: 45 - Loss: 201.8205438730903
Epoch: 46 - Loss: 201.79952149830845
Epoch: 47 - Loss: 201.77849422947557
Epoch: 48 - Loss: 201.75746235188024
Epoch: 49 - Loss: 201.73642482084438
Epoch: 50 - Loss: 201.71538064110942
Epoch: 51 - Loss: 201.6943298929511
Epoch: 52 - Loss: 201.67327220688463
Epoch: 53 - Loss: 201.65220850936163
Epoch: 54 - Loss: 201.63113608492822
Epoch: 55 - Loss: 201.61005534749864
Epoch: 56 - Loss: 201.58896617339576
Epoch: 57 - Loss: 201.56786817163453
Epoch: 58 - Loss: 201.54676116850393
Epoch: 59 - Loss: 201.5256441666878
Epoch: 60 - Loss: 201.50451720433205
Epoch: 61 - Loss: 201.4833794889448
Epoch: 62 - Loss: 201.46223100892126
Epoch: 63 - Loss: 201.44107118915514
Epoch: 64 - Loss: 201.41989947624367
Epoch: 65 - Loss: 201.39871492293153
Epoch: 66 - Loss: 201.3775178599863
Epoch: 67 - Loss: 201.35630726591216
Epoch: 68 - Loss: 201.33508363483512
Epoch: 69 - Loss: 201.3138446343839
Epoch: 70 - Loss: 201.29259042514298
Epoch: 71 - Loss: 201.27132068974112
Epoch: 72 - Loss: 201.2500346248019
Epoch: 73 - Loss: 201.2287316095171
Epoch: 74 - Loss: 201.2074110642689
Epoch: 75 - Loss: 201.18607191936647
Epoch: 76 - Loss: 201.16471419974891
Epoch: 77 - Loss: 201.14333647657338
Epoch: 78 - Loss: 201.1219382859859
Epoch: 79 - Loss: 201.1005193233172
Epoch: 80 - Loss: 201.07907772910835
Epoch: 81 - Loss: 201.05761403406356
Epoch: 82 - Loss: 201.03612612626196
Epoch: 83 - Loss: 201.0146137730853
Epoch: 84 - Loss: 200.99307606423622
Epoch: 85 - Loss: 200.9715120608035
Epoch: 86 - Loss: 200.94992095555423
Epoch: 87 - Loss: 200.9283016484487
Epoch: 88 - Loss: 200.90665334688782
Epoch: 89 - Loss: 200.88497493878572
Epoch: 90 - Loss: 200.86326554114402
Epoch: 91 - Loss: 200.84152408982567
Epoch: 92 - Loss: 200.81974947538416
Epoch: 93 - Loss: 200.7979406220493
Epoch: 94 - Loss: 200.77609639068208
Epoch: 95 - Loss: 200.75421600099907
Epoch: 96 - Loss: 200.73229867862588
Epoch: 97 - Loss: 200.71034244646864
Epoch: 98 - Loss: 200.6883466431979
Epoch: 99 - Loss: 200.66630945862784
Epoch: 100 - Loss: 200.64422910769244
Epoch: 101 - Loss: 200.62210752818964
Epoch: 102 - Loss: 200.599941460262
Epoch: 103 - Loss: 200.57772944774143
Epoch: 104 - Loss: 200.5554707435839
Epoch: 105 - Loss: 200.5331641850086
Epoch: 106 - Loss: 200.5108084040993
Epoch: 107 - Loss: 200.48840225639887
Epoch: 108 - Loss: 200.46594461112505
Epoch: 109 - Loss: 200.44343418237176
Epoch: 110 - Loss: 200.4208697029379
Epoch: 111 - Loss: 200.39824981866465
Epoch: 112 - Loss: 200.37557388916056
Epoch: 113 - Loss: 200.3528411860256
Epoch: 114 - Loss: 200.33004899751802
Epoch: 115 - Loss: 200.30719675428466
Epoch: 116 - Loss: 200.2842833797995
Epoch: 117 - Loss: 200.26130772200585
Epoch: 118 - Loss: 200.23826859324666
Epoch: 119 - Loss: 200.2151647396778
Epoch: 120 - Loss: 200.19199543922898
Epoch: 121 - Loss: 200.16875857778274
Epoch: 122 - Loss: 200.1454536498768
Epoch: 123 - Loss: 200.12207968766887
Epoch: 124 - Loss: 200.0986351911443
Epoch: 125 - Loss: 200.0751186235198
Epoch: 126 - Loss: 200.05152965274397
Epoch: 127 - Loss: 200.02786664600194
Epoch: 128 - Loss: 200.00412848090207
Epoch: 129 - Loss: 199.98031407162364
Epoch: 130 - Loss: 199.9564223107842
Epoch: 131 - Loss: 199.9324517499702
Epoch: 132 - Loss: 199.90840186636035
Epoch: 133 - Loss: 199.8842714247463
Epoch: 134 - Loss: 199.8600592006826
Epoch: 135 - Loss: 199.83576411352684
Epoch: 136 - Loss: 199.81138488267183
Epoch: 137 - Loss: 199.78692104128152
Epoch: 138 - Loss: 199.76237046060115
Epoch: 139 - Loss: 199.73773265470382
Epoch: 140 - Loss: 199.71300658935036
Epoch: 141 - Loss: 199.6881909073732
Epoch: 142 - Loss: 199.66328468174683
Epoch: 143 - Loss: 199.6382865609286
Epoch: 144 - Loss: 199.61319642983213
Epoch: 145 - Loss: 199.58801160402496
Epoch: 146 - Loss: 199.56273186259656
Epoch: 147 - Loss: 199.5373554888715
Epoch: 148 - Loss: 199.51188201055191
Epoch: 149 - Loss: 199.48630996524292
Epoch: 150 - Loss: 199.46063801695976
Epoch: 151 - Loss: 199.43486348977672
Epoch: 152 - Loss: 199.4089888421284
Epoch: 153 - Loss: 199.38301027263526
Epoch: 154 - Loss: 199.3569279478855
Epoch: 155 - Loss: 199.33073918230076
Epoch: 156 - Loss: 199.3044444463746
Epoch: 157 - Loss: 199.2780416872006
Epoch: 158 - Loss: 199.2515296821291
Epoch: 159 - Loss: 199.22490786327907
Epoch: 160 - Loss: 199.19817363365746
Epoch: 161 - Loss: 199.17132652328908
Epoch: 162 - Loss: 199.14436518490464
Epoch: 163 - Loss: 199.11728951683037
Epoch: 164 - Loss: 199.09009540112422
Epoch: 165 - Loss: 199.0627834213999
Epoch: 166 - Loss: 199.03535160205078
Epoch: 167 - Loss: 199.007798892662
Epoch: 168 - Loss: 198.98012431662235
Epoch: 169 - Loss: 198.95232595811365
Epoch: 170 - Loss: 198.92440238784528
Epoch: 171 - Loss: 198.89635222922243
Epoch: 172 - Loss: 198.86817451514682
Epoch: 173 - Loss: 198.83986753842203
Epoch: 174 - Loss: 198.81142963036135
Epoch: 175 - Loss: 198.78285964453
Epoch: 176 - Loss: 198.75415599241066
Epoch: 177 - Loss: 198.72531690939792
Epoch: 178 - Loss: 198.69634137984704
Epoch: 179 - Loss: 198.66722757252657
Epoch: 180 - Loss: 198.63797527695823
Epoch: 181 - Loss: 198.60857978431645
Epoch: 182 - Loss: 198.57904074001726
Epoch: 183 - Loss: 198.54935725055276
Epoch: 184 - Loss: 198.51952744375802
Epoch: 185 - Loss: 198.48954954765557
Epoch: 186 - Loss: 198.45942128541046
Epoch: 187 - Loss: 198.4291416499969
Epoch: 188 - Loss: 198.3987086920759
Epoch: 189 - Loss: 198.36812057212808
Epoch: 190 - Loss: 198.33737561816906
Epoch: 191 - Loss: 198.30647205082803
Epoch: 192 - Loss: 198.27540794833317
Epoch: 193 - Loss: 198.2441813684736
Epoch: 194 - Loss: 198.21279022583064
Epoch: 195 - Loss: 198.18123303873094
Epoch: 196 - Loss: 198.14950734515628
Epoch: 197 - Loss: 198.11761137816865
Epoch: 198 - Loss: 198.08554313118128
Epoch: 199 - Loss: 198.0533002915091
Epoch: 200 - Loss: 198.0208811934522
Epoch: 201 - Loss: 197.98828200909742
Epoch: 202 - Loss: 197.9555039013226
Epoch: 203 - Loss: 197.92254295527897
Epoch: 204 - Loss: 197.8893971971351
Epoch: 205 - Loss: 197.85606530006675
Epoch: 206 - Loss: 197.82254222630516
Epoch: 207 - Loss: 197.78882800246623
Epoch: 208 - Loss: 197.75491951710399
Epoch: 209 - Loss: 197.72081469564984
Epoch: 210 - Loss: 197.68651094117774
Epoch: 211 - Loss: 197.6520059726225
Epoch: 212 - Loss: 197.61729734186113
Epoch: 213 - Loss: 197.58238235090926
Epoch: 214 - Loss: 197.54725843708997
Epoch: 215 - Loss: 197.5119236119274
Epoch: 216 - Loss: 197.4763748611663
Epoch: 217 - Loss: 197.44060962026995
Epoch: 218 - Loss: 197.40462600419363
Epoch: 219 - Loss: 197.36841973915764
Epoch: 220 - Loss: 197.33198905189926
Epoch: 221 - Loss: 197.29533146086666
Epoch: 222 - Loss: 197.2584433265945
Epoch: 223 - Loss: 197.2213215971872
Epoch: 224 - Loss: 197.18396447321962
Epoch: 225 - Loss: 197.14636903927365
Epoch: 226 - Loss: 197.10853104621634
Epoch: 227 - Loss: 197.07044825434502
Epoch: 228 - Loss: 197.03211612021272
Epoch: 229 - Loss: 196.99353358563783
Epoch: 230 - Loss: 196.95469701820542
Epoch: 231 - Loss: 196.9156028935879
Epoch: 232 - Loss: 196.87624741823765
Epoch: 233 - Loss: 196.83662759169692
Epoch: 234 - Loss: 196.79674084615226
Epoch: 235 - Loss: 196.7565831581233
Epoch: 236 - Loss: 196.71615102301624
Epoch: 237 - Loss: 196.6754406436243
Epoch: 238 - Loss: 196.6344488648339
Epoch: 239 - Loss: 196.59317174574284
Epoch: 240 - Loss: 196.551606000699
Epoch: 241 - Loss: 196.5097480125675
Epoch: 242 - Loss: 196.4675936060122
Epoch: 243 - Loss: 196.4251391673236
Epoch: 244 - Loss: 196.38238076803756
Epoch: 245 - Loss: 196.33931451198077
Epoch: 246 - Loss: 196.2959368154986
Epoch: 247 - Loss: 196.2522434024119
Epoch: 248 - Loss: 196.20823007964748
Epoch: 249 - Loss: 196.1638926108345
Epoch: 250 - Loss: 196.11922658351284
Epoch: 251 - Loss: 196.07422801810554
Epoch: 252 - Loss: 196.02889242931462
Epoch: 253 - Loss: 195.9832154188987
Epoch: 254 - Loss: 195.9371931921474
Epoch: 255 - Loss: 195.89082069525722
Epoch: 256 - Loss: 195.84409313297493
Epoch: 257 - Loss: 195.7970059662084
Epoch: 258 - Loss: 195.74955483659645
Epoch: 259 - Loss: 195.70173469661407
Epoch: 260 - Loss: 195.6535408891275
Epoch: 261 - Loss: 195.60496841982743
Epoch: 262 - Loss: 195.55601194439276
Epoch: 263 - Loss: 195.5066674060802
Epoch: 264 - Loss: 195.45692969862148
Epoch: 265 - Loss: 195.4067927740137
Epoch: 266 - Loss: 195.3562518121152
Epoch: 267 - Loss: 195.30530169010547
Epoch: 268 - Loss: 195.25393726465737
Epoch: 269 - Loss: 195.2021527978266
Epoch: 270 - Loss: 195.1499431631095
Epoch: 271 - Loss: 195.09730270621236
Epoch: 272 - Loss: 195.04422542718055
Epoch: 273 - Loss: 194.99070596712636
Epoch: 274 - Loss: 194.93673851314924
Epoch: 275 - Loss: 194.8823177203764
Epoch: 276 - Loss: 194.82743751185046
Epoch: 277 - Loss: 194.77209198866942
ERROR: LoadError: DomainError with 2559.973246804052:
integrand produced NaN in the interval (2559.973246804011, 2559.973246804093)
Stacktrace:
  [1] evalrule(f::AdjointSensitivityIntegrand{ComponentVector{Float64, SubArray{Float64, 1, Vector{Float64}, Tuple{UnitRange{Int64}}, true}, Tuple{Axis{(p_net = ViewAxis(1:609, Axis(layer_1 = ViewAxis(1:48, Axis(weight = ViewAxis(1:32, ShapedAxis((16, 2))), bias = ViewAxis(33:48, ShapedAxis((16, 1))))), layer_2 = ViewAxis(49:320, Axis(weight = ViewAxis(1:256, ShapedAxis((16, 16))), bias = ViewAxis(257:272, ShapedAxis((16, 1))))), layer_3 = ViewAxis(321:592, Axis(weight = ViewAxis(1:256, ShapedAxis((16, 16))), bias = ViewAxis(257:272, ShapedAxis((16, 1))))), layer_4 = ViewAxis(593:609, Axis(weight = ViewAxis(1:16, ShapedAxis((1, 16))), bias = ViewAxis(17:17, ShapedAxis((1, 1))))))), ode_par = 610:669)}}}, Vector{Float64}, Vector{Float64}, Vector{Float64}, ODESolution{Float64, 2, Vector{Vector{Float64}}, Nothing, Nothing, Vector{Float64}, Vector{Vector{Vector{Float64}}}, ODEProblem{Vector{Float64}, Tuple{Float64, Float64}, true, ComponentVector{Float64, SubArray{Float64, 1, Vector{Float64}, Tuple{UnitRange{Int64}}, true}, Tuple{Axis{(p_net = ViewAxis(1:609, Axis(layer_1 = ViewAxis(1:48, Axis(weight = ViewAxis(1:32, ShapedAxis((16, 2))), bias = ViewAxis(33:48, ShapedAxis((16, 1))))), layer_2 = ViewAxis(49:320, Axis(weight = ViewAxis(1:256, ShapedAxis((16, 16))), bias = ViewAxis(257:272, ShapedAxis((16, 1))))), layer_3 = ViewAxis(321:592, Axis(weight = ViewAxis(1:256, ShapedAxis((16, 16))), bias = ViewAxis(257:272, ShapedAxis((16, 1))))), layer_4 = ViewAxis(593:609, Axis(weight = ViewAxis(1:16, ShapedAxis((1, 16))), bias = ViewAxis(17:17, ShapedAxis((1, 1))))))), ode_par = 610:669)}}}, ODEFunction{true, SciMLBase.AutoSpecialize, FunctionWrappersWrappers.FunctionWrappersWrapper{Tuple{FunctionWrappers.FunctionWrapper{Nothing, Tuple{Vector{Float64}, Vector{Float64}, ComponentVector{Float64, SubArray{Float64, 1, Vector{Float64}, Tuple{UnitRange{Int64}}, true}, Tuple{Axis{(p_net = ViewAxis(1:609, Axis(layer_1 = ViewAxis(1:48, Axis(weight = ViewAxis(1:32, ShapedAxis((16, 2))), bias = ViewAxis(33:48, ShapedAxis((16, 1))))), layer_2 = ViewAxis(49:320, Axis(weight = ViewAxis(1:256, ShapedAxis((16, 16))), bias = ViewAxis(257:272, ShapedAxis((16, 1))))), layer_3 = ViewAxis(321:592, Axis(weight = ViewAxis(1:256, ShapedAxis((16, 16))), bias = ViewAxis(257:272, ShapedAxis((16, 1))))), layer_4 = ViewAxis(593:609, Axis(weight = ViewAxis(1:16, ShapedAxis((1, 16))), bias = ViewAxis(17:17, ShapedAxis((1, 1))))))), ode_par = 610:669)}}}, Float64}}, FunctionWrappers.FunctionWrapper{Nothing, Tuple{Vector{ForwardDiff.Dual{ForwardDiff.Tag{DiffEqBase.OrdinaryDiffEqTag, Float64}, Float64, 1}}, Vector{ForwardDiff.Dual{ForwardDiff.Tag{DiffEqBase.OrdinaryDiffEqTag, Float64}, Float64, 1}}, ComponentVector{Float64, SubArray{Float64, 1, Vector{Float64}, Tuple{UnitRange{Int64}}, true}, Tuple{Axis{(p_net = ViewAxis(1:609, Axis(layer_1 = ViewAxis(1:48, Axis(weight = ViewAxis(1:32, ShapedAxis((16, 2))), bias = ViewAxis(33:48, ShapedAxis((16, 1))))), layer_2 = ViewAxis(49:320, Axis(weight = ViewAxis(1:256, ShapedAxis((16, 16))), bias = ViewAxis(257:272, ShapedAxis((16, 1))))), layer_3 = ViewAxis(321:592, Axis(weight = ViewAxis(1:256, ShapedAxis((16, 16))), bias = ViewAxis(257:272, ShapedAxis((16, 1))))), layer_4 = ViewAxis(593:609, Axis(weight = ViewAxis(1:16, ShapedAxis((1, 16))), bias = ViewAxis(17:17, ShapedAxis((1, 1))))))), ode_par = 610:669)}}}, Float64}}, FunctionWrappers.FunctionWrapper{Nothing, Tuple{Vector{ForwardDiff.Dual{ForwardDiff.Tag{DiffEqBase.OrdinaryDiffEqTag, Float64}, Float64, 1}}, Vector{Float64}, ComponentVector{Float64, SubArray{Float64, 1, Vector{Float64}, Tuple{UnitRange{Int64}}, true}, Tuple{Axis{(p_net = ViewAxis(1:609, Axis(layer_1 = ViewAxis(1:48, Axis(weight = ViewAxis(1:32, ShapedAxis((16, 2))), bias = ViewAxis(33:48, ShapedAxis((16, 1))))), layer_2 = ViewAxis(49:320, Axis(weight = ViewAxis(1:256, ShapedAxis((16, 16))), bias = ViewAxis(257:272, ShapedAxis((16, 1))))), layer_3 = ViewAxis(321:592, Axis(weight = ViewAxis(1:256, ShapedAxis((16, 16))), bias = ViewAxis(257:272, ShapedAxis((16, 1))))), layer_4 = ViewAxis(593:609, Axis(weight = ViewAxis(1:16, ShapedAxis((1, 16))), bias = ViewAxis(17:17, ShapedAxis((1, 1))))))), ode_par = 610:669)}}}, ForwardDiff.Dual{ForwardDiff.Tag{DiffEqBase.OrdinaryDiffEqTag, Float64}, Float64, 1}}}, FunctionWrappers.FunctionWrapper{Nothing, Tuple{Vector{ForwardDiff.Dual{ForwardDiff.Tag{DiffEqBase.OrdinaryDiffEqTag, Float64}, Float64, 1}}, Vector{ForwardDiff.Dual{ForwardDiff.Tag{DiffEqBase.OrdinaryDiffEqTag, Float64}, Float64, 1}}, ComponentVector{Float64, SubArray{Float64, 1, Vector{Float64}, Tuple{UnitRange{Int64}}, true}, Tuple{Axis{(p_net = ViewAxis(1:609, Axis(layer_1 = ViewAxis(1:48, Axis(weight = ViewAxis(1:32, ShapedAxis((16, 2))), bias = ViewAxis(33:48, ShapedAxis((16, 1))))), layer_2 = ViewAxis(49:320, Axis(weight = ViewAxis(1:256, ShapedAxis((16, 16))), bias = ViewAxis(257:272, ShapedAxis((16, 1))))), layer_3 = ViewAxis(321:592, Axis(weight = ViewAxis(1:256, ShapedAxis((16, 16))), bias = ViewAxis(257:272, ShapedAxis((16, 1))))), layer_4 = ViewAxis(593:609, Axis(weight = ViewAxis(1:16, ShapedAxis((1, 16))), bias = ViewAxis(17:17, ShapedAxis((1, 1))))))), ode_par = 610:669)}}}, ForwardDiff.Dual{ForwardDiff.Tag{DiffEqBase.OrdinaryDiffEqTag, Float64}, Float64, 1}}}}, false}, UniformScaling{Bool}, Nothing, Nothing, Nothing, Nothing, Nothing, Nothing, Nothing, Nothing, Nothing, Nothing, Nothing, Nothing, Nothing, Nothing, typeof(SciMLBase.DEFAULT_OBSERVED), Nothing, Nothing}, Base.Pairs{Symbol, Union{}, Tuple{}, NamedTuple{(), Tuple{}}}, SciMLBase.StandardODEProblem}, TRBDF2{1, false, Nothing, NLNewton{Rational{Int64}, Rational{Int64}, Rational{Int64}, Rational{Int64}}, typeof(OrdinaryDiffEq.DEFAULT_PRECS), Val{:forward}, true, nothing}, OrdinaryDiffEq.InterpolationData{ODEFunction{true, SciMLBase.AutoSpecialize, FunctionWrappersWrappers.FunctionWrappersWrapper{Tuple{FunctionWrappers.FunctionWrapper{Nothing, Tuple{Vector{Float64}, Vector{Float64}, ComponentVector{Float64, SubArray{Float64, 1, Vector{Float64}, Tuple{UnitRange{Int64}}, true}, Tuple{Axis{(p_net = ViewAxis(1:609, Axis(layer_1 = ViewAxis(1:48, Axis(weight = ViewAxis(1:32, ShapedAxis((16, 2))), bias = ViewAxis(33:48, ShapedAxis((16, 1))))), layer_2 = ViewAxis(49:320, Axis(weight = ViewAxis(1:256, ShapedAxis((16, 16))), bias = ViewAxis(257:272, ShapedAxis((16, 1))))), layer_3 = ViewAxis(321:592, Axis(weight = ViewAxis(1:256, ShapedAxis((16, 16))), bias = ViewAxis(257:272, ShapedAxis((16, 1))))), layer_4 = ViewAxis(593:609, Axis(weight = ViewAxis(1:16, ShapedAxis((1, 16))), bias = ViewAxis(17:17, ShapedAxis((1, 1))))))), ode_par = 610:669)}}}, Float64}}, FunctionWrappers.FunctionWrapper{Nothing, Tuple{Vector{ForwardDiff.Dual{ForwardDiff.Tag{DiffEqBase.OrdinaryDiffEqTag, Float64}, Float64, 1}}, Vector{ForwardDiff.Dual{ForwardDiff.Tag{DiffEqBase.OrdinaryDiffEqTag, Float64}, Float64, 1}}, ComponentVector{Float64, SubArray{Float64, 1, Vector{Float64}, Tuple{UnitRange{Int64}}, true}, Tuple{Axis{(p_net = ViewAxis(1:609, Axis(layer_1 = ViewAxis(1:48, Axis(weight = ViewAxis(1:32, ShapedAxis((16, 2))), bias = ViewAxis(33:48, ShapedAxis((16, 1))))), layer_2 = ViewAxis(49:320, Axis(weight = ViewAxis(1:256, ShapedAxis((16, 16))), bias = ViewAxis(257:272, ShapedAxis((16, 1))))), layer_3 = ViewAxis(321:592, Axis(weight = ViewAxis(1:256, ShapedAxis((16, 16))), bias = ViewAxis(257:272, ShapedAxis((16, 1))))), layer_4 = ViewAxis(593:609, Axis(weight = ViewAxis(1:16, ShapedAxis((1, 16))), bias = ViewAxis(17:17, ShapedAxis((1, 1))))))), ode_par = 610:669)}}}, Float64}}, FunctionWrappers.FunctionWrapper{Nothing, Tuple{Vector{ForwardDiff.Dual{ForwardDiff.Tag{DiffEqBase.OrdinaryDiffEqTag, Float64}, Float64, 1}}, Vector{Float64}, ComponentVector{Float64, SubArray{Float64, 1, Vector{Float64}, Tuple{UnitRange{Int64}}, true}, Tuple{Axis{(p_net = ViewAxis(1:609, Axis(layer_1 = ViewAxis(1:48, Axis(weight = ViewAxis(1:32, ShapedAxis((16, 2))), bias = ViewAxis(33:48, ShapedAxis((16, 1))))), layer_2 = ViewAxis(49:320, Axis(weight = ViewAxis(1:256, ShapedAxis((16, 16))), bias = ViewAxis(257:272, ShapedAxis((16, 1))))), layer_3 = ViewAxis(321:592, Axis(weight = ViewAxis(1:256, ShapedAxis((16, 16))), bias = ViewAxis(257:272, ShapedAxis((16, 1))))), layer_4 = ViewAxis(593:609, Axis(weight = ViewAxis(1:16, ShapedAxis((1, 16))), bias = ViewAxis(17:17, ShapedAxis((1, 1))))))), ode_par = 610:669)}}}, ForwardDiff.Dual{ForwardDiff.Tag{DiffEqBase.OrdinaryDiffEqTag, Float64}, Float64, 1}}}, FunctionWrappers.FunctionWrapper{Nothing, Tuple{Vector{ForwardDiff.Dual{ForwardDiff.Tag{DiffEqBase.OrdinaryDiffEqTag, Float64}, Float64, 1}}, Vector{ForwardDiff.Dual{ForwardDiff.Tag{DiffEqBase.OrdinaryDiffEqTag, Float64}, Float64, 1}}, ComponentVector{Float64, SubArray{Float64, 1, Vector{Float64}, Tuple{UnitRange{Int64}}, true}, Tuple{Axis{(p_net = ViewAxis(1:609, Axis(layer_1 = ViewAxis(1:48, Axis(weight = ViewAxis(1:32, ShapedAxis((16, 2))), bias = ViewAxis(33:48, ShapedAxis((16, 1))))), layer_2 = ViewAxis(49:320, Axis(weight = ViewAxis(1:256, ShapedAxis((16, 16))), bias = ViewAxis(257:272, ShapedAxis((16, 1))))), layer_3 = ViewAxis(321:592, Axis(weight = ViewAxis(1:256, ShapedAxis((16, 16))), bias = ViewAxis(257:272, ShapedAxis((16, 1))))), layer_4 = ViewAxis(593:609, Axis(weight = ViewAxis(1:16, ShapedAxis((1, 16))), bias = ViewAxis(17:17, ShapedAxis((1, 1))))))), ode_par = 610:669)}}}, ForwardDiff.Dual{ForwardDiff.Tag{DiffEqBase.OrdinaryDiffEqTag, Float64}, Float64, 1}}}}, false}, UniformScaling{Bool}, Nothing, Nothing, Nothing, Nothing, Nothing, Nothing, Nothing, Nothing, Nothing, Nothing, Nothing, Nothing, Nothing, Nothing, typeof(SciMLBase.DEFAULT_OBSERVED), Nothing, Nothing}, Vector{Vector{Float64}}, Vector{Float64}, Vector{Vector{Vector{Float64}}}, OrdinaryDiffEq.TRBDF2Cache{Vector{Float64}, Vector{Float64}, Vector{Float64}, OrdinaryDiffEq.TRBDF2Tableau{Float64, Float64}, OrdinaryDiffEq.NLSolver{NLNewton{Rational{Int64}, Rational{Int64}, Rational{Int64}, Rational{Int64}}, true, Vector{Float64}, Float64, Nothing, Float64, OrdinaryDiffEq.NLNewtonCache{Vector{Float64}, Float64, Float64, Vector{Float64}, Matrix{Float64}, Matrix{Float64}, SciMLBase.UJacobianWrapper{true, ODEFunction{true, SciMLBase.AutoSpecialize, FunctionWrappersWrappers.FunctionWrappersWrapper{Tuple{FunctionWrappers.FunctionWrapper{Nothing, Tuple{Vector{Float64}, Vector{Float64}, ComponentVector{Float64, SubArray{Float64, 1, Vector{Float64}, Tuple{UnitRange{Int64}}, true}, Tuple{Axis{(p_net = ViewAxis(1:609, Axis(layer_1 = ViewAxis(1:48, Axis(weight = ViewAxis(1:32, ShapedAxis((16, 2))), bias = ViewAxis(33:48, ShapedAxis((16, 1))))), layer_2 = ViewAxis(49:320, Axis(weight = ViewAxis(1:256, ShapedAxis((16, 16))), bias = ViewAxis(257:272, ShapedAxis((16, 1))))), layer_3 = ViewAxis(321:592, Axis(weight = ViewAxis(1:256, ShapedAxis((16, 16))), bias = ViewAxis(257:272, ShapedAxis((16, 1))))), layer_4 = ViewAxis(593:609, Axis(weight = ViewAxis(1:16, ShapedAxis((1, 16))), bias = ViewAxis(17:17, ShapedAxis((1, 1))))))), ode_par = 610:669)}}}, Float64}}, FunctionWrappers.FunctionWrapper{Nothing, Tuple{Vector{ForwardDiff.Dual{ForwardDiff.Tag{DiffEqBase.OrdinaryDiffEqTag, Float64}, Float64, 1}}, Vector{ForwardDiff.Dual{ForwardDiff.Tag{DiffEqBase.OrdinaryDiffEqTag, Float64}, Float64, 1}}, ComponentVector{Float64, SubArray{Float64, 1, Vector{Float64}, Tuple{UnitRange{Int64}}, true}, Tuple{Axis{(p_net = ViewAxis(1:609, Axis(layer_1 = ViewAxis(1:48, Axis(weight = ViewAxis(1:32, ShapedAxis((16, 2))), bias = ViewAxis(33:48, ShapedAxis((16, 1))))), layer_2 = ViewAxis(49:320, Axis(weight = ViewAxis(1:256, ShapedAxis((16, 16))), bias = ViewAxis(257:272, ShapedAxis((16, 1))))), layer_3 = ViewAxis(321:592, Axis(weight = ViewAxis(1:256, ShapedAxis((16, 16))), bias = ViewAxis(257:272, ShapedAxis((16, 1))))), layer_4 = ViewAxis(593:609, Axis(weight = ViewAxis(1:16, ShapedAxis((1, 16))), bias = ViewAxis(17:17, ShapedAxis((1, 1))))))), ode_par = 610:669)}}}, Float64}}, FunctionWrappers.FunctionWrapper{Nothing, Tuple{Vector{ForwardDiff.Dual{ForwardDiff.Tag{DiffEqBase.OrdinaryDiffEqTag, Float64}, Float64, 1}}, Vector{Float64}, ComponentVector{Float64, SubArray{Float64, 1, Vector{Float64}, Tuple{UnitRange{Int64}}, true}, Tuple{Axis{(p_net = ViewAxis(1:609, Axis(layer_1 = ViewAxis(1:48, Axis(weight = ViewAxis(1:32, ShapedAxis((16, 2))), bias = ViewAxis(33:48, ShapedAxis((16, 1))))), layer_2 = ViewAxis(49:320, Axis(weight = ViewAxis(1:256, ShapedAxis((16, 16))), bias = ViewAxis(257:272, ShapedAxis((16, 1))))), layer_3 = ViewAxis(321:592, Axis(weight = ViewAxis(1:256, ShapedAxis((16, 16))), bias = ViewAxis(257:272, ShapedAxis((16, 1))))), layer_4 = ViewAxis(593:609, Axis(weight = ViewAxis(1:16, ShapedAxis((1, 16))), bias = ViewAxis(17:17, ShapedAxis((1, 1))))))), ode_par = 610:669)}}}, ForwardDiff.Dual{ForwardDiff.Tag{DiffEqBase.OrdinaryDiffEqTag, Float64}, Float64, 1}}}, FunctionWrappers.FunctionWrapper{Nothing, Tuple{Vector{ForwardDiff.Dual{ForwardDiff.Tag{DiffEqBase.OrdinaryDiffEqTag, Float64}, Float64, 1}}, Vector{ForwardDiff.Dual{ForwardDiff.Tag{DiffEqBase.OrdinaryDiffEqTag, Float64}, Float64, 1}}, ComponentVector{Float64, SubArray{Float64, 1, Vector{Float64}, Tuple{UnitRange{Int64}}, true}, Tuple{Axis{(p_net = ViewAxis(1:609, Axis(layer_1 = ViewAxis(1:48, Axis(weight = ViewAxis(1:32, ShapedAxis((16, 2))), bias = ViewAxis(33:48, ShapedAxis((16, 1))))), layer_2 = ViewAxis(49:320, Axis(weight = ViewAxis(1:256, ShapedAxis((16, 16))), bias = ViewAxis(257:272, ShapedAxis((16, 1))))), layer_3 = ViewAxis(321:592, Axis(weight = ViewAxis(1:256, ShapedAxis((16, 16))), bias = ViewAxis(257:272, ShapedAxis((16, 1))))), layer_4 = ViewAxis(593:609, Axis(weight = ViewAxis(1:16, ShapedAxis((1, 16))), bias = ViewAxis(17:17, ShapedAxis((1, 1))))))), ode_par = 610:669)}}}, ForwardDiff.Dual{ForwardDiff.Tag{DiffEqBase.OrdinaryDiffEqTag, Float64}, Float64, 1}}}}, false}, UniformScaling{Bool}, Nothing, Nothing, Nothing, Nothing, Nothing, Nothing, Nothing, Nothing, Nothing, Nothing, Nothing, Nothing, Nothing, Nothing, typeof(SciMLBase.DEFAULT_OBSERVED), Nothing, Nothing}, Float64, ComponentVector{Float64, SubArray{Float64, 1, Vector{Float64}, Tuple{UnitRange{Int64}}, true}, Tuple{Axis{(p_net = ViewAxis(1:609, Axis(layer_1 = ViewAxis(1:48, Axis(weight = ViewAxis(1:32, ShapedAxis((16, 2))), bias = ViewAxis(33:48, ShapedAxis((16, 1))))), layer_2 = ViewAxis(49:320, Axis(weight = ViewAxis(1:256, ShapedAxis((16, 16))), bias = ViewAxis(257:272, ShapedAxis((16, 1))))), layer_3 = ViewAxis(321:592, Axis(weight = ViewAxis(1:256, ShapedAxis((16, 16))), bias = ViewAxis(257:272, ShapedAxis((16, 1))))), layer_4 = ViewAxis(593:609, Axis(weight = ViewAxis(1:16, ShapedAxis((1, 16))), bias = ViewAxis(17:17, ShapedAxis((1, 1))))))), ode_par = 610:669)}}}}, FiniteDiff.JacobianCache{Vector{Float64}, Vector{Float64}, Vector{Float64}, Vector{Float64}, UnitRange{Int64}, Nothing, Val{:forward}(), Float64}, LinearSolve.LinearCache{Matrix{Float64}, Vector{Float64}, Vector{Float64}, SciMLBase.NullParameters, LinearSolve.DefaultLinearSolver, LinearSolve.DefaultLinearSolverInit{LU{Float64, Matrix{Float64}, Vector{Int64}}, LinearAlgebra.QRCompactWY{Float64, Matrix{Float64}, Matrix{Float64}}, Nothing, Nothing, Nothing, Nothing, Nothing, Nothing, LU{Float64, Matrix{Float64}, Vector{Int64}}, Tuple{LU{Float64, Matrix{Float64}, Vector{Int64}}, Vector{Int64}}, Nothing, Nothing, Nothing, SVD{Float64, Float64, Matrix{Float64}, Vector{Float64}}, Cholesky{Float64, Matrix{Float64}}, Cholesky{Float64, Matrix{Float64}}, Tuple{LU{Float64, Matrix{Float64}, Vector{Int32}}, Base.RefValue{Int32}}, Tuple{LU{Float64, Matrix{Float64}, Vector{Int64}}, Base.RefValue{Int64}}, QRPivoted{Float64, Matrix{Float64}, Vector{Float64}, Vector{Int64}}}, LinearSolve.InvPreconditioner{Diagonal{Float64, Vector{Float64}}}, Diagonal{Float64, Vector{Float64}}, Float64, Bool}}}}}, SciMLBase.DEStats, Nothing}, ODESolution{Float64, 2, Vector{Vector{Float64}}, Nothing, Nothing, Vector{Float64}, Vector{Vector{Vector{Float64}}}, ODEProblem{Vector{Float64}, Tuple{Float64, Float64}, true, ComponentVector{Float64, SubArray{Float64, 1, Vector{Float64}, Tuple{UnitRange{Int64}}, true}, Tuple{Axis{(p_net = ViewAxis(1:609, Axis(layer_1 = ViewAxis(1:48, Axis(weight = ViewAxis(1:32, ShapedAxis((16, 2))), bias = ViewAxis(33:48, ShapedAxis((16, 1))))), layer_2 = ViewAxis(49:320, Axis(weight = ViewAxis(1:256, ShapedAxis((16, 16))), bias = ViewAxis(257:272, ShapedAxis((16, 1))))), layer_3 = ViewAxis(321:592, Axis(weight = ViewAxis(1:256, ShapedAxis((16, 16))), bias = ViewAxis(257:272, ShapedAxis((16, 1))))), layer_4 = ViewAxis(593:609, Axis(weight = ViewAxis(1:16, ShapedAxis((1, 16))), bias = ViewAxis(17:17, ShapedAxis((1, 1))))))), ode_par = 610:669)}}}, ODEFunction{true, true, SciMLSensitivity.ODEQuadratureAdjointSensitivityFunction{SciMLSensitivity.AdjointDiffCache{Nothing, Nothing, Nothing, Nothing, Nothing, Nothing, Nothing, Nothing, ReverseDiff.CompiledTape{ReverseDiff.GradientTape{SciMLSensitivity.var"#123#127"{ODEFunction{true, SciMLBase.AutoSpecialize, var"#f#27"{Chain{NamedTuple{(:layer_1, :layer_2, :layer_3, :layer_4), Tuple{Dense{true, typeof(gelu), typeof(my_glorot_uniform), typeof(my_glorot_uniform)}, Dense{true, typeof(gelu), typeof(my_glorot_uniform), typeof(my_glorot_uniform)}, Dense{true, typeof(gelu), typeof(my_glorot_uniform), typeof(my_glorot_uniform)}, Dense{true, typeof(identity), typeof(my_glorot_uniform), typeof(my_glorot_uniform)}}}, Nothing}, NamedTuple{(:layer_1, :layer_2, :layer_3, :layer_4), NTuple{4, NamedTuple{(), Tuple{}}}}, Vector{Float64}, Vector{Int64}, Vector{Int64}, Vector{Float64}}, UniformScaling{Bool}, Nothing, Nothing, Nothing, Nothing, Nothing, Nothing, Nothing, Nothing, Nothing, Nothing, Nothing, Nothing, Nothing, Nothing, typeof(SciMLBase.DEFAULT_OBSERVED), Nothing, Nothing}}, Tuple{ReverseDiff.TrackedArray{Float64, Float64, 1, Vector{Float64}, Vector{Float64}}, ReverseDiff.TrackedArray{Float64, Float64, 1, ComponentVector{Float64, Vector{Float64}, Tuple{Axis{(p_net = ViewAxis(1:609, Axis(layer_1 = ViewAxis(1:48, Axis(weight = ViewAxis(1:32, ShapedAxis((16, 2))), bias = ViewAxis(33:48, ShapedAxis((16, 1))))), layer_2 = ViewAxis(49:320, Axis(weight = ViewAxis(1:256, ShapedAxis((16, 16))), bias = ViewAxis(257:272, ShapedAxis((16, 1))))), layer_3 = ViewAxis(321:592, Axis(weight = ViewAxis(1:256, ShapedAxis((16, 16))), bias = ViewAxis(257:272, ShapedAxis((16, 1))))), layer_4 = ViewAxis(593:609, Axis(weight = ViewAxis(1:16, ShapedAxis((1, 16))), bias = ViewAxis(17:17, ShapedAxis((1, 1))))))), ode_par = 610:669)}}}, ComponentVector{Float64, Vector{Float64}, Tuple{Axis{(p_net = ViewAxis(1:609, Axis(layer_1 = ViewAxis(1:48, Axis(weight = ViewAxis(1:32, ShapedAxis((16, 2))), bias = ViewAxis(33:48, ShapedAxis((16, 1))))), layer_2 = ViewAxis(49:320, Axis(weight = ViewAxis(1:256, ShapedAxis((16, 16))), bias = ViewAxis(257:272, ShapedAxis((16, 1))))), layer_3 = ViewAxis(321:592, Axis(weight = ViewAxis(1:256, ShapedAxis((16, 16))), bias = ViewAxis(257:272, ShapedAxis((16, 1))))), layer_4 = ViewAxis(593:609, Axis(weight = ViewAxis(1:16, ShapedAxis((1, 16))), bias = ViewAxis(17:17, ShapedAxis((1, 1))))))), ode_par = 610:669)}}}}, ReverseDiff.TrackedArray{Float64, Float64, 1, Vector{Float64}, Vector{Float64}}}, Vector{ReverseDiff.TrackedReal{Float64, Float64, ReverseDiff.TrackedArray{Float64, Float64, 1, ComponentVector{Float64, Vector{Float64}, Tuple{Axis{(p_net = ViewAxis(1:609, Axis(layer_1 = ViewAxis(1:48, Axis(weight = ViewAxis(1:32, ShapedAxis((16, 2))), bias = ViewAxis(33:48, ShapedAxis((16, 1))))), layer_2 = ViewAxis(49:320, Axis(weight = ViewAxis(1:256, ShapedAxis((16, 16))), bias = ViewAxis(257:272, ShapedAxis((16, 1))))), layer_3 = ViewAxis(321:592, Axis(weight = ViewAxis(1:256, ShapedAxis((16, 16))), bias = ViewAxis(257:272, ShapedAxis((16, 1))))), layer_4 = ViewAxis(593:609, Axis(weight = ViewAxis(1:16, ShapedAxis((1, 16))), bias = ViewAxis(17:17, ShapedAxis((1, 1))))))), ode_par = 610:669)}}}, ComponentVector{Float64, Vector{Float64}, Tuple{Axis{(p_net = ViewAxis(1:609, Axis(layer_1 = ViewAxis(1:48, Axis(weight = ViewAxis(1:32, ShapedAxis((16, 2))), bias = ViewAxis(33:48, ShapedAxis((16, 1))))), layer_2 = ViewAxis(49:320, Axis(weight = ViewAxis(1:256, ShapedAxis((16, 16))), bias = ViewAxis(257:272, ShapedAxis((16, 1))))), layer_3 = ViewAxis(321:592, Axis(weight = ViewAxis(1:256, ShapedAxis((16, 16))), bias = ViewAxis(257:272, ShapedAxis((16, 1))))), layer_4 = ViewAxis(593:609, Axis(weight = ViewAxis(1:16, ShapedAxis((1, 16))), bias = ViewAxis(17:17, ShapedAxis((1, 1))))))), ode_par = 610:669)}}}}}}}}, Nothing, Nothing, Vector{Float64}, Nothing, Nothing, Base.OneTo{Int64}, UnitRange{Int64}, UniformScaling{Bool}}, QuadratureAdjoint{0, true, Val{:central}, ReverseDiffVJP{true}}, Vector{Float64}, ODESolution{Float64, 2, Vector{Vector{Float64}}, Nothing, Nothing, Vector{Float64}, Vector{Vector{Vector{Float64}}}, ODEProblem{Vector{Float64}, Tuple{Float64, Float64}, true, ComponentVector{Float64, SubArray{Float64, 1, Vector{Float64}, Tuple{UnitRange{Int64}}, true}, Tuple{Axis{(p_net = ViewAxis(1:609, Axis(layer_1 = ViewAxis(1:48, Axis(weight = ViewAxis(1:32, ShapedAxis((16, 2))), bias = ViewAxis(33:48, ShapedAxis((16, 1))))), layer_2 = ViewAxis(49:320, Axis(weight = ViewAxis(1:256, ShapedAxis((16, 16))), bias = ViewAxis(257:272, ShapedAxis((16, 1))))), layer_3 = ViewAxis(321:592, Axis(weight = ViewAxis(1:256, ShapedAxis((16, 16))), bias = ViewAxis(257:272, ShapedAxis((16, 1))))), layer_4 = ViewAxis(593:609, Axis(weight = ViewAxis(1:16, ShapedAxis((1, 16))), bias = ViewAxis(17:17, ShapedAxis((1, 1))))))), ode_par = 610:669)}}}, ODEFunction{true, SciMLBase.AutoSpecialize, FunctionWrappersWrappers.FunctionWrappersWrapper{Tuple{FunctionWrappers.FunctionWrapper{Nothing, Tuple{Vector{Float64}, Vector{Float64}, ComponentVector{Float64, SubArray{Float64, 1, Vector{Float64}, Tuple{UnitRange{Int64}}, true}, Tuple{Axis{(p_net = ViewAxis(1:609, Axis(layer_1 = ViewAxis(1:48, Axis(weight = ViewAxis(1:32, ShapedAxis((16, 2))), bias = ViewAxis(33:48, ShapedAxis((16, 1))))), layer_2 = ViewAxis(49:320, Axis(weight = ViewAxis(1:256, ShapedAxis((16, 16))), bias = ViewAxis(257:272, ShapedAxis((16, 1))))), layer_3 = ViewAxis(321:592, Axis(weight = ViewAxis(1:256, ShapedAxis((16, 16))), bias = ViewAxis(257:272, ShapedAxis((16, 1))))), layer_4 = ViewAxis(593:609, Axis(weight = ViewAxis(1:16, ShapedAxis((1, 16))), bias = ViewAxis(17:17, ShapedAxis((1, 1))))))), ode_par = 610:669)}}}, Float64}}, FunctionWrappers.FunctionWrapper{Nothing, Tuple{Vector{ForwardDiff.Dual{ForwardDiff.Tag{DiffEqBase.OrdinaryDiffEqTag, Float64}, Float64, 1}}, Vector{ForwardDiff.Dual{ForwardDiff.Tag{DiffEqBase.OrdinaryDiffEqTag, Float64}, Float64, 1}}, ComponentVector{Float64, SubArray{Float64, 1, Vector{Float64}, Tuple{UnitRange{Int64}}, true}, Tuple{Axis{(p_net = ViewAxis(1:609, Axis(layer_1 = ViewAxis(1:48, Axis(weight = ViewAxis(1:32, ShapedAxis((16, 2))), bias = ViewAxis(33:48, ShapedAxis((16, 1))))), layer_2 = ViewAxis(49:320, Axis(weight = ViewAxis(1:256, ShapedAxis((16, 16))), bias = ViewAxis(257:272, ShapedAxis((16, 1))))), layer_3 = ViewAxis(321:592, Axis(weight = ViewAxis(1:256, ShapedAxis((16, 16))), bias = ViewAxis(257:272, ShapedAxis((16, 1))))), layer_4 = ViewAxis(593:609, Axis(weight = ViewAxis(1:16, ShapedAxis((1, 16))), bias = ViewAxis(17:17, ShapedAxis((1, 1))))))), ode_par = 610:669)}}}, Float64}}, FunctionWrappers.FunctionWrapper{Nothing, Tuple{Vector{ForwardDiff.Dual{ForwardDiff.Tag{DiffEqBase.OrdinaryDiffEqTag, Float64}, Float64, 1}}, Vector{Float64}, ComponentVector{Float64, SubArray{Float64, 1, Vector{Float64}, Tuple{UnitRange{Int64}}, true}, Tuple{Axis{(p_net = ViewAxis(1:609, Axis(layer_1 = ViewAxis(1:48, Axis(weight = ViewAxis(1:32, ShapedAxis((16, 2))), bias = ViewAxis(33:48, ShapedAxis((16, 1))))), layer_2 = ViewAxis(49:320, Axis(weight = ViewAxis(1:256, ShapedAxis((16, 16))), bias = ViewAxis(257:272, ShapedAxis((16, 1))))), layer_3 = ViewAxis(321:592, Axis(weight = ViewAxis(1:256, ShapedAxis((16, 16))), bias = ViewAxis(257:272, ShapedAxis((16, 1))))), layer_4 = ViewAxis(593:609, Axis(weight = ViewAxis(1:16, ShapedAxis((1, 16))), bias = ViewAxis(17:17, ShapedAxis((1, 1))))))), ode_par = 610:669)}}}, ForwardDiff.Dual{ForwardDiff.Tag{DiffEqBase.OrdinaryDiffEqTag, Float64}, Float64, 1}}}, FunctionWrappers.FunctionWrapper{Nothing, Tuple{Vector{ForwardDiff.Dual{ForwardDiff.Tag{DiffEqBase.OrdinaryDiffEqTag, Float64}, Float64, 1}}, Vector{ForwardDiff.Dual{ForwardDiff.Tag{DiffEqBase.OrdinaryDiffEqTag, Float64}, Float64, 1}}, ComponentVector{Float64, SubArray{Float64, 1, Vector{Float64}, Tuple{UnitRange{Int64}}, true}, Tuple{Axis{(p_net = ViewAxis(1:609, Axis(layer_1 = ViewAxis(1:48, Axis(weight = ViewAxis(1:32, ShapedAxis((16, 2))), bias = ViewAxis(33:48, ShapedAxis((16, 1))))), layer_2 = ViewAxis(49:320, Axis(weight = ViewAxis(1:256, ShapedAxis((16, 16))), bias = ViewAxis(257:272, ShapedAxis((16, 1))))), layer_3 = ViewAxis(321:592, Axis(weight = ViewAxis(1:256, ShapedAxis((16, 16))), bias = ViewAxis(257:272, ShapedAxis((16, 1))))), layer_4 = ViewAxis(593:609, Axis(weight = ViewAxis(1:16, ShapedAxis((1, 16))), bias = ViewAxis(17:17, ShapedAxis((1, 1))))))), ode_par = 610:669)}}}, ForwardDiff.Dual{ForwardDiff.Tag{DiffEqBase.OrdinaryDiffEqTag, Float64}, Float64, 1}}}}, false}, UniformScaling{Bool}, Nothing, Nothing, Nothing, Nothing, Nothing, Nothing, Nothing, Nothing, Nothing, Nothing, Nothing, Nothing, Nothing, Nothing, typeof(SciMLBase.DEFAULT_OBSERVED), Nothing, Nothing}, Base.Pairs{Symbol, Union{}, Tuple{}, NamedTuple{(), Tuple{}}}, SciMLBase.StandardODEProblem}, TRBDF2{1, false, Nothing, NLNewton{Rational{Int64}, Rational{Int64}, Rational{Int64}, Rational{Int64}}, typeof(OrdinaryDiffEq.DEFAULT_PRECS), Val{:forward}, true, nothing}, OrdinaryDiffEq.InterpolationData{ODEFunction{true, SciMLBase.AutoSpecialize, FunctionWrappersWrappers.FunctionWrappersWrapper{Tuple{FunctionWrappers.FunctionWrapper{Nothing, Tuple{Vector{Float64}, Vector{Float64}, ComponentVector{Float64, SubArray{Float64, 1, Vector{Float64}, Tuple{UnitRange{Int64}}, true}, Tuple{Axis{(p_net = ViewAxis(1:609, Axis(layer_1 = ViewAxis(1:48, Axis(weight = ViewAxis(1:32, ShapedAxis((16, 2))), bias = ViewAxis(33:48, ShapedAxis((16, 1))))), layer_2 = ViewAxis(49:320, Axis(weight = ViewAxis(1:256, ShapedAxis((16, 16))), bias = ViewAxis(257:272, ShapedAxis((16, 1))))), layer_3 = ViewAxis(321:592, Axis(weight = ViewAxis(1:256, ShapedAxis((16, 16))), bias = ViewAxis(257:272, ShapedAxis((16, 1))))), layer_4 = ViewAxis(593:609, Axis(weight = ViewAxis(1:16, ShapedAxis((1, 16))), bias = ViewAxis(17:17, ShapedAxis((1, 1))))))), ode_par = 610:669)}}}, Float64}}, FunctionWrappers.FunctionWrapper{Nothing, Tuple{Vector{ForwardDiff.Dual{ForwardDiff.Tag{DiffEqBase.OrdinaryDiffEqTag, Float64}, Float64, 1}}, Vector{ForwardDiff.Dual{ForwardDiff.Tag{DiffEqBase.OrdinaryDiffEqTag, Float64}, Float64, 1}}, ComponentVector{Float64, SubArray{Float64, 1, Vector{Float64}, Tuple{UnitRange{Int64}}, true}, Tuple{Axis{(p_net = ViewAxis(1:609, Axis(layer_1 = ViewAxis(1:48, Axis(weight = ViewAxis(1:32, ShapedAxis((16, 2))), bias = ViewAxis(33:48, ShapedAxis((16, 1))))), layer_2 = ViewAxis(49:320, Axis(weight = ViewAxis(1:256, ShapedAxis((16, 16))), bias = ViewAxis(257:272, ShapedAxis((16, 1))))), layer_3 = ViewAxis(321:592, Axis(weight = ViewAxis(1:256, ShapedAxis((16, 16))), bias = ViewAxis(257:272, ShapedAxis((16, 1))))), layer_4 = ViewAxis(593:609, Axis(weight = ViewAxis(1:16, ShapedAxis((1, 16))), bias = ViewAxis(17:17, ShapedAxis((1, 1))))))), ode_par = 610:669)}}}, Float64}}, FunctionWrappers.FunctionWrapper{Nothing, Tuple{Vector{ForwardDiff.Dual{ForwardDiff.Tag{DiffEqBase.OrdinaryDiffEqTag, Float64}, Float64, 1}}, Vector{Float64}, ComponentVector{Float64, SubArray{Float64, 1, Vector{Float64}, Tuple{UnitRange{Int64}}, true}, Tuple{Axis{(p_net = ViewAxis(1:609, Axis(layer_1 = ViewAxis(1:48, Axis(weight = ViewAxis(1:32, ShapedAxis((16, 2))), bias = ViewAxis(33:48, ShapedAxis((16, 1))))), layer_2 = ViewAxis(49:320, Axis(weight = ViewAxis(1:256, ShapedAxis((16, 16))), bias = ViewAxis(257:272, ShapedAxis((16, 1))))), layer_3 = ViewAxis(321:592, Axis(weight = ViewAxis(1:256, ShapedAxis((16, 16))), bias = ViewAxis(257:272, ShapedAxis((16, 1))))), layer_4 = ViewAxis(593:609, Axis(weight = ViewAxis(1:16, ShapedAxis((1, 16))), bias = ViewAxis(17:17, ShapedAxis((1, 1))))))), ode_par = 610:669)}}}, ForwardDiff.Dual{ForwardDiff.Tag{DiffEqBase.OrdinaryDiffEqTag, Float64}, Float64, 1}}}, FunctionWrappers.FunctionWrapper{Nothing, Tuple{Vector{ForwardDiff.Dual{ForwardDiff.Tag{DiffEqBase.OrdinaryDiffEqTag, Float64}, Float64, 1}}, Vector{ForwardDiff.Dual{ForwardDiff.Tag{DiffEqBase.OrdinaryDiffEqTag, Float64}, Float64, 1}}, ComponentVector{Float64, SubArray{Float64, 1, Vector{Float64}, Tuple{UnitRange{Int64}}, true}, Tuple{Axis{(p_net = ViewAxis(1:609, Axis(layer_1 = ViewAxis(1:48, Axis(weight = ViewAxis(1:32, ShapedAxis((16, 2))), bias = ViewAxis(33:48, ShapedAxis((16, 1))))), layer_2 = ViewAxis(49:320, Axis(weight = ViewAxis(1:256, ShapedAxis((16, 16))), bias = ViewAxis(257:272, ShapedAxis((16, 1))))), layer_3 = ViewAxis(321:592, Axis(weight = ViewAxis(1:256, ShapedAxis((16, 16))), bias = ViewAxis(257:272, ShapedAxis((16, 1))))), layer_4 = ViewAxis(593:609, Axis(weight = ViewAxis(1:16, ShapedAxis((1, 16))), bias = ViewAxis(17:17, ShapedAxis((1, 1))))))), ode_par = 610:669)}}}, ForwardDiff.Dual{ForwardDiff.Tag{DiffEqBase.OrdinaryDiffEqTag, Float64}, Float64, 1}}}}, false}, UniformScaling{Bool}, Nothing, Nothing, Nothing, Nothing, Nothing, Nothing, Nothing, Nothing, Nothing, Nothing, Nothing, Nothing, Nothing, Nothing, typeof(SciMLBase.DEFAULT_OBSERVED), Nothing, Nothing}, Vector{Vector{Float64}}, Vector{Float64}, Vector{Vector{Vector{Float64}}}, OrdinaryDiffEq.TRBDF2Cache{Vector{Float64}, Vector{Float64}, Vector{Float64}, OrdinaryDiffEq.TRBDF2Tableau{Float64, Float64}, OrdinaryDiffEq.NLSolver{NLNewton{Rational{Int64}, Rational{Int64}, Rational{Int64}, Rational{Int64}}, true, Vector{Float64}, Float64, Nothing, Float64, OrdinaryDiffEq.NLNewtonCache{Vector{Float64}, Float64, Float64, Vector{Float64}, Matrix{Float64}, Matrix{Float64}, SciMLBase.UJacobianWrapper{true, ODEFunction{true, SciMLBase.AutoSpecialize, FunctionWrappersWrappers.FunctionWrappersWrapper{Tuple{FunctionWrappers.FunctionWrapper{Nothing, Tuple{Vector{Float64}, Vector{Float64}, ComponentVector{Float64, SubArray{Float64, 1, Vector{Float64}, Tuple{UnitRange{Int64}}, true}, Tuple{Axis{(p_net = ViewAxis(1:609, Axis(layer_1 = ViewAxis(1:48, Axis(weight = ViewAxis(1:32, ShapedAxis((16, 2))), bias = ViewAxis(33:48, ShapedAxis((16, 1))))), layer_2 = ViewAxis(49:320, Axis(weight = ViewAxis(1:256, ShapedAxis((16, 16))), bias = ViewAxis(257:272, ShapedAxis((16, 1))))), layer_3 = ViewAxis(321:592, Axis(weight = ViewAxis(1:256, ShapedAxis((16, 16))), bias = ViewAxis(257:272, ShapedAxis((16, 1))))), layer_4 = ViewAxis(593:609, Axis(weight = ViewAxis(1:16, ShapedAxis((1, 16))), bias = ViewAxis(17:17, ShapedAxis((1, 1))))))), ode_par = 610:669)}}}, Float64}}, FunctionWrappers.FunctionWrapper{Nothing, Tuple{Vector{ForwardDiff.Dual{ForwardDiff.Tag{DiffEqBase.OrdinaryDiffEqTag, Float64}, Float64, 1}}, Vector{ForwardDiff.Dual{ForwardDiff.Tag{DiffEqBase.OrdinaryDiffEqTag, Float64}, Float64, 1}}, ComponentVector{Float64, SubArray{Float64, 1, Vector{Float64}, Tuple{UnitRange{Int64}}, true}, Tuple{Axis{(p_net = ViewAxis(1:609, Axis(layer_1 = ViewAxis(1:48, Axis(weight = ViewAxis(1:32, ShapedAxis((16, 2))), bias = ViewAxis(33:48, ShapedAxis((16, 1))))), layer_2 = ViewAxis(49:320, Axis(weight = ViewAxis(1:256, ShapedAxis((16, 16))), bias = ViewAxis(257:272, ShapedAxis((16, 1))))), layer_3 = ViewAxis(321:592, Axis(weight = ViewAxis(1:256, ShapedAxis((16, 16))), bias = ViewAxis(257:272, ShapedAxis((16, 1))))), layer_4 = ViewAxis(593:609, Axis(weight = ViewAxis(1:16, ShapedAxis((1, 16))), bias = ViewAxis(17:17, ShapedAxis((1, 1))))))), ode_par = 610:669)}}}, Float64}}, FunctionWrappers.FunctionWrapper{Nothing, Tuple{Vector{ForwardDiff.Dual{ForwardDiff.Tag{DiffEqBase.OrdinaryDiffEqTag, Float64}, Float64, 1}}, Vector{Float64}, ComponentVector{Float64, SubArray{Float64, 1, Vector{Float64}, Tuple{UnitRange{Int64}}, true}, Tuple{Axis{(p_net = ViewAxis(1:609, Axis(layer_1 = ViewAxis(1:48, Axis(weight = ViewAxis(1:32, ShapedAxis((16, 2))), bias = ViewAxis(33:48, ShapedAxis((16, 1))))), layer_2 = ViewAxis(49:320, Axis(weight = ViewAxis(1:256, ShapedAxis((16, 16))), bias = ViewAxis(257:272, ShapedAxis((16, 1))))), layer_3 = ViewAxis(321:592, Axis(weight = ViewAxis(1:256, ShapedAxis((16, 16))), bias = ViewAxis(257:272, ShapedAxis((16, 1))))), layer_4 = ViewAxis(593:609, Axis(weight = ViewAxis(1:16, ShapedAxis((1, 16))), bias = ViewAxis(17:17, ShapedAxis((1, 1))))))), ode_par = 610:669)}}}, ForwardDiff.Dual{ForwardDiff.Tag{DiffEqBase.OrdinaryDiffEqTag, Float64}, Float64, 1}}}, FunctionWrappers.FunctionWrapper{Nothing, Tuple{Vector{ForwardDiff.Dual{ForwardDiff.Tag{DiffEqBase.OrdinaryDiffEqTag, Float64}, Float64, 1}}, Vector{ForwardDiff.Dual{ForwardDiff.Tag{DiffEqBase.OrdinaryDiffEqTag, Float64}, Float64, 1}}, ComponentVector{Float64, SubArray{Float64, 1, Vector{Float64}, Tuple{UnitRange{Int64}}, true}, Tuple{Axis{(p_net = ViewAxis(1:609, Axis(layer_1 = ViewAxis(1:48, Axis(weight = ViewAxis(1:32, ShapedAxis((16, 2))), bias = ViewAxis(33:48, ShapedAxis((16, 1))))), layer_2 = ViewAxis(49:320, Axis(weight = ViewAxis(1:256, ShapedAxis((16, 16))), bias = ViewAxis(257:272, ShapedAxis((16, 1))))), layer_3 = ViewAxis(321:592, Axis(weight = ViewAxis(1:256, ShapedAxis((16, 16))), bias = ViewAxis(257:272, ShapedAxis((16, 1))))), layer_4 = ViewAxis(593:609, Axis(weight = ViewAxis(1:16, ShapedAxis((1, 16))), bias = ViewAxis(17:17, ShapedAxis((1, 1))))))), ode_par = 610:669)}}}, ForwardDiff.Dual{ForwardDiff.Tag{DiffEqBase.OrdinaryDiffEqTag, Float64}, Float64, 1}}}}, false}, UniformScaling{Bool}, Nothing, Nothing, Nothing, Nothing, Nothing, Nothing, Nothing, Nothing, Nothing, Nothing, Nothing, Nothing, Nothing, Nothing, typeof(SciMLBase.DEFAULT_OBSERVED), Nothing, Nothing}, Float64, ComponentVector{Float64, SubArray{Float64, 1, Vector{Float64}, Tuple{UnitRange{Int64}}, true}, Tuple{Axis{(p_net = ViewAxis(1:609, Axis(layer_1 = ViewAxis(1:48, Axis(weight = ViewAxis(1:32, ShapedAxis((16, 2))), bias = ViewAxis(33:48, ShapedAxis((16, 1))))), layer_2 = ViewAxis(49:320, Axis(weight = ViewAxis(1:256, ShapedAxis((16, 16))), bias = ViewAxis(257:272, ShapedAxis((16, 1))))), layer_3 = ViewAxis(321:592, Axis(weight = ViewAxis(1:256, ShapedAxis((16, 16))), bias = ViewAxis(257:272, ShapedAxis((16, 1))))), layer_4 = ViewAxis(593:609, Axis(weight = ViewAxis(1:16, ShapedAxis((1, 16))), bias = ViewAxis(17:17, ShapedAxis((1, 1))))))), ode_par = 610:669)}}}}, FiniteDiff.JacobianCache{Vector{Float64}, Vector{Float64}, Vector{Float64}, Vector{Float64}, UnitRange{Int64}, Nothing, Val{:forward}(), Float64}, LinearSolve.LinearCache{Matrix{Float64}, Vector{Float64}, Vector{Float64}, SciMLBase.NullParameters, LinearSolve.DefaultLinearSolver, LinearSolve.DefaultLinearSolverInit{LU{Float64, Matrix{Float64}, Vector{Int64}}, LinearAlgebra.QRCompactWY{Float64, Matrix{Float64}, Matrix{Float64}}, Nothing, Nothing, Nothing, Nothing, Nothing, Nothing, LU{Float64, Matrix{Float64}, Vector{Int64}}, Tuple{LU{Float64, Matrix{Float64}, Vector{Int64}}, Vector{Int64}}, Nothing, Nothing, Nothing, SVD{Float64, Float64, Matrix{Float64}, Vector{Float64}}, Cholesky{Float64, Matrix{Float64}}, Cholesky{Float64, Matrix{Float64}}, Tuple{LU{Float64, Matrix{Float64}, Vector{Int32}}, Base.RefValue{Int32}}, Tuple{LU{Float64, Matrix{Float64}, Vector{Int64}}, Base.RefValue{Int64}}, QRPivoted{Float64, Matrix{Float64}, Vector{Float64}, Vector{Int64}}}, LinearSolve.InvPreconditioner{Diagonal{Float64, Vector{Float64}}}, Diagonal{Float64, Vector{Float64}}, Float64, Bool}}}}}, SciMLBase.DEStats, Nothing}, ODEFunction{true, SciMLBase.AutoSpecialize, FunctionWrappersWrappers.FunctionWrappersWrapper{Tuple{FunctionWrappers.FunctionWrapper{Nothing, Tuple{Vector{Float64}, Vector{Float64}, ComponentVector{Float64, SubArray{Float64, 1, Vector{Float64}, Tuple{UnitRange{Int64}}, true}, Tuple{Axis{(p_net = ViewAxis(1:609, Axis(layer_1 = ViewAxis(1:48, Axis(weight = ViewAxis(1:32, ShapedAxis((16, 2))), bias = ViewAxis(33:48, ShapedAxis((16, 1))))), layer_2 = ViewAxis(49:320, Axis(weight = ViewAxis(1:256, ShapedAxis((16, 16))), bias = ViewAxis(257:272, ShapedAxis((16, 1))))), layer_3 = ViewAxis(321:592, Axis(weight = ViewAxis(1:256, ShapedAxis((16, 16))), bias = ViewAxis(257:272, ShapedAxis((16, 1))))), layer_4 = ViewAxis(593:609, Axis(weight = ViewAxis(1:16, ShapedAxis((1, 16))), bias = ViewAxis(17:17, ShapedAxis((1, 1))))))), ode_par = 610:669)}}}, Float64}}, FunctionWrappers.FunctionWrapper{Nothing, Tuple{Vector{ForwardDiff.Dual{ForwardDiff.Tag{DiffEqBase.OrdinaryDiffEqTag, Float64}, Float64, 1}}, Vector{ForwardDiff.Dual{ForwardDiff.Tag{DiffEqBase.OrdinaryDiffEqTag, Float64}, Float64, 1}}, ComponentVector{Float64, SubArray{Float64, 1, Vector{Float64}, Tuple{UnitRange{Int64}}, true}, Tuple{Axis{(p_net = ViewAxis(1:609, Axis(layer_1 = ViewAxis(1:48, Axis(weight = ViewAxis(1:32, ShapedAxis((16, 2))), bias = ViewAxis(33:48, ShapedAxis((16, 1))))), layer_2 = ViewAxis(49:320, Axis(weight = ViewAxis(1:256, ShapedAxis((16, 16))), bias = ViewAxis(257:272, ShapedAxis((16, 1))))), layer_3 = ViewAxis(321:592, Axis(weight = ViewAxis(1:256, ShapedAxis((16, 16))), bias = ViewAxis(257:272, ShapedAxis((16, 1))))), layer_4 = ViewAxis(593:609, Axis(weight = ViewAxis(1:16, ShapedAxis((1, 16))), bias = ViewAxis(17:17, ShapedAxis((1, 1))))))), ode_par = 610:669)}}}, Float64}}, FunctionWrappers.FunctionWrapper{Nothing, Tuple{Vector{ForwardDiff.Dual{ForwardDiff.Tag{DiffEqBase.OrdinaryDiffEqTag, Float64}, Float64, 1}}, Vector{Float64}, ComponentVector{Float64, SubArray{Float64, 1, Vector{Float64}, Tuple{UnitRange{Int64}}, true}, Tuple{Axis{(p_net = ViewAxis(1:609, Axis(layer_1 = ViewAxis(1:48, Axis(weight = ViewAxis(1:32, ShapedAxis((16, 2))), bias = ViewAxis(33:48, ShapedAxis((16, 1))))), layer_2 = ViewAxis(49:320, Axis(weight = ViewAxis(1:256, ShapedAxis((16, 16))), bias = ViewAxis(257:272, ShapedAxis((16, 1))))), layer_3 = ViewAxis(321:592, Axis(weight = ViewAxis(1:256, ShapedAxis((16, 16))), bias = ViewAxis(257:272, ShapedAxis((16, 1))))), layer_4 = ViewAxis(593:609, Axis(weight = ViewAxis(1:16, ShapedAxis((1, 16))), bias = ViewAxis(17:17, ShapedAxis((1, 1))))))), ode_par = 610:669)}}}, ForwardDiff.Dual{ForwardDiff.Tag{DiffEqBase.OrdinaryDiffEqTag, Float64}, Float64, 1}}}, FunctionWrappers.FunctionWrapper{Nothing, Tuple{Vector{ForwardDiff.Dual{ForwardDiff.Tag{DiffEqBase.OrdinaryDiffEqTag, Float64}, Float64, 1}}, Vector{ForwardDiff.Dual{ForwardDiff.Tag{DiffEqBase.OrdinaryDiffEqTag, Float64}, Float64, 1}}, ComponentVector{Float64, SubArray{Float64, 1, Vector{Float64}, Tuple{UnitRange{Int64}}, true}, Tuple{Axis{(p_net = ViewAxis(1:609, Axis(layer_1 = ViewAxis(1:48, Axis(weight = ViewAxis(1:32, ShapedAxis((16, 2))), bias = ViewAxis(33:48, ShapedAxis((16, 1))))), layer_2 = ViewAxis(49:320, Axis(weight = ViewAxis(1:256, ShapedAxis((16, 16))), bias = ViewAxis(257:272, ShapedAxis((16, 1))))), layer_3 = ViewAxis(321:592, Axis(weight = ViewAxis(1:256, ShapedAxis((16, 16))), bias = ViewAxis(257:272, ShapedAxis((16, 1))))), layer_4 = ViewAxis(593:609, Axis(weight = ViewAxis(1:16, ShapedAxis((1, 16))), bias = ViewAxis(17:17, ShapedAxis((1, 1))))))), ode_par = 610:669)}}}, ForwardDiff.Dual{ForwardDiff.Tag{DiffEqBase.OrdinaryDiffEqTag, Float64}, Float64, 1}}}}, false}, UniformScaling{Bool}, Nothing, Nothing, Nothing, Nothing, Nothing, Nothing, Nothing, Nothing, Nothing, Nothing, Nothing, Nothing, Nothing, Nothing, typeof(SciMLBase.DEFAULT_OBSERVED), Nothing, Nothing}}, UniformScaling{Bool}, Nothing, Nothing, Nothing, Nothing, Nothing, Nothing, Nothing, Nothing, Nothing, Nothing, Nothing, Nothing, Nothing, Nothing, typeof(SciMLBase.DEFAULT_OBSERVED), Nothing, Nothing}, Base.Pairs{Symbol, CallbackSet{Tuple{}, Tuple{DiscreteCallback{DiffEqCallbacks.var"#78#81"{Vector{Float64}}, DiffEqCallbacks.var"#79#82"{SciMLSensitivity.ReverseLossCallback{Vector{Float64}, Vector{Float64}, Vector{Float64}, Base.RefValue{Int64}, UniformScaling{Bool}, QuadratureAdjoint{0, true, Val{:central}, ReverseDiffVJP{true}}, SciMLSensitivity.var"#df_iip#308"{VectorOfArray{Float64, 2, Vector{Vector{Float64}}}, Colon}, Nothing, SciMLSensitivity.AdjointDiffCache{Nothing, Nothing, Nothing, Nothing, Nothing, Nothing, Nothing, Nothing, ReverseDiff.CompiledTape{ReverseDiff.GradientTape{SciMLSensitivity.var"#123#127"{ODEFunction{true, SciMLBase.AutoSpecialize, var"#f#27"{Chain{NamedTuple{(:layer_1, :layer_2, :layer_3, :layer_4), Tuple{Dense{true, typeof(gelu), typeof(my_glorot_uniform), typeof(my_glorot_uniform)}, Dense{true, typeof(gelu), typeof(my_glorot_uniform), typeof(my_glorot_uniform)}, Dense{true, typeof(gelu), typeof(my_glorot_uniform), typeof(my_glorot_uniform)}, Dense{true, typeof(identity), typeof(my_glorot_uniform), typeof(my_glorot_uniform)}}}, Nothing}, NamedTuple{(:layer_1, :layer_2, :layer_3, :layer_4), NTuple{4, NamedTuple{(), Tuple{}}}}, Vector{Float64}, Vector{Int64}, Vector{Int64}, Vector{Float64}}, UniformScaling{Bool}, Nothing, Nothing, Nothing, Nothing, Nothing, Nothing, Nothing, Nothing, Nothing, Nothing, Nothing, Nothing, Nothing, Nothing, typeof(SciMLBase.DEFAULT_OBSERVED), Nothing, Nothing}}, Tuple{ReverseDiff.TrackedArray{Float64, Float64, 1, Vector{Float64}, Vector{Float64}}, ReverseDiff.TrackedArray{Float64, Float64, 1, ComponentVector{Float64, Vector{Float64}, Tuple{Axis{(p_net = ViewAxis(1:609, Axis(layer_1 = ViewAxis(1:48, Axis(weight = ViewAxis(1:32, ShapedAxis((16, 2))), bias = ViewAxis(33:48, ShapedAxis((16, 1))))), layer_2 = ViewAxis(49:320, Axis(weight = ViewAxis(1:256, ShapedAxis((16, 16))), bias = ViewAxis(257:272, ShapedAxis((16, 1))))), layer_3 = ViewAxis(321:592, Axis(weight = ViewAxis(1:256, ShapedAxis((16, 16))), bias = ViewAxis(257:272, ShapedAxis((16, 1))))), layer_4 = ViewAxis(593:609, Axis(weight = ViewAxis(1:16, ShapedAxis((1, 16))), bias = ViewAxis(17:17, ShapedAxis((1, 1))))))), ode_par = 610:669)}}}, ComponentVector{Float64, Vector{Float64}, Tuple{Axis{(p_net = ViewAxis(1:609, Axis(layer_1 = ViewAxis(1:48, Axis(weight = ViewAxis(1:32, ShapedAxis((16, 2))), bias = ViewAxis(33:48, ShapedAxis((16, 1))))), layer_2 = ViewAxis(49:320, Axis(weight = ViewAxis(1:256, ShapedAxis((16, 16))), bias = ViewAxis(257:272, ShapedAxis((16, 1))))), layer_3 = ViewAxis(321:592, Axis(weight = ViewAxis(1:256, ShapedAxis((16, 16))), bias = ViewAxis(257:272, ShapedAxis((16, 1))))), layer_4 = ViewAxis(593:609, Axis(weight = ViewAxis(1:16, ShapedAxis((1, 16))), bias = ViewAxis(17:17, ShapedAxis((1, 1))))))), ode_par = 610:669)}}}}, ReverseDiff.TrackedArray{Float64, Float64, 1, Vector{Float64}, Vector{Float64}}}, Vector{ReverseDiff.TrackedReal{Float64, Float64, ReverseDiff.TrackedArray{Float64, Float64, 1, ComponentVector{Float64, Vector{Float64}, Tuple{Axis{(p_net = ViewAxis(1:609, Axis(layer_1 = ViewAxis(1:48, Axis(weight = ViewAxis(1:32, ShapedAxis((16, 2))), bias = ViewAxis(33:48, ShapedAxis((16, 1))))), layer_2 = ViewAxis(49:320, Axis(weight = ViewAxis(1:256, ShapedAxis((16, 16))), bias = ViewAxis(257:272, ShapedAxis((16, 1))))), layer_3 = ViewAxis(321:592, Axis(weight = ViewAxis(1:256, ShapedAxis((16, 16))), bias = ViewAxis(257:272, ShapedAxis((16, 1))))), layer_4 = ViewAxis(593:609, Axis(weight = ViewAxis(1:16, ShapedAxis((1, 16))), bias = ViewAxis(17:17, ShapedAxis((1, 1))))))), ode_par = 610:669)}}}, ComponentVector{Float64, Vector{Float64}, Tuple{Axis{(p_net = ViewAxis(1:609, Axis(layer_1 = ViewAxis(1:48, Axis(weight = ViewAxis(1:32, ShapedAxis((16, 2))), bias = ViewAxis(33:48, ShapedAxis((16, 1))))), layer_2 = ViewAxis(49:320, Axis(weight = ViewAxis(1:256, ShapedAxis((16, 16))), bias = ViewAxis(257:272, ShapedAxis((16, 1))))), layer_3 = ViewAxis(321:592, Axis(weight = ViewAxis(1:256, ShapedAxis((16, 16))), bias = ViewAxis(257:272, ShapedAxis((16, 1))))), layer_4 = ViewAxis(593:609, Axis(weight = ViewAxis(1:16, ShapedAxis((1, 16))), bias = ViewAxis(17:17, ShapedAxis((1, 1))))))), ode_par = 610:669)}}}}}}}}, Nothing, Nothing, Vector{Float64}, Nothing, Nothing, Base.OneTo{Int64}, UnitRange{Int64}, UniformScaling{Bool}}, ODEFunction{true, SciMLBase.AutoSpecialize, FunctionWrappersWrappers.FunctionWrappersWrapper{Tuple{FunctionWrappers.FunctionWrapper{Nothing, Tuple{Vector{Float64}, Vector{Float64}, ComponentVector{Float64, SubArray{Float64, 1, Vector{Float64}, Tuple{UnitRange{Int64}}, true}, Tuple{Axis{(p_net = ViewAxis(1:609, Axis(layer_1 = ViewAxis(1:48, Axis(weight = ViewAxis(1:32, ShapedAxis((16, 2))), bias = ViewAxis(33:48, ShapedAxis((16, 1))))), layer_2 = ViewAxis(49:320, Axis(weight = ViewAxis(1:256, ShapedAxis((16, 16))), bias = ViewAxis(257:272, ShapedAxis((16, 1))))), layer_3 = ViewAxis(321:592, Axis(weight = ViewAxis(1:256, ShapedAxis((16, 16))), bias = ViewAxis(257:272, ShapedAxis((16, 1))))), layer_4 = ViewAxis(593:609, Axis(weight = ViewAxis(1:16, ShapedAxis((1, 16))), bias = ViewAxis(17:17, ShapedAxis((1, 1))))))), ode_par = 610:669)}}}, Float64}}, FunctionWrappers.FunctionWrapper{Nothing, Tuple{Vector{ForwardDiff.Dual{ForwardDiff.Tag{DiffEqBase.OrdinaryDiffEqTag, Float64}, Float64, 1}}, Vector{ForwardDiff.Dual{ForwardDiff.Tag{DiffEqBase.OrdinaryDiffEqTag, Float64}, Float64, 1}}, ComponentVector{Float64, SubArray{Float64, 1, Vector{Float64}, Tuple{UnitRange{Int64}}, true}, Tuple{Axis{(p_net = ViewAxis(1:609, Axis(layer_1 = ViewAxis(1:48, Axis(weight = ViewAxis(1:32, ShapedAxis((16, 2))), bias = ViewAxis(33:48, ShapedAxis((16, 1))))), layer_2 = ViewAxis(49:320, Axis(weight = ViewAxis(1:256, ShapedAxis((16, 16))), bias = ViewAxis(257:272, ShapedAxis((16, 1))))), layer_3 = ViewAxis(321:592, Axis(weight = ViewAxis(1:256, ShapedAxis((16, 16))), bias = ViewAxis(257:272, ShapedAxis((16, 1))))), layer_4 = ViewAxis(593:609, Axis(weight = ViewAxis(1:16, ShapedAxis((1, 16))), bias = ViewAxis(17:17, ShapedAxis((1, 1))))))), ode_par = 610:669)}}}, Float64}}, FunctionWrappers.FunctionWrapper{Nothing, Tuple{Vector{ForwardDiff.Dual{ForwardDiff.Tag{DiffEqBase.OrdinaryDiffEqTag, Float64}, Float64, 1}}, Vector{Float64}, ComponentVector{Float64, SubArray{Float64, 1, Vector{Float64}, Tuple{UnitRange{Int64}}, true}, Tuple{Axis{(p_net = ViewAxis(1:609, Axis(layer_1 = ViewAxis(1:48, Axis(weight = ViewAxis(1:32, ShapedAxis((16, 2))), bias = ViewAxis(33:48, ShapedAxis((16, 1))))), layer_2 = ViewAxis(49:320, Axis(weight = ViewAxis(1:256, ShapedAxis((16, 16))), bias = ViewAxis(257:272, ShapedAxis((16, 1))))), layer_3 = ViewAxis(321:592, Axis(weight = ViewAxis(1:256, ShapedAxis((16, 16))), bias = ViewAxis(257:272, ShapedAxis((16, 1))))), layer_4 = ViewAxis(593:609, Axis(weight = ViewAxis(1:16, ShapedAxis((1, 16))), bias = ViewAxis(17:17, ShapedAxis((1, 1))))))), ode_par = 610:669)}}}, ForwardDiff.Dual{ForwardDiff.Tag{DiffEqBase.OrdinaryDiffEqTag, Float64}, Float64, 1}}}, FunctionWrappers.FunctionWrapper{Nothing, Tuple{Vector{ForwardDiff.Dual{ForwardDiff.Tag{DiffEqBase.OrdinaryDiffEqTag, Float64}, Float64, 1}}, Vector{ForwardDiff.Dual{ForwardDiff.Tag{DiffEqBase.OrdinaryDiffEqTag, Float64}, Float64, 1}}, ComponentVector{Float64, SubArray{Float64, 1, Vector{Float64}, Tuple{UnitRange{Int64}}, true}, Tuple{Axis{(p_net = ViewAxis(1:609, Axis(layer_1 = ViewAxis(1:48, Axis(weight = ViewAxis(1:32, ShapedAxis((16, 2))), bias = ViewAxis(33:48, ShapedAxis((16, 1))))), layer_2 = ViewAxis(49:320, Axis(weight = ViewAxis(1:256, ShapedAxis((16, 16))), bias = ViewAxis(257:272, ShapedAxis((16, 1))))), layer_3 = ViewAxis(321:592, Axis(weight = ViewAxis(1:256, ShapedAxis((16, 16))), bias = ViewAxis(257:272, ShapedAxis((16, 1))))), layer_4 = ViewAxis(593:609, Axis(weight = ViewAxis(1:16, ShapedAxis((1, 16))), bias = ViewAxis(17:17, ShapedAxis((1, 1))))))), ode_par = 610:669)}}}, ForwardDiff.Dual{ForwardDiff.Tag{DiffEqBase.OrdinaryDiffEqTag, Float64}, Float64, 1}}}}, false}, UniformScaling{Bool}, Nothing, Nothing, Nothing, Nothing, Nothing, Nothing, Nothing, Nothing, Nothing, Nothing, Nothing, Nothing, Nothing, Nothing, typeof(SciMLBase.DEFAULT_OBSERVED), Nothing, Nothing}, Nothing, Vector{Tuple{Vector{Float64}, Float64}}}}, DiffEqCallbacks.var"#80#83"{typeof(SciMLBase.INITIALIZE_DEFAULT), Bool, Vector{Float64}, SciMLSensitivity.ReverseLossCallback{Vector{Float64}, Vector{Float64}, Vector{Float64}, Base.RefValue{Int64}, UniformScaling{Bool}, QuadratureAdjoint{0, true, Val{:central}, ReverseDiffVJP{true}}, SciMLSensitivity.var"#df_iip#308"{VectorOfArray{Float64, 2, Vector{Vector{Float64}}}, Colon}, Nothing, SciMLSensitivity.AdjointDiffCache{Nothing, Nothing, Nothing, Nothing, Nothing, Nothing, Nothing, Nothing, ReverseDiff.CompiledTape{ReverseDiff.GradientTape{SciMLSensitivity.var"#123#127"{ODEFunction{true, SciMLBase.AutoSpecialize, var"#f#27"{Chain{NamedTuple{(:layer_1, :layer_2, :layer_3, :layer_4), Tuple{Dense{true, typeof(gelu), typeof(my_glorot_uniform), typeof(my_glorot_uniform)}, Dense{true, typeof(gelu), typeof(my_glorot_uniform), typeof(my_glorot_uniform)}, Dense{true, typeof(gelu), typeof(my_glorot_uniform), typeof(my_glorot_uniform)}, Dense{true, typeof(identity), typeof(my_glorot_uniform), typeof(my_glorot_uniform)}}}, Nothing}, NamedTuple{(:layer_1, :layer_2, :layer_3, :layer_4), NTuple{4, NamedTuple{(), Tuple{}}}}, Vector{Float64}, Vector{Int64}, Vector{Int64}, Vector{Float64}}, UniformScaling{Bool}, Nothing, Nothing, Nothing, Nothing, Nothing, Nothing, Nothing, Nothing, Nothing, Nothing, Nothing, Nothing, Nothing, Nothing, typeof(SciMLBase.DEFAULT_OBSERVED), Nothing, Nothing}}, Tuple{ReverseDiff.TrackedArray{Float64, Float64, 1, Vector{Float64}, Vector{Float64}}, ReverseDiff.TrackedArray{Float64, Float64, 1, ComponentVector{Float64, Vector{Float64}, Tuple{Axis{(p_net = ViewAxis(1:609, Axis(layer_1 = ViewAxis(1:48, Axis(weight = ViewAxis(1:32, ShapedAxis((16, 2))), bias = ViewAxis(33:48, ShapedAxis((16, 1))))), layer_2 = ViewAxis(49:320, Axis(weight = ViewAxis(1:256, ShapedAxis((16, 16))), bias = ViewAxis(257:272, ShapedAxis((16, 1))))), layer_3 = ViewAxis(321:592, Axis(weight = ViewAxis(1:256, ShapedAxis((16, 16))), bias = ViewAxis(257:272, ShapedAxis((16, 1))))), layer_4 = ViewAxis(593:609, Axis(weight = ViewAxis(1:16, ShapedAxis((1, 16))), bias = ViewAxis(17:17, ShapedAxis((1, 1))))))), ode_par = 610:669)}}}, ComponentVector{Float64, Vector{Float64}, Tuple{Axis{(p_net = ViewAxis(1:609, Axis(layer_1 = ViewAxis(1:48, Axis(weight = ViewAxis(1:32, ShapedAxis((16, 2))), bias = ViewAxis(33:48, ShapedAxis((16, 1))))), layer_2 = ViewAxis(49:320, Axis(weight = ViewAxis(1:256, ShapedAxis((16, 16))), bias = ViewAxis(257:272, ShapedAxis((16, 1))))), layer_3 = ViewAxis(321:592, Axis(weight = ViewAxis(1:256, ShapedAxis((16, 16))), bias = ViewAxis(257:272, ShapedAxis((16, 1))))), layer_4 = ViewAxis(593:609, Axis(weight = ViewAxis(1:16, ShapedAxis((1, 16))), bias = ViewAxis(17:17, ShapedAxis((1, 1))))))), ode_par = 610:669)}}}}, ReverseDiff.TrackedArray{Float64, Float64, 1, Vector{Float64}, Vector{Float64}}}, Vector{ReverseDiff.TrackedReal{Float64, Float64, ReverseDiff.TrackedArray{Float64, Float64, 1, ComponentVector{Float64, Vector{Float64}, Tuple{Axis{(p_net = ViewAxis(1:609, Axis(layer_1 = ViewAxis(1:48, Axis(weight = ViewAxis(1:32, ShapedAxis((16, 2))), bias = ViewAxis(33:48, ShapedAxis((16, 1))))), layer_2 = ViewAxis(49:320, Axis(weight = ViewAxis(1:256, ShapedAxis((16, 16))), bias = ViewAxis(257:272, ShapedAxis((16, 1))))), layer_3 = ViewAxis(321:592, Axis(weight = ViewAxis(1:256, ShapedAxis((16, 16))), bias = ViewAxis(257:272, ShapedAxis((16, 1))))), layer_4 = ViewAxis(593:609, Axis(weight = ViewAxis(1:16, ShapedAxis((1, 16))), bias = ViewAxis(17:17, ShapedAxis((1, 1))))))), ode_par = 610:669)}}}, ComponentVector{Float64, Vector{Float64}, Tuple{Axis{(p_net = ViewAxis(1:609, Axis(layer_1 = ViewAxis(1:48, Axis(weight = ViewAxis(1:32, ShapedAxis((16, 2))), bias = ViewAxis(33:48, ShapedAxis((16, 1))))), layer_2 = ViewAxis(49:320, Axis(weight = ViewAxis(1:256, ShapedAxis((16, 16))), bias = ViewAxis(257:272, ShapedAxis((16, 1))))), layer_3 = ViewAxis(321:592, Axis(weight = ViewAxis(1:256, ShapedAxis((16, 16))), bias = ViewAxis(257:272, ShapedAxis((16, 1))))), layer_4 = ViewAxis(593:609, Axis(weight = ViewAxis(1:16, ShapedAxis((1, 16))), bias = ViewAxis(17:17, ShapedAxis((1, 1))))))), ode_par = 610:669)}}}}}}}}, Nothing, Nothing, Vector{Float64}, Nothing, Nothing, Base.OneTo{Int64}, UnitRange{Int64}, UniformScaling{Bool}}, ODEFunction{true, SciMLBase.AutoSpecialize, FunctionWrappersWrappers.FunctionWrappersWrapper{Tuple{FunctionWrappers.FunctionWrapper{Nothing, Tuple{Vector{Float64}, Vector{Float64}, ComponentVector{Float64, SubArray{Float64, 1, Vector{Float64}, Tuple{UnitRange{Int64}}, true}, Tuple{Axis{(p_net = ViewAxis(1:609, Axis(layer_1 = ViewAxis(1:48, Axis(weight = ViewAxis(1:32, ShapedAxis((16, 2))), bias = ViewAxis(33:48, ShapedAxis((16, 1))))), layer_2 = ViewAxis(49:320, Axis(weight = ViewAxis(1:256, ShapedAxis((16, 16))), bias = ViewAxis(257:272, ShapedAxis((16, 1))))), layer_3 = ViewAxis(321:592, Axis(weight = ViewAxis(1:256, ShapedAxis((16, 16))), bias = ViewAxis(257:272, ShapedAxis((16, 1))))), layer_4 = ViewAxis(593:609, Axis(weight = ViewAxis(1:16, ShapedAxis((1, 16))), bias = ViewAxis(17:17, ShapedAxis((1, 1))))))), ode_par = 610:669)}}}, Float64}}, FunctionWrappers.FunctionWrapper{Nothing, Tuple{Vector{ForwardDiff.Dual{ForwardDiff.Tag{DiffEqBase.OrdinaryDiffEqTag, Float64}, Float64, 1}}, Vector{ForwardDiff.Dual{ForwardDiff.Tag{DiffEqBase.OrdinaryDiffEqTag, Float64}, Float64, 1}}, ComponentVector{Float64, SubArray{Float64, 1, Vector{Float64}, Tuple{UnitRange{Int64}}, true}, Tuple{Axis{(p_net = ViewAxis(1:609, Axis(layer_1 = ViewAxis(1:48, Axis(weight = ViewAxis(1:32, ShapedAxis((16, 2))), bias = ViewAxis(33:48, ShapedAxis((16, 1))))), layer_2 = ViewAxis(49:320, Axis(weight = ViewAxis(1:256, ShapedAxis((16, 16))), bias = ViewAxis(257:272, ShapedAxis((16, 1))))), layer_3 = ViewAxis(321:592, Axis(weight = ViewAxis(1:256, ShapedAxis((16, 16))), bias = ViewAxis(257:272, ShapedAxis((16, 1))))), layer_4 = ViewAxis(593:609, Axis(weight = ViewAxis(1:16, ShapedAxis((1, 16))), bias = ViewAxis(17:17, ShapedAxis((1, 1))))))), ode_par = 610:669)}}}, Float64}}, FunctionWrappers.FunctionWrapper{Nothing, Tuple{Vector{ForwardDiff.Dual{ForwardDiff.Tag{DiffEqBase.OrdinaryDiffEqTag, Float64}, Float64, 1}}, Vector{Float64}, ComponentVector{Float64, SubArray{Float64, 1, Vector{Float64}, Tuple{UnitRange{Int64}}, true}, Tuple{Axis{(p_net = ViewAxis(1:609, Axis(layer_1 = ViewAxis(1:48, Axis(weight = ViewAxis(1:32, ShapedAxis((16, 2))), bias = ViewAxis(33:48, ShapedAxis((16, 1))))), layer_2 = ViewAxis(49:320, Axis(weight = ViewAxis(1:256, ShapedAxis((16, 16))), bias = ViewAxis(257:272, ShapedAxis((16, 1))))), layer_3 = ViewAxis(321:592, Axis(weight = ViewAxis(1:256, ShapedAxis((16, 16))), bias = ViewAxis(257:272, ShapedAxis((16, 1))))), layer_4 = ViewAxis(593:609, Axis(weight = ViewAxis(1:16, ShapedAxis((1, 16))), bias = ViewAxis(17:17, ShapedAxis((1, 1))))))), ode_par = 610:669)}}}, ForwardDiff.Dual{ForwardDiff.Tag{DiffEqBase.OrdinaryDiffEqTag, Float64}, Float64, 1}}}, FunctionWrappers.FunctionWrapper{Nothing, Tuple{Vector{ForwardDiff.Dual{ForwardDiff.Tag{DiffEqBase.OrdinaryDiffEqTag, Float64}, Float64, 1}}, Vector{ForwardDiff.Dual{ForwardDiff.Tag{DiffEqBase.OrdinaryDiffEqTag, Float64}, Float64, 1}}, ComponentVector{Float64, SubArray{Float64, 1, Vector{Float64}, Tuple{UnitRange{Int64}}, true}, Tuple{Axis{(p_net = ViewAxis(1:609, Axis(layer_1 = ViewAxis(1:48, Axis(weight = ViewAxis(1:32, ShapedAxis((16, 2))), bias = ViewAxis(33:48, ShapedAxis((16, 1))))), layer_2 = ViewAxis(49:320, Axis(weight = ViewAxis(1:256, ShapedAxis((16, 16))), bias = ViewAxis(257:272, ShapedAxis((16, 1))))), layer_3 = ViewAxis(321:592, Axis(weight = ViewAxis(1:256, ShapedAxis((16, 16))), bias = ViewAxis(257:272, ShapedAxis((16, 1))))), layer_4 = ViewAxis(593:609, Axis(weight = ViewAxis(1:16, ShapedAxis((1, 16))), bias = ViewAxis(17:17, ShapedAxis((1, 1))))))), ode_par = 610:669)}}}, ForwardDiff.Dual{ForwardDiff.Tag{DiffEqBase.OrdinaryDiffEqTag, Float64}, Float64, 1}}}}, false}, UniformScaling{Bool}, Nothing, Nothing, Nothing, Nothing, Nothing, Nothing, Nothing, Nothing, Nothing, Nothing, Nothing, Nothing, Nothing, Nothing, typeof(SciMLBase.DEFAULT_OBSERVED), Nothing, Nothing}, Nothing, Vector{Tuple{Vector{Float64}, Float64}}}}, typeof(SciMLBase.FINALIZE_DEFAULT)}}}, Tuple{Symbol}, NamedTuple{(:callback,), Tuple{CallbackSet{Tuple{}, Tuple{DiscreteCallback{DiffEqCallbacks.var"#78#81"{Vector{Float64}}, DiffEqCallbacks.var"#79#82"{SciMLSensitivity.ReverseLossCallback{Vector{Float64}, Vector{Float64}, Vector{Float64}, Base.RefValue{Int64}, UniformScaling{Bool}, QuadratureAdjoint{0, true, Val{:central}, ReverseDiffVJP{true}}, SciMLSensitivity.var"#df_iip#308"{VectorOfArray{Float64, 2, Vector{Vector{Float64}}}, Colon}, Nothing, SciMLSensitivity.AdjointDiffCache{Nothing, Nothing, Nothing, Nothing, Nothing, Nothing, Nothing, Nothing, ReverseDiff.CompiledTape{ReverseDiff.GradientTape{SciMLSensitivity.var"#123#127"{ODEFunction{true, SciMLBase.AutoSpecialize, var"#f#27"{Chain{NamedTuple{(:layer_1, :layer_2, :layer_3, :layer_4), Tuple{Dense{true, typeof(gelu), typeof(my_glorot_uniform), typeof(my_glorot_uniform)}, Dense{true, typeof(gelu), typeof(my_glorot_uniform), typeof(my_glorot_uniform)}, Dense{true, typeof(gelu), typeof(my_glorot_uniform), typeof(my_glorot_uniform)}, Dense{true, typeof(identity), typeof(my_glorot_uniform), typeof(my_glorot_uniform)}}}, Nothing}, NamedTuple{(:layer_1, :layer_2, :layer_3, :layer_4), NTuple{4, NamedTuple{(), Tuple{}}}}, Vector{Float64}, Vector{Int64}, Vector{Int64}, Vector{Float64}}, UniformScaling{Bool}, Nothing, Nothing, Nothing, Nothing, Nothing, Nothing, Nothing, Nothing, Nothing, Nothing, Nothing, Nothing, Nothing, Nothing, typeof(SciMLBase.DEFAULT_OBSERVED), Nothing, Nothing}}, Tuple{ReverseDiff.TrackedArray{Float64, Float64, 1, Vector{Float64}, Vector{Float64}}, ReverseDiff.TrackedArray{Float64, Float64, 1, ComponentVector{Float64, Vector{Float64}, Tuple{Axis{(p_net = ViewAxis(1:609, Axis(layer_1 = ViewAxis(1:48, Axis(weight = ViewAxis(1:32, ShapedAxis((16, 2))), bias = ViewAxis(33:48, ShapedAxis((16, 1))))), layer_2 = ViewAxis(49:320, Axis(weight = ViewAxis(1:256, ShapedAxis((16, 16))), bias = ViewAxis(257:272, ShapedAxis((16, 1))))), layer_3 = ViewAxis(321:592, Axis(weight = ViewAxis(1:256, ShapedAxis((16, 16))), bias = ViewAxis(257:272, ShapedAxis((16, 1))))), layer_4 = ViewAxis(593:609, Axis(weight = ViewAxis(1:16, ShapedAxis((1, 16))), bias = ViewAxis(17:17, ShapedAxis((1, 1))))))), ode_par = 610:669)}}}, ComponentVector{Float64, Vector{Float64}, Tuple{Axis{(p_net = ViewAxis(1:609, Axis(layer_1 = ViewAxis(1:48, Axis(weight = ViewAxis(1:32, ShapedAxis((16, 2))), bias = ViewAxis(33:48, ShapedAxis((16, 1))))), layer_2 = ViewAxis(49:320, Axis(weight = ViewAxis(1:256, ShapedAxis((16, 16))), bias = ViewAxis(257:272, ShapedAxis((16, 1))))), layer_3 = ViewAxis(321:592, Axis(weight = ViewAxis(1:256, ShapedAxis((16, 16))), bias = ViewAxis(257:272, ShapedAxis((16, 1))))), layer_4 = ViewAxis(593:609, Axis(weight = ViewAxis(1:16, ShapedAxis((1, 16))), bias = ViewAxis(17:17, ShapedAxis((1, 1))))))), ode_par = 610:669)}}}}, ReverseDiff.TrackedArray{Float64, Float64, 1, Vector{Float64}, Vector{Float64}}}, Vector{ReverseDiff.TrackedReal{Float64, Float64, ReverseDiff.TrackedArray{Float64, Float64, 1, ComponentVector{Float64, Vector{Float64}, Tuple{Axis{(p_net = ViewAxis(1:609, Axis(layer_1 = ViewAxis(1:48, Axis(weight = ViewAxis(1:32, ShapedAxis((16, 2))), bias = ViewAxis(33:48, ShapedAxis((16, 1))))), layer_2 = ViewAxis(49:320, Axis(weight = ViewAxis(1:256, ShapedAxis((16, 16))), bias = ViewAxis(257:272, ShapedAxis((16, 1))))), layer_3 = ViewAxis(321:592, Axis(weight = ViewAxis(1:256, ShapedAxis((16, 16))), bias = ViewAxis(257:272, ShapedAxis((16, 1))))), layer_4 = ViewAxis(593:609, Axis(weight = ViewAxis(1:16, ShapedAxis((1, 16))), bias = ViewAxis(17:17, ShapedAxis((1, 1))))))), ode_par = 610:669)}}}, ComponentVector{Float64, Vector{Float64}, Tuple{Axis{(p_net = ViewAxis(1:609, Axis(layer_1 = ViewAxis(1:48, Axis(weight = ViewAxis(1:32, ShapedAxis((16, 2))), bias = ViewAxis(33:48, ShapedAxis((16, 1))))), layer_2 = ViewAxis(49:320, Axis(weight = ViewAxis(1:256, ShapedAxis((16, 16))), bias = ViewAxis(257:272, ShapedAxis((16, 1))))), layer_3 = ViewAxis(321:592, Axis(weight = ViewAxis(1:256, ShapedAxis((16, 16))), bias = ViewAxis(257:272, ShapedAxis((16, 1))))), layer_4 = ViewAxis(593:609, Axis(weight = ViewAxis(1:16, ShapedAxis((1, 16))), bias = ViewAxis(17:17, ShapedAxis((1, 1))))))), ode_par = 610:669)}}}}}}}}, Nothing, Nothing, Vector{Float64}, Nothing, Nothing, Base.OneTo{Int64}, UnitRange{Int64}, UniformScaling{Bool}}, ODEFunction{true, SciMLBase.AutoSpecialize, FunctionWrappersWrappers.FunctionWrappersWrapper{Tuple{FunctionWrappers.FunctionWrapper{Nothing, Tuple{Vector{Float64}, Vector{Float64}, ComponentVector{Float64, SubArray{Float64, 1, Vector{Float64}, Tuple{UnitRange{Int64}}, true}, Tuple{Axis{(p_net = ViewAxis(1:609, Axis(layer_1 = ViewAxis(1:48, Axis(weight = ViewAxis(1:32, ShapedAxis((16, 2))), bias = ViewAxis(33:48, ShapedAxis((16, 1))))), layer_2 = ViewAxis(49:320, Axis(weight = ViewAxis(1:256, ShapedAxis((16, 16))), bias = ViewAxis(257:272, ShapedAxis((16, 1))))), layer_3 = ViewAxis(321:592, Axis(weight = ViewAxis(1:256, ShapedAxis((16, 16))), bias = ViewAxis(257:272, ShapedAxis((16, 1))))), layer_4 = ViewAxis(593:609, Axis(weight = ViewAxis(1:16, ShapedAxis((1, 16))), bias = ViewAxis(17:17, ShapedAxis((1, 1))))))), ode_par = 610:669)}}}, Float64}}, FunctionWrappers.FunctionWrapper{Nothing, Tuple{Vector{ForwardDiff.Dual{ForwardDiff.Tag{DiffEqBase.OrdinaryDiffEqTag, Float64}, Float64, 1}}, Vector{ForwardDiff.Dual{ForwardDiff.Tag{DiffEqBase.OrdinaryDiffEqTag, Float64}, Float64, 1}}, ComponentVector{Float64, SubArray{Float64, 1, Vector{Float64}, Tuple{UnitRange{Int64}}, true}, Tuple{Axis{(p_net = ViewAxis(1:609, Axis(layer_1 = ViewAxis(1:48, Axis(weight = ViewAxis(1:32, ShapedAxis((16, 2))), bias = ViewAxis(33:48, ShapedAxis((16, 1))))), layer_2 = ViewAxis(49:320, Axis(weight = ViewAxis(1:256, ShapedAxis((16, 16))), bias = ViewAxis(257:272, ShapedAxis((16, 1))))), layer_3 = ViewAxis(321:592, Axis(weight = ViewAxis(1:256, ShapedAxis((16, 16))), bias = ViewAxis(257:272, ShapedAxis((16, 1))))), layer_4 = ViewAxis(593:609, Axis(weight = ViewAxis(1:16, ShapedAxis((1, 16))), bias = ViewAxis(17:17, ShapedAxis((1, 1))))))), ode_par = 610:669)}}}, Float64}}, FunctionWrappers.FunctionWrapper{Nothing, Tuple{Vector{ForwardDiff.Dual{ForwardDiff.Tag{DiffEqBase.OrdinaryDiffEqTag, Float64}, Float64, 1}}, Vector{Float64}, ComponentVector{Float64, SubArray{Float64, 1, Vector{Float64}, Tuple{UnitRange{Int64}}, true}, Tuple{Axis{(p_net = ViewAxis(1:609, Axis(layer_1 = ViewAxis(1:48, Axis(weight = ViewAxis(1:32, ShapedAxis((16, 2))), bias = ViewAxis(33:48, ShapedAxis((16, 1))))), layer_2 = ViewAxis(49:320, Axis(weight = ViewAxis(1:256, ShapedAxis((16, 16))), bias = ViewAxis(257:272, ShapedAxis((16, 1))))), layer_3 = ViewAxis(321:592, Axis(weight = ViewAxis(1:256, ShapedAxis((16, 16))), bias = ViewAxis(257:272, ShapedAxis((16, 1))))), layer_4 = ViewAxis(593:609, Axis(weight = ViewAxis(1:16, ShapedAxis((1, 16))), bias = ViewAxis(17:17, ShapedAxis((1, 1))))))), ode_par = 610:669)}}}, ForwardDiff.Dual{ForwardDiff.Tag{DiffEqBase.OrdinaryDiffEqTag, Float64}, Float64, 1}}}, FunctionWrappers.FunctionWrapper{Nothing, Tuple{Vector{ForwardDiff.Dual{ForwardDiff.Tag{DiffEqBase.OrdinaryDiffEqTag, Float64}, Float64, 1}}, Vector{ForwardDiff.Dual{ForwardDiff.Tag{DiffEqBase.OrdinaryDiffEqTag, Float64}, Float64, 1}}, ComponentVector{Float64, SubArray{Float64, 1, Vector{Float64}, Tuple{UnitRange{Int64}}, true}, Tuple{Axis{(p_net = ViewAxis(1:609, Axis(layer_1 = ViewAxis(1:48, Axis(weight = ViewAxis(1:32, ShapedAxis((16, 2))), bias = ViewAxis(33:48, ShapedAxis((16, 1))))), layer_2 = ViewAxis(49:320, Axis(weight = ViewAxis(1:256, ShapedAxis((16, 16))), bias = ViewAxis(257:272, ShapedAxis((16, 1))))), layer_3 = ViewAxis(321:592, Axis(weight = ViewAxis(1:256, ShapedAxis((16, 16))), bias = ViewAxis(257:272, ShapedAxis((16, 1))))), layer_4 = ViewAxis(593:609, Axis(weight = ViewAxis(1:16, ShapedAxis((1, 16))), bias = ViewAxis(17:17, ShapedAxis((1, 1))))))), ode_par = 610:669)}}}, ForwardDiff.Dual{ForwardDiff.Tag{DiffEqBase.OrdinaryDiffEqTag, Float64}, Float64, 1}}}}, false}, UniformScaling{Bool}, Nothing, Nothing, Nothing, Nothing, Nothing, Nothing, Nothing, Nothing, Nothing, Nothing, Nothing, Nothing, Nothing, Nothing, typeof(SciMLBase.DEFAULT_OBSERVED), Nothing, Nothing}, Nothing, Vector{Tuple{Vector{Float64}, Float64}}}}, DiffEqCallbacks.var"#80#83"{typeof(SciMLBase.INITIALIZE_DEFAULT), Bool, Vector{Float64}, SciMLSensitivity.ReverseLossCallback{Vector{Float64}, Vector{Float64}, Vector{Float64}, Base.RefValue{Int64}, UniformScaling{Bool}, QuadratureAdjoint{0, true, Val{:central}, ReverseDiffVJP{true}}, SciMLSensitivity.var"#df_iip#308"{VectorOfArray{Float64, 2, Vector{Vector{Float64}}}, Colon}, Nothing, SciMLSensitivity.AdjointDiffCache{Nothing, Nothing, Nothing, Nothing, Nothing, Nothing, Nothing, Nothing, ReverseDiff.CompiledTape{ReverseDiff.GradientTape{SciMLSensitivity.var"#123#127"{ODEFunction{true, SciMLBase.AutoSpecialize, var"#f#27"{Chain{NamedTuple{(:layer_1, :layer_2, :layer_3, :layer_4), Tuple{Dense{true, typeof(gelu), typeof(my_glorot_uniform), typeof(my_glorot_uniform)}, Dense{true, typeof(gelu), typeof(my_glorot_uniform), typeof(my_glorot_uniform)}, Dense{true, typeof(gelu), typeof(my_glorot_uniform), typeof(my_glorot_uniform)}, Dense{true, typeof(identity), typeof(my_glorot_uniform), typeof(my_glorot_uniform)}}}, Nothing}, NamedTuple{(:layer_1, :layer_2, :layer_3, :layer_4), NTuple{4, NamedTuple{(), Tuple{}}}}, Vector{Float64}, Vector{Int64}, Vector{Int64}, Vector{Float64}}, UniformScaling{Bool}, Nothing, Nothing, Nothing, Nothing, Nothing, Nothing, Nothing, Nothing, Nothing, Nothing, Nothing, Nothing, Nothing, Nothing, typeof(SciMLBase.DEFAULT_OBSERVED), Nothing, Nothing}}, Tuple{ReverseDiff.TrackedArray{Float64, Float64, 1, Vector{Float64}, Vector{Float64}}, ReverseDiff.TrackedArray{Float64, Float64, 1, ComponentVector{Float64, Vector{Float64}, Tuple{Axis{(p_net = ViewAxis(1:609, Axis(layer_1 = ViewAxis(1:48, Axis(weight = ViewAxis(1:32, ShapedAxis((16, 2))), bias = ViewAxis(33:48, ShapedAxis((16, 1))))), layer_2 = ViewAxis(49:320, Axis(weight = ViewAxis(1:256, ShapedAxis((16, 16))), bias = ViewAxis(257:272, ShapedAxis((16, 1))))), layer_3 = ViewAxis(321:592, Axis(weight = ViewAxis(1:256, ShapedAxis((16, 16))), bias = ViewAxis(257:272, ShapedAxis((16, 1))))), layer_4 = ViewAxis(593:609, Axis(weight = ViewAxis(1:16, ShapedAxis((1, 16))), bias = ViewAxis(17:17, ShapedAxis((1, 1))))))), ode_par = 610:669)}}}, ComponentVector{Float64, Vector{Float64}, Tuple{Axis{(p_net = ViewAxis(1:609, Axis(layer_1 = ViewAxis(1:48, Axis(weight = ViewAxis(1:32, ShapedAxis((16, 2))), bias = ViewAxis(33:48, ShapedAxis((16, 1))))), layer_2 = ViewAxis(49:320, Axis(weight = ViewAxis(1:256, ShapedAxis((16, 16))), bias = ViewAxis(257:272, ShapedAxis((16, 1))))), layer_3 = ViewAxis(321:592, Axis(weight = ViewAxis(1:256, ShapedAxis((16, 16))), bias = ViewAxis(257:272, ShapedAxis((16, 1))))), layer_4 = ViewAxis(593:609, Axis(weight = ViewAxis(1:16, ShapedAxis((1, 16))), bias = ViewAxis(17:17, ShapedAxis((1, 1))))))), ode_par = 610:669)}}}}, ReverseDiff.TrackedArray{Float64, Float64, 1, Vector{Float64}, Vector{Float64}}}, Vector{ReverseDiff.TrackedReal{Float64, Float64, ReverseDiff.TrackedArray{Float64, Float64, 1, ComponentVector{Float64, Vector{Float64}, Tuple{Axis{(p_net = ViewAxis(1:609, Axis(layer_1 = ViewAxis(1:48, Axis(weight = ViewAxis(1:32, ShapedAxis((16, 2))), bias = ViewAxis(33:48, ShapedAxis((16, 1))))), layer_2 = ViewAxis(49:320, Axis(weight = ViewAxis(1:256, ShapedAxis((16, 16))), bias = ViewAxis(257:272, ShapedAxis((16, 1))))), layer_3 = ViewAxis(321:592, Axis(weight = ViewAxis(1:256, ShapedAxis((16, 16))), bias = ViewAxis(257:272, ShapedAxis((16, 1))))), layer_4 = ViewAxis(593:609, Axis(weight = ViewAxis(1:16, ShapedAxis((1, 16))), bias = ViewAxis(17:17, ShapedAxis((1, 1))))))), ode_par = 610:669)}}}, ComponentVector{Float64, Vector{Float64}, Tuple{Axis{(p_net = ViewAxis(1:609, Axis(layer_1 = ViewAxis(1:48, Axis(weight = ViewAxis(1:32, ShapedAxis((16, 2))), bias = ViewAxis(33:48, ShapedAxis((16, 1))))), layer_2 = ViewAxis(49:320, Axis(weight = ViewAxis(1:256, ShapedAxis((16, 16))), bias = ViewAxis(257:272, ShapedAxis((16, 1))))), layer_3 = ViewAxis(321:592, Axis(weight = ViewAxis(1:256, ShapedAxis((16, 16))), bias = ViewAxis(257:272, ShapedAxis((16, 1))))), layer_4 = ViewAxis(593:609, Axis(weight = ViewAxis(1:16, ShapedAxis((1, 16))), bias = ViewAxis(17:17, ShapedAxis((1, 1))))))), ode_par = 610:669)}}}}}}}}, Nothing, Nothing, Vector{Float64}, Nothing, Nothing, Base.OneTo{Int64}, UnitRange{Int64}, UniformScaling{Bool}}, ODEFunction{true, SciMLBase.AutoSpecialize, FunctionWrappersWrappers.FunctionWrappersWrapper{Tuple{FunctionWrappers.FunctionWrapper{Nothing, Tuple{Vector{Float64}, Vector{Float64}, ComponentVector{Float64, SubArray{Float64, 1, Vector{Float64}, Tuple{UnitRange{Int64}}, true}, Tuple{Axis{(p_net = ViewAxis(1:609, Axis(layer_1 = ViewAxis(1:48, Axis(weight = ViewAxis(1:32, ShapedAxis((16, 2))), bias = ViewAxis(33:48, ShapedAxis((16, 1))))), layer_2 = ViewAxis(49:320, Axis(weight = ViewAxis(1:256, ShapedAxis((16, 16))), bias = ViewAxis(257:272, ShapedAxis((16, 1))))), layer_3 = ViewAxis(321:592, Axis(weight = ViewAxis(1:256, ShapedAxis((16, 16))), bias = ViewAxis(257:272, ShapedAxis((16, 1))))), layer_4 = ViewAxis(593:609, Axis(weight = ViewAxis(1:16, ShapedAxis((1, 16))), bias = ViewAxis(17:17, ShapedAxis((1, 1))))))), ode_par = 610:669)}}}, Float64}}, FunctionWrappers.FunctionWrapper{Nothing, Tuple{Vector{ForwardDiff.Dual{ForwardDiff.Tag{DiffEqBase.OrdinaryDiffEqTag, Float64}, Float64, 1}}, Vector{ForwardDiff.Dual{ForwardDiff.Tag{DiffEqBase.OrdinaryDiffEqTag, Float64}, Float64, 1}}, ComponentVector{Float64, SubArray{Float64, 1, Vector{Float64}, Tuple{UnitRange{Int64}}, true}, Tuple{Axis{(p_net = ViewAxis(1:609, Axis(layer_1 = ViewAxis(1:48, Axis(weight = ViewAxis(1:32, ShapedAxis((16, 2))), bias = ViewAxis(33:48, ShapedAxis((16, 1))))), layer_2 = ViewAxis(49:320, Axis(weight = ViewAxis(1:256, ShapedAxis((16, 16))), bias = ViewAxis(257:272, ShapedAxis((16, 1))))), layer_3 = ViewAxis(321:592, Axis(weight = ViewAxis(1:256, ShapedAxis((16, 16))), bias = ViewAxis(257:272, ShapedAxis((16, 1))))), layer_4 = ViewAxis(593:609, Axis(weight = ViewAxis(1:16, ShapedAxis((1, 16))), bias = ViewAxis(17:17, ShapedAxis((1, 1))))))), ode_par = 610:669)}}}, Float64}}, FunctionWrappers.FunctionWrapper{Nothing, Tuple{Vector{ForwardDiff.Dual{ForwardDiff.Tag{DiffEqBase.OrdinaryDiffEqTag, Float64}, Float64, 1}}, Vector{Float64}, ComponentVector{Float64, SubArray{Float64, 1, Vector{Float64}, Tuple{UnitRange{Int64}}, true}, Tuple{Axis{(p_net = ViewAxis(1:609, Axis(layer_1 = ViewAxis(1:48, Axis(weight = ViewAxis(1:32, ShapedAxis((16, 2))), bias = ViewAxis(33:48, ShapedAxis((16, 1))))), layer_2 = ViewAxis(49:320, Axis(weight = ViewAxis(1:256, ShapedAxis((16, 16))), bias = ViewAxis(257:272, ShapedAxis((16, 1))))), layer_3 = ViewAxis(321:592, Axis(weight = ViewAxis(1:256, ShapedAxis((16, 16))), bias = ViewAxis(257:272, ShapedAxis((16, 1))))), layer_4 = ViewAxis(593:609, Axis(weight = ViewAxis(1:16, ShapedAxis((1, 16))), bias = ViewAxis(17:17, ShapedAxis((1, 1))))))), ode_par = 610:669)}}}, ForwardDiff.Dual{ForwardDiff.Tag{DiffEqBase.OrdinaryDiffEqTag, Float64}, Float64, 1}}}, FunctionWrappers.FunctionWrapper{Nothing, Tuple{Vector{ForwardDiff.Dual{ForwardDiff.Tag{DiffEqBase.OrdinaryDiffEqTag, Float64}, Float64, 1}}, Vector{ForwardDiff.Dual{ForwardDiff.Tag{DiffEqBase.OrdinaryDiffEqTag, Float64}, Float64, 1}}, ComponentVector{Float64, SubArray{Float64, 1, Vector{Float64}, Tuple{UnitRange{Int64}}, true}, Tuple{Axis{(p_net = ViewAxis(1:609, Axis(layer_1 = ViewAxis(1:48, Axis(weight = ViewAxis(1:32, ShapedAxis((16, 2))), bias = ViewAxis(33:48, ShapedAxis((16, 1))))), layer_2 = ViewAxis(49:320, Axis(weight = ViewAxis(1:256, ShapedAxis((16, 16))), bias = ViewAxis(257:272, ShapedAxis((16, 1))))), layer_3 = ViewAxis(321:592, Axis(weight = ViewAxis(1:256, ShapedAxis((16, 16))), bias = ViewAxis(257:272, ShapedAxis((16, 1))))), layer_4 = ViewAxis(593:609, Axis(weight = ViewAxis(1:16, ShapedAxis((1, 16))), bias = ViewAxis(17:17, ShapedAxis((1, 1))))))), ode_par = 610:669)}}}, ForwardDiff.Dual{ForwardDiff.Tag{DiffEqBase.OrdinaryDiffEqTag, Float64}, Float64, 1}}}}, false}, UniformScaling{Bool}, Nothing, Nothing, Nothing, Nothing, Nothing, Nothing, Nothing, Nothing, Nothing, Nothing, Nothing, Nothing, Nothing, Nothing, typeof(SciMLBase.DEFAULT_OBSERVED), Nothing, Nothing}, Nothing, Vector{Tuple{Vector{Float64}, Float64}}}}, typeof(SciMLBase.FINALIZE_DEFAULT)}}}}}}, SciMLBase.StandardODEProblem}, TRBDF2{1, false, Nothing, NLNewton{Rational{Int64}, Rational{Int64}, Rational{Int64}, Rational{Int64}}, typeof(OrdinaryDiffEq.DEFAULT_PRECS), Val{:forward}, true, nothing}, OrdinaryDiffEq.InterpolationData{ODEFunction{true, true, SciMLSensitivity.ODEQuadratureAdjointSensitivityFunction{SciMLSensitivity.AdjointDiffCache{Nothing, Nothing, Nothing, Nothing, Nothing, Nothing, Nothing, Nothing, ReverseDiff.CompiledTape{ReverseDiff.GradientTape{SciMLSensitivity.var"#123#127"{ODEFunction{true, SciMLBase.AutoSpecialize, var"#f#27"{Chain{NamedTuple{(:layer_1, :layer_2, :layer_3, :layer_4), Tuple{Dense{true, typeof(gelu), typeof(my_glorot_uniform), typeof(my_glorot_uniform)}, Dense{true, typeof(gelu), typeof(my_glorot_uniform), typeof(my_glorot_uniform)}, Dense{true, typeof(gelu), typeof(my_glorot_uniform), typeof(my_glorot_uniform)}, Dense{true, typeof(identity), typeof(my_glorot_uniform), typeof(my_glorot_uniform)}}}, Nothing}, NamedTuple{(:layer_1, :layer_2, :layer_3, :layer_4), NTuple{4, NamedTuple{(), Tuple{}}}}, Vector{Float64}, Vector{Int64}, Vector{Int64}, Vector{Float64}}, UniformScaling{Bool}, Nothing, Nothing, Nothing, Nothing, Nothing, Nothing, Nothing, Nothing, Nothing, Nothing, Nothing, Nothing, Nothing, Nothing, typeof(SciMLBase.DEFAULT_OBSERVED), Nothing, Nothing}}, Tuple{ReverseDiff.TrackedArray{Float64, Float64, 1, Vector{Float64}, Vector{Float64}}, ReverseDiff.TrackedArray{Float64, Float64, 1, ComponentVector{Float64, Vector{Float64}, Tuple{Axis{(p_net = ViewAxis(1:609, Axis(layer_1 = ViewAxis(1:48, Axis(weight = ViewAxis(1:32, ShapedAxis((16, 2))), bias = ViewAxis(33:48, ShapedAxis((16, 1))))), layer_2 = ViewAxis(49:320, Axis(weight = ViewAxis(1:256, ShapedAxis((16, 16))), bias = ViewAxis(257:272, ShapedAxis((16, 1))))), layer_3 = ViewAxis(321:592, Axis(weight = ViewAxis(1:256, ShapedAxis((16, 16))), bias = ViewAxis(257:272, ShapedAxis((16, 1))))), layer_4 = ViewAxis(593:609, Axis(weight = ViewAxis(1:16, ShapedAxis((1, 16))), bias = ViewAxis(17:17, ShapedAxis((1, 1))))))), ode_par = 610:669)}}}, ComponentVector{Float64, Vector{Float64}, Tuple{Axis{(p_net = ViewAxis(1:609, Axis(layer_1 = ViewAxis(1:48, Axis(weight = ViewAxis(1:32, ShapedAxis((16, 2))), bias = ViewAxis(33:48, ShapedAxis((16, 1))))), layer_2 = ViewAxis(49:320, Axis(weight = ViewAxis(1:256, ShapedAxis((16, 16))), bias = ViewAxis(257:272, ShapedAxis((16, 1))))), layer_3 = ViewAxis(321:592, Axis(weight = ViewAxis(1:256, ShapedAxis((16, 16))), bias = ViewAxis(257:272, ShapedAxis((16, 1))))), layer_4 = ViewAxis(593:609, Axis(weight = ViewAxis(1:16, ShapedAxis((1, 16))), bias = ViewAxis(17:17, ShapedAxis((1, 1))))))), ode_par = 610:669)}}}}, ReverseDiff.TrackedArray{Float64, Float64, 1, Vector{Float64}, Vector{Float64}}}, Vector{ReverseDiff.TrackedReal{Float64, Float64, ReverseDiff.TrackedArray{Float64, Float64, 1, ComponentVector{Float64, Vector{Float64}, Tuple{Axis{(p_net = ViewAxis(1:609, Axis(layer_1 = ViewAxis(1:48, Axis(weight = ViewAxis(1:32, ShapedAxis((16, 2))), bias = ViewAxis(33:48, ShapedAxis((16, 1))))), layer_2 = ViewAxis(49:320, Axis(weight = ViewAxis(1:256, ShapedAxis((16, 16))), bias = ViewAxis(257:272, ShapedAxis((16, 1))))), layer_3 = ViewAxis(321:592, Axis(weight = ViewAxis(1:256, ShapedAxis((16, 16))), bias = ViewAxis(257:272, ShapedAxis((16, 1))))), layer_4 = ViewAxis(593:609, Axis(weight = ViewAxis(1:16, ShapedAxis((1, 16))), bias = ViewAxis(17:17, ShapedAxis((1, 1))))))), ode_par = 610:669)}}}, ComponentVector{Float64, Vector{Float64}, Tuple{Axis{(p_net = ViewAxis(1:609, Axis(layer_1 = ViewAxis(1:48, Axis(weight = ViewAxis(1:32, ShapedAxis((16, 2))), bias = ViewAxis(33:48, ShapedAxis((16, 1))))), layer_2 = ViewAxis(49:320, Axis(weight = ViewAxis(1:256, ShapedAxis((16, 16))), bias = ViewAxis(257:272, ShapedAxis((16, 1))))), layer_3 = ViewAxis(321:592, Axis(weight = ViewAxis(1:256, ShapedAxis((16, 16))), bias = ViewAxis(257:272, ShapedAxis((16, 1))))), layer_4 = ViewAxis(593:609, Axis(weight = ViewAxis(1:16, ShapedAxis((1, 16))), bias = ViewAxis(17:17, ShapedAxis((1, 1))))))), ode_par = 610:669)}}}}}}}}, Nothing, Nothing, Vector{Float64}, Nothing, Nothing, Base.OneTo{Int64}, UnitRange{Int64}, UniformScaling{Bool}}, QuadratureAdjoint{0, true, Val{:central}, ReverseDiffVJP{true}}, Vector{Float64}, ODESolution{Float64, 2, Vector{Vector{Float64}}, Nothing, Nothing, Vector{Float64}, Vector{Vector{Vector{Float64}}}, ODEProblem{Vector{Float64}, Tuple{Float64, Float64}, true, ComponentVector{Float64, SubArray{Float64, 1, Vector{Float64}, Tuple{UnitRange{Int64}}, true}, Tuple{Axis{(p_net = ViewAxis(1:609, Axis(layer_1 = ViewAxis(1:48, Axis(weight = ViewAxis(1:32, ShapedAxis((16, 2))), bias = ViewAxis(33:48, ShapedAxis((16, 1))))), layer_2 = ViewAxis(49:320, Axis(weight = ViewAxis(1:256, ShapedAxis((16, 16))), bias = ViewAxis(257:272, ShapedAxis((16, 1))))), layer_3 = ViewAxis(321:592, Axis(weight = ViewAxis(1:256, ShapedAxis((16, 16))), bias = ViewAxis(257:272, ShapedAxis((16, 1))))), layer_4 = ViewAxis(593:609, Axis(weight = ViewAxis(1:16, ShapedAxis((1, 16))), bias = ViewAxis(17:17, ShapedAxis((1, 1))))))), ode_par = 610:669)}}}, ODEFunction{true, SciMLBase.AutoSpecialize, FunctionWrappersWrappers.FunctionWrappersWrapper{Tuple{FunctionWrappers.FunctionWrapper{Nothing, Tuple{Vector{Float64}, Vector{Float64}, ComponentVector{Float64, SubArray{Float64, 1, Vector{Float64}, Tuple{UnitRange{Int64}}, true}, Tuple{Axis{(p_net = ViewAxis(1:609, Axis(layer_1 = ViewAxis(1:48, Axis(weight = ViewAxis(1:32, ShapedAxis((16, 2))), bias = ViewAxis(33:48, ShapedAxis((16, 1))))), layer_2 = ViewAxis(49:320, Axis(weight = ViewAxis(1:256, ShapedAxis((16, 16))), bias = ViewAxis(257:272, ShapedAxis((16, 1))))), layer_3 = ViewAxis(321:592, Axis(weight = ViewAxis(1:256, ShapedAxis((16, 16))), bias = ViewAxis(257:272, ShapedAxis((16, 1))))), layer_4 = ViewAxis(593:609, Axis(weight = ViewAxis(1:16, ShapedAxis((1, 16))), bias = ViewAxis(17:17, ShapedAxis((1, 1))))))), ode_par = 610:669)}}}, Float64}}, FunctionWrappers.FunctionWrapper{Nothing, Tuple{Vector{ForwardDiff.Dual{ForwardDiff.Tag{DiffEqBase.OrdinaryDiffEqTag, Float64}, Float64, 1}}, Vector{ForwardDiff.Dual{ForwardDiff.Tag{DiffEqBase.OrdinaryDiffEqTag, Float64}, Float64, 1}}, ComponentVector{Float64, SubArray{Float64, 1, Vector{Float64}, Tuple{UnitRange{Int64}}, true}, Tuple{Axis{(p_net = ViewAxis(1:609, Axis(layer_1 = ViewAxis(1:48, Axis(weight = ViewAxis(1:32, ShapedAxis((16, 2))), bias = ViewAxis(33:48, ShapedAxis((16, 1))))), layer_2 = ViewAxis(49:320, Axis(weight = ViewAxis(1:256, ShapedAxis((16, 16))), bias = ViewAxis(257:272, ShapedAxis((16, 1))))), layer_3 = ViewAxis(321:592, Axis(weight = ViewAxis(1:256, ShapedAxis((16, 16))), bias = ViewAxis(257:272, ShapedAxis((16, 1))))), layer_4 = ViewAxis(593:609, Axis(weight = ViewAxis(1:16, ShapedAxis((1, 16))), bias = ViewAxis(17:17, ShapedAxis((1, 1))))))), ode_par = 610:669)}}}, Float64}}, FunctionWrappers.FunctionWrapper{Nothing, Tuple{Vector{ForwardDiff.Dual{ForwardDiff.Tag{DiffEqBase.OrdinaryDiffEqTag, Float64}, Float64, 1}}, Vector{Float64}, ComponentVector{Float64, SubArray{Float64, 1, Vector{Float64}, Tuple{UnitRange{Int64}}, true}, Tuple{Axis{(p_net = ViewAxis(1:609, Axis(layer_1 = ViewAxis(1:48, Axis(weight = ViewAxis(1:32, ShapedAxis((16, 2))), bias = ViewAxis(33:48, ShapedAxis((16, 1))))), layer_2 = ViewAxis(49:320, Axis(weight = ViewAxis(1:256, ShapedAxis((16, 16))), bias = ViewAxis(257:272, ShapedAxis((16, 1))))), layer_3 = ViewAxis(321:592, Axis(weight = ViewAxis(1:256, ShapedAxis((16, 16))), bias = ViewAxis(257:272, ShapedAxis((16, 1))))), layer_4 = ViewAxis(593:609, Axis(weight = ViewAxis(1:16, ShapedAxis((1, 16))), bias = ViewAxis(17:17, ShapedAxis((1, 1))))))), ode_par = 610:669)}}}, ForwardDiff.Dual{ForwardDiff.Tag{DiffEqBase.OrdinaryDiffEqTag, Float64}, Float64, 1}}}, FunctionWrappers.FunctionWrapper{Nothing, Tuple{Vector{ForwardDiff.Dual{ForwardDiff.Tag{DiffEqBase.OrdinaryDiffEqTag, Float64}, Float64, 1}}, Vector{ForwardDiff.Dual{ForwardDiff.Tag{DiffEqBase.OrdinaryDiffEqTag, Float64}, Float64, 1}}, ComponentVector{Float64, SubArray{Float64, 1, Vector{Float64}, Tuple{UnitRange{Int64}}, true}, Tuple{Axis{(p_net = ViewAxis(1:609, Axis(layer_1 = ViewAxis(1:48, Axis(weight = ViewAxis(1:32, ShapedAxis((16, 2))), bias = ViewAxis(33:48, ShapedAxis((16, 1))))), layer_2 = ViewAxis(49:320, Axis(weight = ViewAxis(1:256, ShapedAxis((16, 16))), bias = ViewAxis(257:272, ShapedAxis((16, 1))))), layer_3 = ViewAxis(321:592, Axis(weight = ViewAxis(1:256, ShapedAxis((16, 16))), bias = ViewAxis(257:272, ShapedAxis((16, 1))))), layer_4 = ViewAxis(593:609, Axis(weight = ViewAxis(1:16, ShapedAxis((1, 16))), bias = ViewAxis(17:17, ShapedAxis((1, 1))))))), ode_par = 610:669)}}}, ForwardDiff.Dual{ForwardDiff.Tag{DiffEqBase.OrdinaryDiffEqTag, Float64}, Float64, 1}}}}, false}, UniformScaling{Bool}, Nothing, Nothing, Nothing, Nothing, Nothing, Nothing, Nothing, Nothing, Nothing, Nothing, Nothing, Nothing, Nothing, Nothing, typeof(SciMLBase.DEFAULT_OBSERVED), Nothing, Nothing}, Base.Pairs{Symbol, Union{}, Tuple{}, NamedTuple{(), Tuple{}}}, SciMLBase.StandardODEProblem}, TRBDF2{1, false, Nothing, NLNewton{Rational{Int64}, Rational{Int64}, Rational{Int64}, Rational{Int64}}, typeof(OrdinaryDiffEq.DEFAULT_PRECS), Val{:forward}, true, nothing}, OrdinaryDiffEq.InterpolationData{ODEFunction{true, SciMLBase.AutoSpecialize, FunctionWrappersWrappers.FunctionWrappersWrapper{Tuple{FunctionWrappers.FunctionWrapper{Nothing, Tuple{Vector{Float64}, Vector{Float64}, ComponentVector{Float64, SubArray{Float64, 1, Vector{Float64}, Tuple{UnitRange{Int64}}, true}, Tuple{Axis{(p_net = ViewAxis(1:609, Axis(layer_1 = ViewAxis(1:48, Axis(weight = ViewAxis(1:32, ShapedAxis((16, 2))), bias = ViewAxis(33:48, ShapedAxis((16, 1))))), layer_2 = ViewAxis(49:320, Axis(weight = ViewAxis(1:256, ShapedAxis((16, 16))), bias = ViewAxis(257:272, ShapedAxis((16, 1))))), layer_3 = ViewAxis(321:592, Axis(weight = ViewAxis(1:256, ShapedAxis((16, 16))), bias = ViewAxis(257:272, ShapedAxis((16, 1))))), layer_4 = ViewAxis(593:609, Axis(weight = ViewAxis(1:16, ShapedAxis((1, 16))), bias = ViewAxis(17:17, ShapedAxis((1, 1))))))), ode_par = 610:669)}}}, Float64}}, FunctionWrappers.FunctionWrapper{Nothing, Tuple{Vector{ForwardDiff.Dual{ForwardDiff.Tag{DiffEqBase.OrdinaryDiffEqTag, Float64}, Float64, 1}}, Vector{ForwardDiff.Dual{ForwardDiff.Tag{DiffEqBase.OrdinaryDiffEqTag, Float64}, Float64, 1}}, ComponentVector{Float64, SubArray{Float64, 1, Vector{Float64}, Tuple{UnitRange{Int64}}, true}, Tuple{Axis{(p_net = ViewAxis(1:609, Axis(layer_1 = ViewAxis(1:48, Axis(weight = ViewAxis(1:32, ShapedAxis((16, 2))), bias = ViewAxis(33:48, ShapedAxis((16, 1))))), layer_2 = ViewAxis(49:320, Axis(weight = ViewAxis(1:256, ShapedAxis((16, 16))), bias = ViewAxis(257:272, ShapedAxis((16, 1))))), layer_3 = ViewAxis(321:592, Axis(weight = ViewAxis(1:256, ShapedAxis((16, 16))), bias = ViewAxis(257:272, ShapedAxis((16, 1))))), layer_4 = ViewAxis(593:609, Axis(weight = ViewAxis(1:16, ShapedAxis((1, 16))), bias = ViewAxis(17:17, ShapedAxis((1, 1))))))), ode_par = 610:669)}}}, Float64}}, FunctionWrappers.FunctionWrapper{Nothing, Tuple{Vector{ForwardDiff.Dual{ForwardDiff.Tag{DiffEqBase.OrdinaryDiffEqTag, Float64}, Float64, 1}}, Vector{Float64}, ComponentVector{Float64, SubArray{Float64, 1, Vector{Float64}, Tuple{UnitRange{Int64}}, true}, Tuple{Axis{(p_net = ViewAxis(1:609, Axis(layer_1 = ViewAxis(1:48, Axis(weight = ViewAxis(1:32, ShapedAxis((16, 2))), bias = ViewAxis(33:48, ShapedAxis((16, 1))))), layer_2 = ViewAxis(49:320, Axis(weight = ViewAxis(1:256, ShapedAxis((16, 16))), bias = ViewAxis(257:272, ShapedAxis((16, 1))))), layer_3 = ViewAxis(321:592, Axis(weight = ViewAxis(1:256, ShapedAxis((16, 16))), bias = ViewAxis(257:272, ShapedAxis((16, 1))))), layer_4 = ViewAxis(593:609, Axis(weight = ViewAxis(1:16, ShapedAxis((1, 16))), bias = ViewAxis(17:17, ShapedAxis((1, 1))))))), ode_par = 610:669)}}}, ForwardDiff.Dual{ForwardDiff.Tag{DiffEqBase.OrdinaryDiffEqTag, Float64}, Float64, 1}}}, FunctionWrappers.FunctionWrapper{Nothing, Tuple{Vector{ForwardDiff.Dual{ForwardDiff.Tag{DiffEqBase.OrdinaryDiffEqTag, Float64}, Float64, 1}}, Vector{ForwardDiff.Dual{ForwardDiff.Tag{DiffEqBase.OrdinaryDiffEqTag, Float64}, Float64, 1}}, ComponentVector{Float64, SubArray{Float64, 1, Vector{Float64}, Tuple{UnitRange{Int64}}, true}, Tuple{Axis{(p_net = ViewAxis(1:609, Axis(layer_1 = ViewAxis(1:48, Axis(weight = ViewAxis(1:32, ShapedAxis((16, 2))), bias = ViewAxis(33:48, ShapedAxis((16, 1))))), layer_2 = ViewAxis(49:320, Axis(weight = ViewAxis(1:256, ShapedAxis((16, 16))), bias = ViewAxis(257:272, ShapedAxis((16, 1))))), layer_3 = ViewAxis(321:592, Axis(weight = ViewAxis(1:256, ShapedAxis((16, 16))), bias = ViewAxis(257:272, ShapedAxis((16, 1))))), layer_4 = ViewAxis(593:609, Axis(weight = ViewAxis(1:16, ShapedAxis((1, 16))), bias = ViewAxis(17:17, ShapedAxis((1, 1))))))), ode_par = 610:669)}}}, ForwardDiff.Dual{ForwardDiff.Tag{DiffEqBase.OrdinaryDiffEqTag, Float64}, Float64, 1}}}}, false}, UniformScaling{Bool}, Nothing, Nothing, Nothing, Nothing, Nothing, Nothing, Nothing, Nothing, Nothing, Nothing, Nothing, Nothing, Nothing, Nothing, typeof(SciMLBase.DEFAULT_OBSERVED), Nothing, Nothing}, Vector{Vector{Float64}}, Vector{Float64}, Vector{Vector{Vector{Float64}}}, OrdinaryDiffEq.TRBDF2Cache{Vector{Float64}, Vector{Float64}, Vector{Float64}, OrdinaryDiffEq.TRBDF2Tableau{Float64, Float64}, OrdinaryDiffEq.NLSolver{NLNewton{Rational{Int64}, Rational{Int64}, Rational{Int64}, Rational{Int64}}, true, Vector{Float64}, Float64, Nothing, Float64, OrdinaryDiffEq.NLNewtonCache{Vector{Float64}, Float64, Float64, Vector{Float64}, Matrix{Float64}, Matrix{Float64}, SciMLBase.UJacobianWrapper{true, ODEFunction{true, SciMLBase.AutoSpecialize, FunctionWrappersWrappers.FunctionWrappersWrapper{Tuple{FunctionWrappers.FunctionWrapper{Nothing, Tuple{Vector{Float64}, Vector{Float64}, ComponentVector{Float64, SubArray{Float64, 1, Vector{Float64}, Tuple{UnitRange{Int64}}, true}, Tuple{Axis{(p_net = ViewAxis(1:609, Axis(layer_1 = ViewAxis(1:48, Axis(weight = ViewAxis(1:32, ShapedAxis((16, 2))), bias = ViewAxis(33:48, ShapedAxis((16, 1))))), layer_2 = ViewAxis(49:320, Axis(weight = ViewAxis(1:256, ShapedAxis((16, 16))), bias = ViewAxis(257:272, ShapedAxis((16, 1))))), layer_3 = ViewAxis(321:592, Axis(weight = ViewAxis(1:256, ShapedAxis((16, 16))), bias = ViewAxis(257:272, ShapedAxis((16, 1))))), layer_4 = ViewAxis(593:609, Axis(weight = ViewAxis(1:16, ShapedAxis((1, 16))), bias = ViewAxis(17:17, ShapedAxis((1, 1))))))), ode_par = 610:669)}}}, Float64}}, FunctionWrappers.FunctionWrapper{Nothing, Tuple{Vector{ForwardDiff.Dual{ForwardDiff.Tag{DiffEqBase.OrdinaryDiffEqTag, Float64}, Float64, 1}}, Vector{ForwardDiff.Dual{ForwardDiff.Tag{DiffEqBase.OrdinaryDiffEqTag, Float64}, Float64, 1}}, ComponentVector{Float64, SubArray{Float64, 1, Vector{Float64}, Tuple{UnitRange{Int64}}, true}, Tuple{Axis{(p_net = ViewAxis(1:609, Axis(layer_1 = ViewAxis(1:48, Axis(weight = ViewAxis(1:32, ShapedAxis((16, 2))), bias = ViewAxis(33:48, ShapedAxis((16, 1))))), layer_2 = ViewAxis(49:320, Axis(weight = ViewAxis(1:256, ShapedAxis((16, 16))), bias = ViewAxis(257:272, ShapedAxis((16, 1))))), layer_3 = ViewAxis(321:592, Axis(weight = ViewAxis(1:256, ShapedAxis((16, 16))), bias = ViewAxis(257:272, ShapedAxis((16, 1))))), layer_4 = ViewAxis(593:609, Axis(weight = ViewAxis(1:16, ShapedAxis((1, 16))), bias = ViewAxis(17:17, ShapedAxis((1, 1))))))), ode_par = 610:669)}}}, Float64}}, FunctionWrappers.FunctionWrapper{Nothing, Tuple{Vector{ForwardDiff.Dual{ForwardDiff.Tag{DiffEqBase.OrdinaryDiffEqTag, Float64}, Float64, 1}}, Vector{Float64}, ComponentVector{Float64, SubArray{Float64, 1, Vector{Float64}, Tuple{UnitRange{Int64}}, true}, Tuple{Axis{(p_net = ViewAxis(1:609, Axis(layer_1 = ViewAxis(1:48, Axis(weight = ViewAxis(1:32, ShapedAxis((16, 2))), bias = ViewAxis(33:48, ShapedAxis((16, 1))))), layer_2 = ViewAxis(49:320, Axis(weight = ViewAxis(1:256, ShapedAxis((16, 16))), bias = ViewAxis(257:272, ShapedAxis((16, 1))))), layer_3 = ViewAxis(321:592, Axis(weight = ViewAxis(1:256, ShapedAxis((16, 16))), bias = ViewAxis(257:272, ShapedAxis((16, 1))))), layer_4 = ViewAxis(593:609, Axis(weight = ViewAxis(1:16, ShapedAxis((1, 16))), bias = ViewAxis(17:17, ShapedAxis((1, 1))))))), ode_par = 610:669)}}}, ForwardDiff.Dual{ForwardDiff.Tag{DiffEqBase.OrdinaryDiffEqTag, Float64}, Float64, 1}}}, FunctionWrappers.FunctionWrapper{Nothing, Tuple{Vector{ForwardDiff.Dual{ForwardDiff.Tag{DiffEqBase.OrdinaryDiffEqTag, Float64}, Float64, 1}}, Vector{ForwardDiff.Dual{ForwardDiff.Tag{DiffEqBase.OrdinaryDiffEqTag, Float64}, Float64, 1}}, ComponentVector{Float64, SubArray{Float64, 1, Vector{Float64}, Tuple{UnitRange{Int64}}, true}, Tuple{Axis{(p_net = ViewAxis(1:609, Axis(layer_1 = ViewAxis(1:48, Axis(weight = ViewAxis(1:32, ShapedAxis((16, 2))), bias = ViewAxis(33:48, ShapedAxis((16, 1))))), layer_2 = ViewAxis(49:320, Axis(weight = ViewAxis(1:256, ShapedAxis((16, 16))), bias = ViewAxis(257:272, ShapedAxis((16, 1))))), layer_3 = ViewAxis(321:592, Axis(weight = ViewAxis(1:256, ShapedAxis((16, 16))), bias = ViewAxis(257:272, ShapedAxis((16, 1))))), layer_4 = ViewAxis(593:609, Axis(weight = ViewAxis(1:16, ShapedAxis((1, 16))), bias = ViewAxis(17:17, ShapedAxis((1, 1))))))), ode_par = 610:669)}}}, ForwardDiff.Dual{ForwardDiff.Tag{DiffEqBase.OrdinaryDiffEqTag, Float64}, Float64, 1}}}}, false}, UniformScaling{Bool}, Nothing, Nothing, Nothing, Nothing, Nothing, Nothing, Nothing, Nothing, Nothing, Nothing, Nothing, Nothing, Nothing, Nothing, typeof(SciMLBase.DEFAULT_OBSERVED), Nothing, Nothing}, Float64, ComponentVector{Float64, SubArray{Float64, 1, Vector{Float64}, Tuple{UnitRange{Int64}}, true}, Tuple{Axis{(p_net = ViewAxis(1:609, Axis(layer_1 = ViewAxis(1:48, Axis(weight = ViewAxis(1:32, ShapedAxis((16, 2))), bias = ViewAxis(33:48, ShapedAxis((16, 1))))), layer_2 = ViewAxis(49:320, Axis(weight = ViewAxis(1:256, ShapedAxis((16, 16))), bias = ViewAxis(257:272, ShapedAxis((16, 1))))), layer_3 = ViewAxis(321:592, Axis(weight = ViewAxis(1:256, ShapedAxis((16, 16))), bias = ViewAxis(257:272, ShapedAxis((16, 1))))), layer_4 = ViewAxis(593:609, Axis(weight = ViewAxis(1:16, ShapedAxis((1, 16))), bias = ViewAxis(17:17, ShapedAxis((1, 1))))))), ode_par = 610:669)}}}}, FiniteDiff.JacobianCache{Vector{Float64}, Vector{Float64}, Vector{Float64}, Vector{Float64}, UnitRange{Int64}, Nothing, Val{:forward}(), Float64}, LinearSolve.LinearCache{Matrix{Float64}, Vector{Float64}, Vector{Float64}, SciMLBase.NullParameters, LinearSolve.DefaultLinearSolver, LinearSolve.DefaultLinearSolverInit{LU{Float64, Matrix{Float64}, Vector{Int64}}, LinearAlgebra.QRCompactWY{Float64, Matrix{Float64}, Matrix{Float64}}, Nothing, Nothing, Nothing, Nothing, Nothing, Nothing, LU{Float64, Matrix{Float64}, Vector{Int64}}, Tuple{LU{Float64, Matrix{Float64}, Vector{Int64}}, Vector{Int64}}, Nothing, Nothing, Nothing, SVD{Float64, Float64, Matrix{Float64}, Vector{Float64}}, Cholesky{Float64, Matrix{Float64}}, Cholesky{Float64, Matrix{Float64}}, Tuple{LU{Float64, Matrix{Float64}, Vector{Int32}}, Base.RefValue{Int32}}, Tuple{LU{Float64, Matrix{Float64}, Vector{Int64}}, Base.RefValue{Int64}}, QRPivoted{Float64, Matrix{Float64}, Vector{Float64}, Vector{Int64}}}, LinearSolve.InvPreconditioner{Diagonal{Float64, Vector{Float64}}}, Diagonal{Float64, Vector{Float64}}, Float64, Bool}}}}}, SciMLBase.DEStats, Nothing}, ODEFunction{true, SciMLBase.AutoSpecialize, FunctionWrappersWrappers.FunctionWrappersWrapper{Tuple{FunctionWrappers.FunctionWrapper{Nothing, Tuple{Vector{Float64}, Vector{Float64}, ComponentVector{Float64, SubArray{Float64, 1, Vector{Float64}, Tuple{UnitRange{Int64}}, true}, Tuple{Axis{(p_net = ViewAxis(1:609, Axis(layer_1 = ViewAxis(1:48, Axis(weight = ViewAxis(1:32, ShapedAxis((16, 2))), bias = ViewAxis(33:48, ShapedAxis((16, 1))))), layer_2 = ViewAxis(49:320, Axis(weight = ViewAxis(1:256, ShapedAxis((16, 16))), bias = ViewAxis(257:272, ShapedAxis((16, 1))))), layer_3 = ViewAxis(321:592, Axis(weight = ViewAxis(1:256, ShapedAxis((16, 16))), bias = ViewAxis(257:272, ShapedAxis((16, 1))))), layer_4 = ViewAxis(593:609, Axis(weight = ViewAxis(1:16, ShapedAxis((1, 16))), bias = ViewAxis(17:17, ShapedAxis((1, 1))))))), ode_par = 610:669)}}}, Float64}}, FunctionWrappers.FunctionWrapper{Nothing, Tuple{Vector{ForwardDiff.Dual{ForwardDiff.Tag{DiffEqBase.OrdinaryDiffEqTag, Float64}, Float64, 1}}, Vector{ForwardDiff.Dual{ForwardDiff.Tag{DiffEqBase.OrdinaryDiffEqTag, Float64}, Float64, 1}}, ComponentVector{Float64, SubArray{Float64, 1, Vector{Float64}, Tuple{UnitRange{Int64}}, true}, Tuple{Axis{(p_net = ViewAxis(1:609, Axis(layer_1 = ViewAxis(1:48, Axis(weight = ViewAxis(1:32, ShapedAxis((16, 2))), bias = ViewAxis(33:48, ShapedAxis((16, 1))))), layer_2 = ViewAxis(49:320, Axis(weight = ViewAxis(1:256, ShapedAxis((16, 16))), bias = ViewAxis(257:272, ShapedAxis((16, 1))))), layer_3 = ViewAxis(321:592, Axis(weight = ViewAxis(1:256, ShapedAxis((16, 16))), bias = ViewAxis(257:272, ShapedAxis((16, 1))))), layer_4 = ViewAxis(593:609, Axis(weight = ViewAxis(1:16, ShapedAxis((1, 16))), bias = ViewAxis(17:17, ShapedAxis((1, 1))))))), ode_par = 610:669)}}}, Float64}}, FunctionWrappers.FunctionWrapper{Nothing, Tuple{Vector{ForwardDiff.Dual{ForwardDiff.Tag{DiffEqBase.OrdinaryDiffEqTag, Float64}, Float64, 1}}, Vector{Float64}, ComponentVector{Float64, SubArray{Float64, 1, Vector{Float64}, Tuple{UnitRange{Int64}}, true}, Tuple{Axis{(p_net = ViewAxis(1:609, Axis(layer_1 = ViewAxis(1:48, Axis(weight = ViewAxis(1:32, ShapedAxis((16, 2))), bias = ViewAxis(33:48, ShapedAxis((16, 1))))), layer_2 = ViewAxis(49:320, Axis(weight = ViewAxis(1:256, ShapedAxis((16, 16))), bias = ViewAxis(257:272, ShapedAxis((16, 1))))), layer_3 = ViewAxis(321:592, Axis(weight = ViewAxis(1:256, ShapedAxis((16, 16))), bias = ViewAxis(257:272, ShapedAxis((16, 1))))), layer_4 = ViewAxis(593:609, Axis(weight = ViewAxis(1:16, ShapedAxis((1, 16))), bias = ViewAxis(17:17, ShapedAxis((1, 1))))))), ode_par = 610:669)}}}, ForwardDiff.Dual{ForwardDiff.Tag{DiffEqBase.OrdinaryDiffEqTag, Float64}, Float64, 1}}}, FunctionWrappers.FunctionWrapper{Nothing, Tuple{Vector{ForwardDiff.Dual{ForwardDiff.Tag{DiffEqBase.OrdinaryDiffEqTag, Float64}, Float64, 1}}, Vector{ForwardDiff.Dual{ForwardDiff.Tag{DiffEqBase.OrdinaryDiffEqTag, Float64}, Float64, 1}}, ComponentVector{Float64, SubArray{Float64, 1, Vector{Float64}, Tuple{UnitRange{Int64}}, true}, Tuple{Axis{(p_net = ViewAxis(1:609, Axis(layer_1 = ViewAxis(1:48, Axis(weight = ViewAxis(1:32, ShapedAxis((16, 2))), bias = ViewAxis(33:48, ShapedAxis((16, 1))))), layer_2 = ViewAxis(49:320, Axis(weight = ViewAxis(1:256, ShapedAxis((16, 16))), bias = ViewAxis(257:272, ShapedAxis((16, 1))))), layer_3 = ViewAxis(321:592, Axis(weight = ViewAxis(1:256, ShapedAxis((16, 16))), bias = ViewAxis(257:272, ShapedAxis((16, 1))))), layer_4 = ViewAxis(593:609, Axis(weight = ViewAxis(1:16, ShapedAxis((1, 16))), bias = ViewAxis(17:17, ShapedAxis((1, 1))))))), ode_par = 610:669)}}}, ForwardDiff.Dual{ForwardDiff.Tag{DiffEqBase.OrdinaryDiffEqTag, Float64}, Float64, 1}}}}, false}, UniformScaling{Bool}, Nothing, Nothing, Nothing, Nothing, Nothing, Nothing, Nothing, Nothing, Nothing, Nothing, Nothing, Nothing, Nothing, Nothing, typeof(SciMLBase.DEFAULT_OBSERVED), Nothing, Nothing}}, UniformScaling{Bool}, Nothing, Nothing, Nothing, Nothing, Nothing, Nothing, Nothing, Nothing, Nothing, Nothing, Nothing, Nothing, Nothing, Nothing, typeof(SciMLBase.DEFAULT_OBSERVED), Nothing, Nothing}, Vector{Vector{Float64}}, Vector{Float64}, Vector{Vector{Vector{Float64}}}, OrdinaryDiffEq.TRBDF2Cache{Vector{Float64}, Vector{Float64}, Vector{Float64}, OrdinaryDiffEq.TRBDF2Tableau{Float64, Float64}, OrdinaryDiffEq.NLSolver{NLNewton{Rational{Int64}, Rational{Int64}, Rational{Int64}, Rational{Int64}}, true, Vector{Float64}, Float64, Nothing, Float64, OrdinaryDiffEq.NLNewtonCache{Vector{Float64}, Float64, Float64, Vector{Float64}, Matrix{Float64}, Matrix{Float64}, SciMLBase.UJacobianWrapper{true, ODEFunction{true, true, SciMLSensitivity.ODEQuadratureAdjointSensitivityFunction{SciMLSensitivity.AdjointDiffCache{Nothing, Nothing, Nothing, Nothing, Nothing, Nothing, Nothing, Nothing, ReverseDiff.CompiledTape{ReverseDiff.GradientTape{SciMLSensitivity.var"#123#127"{ODEFunction{true, SciMLBase.AutoSpecialize, var"#f#27"{Chain{NamedTuple{(:layer_1, :layer_2, :layer_3, :layer_4), Tuple{Dense{true, typeof(gelu), typeof(my_glorot_uniform), typeof(my_glorot_uniform)}, Dense{true, typeof(gelu), typeof(my_glorot_uniform), typeof(my_glorot_uniform)}, Dense{true, typeof(gelu), typeof(my_glorot_uniform), typeof(my_glorot_uniform)}, Dense{true, typeof(identity), typeof(my_glorot_uniform), typeof(my_glorot_uniform)}}}, Nothing}, NamedTuple{(:layer_1, :layer_2, :layer_3, :layer_4), NTuple{4, NamedTuple{(), Tuple{}}}}, Vector{Float64}, Vector{Int64}, Vector{Int64}, Vector{Float64}}, UniformScaling{Bool}, Nothing, Nothing, Nothing, Nothing, Nothing, Nothing, Nothing, Nothing, Nothing, Nothing, Nothing, Nothing, Nothing, Nothing, typeof(SciMLBase.DEFAULT_OBSERVED), Nothing, Nothing}}, Tuple{ReverseDiff.TrackedArray{Float64, Float64, 1, Vector{Float64}, Vector{Float64}}, ReverseDiff.TrackedArray{Float64, Float64, 1, ComponentVector{Float64, Vector{Float64}, Tuple{Axis{(p_net = ViewAxis(1:609, Axis(layer_1 = ViewAxis(1:48, Axis(weight = ViewAxis(1:32, ShapedAxis((16, 2))), bias = ViewAxis(33:48, ShapedAxis((16, 1))))), layer_2 = ViewAxis(49:320, Axis(weight = ViewAxis(1:256, ShapedAxis((16, 16))), bias = ViewAxis(257:272, ShapedAxis((16, 1))))), layer_3 = ViewAxis(321:592, Axis(weight = ViewAxis(1:256, ShapedAxis((16, 16))), bias = ViewAxis(257:272, ShapedAxis((16, 1))))), layer_4 = ViewAxis(593:609, Axis(weight = ViewAxis(1:16, ShapedAxis((1, 16))), bias = ViewAxis(17:17, ShapedAxis((1, 1))))))), ode_par = 610:669)}}}, ComponentVector{Float64, Vector{Float64}, Tuple{Axis{(p_net = ViewAxis(1:609, Axis(layer_1 = ViewAxis(1:48, Axis(weight = ViewAxis(1:32, ShapedAxis((16, 2))), bias = ViewAxis(33:48, ShapedAxis((16, 1))))), layer_2 = ViewAxis(49:320, Axis(weight = ViewAxis(1:256, ShapedAxis((16, 16))), bias = ViewAxis(257:272, ShapedAxis((16, 1))))), layer_3 = ViewAxis(321:592, Axis(weight = ViewAxis(1:256, ShapedAxis((16, 16))), bias = ViewAxis(257:272, ShapedAxis((16, 1))))), layer_4 = ViewAxis(593:609, Axis(weight = ViewAxis(1:16, ShapedAxis((1, 16))), bias = ViewAxis(17:17, ShapedAxis((1, 1))))))), ode_par = 610:669)}}}}, ReverseDiff.TrackedArray{Float64, Float64, 1, Vector{Float64}, Vector{Float64}}}, Vector{ReverseDiff.TrackedReal{Float64, Float64, ReverseDiff.TrackedArray{Float64, Float64, 1, ComponentVector{Float64, Vector{Float64}, Tuple{Axis{(p_net = ViewAxis(1:609, Axis(layer_1 = ViewAxis(1:48, Axis(weight = ViewAxis(1:32, ShapedAxis((16, 2))), bias = ViewAxis(33:48, ShapedAxis((16, 1))))), layer_2 = ViewAxis(49:320, Axis(weight = ViewAxis(1:256, ShapedAxis((16, 16))), bias = ViewAxis(257:272, ShapedAxis((16, 1))))), layer_3 = ViewAxis(321:592, Axis(weight = ViewAxis(1:256, ShapedAxis((16, 16))), bias = ViewAxis(257:272, ShapedAxis((16, 1))))), layer_4 = ViewAxis(593:609, Axis(weight = ViewAxis(1:16, ShapedAxis((1, 16))), bias = ViewAxis(17:17, ShapedAxis((1, 1))))))), ode_par = 610:669)}}}, ComponentVector{Float64, Vector{Float64}, Tuple{Axis{(p_net = ViewAxis(1:609, Axis(layer_1 = ViewAxis(1:48, Axis(weight = ViewAxis(1:32, ShapedAxis((16, 2))), bias = ViewAxis(33:48, ShapedAxis((16, 1))))), layer_2 = ViewAxis(49:320, Axis(weight = ViewAxis(1:256, ShapedAxis((16, 16))), bias = ViewAxis(257:272, ShapedAxis((16, 1))))), layer_3 = ViewAxis(321:592, Axis(weight = ViewAxis(1:256, ShapedAxis((16, 16))), bias = ViewAxis(257:272, ShapedAxis((16, 1))))), layer_4 = ViewAxis(593:609, Axis(weight = ViewAxis(1:16, ShapedAxis((1, 16))), bias = ViewAxis(17:17, ShapedAxis((1, 1))))))), ode_par = 610:669)}}}}}}}}, Nothing, Nothing, Vector{Float64}, Nothing, Nothing, Base.OneTo{Int64}, UnitRange{Int64}, UniformScaling{Bool}}, QuadratureAdjoint{0, true, Val{:central}, ReverseDiffVJP{true}}, Vector{Float64}, ODESolution{Float64, 2, Vector{Vector{Float64}}, Nothing, Nothing, Vector{Float64}, Vector{Vector{Vector{Float64}}}, ODEProblem{Vector{Float64}, Tuple{Float64, Float64}, true, ComponentVector{Float64, SubArray{Float64, 1, Vector{Float64}, Tuple{UnitRange{Int64}}, true}, Tuple{Axis{(p_net = ViewAxis(1:609, Axis(layer_1 = ViewAxis(1:48, Axis(weight = ViewAxis(1:32, ShapedAxis((16, 2))), bias = ViewAxis(33:48, ShapedAxis((16, 1))))), layer_2 = ViewAxis(49:320, Axis(weight = ViewAxis(1:256, ShapedAxis((16, 16))), bias = ViewAxis(257:272, ShapedAxis((16, 1))))), layer_3 = ViewAxis(321:592, Axis(weight = ViewAxis(1:256, ShapedAxis((16, 16))), bias = ViewAxis(257:272, ShapedAxis((16, 1))))), layer_4 = ViewAxis(593:609, Axis(weight = ViewAxis(1:16, ShapedAxis((1, 16))), bias = ViewAxis(17:17, ShapedAxis((1, 1))))))), ode_par = 610:669)}}}, ODEFunction{true, SciMLBase.AutoSpecialize, FunctionWrappersWrappers.FunctionWrappersWrapper{Tuple{FunctionWrappers.FunctionWrapper{Nothing, Tuple{Vector{Float64}, Vector{Float64}, ComponentVector{Float64, SubArray{Float64, 1, Vector{Float64}, Tuple{UnitRange{Int64}}, true}, Tuple{Axis{(p_net = ViewAxis(1:609, Axis(layer_1 = ViewAxis(1:48, Axis(weight = ViewAxis(1:32, ShapedAxis((16, 2))), bias = ViewAxis(33:48, ShapedAxis((16, 1))))), layer_2 = ViewAxis(49:320, Axis(weight = ViewAxis(1:256, ShapedAxis((16, 16))), bias = ViewAxis(257:272, ShapedAxis((16, 1))))), layer_3 = ViewAxis(321:592, Axis(weight = ViewAxis(1:256, ShapedAxis((16, 16))), bias = ViewAxis(257:272, ShapedAxis((16, 1))))), layer_4 = ViewAxis(593:609, Axis(weight = ViewAxis(1:16, ShapedAxis((1, 16))), bias = ViewAxis(17:17, ShapedAxis((1, 1))))))), ode_par = 610:669)}}}, Float64}}, FunctionWrappers.FunctionWrapper{Nothing, Tuple{Vector{ForwardDiff.Dual{ForwardDiff.Tag{DiffEqBase.OrdinaryDiffEqTag, Float64}, Float64, 1}}, Vector{ForwardDiff.Dual{ForwardDiff.Tag{DiffEqBase.OrdinaryDiffEqTag, Float64}, Float64, 1}}, ComponentVector{Float64, SubArray{Float64, 1, Vector{Float64}, Tuple{UnitRange{Int64}}, true}, Tuple{Axis{(p_net = ViewAxis(1:609, Axis(layer_1 = ViewAxis(1:48, Axis(weight = ViewAxis(1:32, ShapedAxis((16, 2))), bias = ViewAxis(33:48, ShapedAxis((16, 1))))), layer_2 = ViewAxis(49:320, Axis(weight = ViewAxis(1:256, ShapedAxis((16, 16))), bias = ViewAxis(257:272, ShapedAxis((16, 1))))), layer_3 = ViewAxis(321:592, Axis(weight = ViewAxis(1:256, ShapedAxis((16, 16))), bias = ViewAxis(257:272, ShapedAxis((16, 1))))), layer_4 = ViewAxis(593:609, Axis(weight = ViewAxis(1:16, ShapedAxis((1, 16))), bias = ViewAxis(17:17, ShapedAxis((1, 1))))))), ode_par = 610:669)}}}, Float64}}, FunctionWrappers.FunctionWrapper{Nothing, Tuple{Vector{ForwardDiff.Dual{ForwardDiff.Tag{DiffEqBase.OrdinaryDiffEqTag, Float64}, Float64, 1}}, Vector{Float64}, ComponentVector{Float64, SubArray{Float64, 1, Vector{Float64}, Tuple{UnitRange{Int64}}, true}, Tuple{Axis{(p_net = ViewAxis(1:609, Axis(layer_1 = ViewAxis(1:48, Axis(weight = ViewAxis(1:32, ShapedAxis((16, 2))), bias = ViewAxis(33:48, ShapedAxis((16, 1))))), layer_2 = ViewAxis(49:320, Axis(weight = ViewAxis(1:256, ShapedAxis((16, 16))), bias = ViewAxis(257:272, ShapedAxis((16, 1))))), layer_3 = ViewAxis(321:592, Axis(weight = ViewAxis(1:256, ShapedAxis((16, 16))), bias = ViewAxis(257:272, ShapedAxis((16, 1))))), layer_4 = ViewAxis(593:609, Axis(weight = ViewAxis(1:16, ShapedAxis((1, 16))), bias = ViewAxis(17:17, ShapedAxis((1, 1))))))), ode_par = 610:669)}}}, ForwardDiff.Dual{ForwardDiff.Tag{DiffEqBase.OrdinaryDiffEqTag, Float64}, Float64, 1}}}, FunctionWrappers.FunctionWrapper{Nothing, Tuple{Vector{ForwardDiff.Dual{ForwardDiff.Tag{DiffEqBase.OrdinaryDiffEqTag, Float64}, Float64, 1}}, Vector{ForwardDiff.Dual{ForwardDiff.Tag{DiffEqBase.OrdinaryDiffEqTag, Float64}, Float64, 1}}, ComponentVector{Float64, SubArray{Float64, 1, Vector{Float64}, Tuple{UnitRange{Int64}}, true}, Tuple{Axis{(p_net = ViewAxis(1:609, Axis(layer_1 = ViewAxis(1:48, Axis(weight = ViewAxis(1:32, ShapedAxis((16, 2))), bias = ViewAxis(33:48, ShapedAxis((16, 1))))), layer_2 = ViewAxis(49:320, Axis(weight = ViewAxis(1:256, ShapedAxis((16, 16))), bias = ViewAxis(257:272, ShapedAxis((16, 1))))), layer_3 = ViewAxis(321:592, Axis(weight = ViewAxis(1:256, ShapedAxis((16, 16))), bias = ViewAxis(257:272, ShapedAxis((16, 1))))), layer_4 = ViewAxis(593:609, Axis(weight = ViewAxis(1:16, ShapedAxis((1, 16))), bias = ViewAxis(17:17, ShapedAxis((1, 1))))))), ode_par = 610:669)}}}, ForwardDiff.Dual{ForwardDiff.Tag{DiffEqBase.OrdinaryDiffEqTag, Float64}, Float64, 1}}}}, false}, UniformScaling{Bool}, Nothing, Nothing, Nothing, Nothing, Nothing, Nothing, Nothing, Nothing, Nothing, Nothing, Nothing, Nothing, Nothing, Nothing, typeof(SciMLBase.DEFAULT_OBSERVED), Nothing, Nothing}, Base.Pairs{Symbol, Union{}, Tuple{}, NamedTuple{(), Tuple{}}}, SciMLBase.StandardODEProblem}, TRBDF2{1, false, Nothing, NLNewton{Rational{Int64}, Rational{Int64}, Rational{Int64}, Rational{Int64}}, typeof(OrdinaryDiffEq.DEFAULT_PRECS), Val{:forward}, true, nothing}, OrdinaryDiffEq.InterpolationData{ODEFunction{true, SciMLBase.AutoSpecialize, FunctionWrappersWrappers.FunctionWrappersWrapper{Tuple{FunctionWrappers.FunctionWrapper{Nothing, Tuple{Vector{Float64}, Vector{Float64}, ComponentVector{Float64, SubArray{Float64, 1, Vector{Float64}, Tuple{UnitRange{Int64}}, true}, Tuple{Axis{(p_net = ViewAxis(1:609, Axis(layer_1 = ViewAxis(1:48, Axis(weight = ViewAxis(1:32, ShapedAxis((16, 2))), bias = ViewAxis(33:48, ShapedAxis((16, 1))))), layer_2 = ViewAxis(49:320, Axis(weight = ViewAxis(1:256, ShapedAxis((16, 16))), bias = ViewAxis(257:272, ShapedAxis((16, 1))))), layer_3 = ViewAxis(321:592, Axis(weight = ViewAxis(1:256, ShapedAxis((16, 16))), bias = ViewAxis(257:272, ShapedAxis((16, 1))))), layer_4 = ViewAxis(593:609, Axis(weight = ViewAxis(1:16, ShapedAxis((1, 16))), bias = ViewAxis(17:17, ShapedAxis((1, 1))))))), ode_par = 610:669)}}}, Float64}}, FunctionWrappers.FunctionWrapper{Nothing, Tuple{Vector{ForwardDiff.Dual{ForwardDiff.Tag{DiffEqBase.OrdinaryDiffEqTag, Float64}, Float64, 1}}, Vector{ForwardDiff.Dual{ForwardDiff.Tag{DiffEqBase.OrdinaryDiffEqTag, Float64}, Float64, 1}}, ComponentVector{Float64, SubArray{Float64, 1, Vector{Float64}, Tuple{UnitRange{Int64}}, true}, Tuple{Axis{(p_net = ViewAxis(1:609, Axis(layer_1 = ViewAxis(1:48, Axis(weight = ViewAxis(1:32, ShapedAxis((16, 2))), bias = ViewAxis(33:48, ShapedAxis((16, 1))))), layer_2 = ViewAxis(49:320, Axis(weight = ViewAxis(1:256, ShapedAxis((16, 16))), bias = ViewAxis(257:272, ShapedAxis((16, 1))))), layer_3 = ViewAxis(321:592, Axis(weight = ViewAxis(1:256, ShapedAxis((16, 16))), bias = ViewAxis(257:272, ShapedAxis((16, 1))))), layer_4 = ViewAxis(593:609, Axis(weight = ViewAxis(1:16, ShapedAxis((1, 16))), bias = ViewAxis(17:17, ShapedAxis((1, 1))))))), ode_par = 610:669)}}}, Float64}}, FunctionWrappers.FunctionWrapper{Nothing, Tuple{Vector{ForwardDiff.Dual{ForwardDiff.Tag{DiffEqBase.OrdinaryDiffEqTag, Float64}, Float64, 1}}, Vector{Float64}, ComponentVector{Float64, SubArray{Float64, 1, Vector{Float64}, Tuple{UnitRange{Int64}}, true}, Tuple{Axis{(p_net = ViewAxis(1:609, Axis(layer_1 = ViewAxis(1:48, Axis(weight = ViewAxis(1:32, ShapedAxis((16, 2))), bias = ViewAxis(33:48, ShapedAxis((16, 1))))), layer_2 = ViewAxis(49:320, Axis(weight = ViewAxis(1:256, ShapedAxis((16, 16))), bias = ViewAxis(257:272, ShapedAxis((16, 1))))), layer_3 = ViewAxis(321:592, Axis(weight = ViewAxis(1:256, ShapedAxis((16, 16))), bias = ViewAxis(257:272, ShapedAxis((16, 1))))), layer_4 = ViewAxis(593:609, Axis(weight = ViewAxis(1:16, ShapedAxis((1, 16))), bias = ViewAxis(17:17, ShapedAxis((1, 1))))))), ode_par = 610:669)}}}, ForwardDiff.Dual{ForwardDiff.Tag{DiffEqBase.OrdinaryDiffEqTag, Float64}, Float64, 1}}}, FunctionWrappers.FunctionWrapper{Nothing, Tuple{Vector{ForwardDiff.Dual{ForwardDiff.Tag{DiffEqBase.OrdinaryDiffEqTag, Float64}, Float64, 1}}, Vector{ForwardDiff.Dual{ForwardDiff.Tag{DiffEqBase.OrdinaryDiffEqTag, Float64}, Float64, 1}}, ComponentVector{Float64, SubArray{Float64, 1, Vector{Float64}, Tuple{UnitRange{Int64}}, true}, Tuple{Axis{(p_net = ViewAxis(1:609, Axis(layer_1 = ViewAxis(1:48, Axis(weight = ViewAxis(1:32, ShapedAxis((16, 2))), bias = ViewAxis(33:48, ShapedAxis((16, 1))))), layer_2 = ViewAxis(49:320, Axis(weight = ViewAxis(1:256, ShapedAxis((16, 16))), bias = ViewAxis(257:272, ShapedAxis((16, 1))))), layer_3 = ViewAxis(321:592, Axis(weight = ViewAxis(1:256, ShapedAxis((16, 16))), bias = ViewAxis(257:272, ShapedAxis((16, 1))))), layer_4 = ViewAxis(593:609, Axis(weight = ViewAxis(1:16, ShapedAxis((1, 16))), bias = ViewAxis(17:17, ShapedAxis((1, 1))))))), ode_par = 610:669)}}}, ForwardDiff.Dual{ForwardDiff.Tag{DiffEqBase.OrdinaryDiffEqTag, Float64}, Float64, 1}}}}, false}, UniformScaling{Bool}, Nothing, Nothing, Nothing, Nothing, Nothing, Nothing, Nothing, Nothing, Nothing, Nothing, Nothing, Nothing, Nothing, Nothing, typeof(SciMLBase.DEFAULT_OBSERVED), Nothing, Nothing}, Vector{Vector{Float64}}, Vector{Float64}, Vector{Vector{Vector{Float64}}}, OrdinaryDiffEq.TRBDF2Cache{Vector{Float64}, Vector{Float64}, Vector{Float64}, OrdinaryDiffEq.TRBDF2Tableau{Float64, Float64}, OrdinaryDiffEq.NLSolver{NLNewton{Rational{Int64}, Rational{Int64}, Rational{Int64}, Rational{Int64}}, true, Vector{Float64}, Float64, Nothing, Float64, OrdinaryDiffEq.NLNewtonCache{Vector{Float64}, Float64, Float64, Vector{Float64}, Matrix{Float64}, Matrix{Float64}, SciMLBase.UJacobianWrapper{true, ODEFunction{true, SciMLBase.AutoSpecialize, FunctionWrappersWrappers.FunctionWrappersWrapper{Tuple{FunctionWrappers.FunctionWrapper{Nothing, Tuple{Vector{Float64}, Vector{Float64}, ComponentVector{Float64, SubArray{Float64, 1, Vector{Float64}, Tuple{UnitRange{Int64}}, true}, Tuple{Axis{(p_net = ViewAxis(1:609, Axis(layer_1 = ViewAxis(1:48, Axis(weight = ViewAxis(1:32, ShapedAxis((16, 2))), bias = ViewAxis(33:48, ShapedAxis((16, 1))))), layer_2 = ViewAxis(49:320, Axis(weight = ViewAxis(1:256, ShapedAxis((16, 16))), bias = ViewAxis(257:272, ShapedAxis((16, 1))))), layer_3 = ViewAxis(321:592, Axis(weight = ViewAxis(1:256, ShapedAxis((16, 16))), bias = ViewAxis(257:272, ShapedAxis((16, 1))))), layer_4 = ViewAxis(593:609, Axis(weight = ViewAxis(1:16, ShapedAxis((1, 16))), bias = ViewAxis(17:17, ShapedAxis((1, 1))))))), ode_par = 610:669)}}}, Float64}}, FunctionWrappers.FunctionWrapper{Nothing, Tuple{Vector{ForwardDiff.Dual{ForwardDiff.Tag{DiffEqBase.OrdinaryDiffEqTag, Float64}, Float64, 1}}, Vector{ForwardDiff.Dual{ForwardDiff.Tag{DiffEqBase.OrdinaryDiffEqTag, Float64}, Float64, 1}}, ComponentVector{Float64, SubArray{Float64, 1, Vector{Float64}, Tuple{UnitRange{Int64}}, true}, Tuple{Axis{(p_net = ViewAxis(1:609, Axis(layer_1 = ViewAxis(1:48, Axis(weight = ViewAxis(1:32, ShapedAxis((16, 2))), bias = ViewAxis(33:48, ShapedAxis((16, 1))))), layer_2 = ViewAxis(49:320, Axis(weight = ViewAxis(1:256, ShapedAxis((16, 16))), bias = ViewAxis(257:272, ShapedAxis((16, 1))))), layer_3 = ViewAxis(321:592, Axis(weight = ViewAxis(1:256, ShapedAxis((16, 16))), bias = ViewAxis(257:272, ShapedAxis((16, 1))))), layer_4 = ViewAxis(593:609, Axis(weight = ViewAxis(1:16, ShapedAxis((1, 16))), bias = ViewAxis(17:17, ShapedAxis((1, 1))))))), ode_par = 610:669)}}}, Float64}}, FunctionWrappers.FunctionWrapper{Nothing, Tuple{Vector{ForwardDiff.Dual{ForwardDiff.Tag{DiffEqBase.OrdinaryDiffEqTag, Float64}, Float64, 1}}, Vector{Float64}, ComponentVector{Float64, SubArray{Float64, 1, Vector{Float64}, Tuple{UnitRange{Int64}}, true}, Tuple{Axis{(p_net = ViewAxis(1:609, Axis(layer_1 = ViewAxis(1:48, Axis(weight = ViewAxis(1:32, ShapedAxis((16, 2))), bias = ViewAxis(33:48, ShapedAxis((16, 1))))), layer_2 = ViewAxis(49:320, Axis(weight = ViewAxis(1:256, ShapedAxis((16, 16))), bias = ViewAxis(257:272, ShapedAxis((16, 1))))), layer_3 = ViewAxis(321:592, Axis(weight = ViewAxis(1:256, ShapedAxis((16, 16))), bias = ViewAxis(257:272, ShapedAxis((16, 1))))), layer_4 = ViewAxis(593:609, Axis(weight = ViewAxis(1:16, ShapedAxis((1, 16))), bias = ViewAxis(17:17, ShapedAxis((1, 1))))))), ode_par = 610:669)}}}, ForwardDiff.Dual{ForwardDiff.Tag{DiffEqBase.OrdinaryDiffEqTag, Float64}, Float64, 1}}}, FunctionWrappers.FunctionWrapper{Nothing, Tuple{Vector{ForwardDiff.Dual{ForwardDiff.Tag{DiffEqBase.OrdinaryDiffEqTag, Float64}, Float64, 1}}, Vector{ForwardDiff.Dual{ForwardDiff.Tag{DiffEqBase.OrdinaryDiffEqTag, Float64}, Float64, 1}}, ComponentVector{Float64, SubArray{Float64, 1, Vector{Float64}, Tuple{UnitRange{Int64}}, true}, Tuple{Axis{(p_net = ViewAxis(1:609, Axis(layer_1 = ViewAxis(1:48, Axis(weight = ViewAxis(1:32, ShapedAxis((16, 2))), bias = ViewAxis(33:48, ShapedAxis((16, 1))))), layer_2 = ViewAxis(49:320, Axis(weight = ViewAxis(1:256, ShapedAxis((16, 16))), bias = ViewAxis(257:272, ShapedAxis((16, 1))))), layer_3 = ViewAxis(321:592, Axis(weight = ViewAxis(1:256, ShapedAxis((16, 16))), bias = ViewAxis(257:272, ShapedAxis((16, 1))))), layer_4 = ViewAxis(593:609, Axis(weight = ViewAxis(1:16, ShapedAxis((1, 16))), bias = ViewAxis(17:17, ShapedAxis((1, 1))))))), ode_par = 610:669)}}}, ForwardDiff.Dual{ForwardDiff.Tag{DiffEqBase.OrdinaryDiffEqTag, Float64}, Float64, 1}}}}, false}, UniformScaling{Bool}, Nothing, Nothing, Nothing, Nothing, Nothing, Nothing, Nothing, Nothing, Nothing, Nothing, Nothing, Nothing, Nothing, Nothing, typeof(SciMLBase.DEFAULT_OBSERVED), Nothing, Nothing}, Float64, ComponentVector{Float64, SubArray{Float64, 1, Vector{Float64}, Tuple{UnitRange{Int64}}, true}, Tuple{Axis{(p_net = ViewAxis(1:609, Axis(layer_1 = ViewAxis(1:48, Axis(weight = ViewAxis(1:32, ShapedAxis((16, 2))), bias = ViewAxis(33:48, ShapedAxis((16, 1))))), layer_2 = ViewAxis(49:320, Axis(weight = ViewAxis(1:256, ShapedAxis((16, 16))), bias = ViewAxis(257:272, ShapedAxis((16, 1))))), layer_3 = ViewAxis(321:592, Axis(weight = ViewAxis(1:256, ShapedAxis((16, 16))), bias = ViewAxis(257:272, ShapedAxis((16, 1))))), layer_4 = ViewAxis(593:609, Axis(weight = ViewAxis(1:16, ShapedAxis((1, 16))), bias = ViewAxis(17:17, ShapedAxis((1, 1))))))), ode_par = 610:669)}}}}, FiniteDiff.JacobianCache{Vector{Float64}, Vector{Float64}, Vector{Float64}, Vector{Float64}, UnitRange{Int64}, Nothing, Val{:forward}(), Float64}, LinearSolve.LinearCache{Matrix{Float64}, Vector{Float64}, Vector{Float64}, SciMLBase.NullParameters, LinearSolve.DefaultLinearSolver, LinearSolve.DefaultLinearSolverInit{LU{Float64, Matrix{Float64}, Vector{Int64}}, LinearAlgebra.QRCompactWY{Float64, Matrix{Float64}, Matrix{Float64}}, Nothing, Nothing, Nothing, Nothing, Nothing, Nothing, LU{Float64, Matrix{Float64}, Vector{Int64}}, Tuple{LU{Float64, Matrix{Float64}, Vector{Int64}}, Vector{Int64}}, Nothing, Nothing, Nothing, SVD{Float64, Float64, Matrix{Float64}, Vector{Float64}}, Cholesky{Float64, Matrix{Float64}}, Cholesky{Float64, Matrix{Float64}}, Tuple{LU{Float64, Matrix{Float64}, Vector{Int32}}, Base.RefValue{Int32}}, Tuple{LU{Float64, Matrix{Float64}, Vector{Int64}}, Base.RefValue{Int64}}, QRPivoted{Float64, Matrix{Float64}, Vector{Float64}, Vector{Int64}}}, LinearSolve.InvPreconditioner{Diagonal{Float64, Vector{Float64}}}, Diagonal{Float64, Vector{Float64}}, Float64, Bool}}}}}, SciMLBase.DEStats, Nothing}, ODEFunction{true, SciMLBase.AutoSpecialize, FunctionWrappersWrappers.FunctionWrappersWrapper{Tuple{FunctionWrappers.FunctionWrapper{Nothing, Tuple{Vector{Float64}, Vector{Float64}, ComponentVector{Float64, SubArray{Float64, 1, Vector{Float64}, Tuple{UnitRange{Int64}}, true}, Tuple{Axis{(p_net = ViewAxis(1:609, Axis(layer_1 = ViewAxis(1:48, Axis(weight = ViewAxis(1:32, ShapedAxis((16, 2))), bias = ViewAxis(33:48, ShapedAxis((16, 1))))), layer_2 = ViewAxis(49:320, Axis(weight = ViewAxis(1:256, ShapedAxis((16, 16))), bias = ViewAxis(257:272, ShapedAxis((16, 1))))), layer_3 = ViewAxis(321:592, Axis(weight = ViewAxis(1:256, ShapedAxis((16, 16))), bias = ViewAxis(257:272, ShapedAxis((16, 1))))), layer_4 = ViewAxis(593:609, Axis(weight = ViewAxis(1:16, ShapedAxis((1, 16))), bias = ViewAxis(17:17, ShapedAxis((1, 1))))))), ode_par = 610:669)}}}, Float64}}, FunctionWrappers.FunctionWrapper{Nothing, Tuple{Vector{ForwardDiff.Dual{ForwardDiff.Tag{DiffEqBase.OrdinaryDiffEqTag, Float64}, Float64, 1}}, Vector{ForwardDiff.Dual{ForwardDiff.Tag{DiffEqBase.OrdinaryDiffEqTag, Float64}, Float64, 1}}, ComponentVector{Float64, SubArray{Float64, 1, Vector{Float64}, Tuple{UnitRange{Int64}}, true}, Tuple{Axis{(p_net = ViewAxis(1:609, Axis(layer_1 = ViewAxis(1:48, Axis(weight = ViewAxis(1:32, ShapedAxis((16, 2))), bias = ViewAxis(33:48, ShapedAxis((16, 1))))), layer_2 = ViewAxis(49:320, Axis(weight = ViewAxis(1:256, ShapedAxis((16, 16))), bias = ViewAxis(257:272, ShapedAxis((16, 1))))), layer_3 = ViewAxis(321:592, Axis(weight = ViewAxis(1:256, ShapedAxis((16, 16))), bias = ViewAxis(257:272, ShapedAxis((16, 1))))), layer_4 = ViewAxis(593:609, Axis(weight = ViewAxis(1:16, ShapedAxis((1, 16))), bias = ViewAxis(17:17, ShapedAxis((1, 1))))))), ode_par = 610:669)}}}, Float64}}, FunctionWrappers.FunctionWrapper{Nothing, Tuple{Vector{ForwardDiff.Dual{ForwardDiff.Tag{DiffEqBase.OrdinaryDiffEqTag, Float64}, Float64, 1}}, Vector{Float64}, ComponentVector{Float64, SubArray{Float64, 1, Vector{Float64}, Tuple{UnitRange{Int64}}, true}, Tuple{Axis{(p_net = ViewAxis(1:609, Axis(layer_1 = ViewAxis(1:48, Axis(weight = ViewAxis(1:32, ShapedAxis((16, 2))), bias = ViewAxis(33:48, ShapedAxis((16, 1))))), layer_2 = ViewAxis(49:320, Axis(weight = ViewAxis(1:256, ShapedAxis((16, 16))), bias = ViewAxis(257:272, ShapedAxis((16, 1))))), layer_3 = ViewAxis(321:592, Axis(weight = ViewAxis(1:256, ShapedAxis((16, 16))), bias = ViewAxis(257:272, ShapedAxis((16, 1))))), layer_4 = ViewAxis(593:609, Axis(weight = ViewAxis(1:16, ShapedAxis((1, 16))), bias = ViewAxis(17:17, ShapedAxis((1, 1))))))), ode_par = 610:669)}}}, ForwardDiff.Dual{ForwardDiff.Tag{DiffEqBase.OrdinaryDiffEqTag, Float64}, Float64, 1}}}, FunctionWrappers.FunctionWrapper{Nothing, Tuple{Vector{ForwardDiff.Dual{ForwardDiff.Tag{DiffEqBase.OrdinaryDiffEqTag, Float64}, Float64, 1}}, Vector{ForwardDiff.Dual{ForwardDiff.Tag{DiffEqBase.OrdinaryDiffEqTag, Float64}, Float64, 1}}, ComponentVector{Float64, SubArray{Float64, 1, Vector{Float64}, Tuple{UnitRange{Int64}}, true}, Tuple{Axis{(p_net = ViewAxis(1:609, Axis(layer_1 = ViewAxis(1:48, Axis(weight = ViewAxis(1:32, ShapedAxis((16, 2))), bias = ViewAxis(33:48, ShapedAxis((16, 1))))), layer_2 = ViewAxis(49:320, Axis(weight = ViewAxis(1:256, ShapedAxis((16, 16))), bias = ViewAxis(257:272, ShapedAxis((16, 1))))), layer_3 = ViewAxis(321:592, Axis(weight = ViewAxis(1:256, ShapedAxis((16, 16))), bias = ViewAxis(257:272, ShapedAxis((16, 1))))), layer_4 = ViewAxis(593:609, Axis(weight = ViewAxis(1:16, ShapedAxis((1, 16))), bias = ViewAxis(17:17, ShapedAxis((1, 1))))))), ode_par = 610:669)}}}, ForwardDiff.Dual{ForwardDiff.Tag{DiffEqBase.OrdinaryDiffEqTag, Float64}, Float64, 1}}}}, false}, UniformScaling{Bool}, Nothing, Nothing, Nothing, Nothing, Nothing, Nothing, Nothing, Nothing, Nothing, Nothing, Nothing, Nothing, Nothing, Nothing, typeof(SciMLBase.DEFAULT_OBSERVED), Nothing, Nothing}}, UniformScaling{Bool}, Nothing, Nothing, Nothing, Nothing, Nothing, Nothing, Nothing, Nothing, Nothing, Nothing, Nothing, Nothing, Nothing, Nothing, typeof(SciMLBase.DEFAULT_OBSERVED), Nothing, Nothing}, Float64, ComponentVector{Float64, SubArray{Float64, 1, Vector{Float64}, Tuple{UnitRange{Int64}}, true}, Tuple{Axis{(p_net = ViewAxis(1:609, Axis(layer_1 = ViewAxis(1:48, Axis(weight = ViewAxis(1:32, ShapedAxis((16, 2))), bias = ViewAxis(33:48, ShapedAxis((16, 1))))), layer_2 = ViewAxis(49:320, Axis(weight = ViewAxis(1:256, ShapedAxis((16, 16))), bias = ViewAxis(257:272, ShapedAxis((16, 1))))), layer_3 = ViewAxis(321:592, Axis(weight = ViewAxis(1:256, ShapedAxis((16, 16))), bias = ViewAxis(257:272, ShapedAxis((16, 1))))), layer_4 = ViewAxis(593:609, Axis(weight = ViewAxis(1:16, ShapedAxis((1, 16))), bias = ViewAxis(17:17, ShapedAxis((1, 1))))))), ode_par = 610:669)}}}}, FiniteDiff.JacobianCache{Vector{Float64}, Vector{Float64}, Vector{Float64}, Vector{Float64}, UnitRange{Int64}, Nothing, Val{:forward}(), Float64}, LinearSolve.LinearCache{Matrix{Float64}, Vector{Float64}, Vector{Float64}, SciMLBase.NullParameters, LinearSolve.DefaultLinearSolver, LinearSolve.DefaultLinearSolverInit{LU{Float64, Matrix{Float64}, Vector{Int64}}, LinearAlgebra.QRCompactWY{Float64, Matrix{Float64}, Matrix{Float64}}, Nothing, Nothing, Nothing, Nothing, Nothing, Nothing, LU{Float64, Matrix{Float64}, Vector{Int64}}, Tuple{LU{Float64, Matrix{Float64}, Vector{Int64}}, Vector{Int64}}, Nothing, Nothing, Nothing, SVD{Float64, Float64, Matrix{Float64}, Vector{Float64}}, Cholesky{Float64, Matrix{Float64}}, Cholesky{Float64, Matrix{Float64}}, Tuple{LU{Float64, Matrix{Float64}, Vector{Int32}}, Base.RefValue{Int32}}, Tuple{LU{Float64, Matrix{Float64}, Vector{Int64}}, Base.RefValue{Int64}}, QRPivoted{Float64, Matrix{Float64}, Vector{Float64}, Vector{Int64}}}, LinearSolve.InvPreconditioner{Diagonal{Float64, Vector{Float64}}}, Diagonal{Float64, Vector{Float64}}, Float64, Bool}}}}}, SciMLBase.DEStats, Nothing}, Nothing, ReverseDiff.CompiledTape{ReverseDiff.GradientTape{SciMLSensitivity.var"#214#220"{ODEFunction{true, SciMLBase.AutoSpecialize, var"#f#27"{Chain{NamedTuple{(:layer_1, :layer_2, :layer_3, :layer_4), Tuple{Dense{true, typeof(gelu), typeof(my_glorot_uniform), typeof(my_glorot_uniform)}, Dense{true, typeof(gelu), typeof(my_glorot_uniform), typeof(my_glorot_uniform)}, Dense{true, typeof(gelu), typeof(my_glorot_uniform), typeof(my_glorot_uniform)}, Dense{true, typeof(identity), typeof(my_glorot_uniform), typeof(my_glorot_uniform)}}}, Nothing}, NamedTuple{(:layer_1, :layer_2, :layer_3, :layer_4), NTuple{4, NamedTuple{(), Tuple{}}}}, Vector{Float64}, Vector{Int64}, Vector{Int64}, Vector{Float64}}, UniformScaling{Bool}, Nothing, Nothing, Nothing, Nothing, Nothing, Nothing, Nothing, Nothing, Nothing, Nothing, Nothing, Nothing, Nothing, Nothing, typeof(SciMLBase.DEFAULT_OBSERVED), Nothing, Nothing}}, Tuple{ReverseDiff.TrackedArray{Float64, Float64, 1, Vector{Float64}, Vector{Float64}}, ReverseDiff.TrackedArray{Float64, Float64, 1, ComponentVector{Float64, Vector{Float64}, Tuple{Axis{(p_net = ViewAxis(1:609, Axis(layer_1 = ViewAxis(1:48, Axis(weight = ViewAxis(1:32, ShapedAxis((16, 2))), bias = ViewAxis(33:48, ShapedAxis((16, 1))))), layer_2 = ViewAxis(49:320, Axis(weight = ViewAxis(1:256, ShapedAxis((16, 16))), bias = ViewAxis(257:272, ShapedAxis((16, 1))))), layer_3 = ViewAxis(321:592, Axis(weight = ViewAxis(1:256, ShapedAxis((16, 16))), bias = ViewAxis(257:272, ShapedAxis((16, 1))))), layer_4 = ViewAxis(593:609, Axis(weight = ViewAxis(1:16, ShapedAxis((1, 16))), bias = ViewAxis(17:17, ShapedAxis((1, 1))))))), ode_par = 610:669)}}}, ComponentVector{Float64, Vector{Float64}, Tuple{Axis{(p_net = ViewAxis(1:609, Axis(layer_1 = ViewAxis(1:48, Axis(weight = ViewAxis(1:32, ShapedAxis((16, 2))), bias = ViewAxis(33:48, ShapedAxis((16, 1))))), layer_2 = ViewAxis(49:320, Axis(weight = ViewAxis(1:256, ShapedAxis((16, 16))), bias = ViewAxis(257:272, ShapedAxis((16, 1))))), layer_3 = ViewAxis(321:592, Axis(weight = ViewAxis(1:256, ShapedAxis((16, 16))), bias = ViewAxis(257:272, ShapedAxis((16, 1))))), layer_4 = ViewAxis(593:609, Axis(weight = ViewAxis(1:16, ShapedAxis((1, 16))), bias = ViewAxis(17:17, ShapedAxis((1, 1))))))), ode_par = 610:669)}}}}, ReverseDiff.TrackedArray{Float64, Float64, 1, Vector{Float64}, Vector{Float64}}}, Vector{ReverseDiff.TrackedReal{Float64, Float64, ReverseDiff.TrackedArray{Float64, Float64, 1, ComponentVector{Float64, Vector{Float64}, Tuple{Axis{(p_net = ViewAxis(1:609, Axis(layer_1 = ViewAxis(1:48, Axis(weight = ViewAxis(1:32, ShapedAxis((16, 2))), bias = ViewAxis(33:48, ShapedAxis((16, 1))))), layer_2 = ViewAxis(49:320, Axis(weight = ViewAxis(1:256, ShapedAxis((16, 16))), bias = ViewAxis(257:272, ShapedAxis((16, 1))))), layer_3 = ViewAxis(321:592, Axis(weight = ViewAxis(1:256, ShapedAxis((16, 16))), bias = ViewAxis(257:272, ShapedAxis((16, 1))))), layer_4 = ViewAxis(593:609, Axis(weight = ViewAxis(1:16, ShapedAxis((1, 16))), bias = ViewAxis(17:17, ShapedAxis((1, 1))))))), ode_par = 610:669)}}}, ComponentVector{Float64, Vector{Float64}, Tuple{Axis{(p_net = ViewAxis(1:609, Axis(layer_1 = ViewAxis(1:48, Axis(weight = ViewAxis(1:32, ShapedAxis((16, 2))), bias = ViewAxis(33:48, ShapedAxis((16, 1))))), layer_2 = ViewAxis(49:320, Axis(weight = ViewAxis(1:256, ShapedAxis((16, 16))), bias = ViewAxis(257:272, ShapedAxis((16, 1))))), layer_3 = ViewAxis(321:592, Axis(weight = ViewAxis(1:256, ShapedAxis((16, 16))), bias = ViewAxis(257:272, ShapedAxis((16, 1))))), layer_4 = ViewAxis(593:609, Axis(weight = ViewAxis(1:16, ShapedAxis((1, 16))), bias = ViewAxis(17:17, ShapedAxis((1, 1))))))), ode_par = 610:669)}}}}}}}}, Nothing, Nothing, Nothing}, a::Float64, b::Float64, x::Vector{Float64}, w::Vector{Float64}, wg::Vector{Float64}, nrm::typeof(norm))
    @ QuadGK ~/.julia/packages/QuadGK/wnfvV/src/evalrule.jl:39
  [2] refine(f::AdjointSensitivityIntegrand{ComponentVector{Float64, SubArray{Float64, 1, Vector{Float64}, Tuple{UnitRange{Int64}}, true}, Tuple{Axis{(p_net = ViewAxis(1:609, Axis(layer_1 = ViewAxis(1:48, Axis(weight = ViewAxis(1:32, ShapedAxis((16, 2))), bias = ViewAxis(33:48, ShapedAxis((16, 1))))), layer_2 = ViewAxis(49:320, Axis(weight = ViewAxis(1:256, ShapedAxis((16, 16))), bias = ViewAxis(257:272, ShapedAxis((16, 1))))), layer_3 = ViewAxis(321:592, Axis(weight = ViewAxis(1:256, ShapedAxis((16, 16))), bias = ViewAxis(257:272, ShapedAxis((16, 1))))), layer_4 = ViewAxis(593:609, Axis(weight = ViewAxis(1:16, ShapedAxis((1, 16))), bias = ViewAxis(17:17, ShapedAxis((1, 1))))))), ode_par = 610:669)}}}, Vector{Float64}, Vector{Float64}, Vector{Float64}, ODESolution{Float64, 2, Vector{Vector{Float64}}, Nothing, Nothing, Vector{Float64}, Vector{Vector{Vector{Float64}}}, ODEProblem{Vector{Float64}, Tuple{Float64, Float64}, true, ComponentVector{Float64, SubArray{Float64, 1, Vector{Float64}, Tuple{UnitRange{Int64}}, true}, Tuple{Axis{(p_net = ViewAxis(1:609, Axis(layer_1 = ViewAxis(1:48, Axis(weight = ViewAxis(1:32, ShapedAxis((16, 2))), bias = ViewAxis(33:48, ShapedAxis((16, 1))))), layer_2 = ViewAxis(49:320, Axis(weight = ViewAxis(1:256, ShapedAxis((16, 16))), bias = ViewAxis(257:272, ShapedAxis((16, 1))))), layer_3 = ViewAxis(321:592, Axis(weight = ViewAxis(1:256, ShapedAxis((16, 16))), bias = ViewAxis(257:272, ShapedAxis((16, 1))))), layer_4 = ViewAxis(593:609, Axis(weight = ViewAxis(1:16, ShapedAxis((1, 16))), bias = ViewAxis(17:17, ShapedAxis((1, 1))))))), ode_par = 610:669)}}}, ODEFunction{true, SciMLBase.AutoSpecialize, FunctionWrappersWrappers.FunctionWrappersWrapper{Tuple{FunctionWrappers.FunctionWrapper{Nothing, Tuple{Vector{Float64}, Vector{Float64}, ComponentVector{Float64, SubArray{Float64, 1, Vector{Float64}, Tuple{UnitRange{Int64}}, true}, Tuple{Axis{(p_net = ViewAxis(1:609, Axis(layer_1 = ViewAxis(1:48, Axis(weight = ViewAxis(1:32, ShapedAxis((16, 2))), bias = ViewAxis(33:48, ShapedAxis((16, 1))))), layer_2 = ViewAxis(49:320, Axis(weight = ViewAxis(1:256, ShapedAxis((16, 16))), bias = ViewAxis(257:272, ShapedAxis((16, 1))))), layer_3 = ViewAxis(321:592, Axis(weight = ViewAxis(1:256, ShapedAxis((16, 16))), bias = ViewAxis(257:272, ShapedAxis((16, 1))))), layer_4 = ViewAxis(593:609, Axis(weight = ViewAxis(1:16, ShapedAxis((1, 16))), bias = ViewAxis(17:17, ShapedAxis((1, 1))))))), ode_par = 610:669)}}}, Float64}}, FunctionWrappers.FunctionWrapper{Nothing, Tuple{Vector{ForwardDiff.Dual{ForwardDiff.Tag{DiffEqBase.OrdinaryDiffEqTag, Float64}, Float64, 1}}, Vector{ForwardDiff.Dual{ForwardDiff.Tag{DiffEqBase.OrdinaryDiffEqTag, Float64}, Float64, 1}}, ComponentVector{Float64, SubArray{Float64, 1, Vector{Float64}, Tuple{UnitRange{Int64}}, true}, Tuple{Axis{(p_net = ViewAxis(1:609, Axis(layer_1 = ViewAxis(1:48, Axis(weight = ViewAxis(1:32, ShapedAxis((16, 2))), bias = ViewAxis(33:48, ShapedAxis((16, 1))))), layer_2 = ViewAxis(49:320, Axis(weight = ViewAxis(1:256, ShapedAxis((16, 16))), bias = ViewAxis(257:272, ShapedAxis((16, 1))))), layer_3 = ViewAxis(321:592, Axis(weight = ViewAxis(1:256, ShapedAxis((16, 16))), bias = ViewAxis(257:272, ShapedAxis((16, 1))))), layer_4 = ViewAxis(593:609, Axis(weight = ViewAxis(1:16, ShapedAxis((1, 16))), bias = ViewAxis(17:17, ShapedAxis((1, 1))))))), ode_par = 610:669)}}}, Float64}}, FunctionWrappers.FunctionWrapper{Nothing, Tuple{Vector{ForwardDiff.Dual{ForwardDiff.Tag{DiffEqBase.OrdinaryDiffEqTag, Float64}, Float64, 1}}, Vector{Float64}, ComponentVector{Float64, SubArray{Float64, 1, Vector{Float64}, Tuple{UnitRange{Int64}}, true}, Tuple{Axis{(p_net = ViewAxis(1:609, Axis(layer_1 = ViewAxis(1:48, Axis(weight = ViewAxis(1:32, ShapedAxis((16, 2))), bias = ViewAxis(33:48, ShapedAxis((16, 1))))), layer_2 = ViewAxis(49:320, Axis(weight = ViewAxis(1:256, ShapedAxis((16, 16))), bias = ViewAxis(257:272, ShapedAxis((16, 1))))), layer_3 = ViewAxis(321:592, Axis(weight = ViewAxis(1:256, ShapedAxis((16, 16))), bias = ViewAxis(257:272, ShapedAxis((16, 1))))), layer_4 = ViewAxis(593:609, Axis(weight = ViewAxis(1:16, ShapedAxis((1, 16))), bias = ViewAxis(17:17, ShapedAxis((1, 1))))))), ode_par = 610:669)}}}, ForwardDiff.Dual{ForwardDiff.Tag{DiffEqBase.OrdinaryDiffEqTag, Float64}, Float64, 1}}}, FunctionWrappers.FunctionWrapper{Nothing, Tuple{Vector{ForwardDiff.Dual{ForwardDiff.Tag{DiffEqBase.OrdinaryDiffEqTag, Float64}, Float64, 1}}, Vector{ForwardDiff.Dual{ForwardDiff.Tag{DiffEqBase.OrdinaryDiffEqTag, Float64}, Float64, 1}}, ComponentVector{Float64, SubArray{Float64, 1, Vector{Float64}, Tuple{UnitRange{Int64}}, true}, Tuple{Axis{(p_net = ViewAxis(1:609, Axis(layer_1 = ViewAxis(1:48, Axis(weight = ViewAxis(1:32, ShapedAxis((16, 2))), bias = ViewAxis(33:48, ShapedAxis((16, 1))))), layer_2 = ViewAxis(49:320, Axis(weight = ViewAxis(1:256, ShapedAxis((16, 16))), bias = ViewAxis(257:272, ShapedAxis((16, 1))))), layer_3 = ViewAxis(321:592, Axis(weight = ViewAxis(1:256, ShapedAxis((16, 16))), bias = ViewAxis(257:272, ShapedAxis((16, 1))))), layer_4 = ViewAxis(593:609, Axis(weight = ViewAxis(1:16, ShapedAxis((1, 16))), bias = ViewAxis(17:17, ShapedAxis((1, 1))))))), ode_par = 610:669)}}}, ForwardDiff.Dual{ForwardDiff.Tag{DiffEqBase.OrdinaryDiffEqTag, Float64}, Float64, 1}}}}, false}, UniformScaling{Bool}, Nothing, Nothing, Nothing, Nothing, Nothing, Nothing, Nothing, Nothing, Nothing, Nothing, Nothing, Nothing, Nothing, Nothing, typeof(SciMLBase.DEFAULT_OBSERVED), Nothing, Nothing}, Base.Pairs{Symbol, Union{}, Tuple{}, NamedTuple{(), Tuple{}}}, SciMLBase.StandardODEProblem}, TRBDF2{1, false, Nothing, NLNewton{Rational{Int64}, Rational{Int64}, Rational{Int64}, Rational{Int64}}, typeof(OrdinaryDiffEq.DEFAULT_PRECS), Val{:forward}, true, nothing}, OrdinaryDiffEq.InterpolationData{ODEFunction{true, SciMLBase.AutoSpecialize, FunctionWrappersWrappers.FunctionWrappersWrapper{Tuple{FunctionWrappers.FunctionWrapper{Nothing, Tuple{Vector{Float64}, Vector{Float64}, ComponentVector{Float64, SubArray{Float64, 1, Vector{Float64}, Tuple{UnitRange{Int64}}, true}, Tuple{Axis{(p_net = ViewAxis(1:609, Axis(layer_1 = ViewAxis(1:48, Axis(weight = ViewAxis(1:32, ShapedAxis((16, 2))), bias = ViewAxis(33:48, ShapedAxis((16, 1))))), layer_2 = ViewAxis(49:320, Axis(weight = ViewAxis(1:256, ShapedAxis((16, 16))), bias = ViewAxis(257:272, ShapedAxis((16, 1))))), layer_3 = ViewAxis(321:592, Axis(weight = ViewAxis(1:256, ShapedAxis((16, 16))), bias = ViewAxis(257:272, ShapedAxis((16, 1))))), layer_4 = ViewAxis(593:609, Axis(weight = ViewAxis(1:16, ShapedAxis((1, 16))), bias = ViewAxis(17:17, ShapedAxis((1, 1))))))), ode_par = 610:669)}}}, Float64}}, FunctionWrappers.FunctionWrapper{Nothing, Tuple{Vector{ForwardDiff.Dual{ForwardDiff.Tag{DiffEqBase.OrdinaryDiffEqTag, Float64}, Float64, 1}}, Vector{ForwardDiff.Dual{ForwardDiff.Tag{DiffEqBase.OrdinaryDiffEqTag, Float64}, Float64, 1}}, ComponentVector{Float64, SubArray{Float64, 1, Vector{Float64}, Tuple{UnitRange{Int64}}, true}, Tuple{Axis{(p_net = ViewAxis(1:609, Axis(layer_1 = ViewAxis(1:48, Axis(weight = ViewAxis(1:32, ShapedAxis((16, 2))), bias = ViewAxis(33:48, ShapedAxis((16, 1))))), layer_2 = ViewAxis(49:320, Axis(weight = ViewAxis(1:256, ShapedAxis((16, 16))), bias = ViewAxis(257:272, ShapedAxis((16, 1))))), layer_3 = ViewAxis(321:592, Axis(weight = ViewAxis(1:256, ShapedAxis((16, 16))), bias = ViewAxis(257:272, ShapedAxis((16, 1))))), layer_4 = ViewAxis(593:609, Axis(weight = ViewAxis(1:16, ShapedAxis((1, 16))), bias = ViewAxis(17:17, ShapedAxis((1, 1))))))), ode_par = 610:669)}}}, Float64}}, FunctionWrappers.FunctionWrapper{Nothing, Tuple{Vector{ForwardDiff.Dual{ForwardDiff.Tag{DiffEqBase.OrdinaryDiffEqTag, Float64}, Float64, 1}}, Vector{Float64}, ComponentVector{Float64, SubArray{Float64, 1, Vector{Float64}, Tuple{UnitRange{Int64}}, true}, Tuple{Axis{(p_net = ViewAxis(1:609, Axis(layer_1 = ViewAxis(1:48, Axis(weight = ViewAxis(1:32, ShapedAxis((16, 2))), bias = ViewAxis(33:48, ShapedAxis((16, 1))))), layer_2 = ViewAxis(49:320, Axis(weight = ViewAxis(1:256, ShapedAxis((16, 16))), bias = ViewAxis(257:272, ShapedAxis((16, 1))))), layer_3 = ViewAxis(321:592, Axis(weight = ViewAxis(1:256, ShapedAxis((16, 16))), bias = ViewAxis(257:272, ShapedAxis((16, 1))))), layer_4 = ViewAxis(593:609, Axis(weight = ViewAxis(1:16, ShapedAxis((1, 16))), bias = ViewAxis(17:17, ShapedAxis((1, 1))))))), ode_par = 610:669)}}}, ForwardDiff.Dual{ForwardDiff.Tag{DiffEqBase.OrdinaryDiffEqTag, Float64}, Float64, 1}}}, FunctionWrappers.FunctionWrapper{Nothing, Tuple{Vector{ForwardDiff.Dual{ForwardDiff.Tag{DiffEqBase.OrdinaryDiffEqTag, Float64}, Float64, 1}}, Vector{ForwardDiff.Dual{ForwardDiff.Tag{DiffEqBase.OrdinaryDiffEqTag, Float64}, Float64, 1}}, ComponentVector{Float64, SubArray{Float64, 1, Vector{Float64}, Tuple{UnitRange{Int64}}, true}, Tuple{Axis{(p_net = ViewAxis(1:609, Axis(layer_1 = ViewAxis(1:48, Axis(weight = ViewAxis(1:32, ShapedAxis((16, 2))), bias = ViewAxis(33:48, ShapedAxis((16, 1))))), layer_2 = ViewAxis(49:320, Axis(weight = ViewAxis(1:256, ShapedAxis((16, 16))), bias = ViewAxis(257:272, ShapedAxis((16, 1))))), layer_3 = ViewAxis(321:592, Axis(weight = ViewAxis(1:256, ShapedAxis((16, 16))), bias = ViewAxis(257:272, ShapedAxis((16, 1))))), layer_4 = ViewAxis(593:609, Axis(weight = ViewAxis(1:16, ShapedAxis((1, 16))), bias = ViewAxis(17:17, ShapedAxis((1, 1))))))), ode_par = 610:669)}}}, ForwardDiff.Dual{ForwardDiff.Tag{DiffEqBase.OrdinaryDiffEqTag, Float64}, Float64, 1}}}}, false}, UniformScaling{Bool}, Nothing, Nothing, Nothing, Nothing, Nothing, Nothing, Nothing, Nothing, Nothing, Nothing, Nothing, Nothing, Nothing, Nothing, typeof(SciMLBase.DEFAULT_OBSERVED), Nothing, Nothing}, Vector{Vector{Float64}}, Vector{Float64}, Vector{Vector{Vector{Float64}}}, OrdinaryDiffEq.TRBDF2Cache{Vector{Float64}, Vector{Float64}, Vector{Float64}, OrdinaryDiffEq.TRBDF2Tableau{Float64, Float64}, OrdinaryDiffEq.NLSolver{NLNewton{Rational{Int64}, Rational{Int64}, Rational{Int64}, Rational{Int64}}, true, Vector{Float64}, Float64, Nothing, Float64, OrdinaryDiffEq.NLNewtonCache{Vector{Float64}, Float64, Float64, Vector{Float64}, Matrix{Float64}, Matrix{Float64}, SciMLBase.UJacobianWrapper{true, ODEFunction{true, SciMLBase.AutoSpecialize, FunctionWrappersWrappers.FunctionWrappersWrapper{Tuple{FunctionWrappers.FunctionWrapper{Nothing, Tuple{Vector{Float64}, Vector{Float64}, ComponentVector{Float64, SubArray{Float64, 1, Vector{Float64}, Tuple{UnitRange{Int64}}, true}, Tuple{Axis{(p_net = ViewAxis(1:609, Axis(layer_1 = ViewAxis(1:48, Axis(weight = ViewAxis(1:32, ShapedAxis((16, 2))), bias = ViewAxis(33:48, ShapedAxis((16, 1))))), layer_2 = ViewAxis(49:320, Axis(weight = ViewAxis(1:256, ShapedAxis((16, 16))), bias = ViewAxis(257:272, ShapedAxis((16, 1))))), layer_3 = ViewAxis(321:592, Axis(weight = ViewAxis(1:256, ShapedAxis((16, 16))), bias = ViewAxis(257:272, ShapedAxis((16, 1))))), layer_4 = ViewAxis(593:609, Axis(weight = ViewAxis(1:16, ShapedAxis((1, 16))), bias = ViewAxis(17:17, ShapedAxis((1, 1))))))), ode_par = 610:669)}}}, Float64}}, FunctionWrappers.FunctionWrapper{Nothing, Tuple{Vector{ForwardDiff.Dual{ForwardDiff.Tag{DiffEqBase.OrdinaryDiffEqTag, Float64}, Float64, 1}}, Vector{ForwardDiff.Dual{ForwardDiff.Tag{DiffEqBase.OrdinaryDiffEqTag, Float64}, Float64, 1}}, ComponentVector{Float64, SubArray{Float64, 1, Vector{Float64}, Tuple{UnitRange{Int64}}, true}, Tuple{Axis{(p_net = ViewAxis(1:609, Axis(layer_1 = ViewAxis(1:48, Axis(weight = ViewAxis(1:32, ShapedAxis((16, 2))), bias = ViewAxis(33:48, ShapedAxis((16, 1))))), layer_2 = ViewAxis(49:320, Axis(weight = ViewAxis(1:256, ShapedAxis((16, 16))), bias = ViewAxis(257:272, ShapedAxis((16, 1))))), layer_3 = ViewAxis(321:592, Axis(weight = ViewAxis(1:256, ShapedAxis((16, 16))), bias = ViewAxis(257:272, ShapedAxis((16, 1))))), layer_4 = ViewAxis(593:609, Axis(weight = ViewAxis(1:16, ShapedAxis((1, 16))), bias = ViewAxis(17:17, ShapedAxis((1, 1))))))), ode_par = 610:669)}}}, Float64}}, FunctionWrappers.FunctionWrapper{Nothing, Tuple{Vector{ForwardDiff.Dual{ForwardDiff.Tag{DiffEqBase.OrdinaryDiffEqTag, Float64}, Float64, 1}}, Vector{Float64}, ComponentVector{Float64, SubArray{Float64, 1, Vector{Float64}, Tuple{UnitRange{Int64}}, true}, Tuple{Axis{(p_net = ViewAxis(1:609, Axis(layer_1 = ViewAxis(1:48, Axis(weight = ViewAxis(1:32, ShapedAxis((16, 2))), bias = ViewAxis(33:48, ShapedAxis((16, 1))))), layer_2 = ViewAxis(49:320, Axis(weight = ViewAxis(1:256, ShapedAxis((16, 16))), bias = ViewAxis(257:272, ShapedAxis((16, 1))))), layer_3 = ViewAxis(321:592, Axis(weight = ViewAxis(1:256, ShapedAxis((16, 16))), bias = ViewAxis(257:272, ShapedAxis((16, 1))))), layer_4 = ViewAxis(593:609, Axis(weight = ViewAxis(1:16, ShapedAxis((1, 16))), bias = ViewAxis(17:17, ShapedAxis((1, 1))))))), ode_par = 610:669)}}}, ForwardDiff.Dual{ForwardDiff.Tag{DiffEqBase.OrdinaryDiffEqTag, Float64}, Float64, 1}}}, FunctionWrappers.FunctionWrapper{Nothing, Tuple{Vector{ForwardDiff.Dual{ForwardDiff.Tag{DiffEqBase.OrdinaryDiffEqTag, Float64}, Float64, 1}}, Vector{ForwardDiff.Dual{ForwardDiff.Tag{DiffEqBase.OrdinaryDiffEqTag, Float64}, Float64, 1}}, ComponentVector{Float64, SubArray{Float64, 1, Vector{Float64}, Tuple{UnitRange{Int64}}, true}, Tuple{Axis{(p_net = ViewAxis(1:609, Axis(layer_1 = ViewAxis(1:48, Axis(weight = ViewAxis(1:32, ShapedAxis((16, 2))), bias = ViewAxis(33:48, ShapedAxis((16, 1))))), layer_2 = ViewAxis(49:320, Axis(weight = ViewAxis(1:256, ShapedAxis((16, 16))), bias = ViewAxis(257:272, ShapedAxis((16, 1))))), layer_3 = ViewAxis(321:592, Axis(weight = ViewAxis(1:256, ShapedAxis((16, 16))), bias = ViewAxis(257:272, ShapedAxis((16, 1))))), layer_4 = ViewAxis(593:609, Axis(weight = ViewAxis(1:16, ShapedAxis((1, 16))), bias = ViewAxis(17:17, ShapedAxis((1, 1))))))), ode_par = 610:669)}}}, ForwardDiff.Dual{ForwardDiff.Tag{DiffEqBase.OrdinaryDiffEqTag, Float64}, Float64, 1}}}}, false}, UniformScaling{Bool}, Nothing, Nothing, Nothing, Nothing, Nothing, Nothing, Nothing, Nothing, Nothing, Nothing, Nothing, Nothing, Nothing, Nothing, typeof(SciMLBase.DEFAULT_OBSERVED), Nothing, Nothing}, Float64, ComponentVector{Float64, SubArray{Float64, 1, Vector{Float64}, Tuple{UnitRange{Int64}}, true}, Tuple{Axis{(p_net = ViewAxis(1:609, Axis(layer_1 = ViewAxis(1:48, Axis(weight = ViewAxis(1:32, ShapedAxis((16, 2))), bias = ViewAxis(33:48, ShapedAxis((16, 1))))), layer_2 = ViewAxis(49:320, Axis(weight = ViewAxis(1:256, ShapedAxis((16, 16))), bias = ViewAxis(257:272, ShapedAxis((16, 1))))), layer_3 = ViewAxis(321:592, Axis(weight = ViewAxis(1:256, ShapedAxis((16, 16))), bias = ViewAxis(257:272, ShapedAxis((16, 1))))), layer_4 = ViewAxis(593:609, Axis(weight = ViewAxis(1:16, ShapedAxis((1, 16))), bias = ViewAxis(17:17, ShapedAxis((1, 1))))))), ode_par = 610:669)}}}}, FiniteDiff.JacobianCache{Vector{Float64}, Vector{Float64}, Vector{Float64}, Vector{Float64}, UnitRange{Int64}, Nothing, Val{:forward}(), Float64}, LinearSolve.LinearCache{Matrix{Float64}, Vector{Float64}, Vector{Float64}, SciMLBase.NullParameters, LinearSolve.DefaultLinearSolver, LinearSolve.DefaultLinearSolverInit{LU{Float64, Matrix{Float64}, Vector{Int64}}, LinearAlgebra.QRCompactWY{Float64, Matrix{Float64}, Matrix{Float64}}, Nothing, Nothing, Nothing, Nothing, Nothing, Nothing, LU{Float64, Matrix{Float64}, Vector{Int64}}, Tuple{LU{Float64, Matrix{Float64}, Vector{Int64}}, Vector{Int64}}, Nothing, Nothing, Nothing, SVD{Float64, Float64, Matrix{Float64}, Vector{Float64}}, Cholesky{Float64, Matrix{Float64}}, Cholesky{Float64, Matrix{Float64}}, Tuple{LU{Float64, Matrix{Float64}, Vector{Int32}}, Base.RefValue{Int32}}, Tuple{LU{Float64, Matrix{Float64}, Vector{Int64}}, Base.RefValue{Int64}}, QRPivoted{Float64, Matrix{Float64}, Vector{Float64}, Vector{Int64}}}, LinearSolve.InvPreconditioner{Diagonal{Float64, Vector{Float64}}}, Diagonal{Float64, Vector{Float64}}, Float64, Bool}}}}}, SciMLBase.DEStats, Nothing}, ODESolution{Float64, 2, Vector{Vector{Float64}}, Nothing, Nothing, Vector{Float64}, Vector{Vector{Vector{Float64}}}, ODEProblem{Vector{Float64}, Tuple{Float64, Float64}, true, ComponentVector{Float64, SubArray{Float64, 1, Vector{Float64}, Tuple{UnitRange{Int64}}, true}, Tuple{Axis{(p_net = ViewAxis(1:609, Axis(layer_1 = ViewAxis(1:48, Axis(weight = ViewAxis(1:32, ShapedAxis((16, 2))), bias = ViewAxis(33:48, ShapedAxis((16, 1))))), layer_2 = ViewAxis(49:320, Axis(weight = ViewAxis(1:256, ShapedAxis((16, 16))), bias = ViewAxis(257:272, ShapedAxis((16, 1))))), layer_3 = ViewAxis(321:592, Axis(weight = ViewAxis(1:256, ShapedAxis((16, 16))), bias = ViewAxis(257:272, ShapedAxis((16, 1))))), layer_4 = ViewAxis(593:609, Axis(weight = ViewAxis(1:16, ShapedAxis((1, 16))), bias = ViewAxis(17:17, ShapedAxis((1, 1))))))), ode_par = 610:669)}}}, ODEFunction{true, true, SciMLSensitivity.ODEQuadratureAdjointSensitivityFunction{SciMLSensitivity.AdjointDiffCache{Nothing, Nothing, Nothing, Nothing, Nothing, Nothing, Nothing, Nothing, ReverseDiff.CompiledTape{ReverseDiff.GradientTape{SciMLSensitivity.var"#123#127"{ODEFunction{true, SciMLBase.AutoSpecialize, var"#f#27"{Chain{NamedTuple{(:layer_1, :layer_2, :layer_3, :layer_4), Tuple{Dense{true, typeof(gelu), typeof(my_glorot_uniform), typeof(my_glorot_uniform)}, Dense{true, typeof(gelu), typeof(my_glorot_uniform), typeof(my_glorot_uniform)}, Dense{true, typeof(gelu), typeof(my_glorot_uniform), typeof(my_glorot_uniform)}, Dense{true, typeof(identity), typeof(my_glorot_uniform), typeof(my_glorot_uniform)}}}, Nothing}, NamedTuple{(:layer_1, :layer_2, :layer_3, :layer_4), NTuple{4, NamedTuple{(), Tuple{}}}}, Vector{Float64}, Vector{Int64}, Vector{Int64}, Vector{Float64}}, UniformScaling{Bool}, Nothing, Nothing, Nothing, Nothing, Nothing, Nothing, Nothing, Nothing, Nothing, Nothing, Nothing, Nothing, Nothing, Nothing, typeof(SciMLBase.DEFAULT_OBSERVED), Nothing, Nothing}}, Tuple{ReverseDiff.TrackedArray{Float64, Float64, 1, Vector{Float64}, Vector{Float64}}, ReverseDiff.TrackedArray{Float64, Float64, 1, ComponentVector{Float64, Vector{Float64}, Tuple{Axis{(p_net = ViewAxis(1:609, Axis(layer_1 = ViewAxis(1:48, Axis(weight = ViewAxis(1:32, ShapedAxis((16, 2))), bias = ViewAxis(33:48, ShapedAxis((16, 1))))), layer_2 = ViewAxis(49:320, Axis(weight = ViewAxis(1:256, ShapedAxis((16, 16))), bias = ViewAxis(257:272, ShapedAxis((16, 1))))), layer_3 = ViewAxis(321:592, Axis(weight = ViewAxis(1:256, ShapedAxis((16, 16))), bias = ViewAxis(257:272, ShapedAxis((16, 1))))), layer_4 = ViewAxis(593:609, Axis(weight = ViewAxis(1:16, ShapedAxis((1, 16))), bias = ViewAxis(17:17, ShapedAxis((1, 1))))))), ode_par = 610:669)}}}, ComponentVector{Float64, Vector{Float64}, Tuple{Axis{(p_net = ViewAxis(1:609, Axis(layer_1 = ViewAxis(1:48, Axis(weight = ViewAxis(1:32, ShapedAxis((16, 2))), bias = ViewAxis(33:48, ShapedAxis((16, 1))))), layer_2 = ViewAxis(49:320, Axis(weight = ViewAxis(1:256, ShapedAxis((16, 16))), bias = ViewAxis(257:272, ShapedAxis((16, 1))))), layer_3 = ViewAxis(321:592, Axis(weight = ViewAxis(1:256, ShapedAxis((16, 16))), bias = ViewAxis(257:272, ShapedAxis((16, 1))))), layer_4 = ViewAxis(593:609, Axis(weight = ViewAxis(1:16, ShapedAxis((1, 16))), bias = ViewAxis(17:17, ShapedAxis((1, 1))))))), ode_par = 610:669)}}}}, ReverseDiff.TrackedArray{Float64, Float64, 1, Vector{Float64}, Vector{Float64}}}, Vector{ReverseDiff.TrackedReal{Float64, Float64, ReverseDiff.TrackedArray{Float64, Float64, 1, ComponentVector{Float64, Vector{Float64}, Tuple{Axis{(p_net = ViewAxis(1:609, Axis(layer_1 = ViewAxis(1:48, Axis(weight = ViewAxis(1:32, ShapedAxis((16, 2))), bias = ViewAxis(33:48, ShapedAxis((16, 1))))), layer_2 = ViewAxis(49:320, Axis(weight = ViewAxis(1:256, ShapedAxis((16, 16))), bias = ViewAxis(257:272, ShapedAxis((16, 1))))), layer_3 = ViewAxis(321:592, Axis(weight = ViewAxis(1:256, ShapedAxis((16, 16))), bias = ViewAxis(257:272, ShapedAxis((16, 1))))), layer_4 = ViewAxis(593:609, Axis(weight = ViewAxis(1:16, ShapedAxis((1, 16))), bias = ViewAxis(17:17, ShapedAxis((1, 1))))))), ode_par = 610:669)}}}, ComponentVector{Float64, Vector{Float64}, Tuple{Axis{(p_net = ViewAxis(1:609, Axis(layer_1 = ViewAxis(1:48, Axis(weight = ViewAxis(1:32, ShapedAxis((16, 2))), bias = ViewAxis(33:48, ShapedAxis((16, 1))))), layer_2 = ViewAxis(49:320, Axis(weight = ViewAxis(1:256, ShapedAxis((16, 16))), bias = ViewAxis(257:272, ShapedAxis((16, 1))))), layer_3 = ViewAxis(321:592, Axis(weight = ViewAxis(1:256, ShapedAxis((16, 16))), bias = ViewAxis(257:272, ShapedAxis((16, 1))))), layer_4 = ViewAxis(593:609, Axis(weight = ViewAxis(1:16, ShapedAxis((1, 16))), bias = ViewAxis(17:17, ShapedAxis((1, 1))))))), ode_par = 610:669)}}}}}}}}, Nothing, Nothing, Vector{Float64}, Nothing, Nothing, Base.OneTo{Int64}, UnitRange{Int64}, UniformScaling{Bool}}, QuadratureAdjoint{0, true, Val{:central}, ReverseDiffVJP{true}}, Vector{Float64}, ODESolution{Float64, 2, Vector{Vector{Float64}}, Nothing, Nothing, Vector{Float64}, Vector{Vector{Vector{Float64}}}, ODEProblem{Vector{Float64}, Tuple{Float64, Float64}, true, ComponentVector{Float64, SubArray{Float64, 1, Vector{Float64}, Tuple{UnitRange{Int64}}, true}, Tuple{Axis{(p_net = ViewAxis(1:609, Axis(layer_1 = ViewAxis(1:48, Axis(weight = ViewAxis(1:32, ShapedAxis((16, 2))), bias = ViewAxis(33:48, ShapedAxis((16, 1))))), layer_2 = ViewAxis(49:320, Axis(weight = ViewAxis(1:256, ShapedAxis((16, 16))), bias = ViewAxis(257:272, ShapedAxis((16, 1))))), layer_3 = ViewAxis(321:592, Axis(weight = ViewAxis(1:256, ShapedAxis((16, 16))), bias = ViewAxis(257:272, ShapedAxis((16, 1))))), layer_4 = ViewAxis(593:609, Axis(weight = ViewAxis(1:16, ShapedAxis((1, 16))), bias = ViewAxis(17:17, ShapedAxis((1, 1))))))), ode_par = 610:669)}}}, ODEFunction{true, SciMLBase.AutoSpecialize, FunctionWrappersWrappers.FunctionWrappersWrapper{Tuple{FunctionWrappers.FunctionWrapper{Nothing, Tuple{Vector{Float64}, Vector{Float64}, ComponentVector{Float64, SubArray{Float64, 1, Vector{Float64}, Tuple{UnitRange{Int64}}, true}, Tuple{Axis{(p_net = ViewAxis(1:609, Axis(layer_1 = ViewAxis(1:48, Axis(weight = ViewAxis(1:32, ShapedAxis((16, 2))), bias = ViewAxis(33:48, ShapedAxis((16, 1))))), layer_2 = ViewAxis(49:320, Axis(weight = ViewAxis(1:256, ShapedAxis((16, 16))), bias = ViewAxis(257:272, ShapedAxis((16, 1))))), layer_3 = ViewAxis(321:592, Axis(weight = ViewAxis(1:256, ShapedAxis((16, 16))), bias = ViewAxis(257:272, ShapedAxis((16, 1))))), layer_4 = ViewAxis(593:609, Axis(weight = ViewAxis(1:16, ShapedAxis((1, 16))), bias = ViewAxis(17:17, ShapedAxis((1, 1))))))), ode_par = 610:669)}}}, Float64}}, FunctionWrappers.FunctionWrapper{Nothing, Tuple{Vector{ForwardDiff.Dual{ForwardDiff.Tag{DiffEqBase.OrdinaryDiffEqTag, Float64}, Float64, 1}}, Vector{ForwardDiff.Dual{ForwardDiff.Tag{DiffEqBase.OrdinaryDiffEqTag, Float64}, Float64, 1}}, ComponentVector{Float64, SubArray{Float64, 1, Vector{Float64}, Tuple{UnitRange{Int64}}, true}, Tuple{Axis{(p_net = ViewAxis(1:609, Axis(layer_1 = ViewAxis(1:48, Axis(weight = ViewAxis(1:32, ShapedAxis((16, 2))), bias = ViewAxis(33:48, ShapedAxis((16, 1))))), layer_2 = ViewAxis(49:320, Axis(weight = ViewAxis(1:256, ShapedAxis((16, 16))), bias = ViewAxis(257:272, ShapedAxis((16, 1))))), layer_3 = ViewAxis(321:592, Axis(weight = ViewAxis(1:256, ShapedAxis((16, 16))), bias = ViewAxis(257:272, ShapedAxis((16, 1))))), layer_4 = ViewAxis(593:609, Axis(weight = ViewAxis(1:16, ShapedAxis((1, 16))), bias = ViewAxis(17:17, ShapedAxis((1, 1))))))), ode_par = 610:669)}}}, Float64}}, FunctionWrappers.FunctionWrapper{Nothing, Tuple{Vector{ForwardDiff.Dual{ForwardDiff.Tag{DiffEqBase.OrdinaryDiffEqTag, Float64}, Float64, 1}}, Vector{Float64}, ComponentVector{Float64, SubArray{Float64, 1, Vector{Float64}, Tuple{UnitRange{Int64}}, true}, Tuple{Axis{(p_net = ViewAxis(1:609, Axis(layer_1 = ViewAxis(1:48, Axis(weight = ViewAxis(1:32, ShapedAxis((16, 2))), bias = ViewAxis(33:48, ShapedAxis((16, 1))))), layer_2 = ViewAxis(49:320, Axis(weight = ViewAxis(1:256, ShapedAxis((16, 16))), bias = ViewAxis(257:272, ShapedAxis((16, 1))))), layer_3 = ViewAxis(321:592, Axis(weight = ViewAxis(1:256, ShapedAxis((16, 16))), bias = ViewAxis(257:272, ShapedAxis((16, 1))))), layer_4 = ViewAxis(593:609, Axis(weight = ViewAxis(1:16, ShapedAxis((1, 16))), bias = ViewAxis(17:17, ShapedAxis((1, 1))))))), ode_par = 610:669)}}}, ForwardDiff.Dual{ForwardDiff.Tag{DiffEqBase.OrdinaryDiffEqTag, Float64}, Float64, 1}}}, FunctionWrappers.FunctionWrapper{Nothing, Tuple{Vector{ForwardDiff.Dual{ForwardDiff.Tag{DiffEqBase.OrdinaryDiffEqTag, Float64}, Float64, 1}}, Vector{ForwardDiff.Dual{ForwardDiff.Tag{DiffEqBase.OrdinaryDiffEqTag, Float64}, Float64, 1}}, ComponentVector{Float64, SubArray{Float64, 1, Vector{Float64}, Tuple{UnitRange{Int64}}, true}, Tuple{Axis{(p_net = ViewAxis(1:609, Axis(layer_1 = ViewAxis(1:48, Axis(weight = ViewAxis(1:32, ShapedAxis((16, 2))), bias = ViewAxis(33:48, ShapedAxis((16, 1))))), layer_2 = ViewAxis(49:320, Axis(weight = ViewAxis(1:256, ShapedAxis((16, 16))), bias = ViewAxis(257:272, ShapedAxis((16, 1))))), layer_3 = ViewAxis(321:592, Axis(weight = ViewAxis(1:256, ShapedAxis((16, 16))), bias = ViewAxis(257:272, ShapedAxis((16, 1))))), layer_4 = ViewAxis(593:609, Axis(weight = ViewAxis(1:16, ShapedAxis((1, 16))), bias = ViewAxis(17:17, ShapedAxis((1, 1))))))), ode_par = 610:669)}}}, ForwardDiff.Dual{ForwardDiff.Tag{DiffEqBase.OrdinaryDiffEqTag, Float64}, Float64, 1}}}}, false}, UniformScaling{Bool}, Nothing, Nothing, Nothing, Nothing, Nothing, Nothing, Nothing, Nothing, Nothing, Nothing, Nothing, Nothing, Nothing, Nothing, typeof(SciMLBase.DEFAULT_OBSERVED), Nothing, Nothing}, Base.Pairs{Symbol, Union{}, Tuple{}, NamedTuple{(), Tuple{}}}, SciMLBase.StandardODEProblem}, TRBDF2{1, false, Nothing, NLNewton{Rational{Int64}, Rational{Int64}, Rational{Int64}, Rational{Int64}}, typeof(OrdinaryDiffEq.DEFAULT_PRECS), Val{:forward}, true, nothing}, OrdinaryDiffEq.InterpolationData{ODEFunction{true, SciMLBase.AutoSpecialize, FunctionWrappersWrappers.FunctionWrappersWrapper{Tuple{FunctionWrappers.FunctionWrapper{Nothing, Tuple{Vector{Float64}, Vector{Float64}, ComponentVector{Float64, SubArray{Float64, 1, Vector{Float64}, Tuple{UnitRange{Int64}}, true}, Tuple{Axis{(p_net = ViewAxis(1:609, Axis(layer_1 = ViewAxis(1:48, Axis(weight = ViewAxis(1:32, ShapedAxis((16, 2))), bias = ViewAxis(33:48, ShapedAxis((16, 1))))), layer_2 = ViewAxis(49:320, Axis(weight = ViewAxis(1:256, ShapedAxis((16, 16))), bias = ViewAxis(257:272, ShapedAxis((16, 1))))), layer_3 = ViewAxis(321:592, Axis(weight = ViewAxis(1:256, ShapedAxis((16, 16))), bias = ViewAxis(257:272, ShapedAxis((16, 1))))), layer_4 = ViewAxis(593:609, Axis(weight = ViewAxis(1:16, ShapedAxis((1, 16))), bias = ViewAxis(17:17, ShapedAxis((1, 1))))))), ode_par = 610:669)}}}, Float64}}, FunctionWrappers.FunctionWrapper{Nothing, Tuple{Vector{ForwardDiff.Dual{ForwardDiff.Tag{DiffEqBase.OrdinaryDiffEqTag, Float64}, Float64, 1}}, Vector{ForwardDiff.Dual{ForwardDiff.Tag{DiffEqBase.OrdinaryDiffEqTag, Float64}, Float64, 1}}, ComponentVector{Float64, SubArray{Float64, 1, Vector{Float64}, Tuple{UnitRange{Int64}}, true}, Tuple{Axis{(p_net = ViewAxis(1:609, Axis(layer_1 = ViewAxis(1:48, Axis(weight = ViewAxis(1:32, ShapedAxis((16, 2))), bias = ViewAxis(33:48, ShapedAxis((16, 1))))), layer_2 = ViewAxis(49:320, Axis(weight = ViewAxis(1:256, ShapedAxis((16, 16))), bias = ViewAxis(257:272, ShapedAxis((16, 1))))), layer_3 = ViewAxis(321:592, Axis(weight = ViewAxis(1:256, ShapedAxis((16, 16))), bias = ViewAxis(257:272, ShapedAxis((16, 1))))), layer_4 = ViewAxis(593:609, Axis(weight = ViewAxis(1:16, ShapedAxis((1, 16))), bias = ViewAxis(17:17, ShapedAxis((1, 1))))))), ode_par = 610:669)}}}, Float64}}, FunctionWrappers.FunctionWrapper{Nothing, Tuple{Vector{ForwardDiff.Dual{ForwardDiff.Tag{DiffEqBase.OrdinaryDiffEqTag, Float64}, Float64, 1}}, Vector{Float64}, ComponentVector{Float64, SubArray{Float64, 1, Vector{Float64}, Tuple{UnitRange{Int64}}, true}, Tuple{Axis{(p_net = ViewAxis(1:609, Axis(layer_1 = ViewAxis(1:48, Axis(weight = ViewAxis(1:32, ShapedAxis((16, 2))), bias = ViewAxis(33:48, ShapedAxis((16, 1))))), layer_2 = ViewAxis(49:320, Axis(weight = ViewAxis(1:256, ShapedAxis((16, 16))), bias = ViewAxis(257:272, ShapedAxis((16, 1))))), layer_3 = ViewAxis(321:592, Axis(weight = ViewAxis(1:256, ShapedAxis((16, 16))), bias = ViewAxis(257:272, ShapedAxis((16, 1))))), layer_4 = ViewAxis(593:609, Axis(weight = ViewAxis(1:16, ShapedAxis((1, 16))), bias = ViewAxis(17:17, ShapedAxis((1, 1))))))), ode_par = 610:669)}}}, ForwardDiff.Dual{ForwardDiff.Tag{DiffEqBase.OrdinaryDiffEqTag, Float64}, Float64, 1}}}, FunctionWrappers.FunctionWrapper{Nothing, Tuple{Vector{ForwardDiff.Dual{ForwardDiff.Tag{DiffEqBase.OrdinaryDiffEqTag, Float64}, Float64, 1}}, Vector{ForwardDiff.Dual{ForwardDiff.Tag{DiffEqBase.OrdinaryDiffEqTag, Float64}, Float64, 1}}, ComponentVector{Float64, SubArray{Float64, 1, Vector{Float64}, Tuple{UnitRange{Int64}}, true}, Tuple{Axis{(p_net = ViewAxis(1:609, Axis(layer_1 = ViewAxis(1:48, Axis(weight = ViewAxis(1:32, ShapedAxis((16, 2))), bias = ViewAxis(33:48, ShapedAxis((16, 1))))), layer_2 = ViewAxis(49:320, Axis(weight = ViewAxis(1:256, ShapedAxis((16, 16))), bias = ViewAxis(257:272, ShapedAxis((16, 1))))), layer_3 = ViewAxis(321:592, Axis(weight = ViewAxis(1:256, ShapedAxis((16, 16))), bias = ViewAxis(257:272, ShapedAxis((16, 1))))), layer_4 = ViewAxis(593:609, Axis(weight = ViewAxis(1:16, ShapedAxis((1, 16))), bias = ViewAxis(17:17, ShapedAxis((1, 1))))))), ode_par = 610:669)}}}, ForwardDiff.Dual{ForwardDiff.Tag{DiffEqBase.OrdinaryDiffEqTag, Float64}, Float64, 1}}}}, false}, UniformScaling{Bool}, Nothing, Nothing, Nothing, Nothing, Nothing, Nothing, Nothing, Nothing, Nothing, Nothing, Nothing, Nothing, Nothing, Nothing, typeof(SciMLBase.DEFAULT_OBSERVED), Nothing, Nothing}, Vector{Vector{Float64}}, Vector{Float64}, Vector{Vector{Vector{Float64}}}, OrdinaryDiffEq.TRBDF2Cache{Vector{Float64}, Vector{Float64}, Vector{Float64}, OrdinaryDiffEq.TRBDF2Tableau{Float64, Float64}, OrdinaryDiffEq.NLSolver{NLNewton{Rational{Int64}, Rational{Int64}, Rational{Int64}, Rational{Int64}}, true, Vector{Float64}, Float64, Nothing, Float64, OrdinaryDiffEq.NLNewtonCache{Vector{Float64}, Float64, Float64, Vector{Float64}, Matrix{Float64}, Matrix{Float64}, SciMLBase.UJacobianWrapper{true, ODEFunction{true, SciMLBase.AutoSpecialize, FunctionWrappersWrappers.FunctionWrappersWrapper{Tuple{FunctionWrappers.FunctionWrapper{Nothing, Tuple{Vector{Float64}, Vector{Float64}, ComponentVector{Float64, SubArray{Float64, 1, Vector{Float64}, Tuple{UnitRange{Int64}}, true}, Tuple{Axis{(p_net = ViewAxis(1:609, Axis(layer_1 = ViewAxis(1:48, Axis(weight = ViewAxis(1:32, ShapedAxis((16, 2))), bias = ViewAxis(33:48, ShapedAxis((16, 1))))), layer_2 = ViewAxis(49:320, Axis(weight = ViewAxis(1:256, ShapedAxis((16, 16))), bias = ViewAxis(257:272, ShapedAxis((16, 1))))), layer_3 = ViewAxis(321:592, Axis(weight = ViewAxis(1:256, ShapedAxis((16, 16))), bias = ViewAxis(257:272, ShapedAxis((16, 1))))), layer_4 = ViewAxis(593:609, Axis(weight = ViewAxis(1:16, ShapedAxis((1, 16))), bias = ViewAxis(17:17, ShapedAxis((1, 1))))))), ode_par = 610:669)}}}, Float64}}, FunctionWrappers.FunctionWrapper{Nothing, Tuple{Vector{ForwardDiff.Dual{ForwardDiff.Tag{DiffEqBase.OrdinaryDiffEqTag, Float64}, Float64, 1}}, Vector{ForwardDiff.Dual{ForwardDiff.Tag{DiffEqBase.OrdinaryDiffEqTag, Float64}, Float64, 1}}, ComponentVector{Float64, SubArray{Float64, 1, Vector{Float64}, Tuple{UnitRange{Int64}}, true}, Tuple{Axis{(p_net = ViewAxis(1:609, Axis(layer_1 = ViewAxis(1:48, Axis(weight = ViewAxis(1:32, ShapedAxis((16, 2))), bias = ViewAxis(33:48, ShapedAxis((16, 1))))), layer_2 = ViewAxis(49:320, Axis(weight = ViewAxis(1:256, ShapedAxis((16, 16))), bias = ViewAxis(257:272, ShapedAxis((16, 1))))), layer_3 = ViewAxis(321:592, Axis(weight = ViewAxis(1:256, ShapedAxis((16, 16))), bias = ViewAxis(257:272, ShapedAxis((16, 1))))), layer_4 = ViewAxis(593:609, Axis(weight = ViewAxis(1:16, ShapedAxis((1, 16))), bias = ViewAxis(17:17, ShapedAxis((1, 1))))))), ode_par = 610:669)}}}, Float64}}, FunctionWrappers.FunctionWrapper{Nothing, Tuple{Vector{ForwardDiff.Dual{ForwardDiff.Tag{DiffEqBase.OrdinaryDiffEqTag, Float64}, Float64, 1}}, Vector{Float64}, ComponentVector{Float64, SubArray{Float64, 1, Vector{Float64}, Tuple{UnitRange{Int64}}, true}, Tuple{Axis{(p_net = ViewAxis(1:609, Axis(layer_1 = ViewAxis(1:48, Axis(weight = ViewAxis(1:32, ShapedAxis((16, 2))), bias = ViewAxis(33:48, ShapedAxis((16, 1))))), layer_2 = ViewAxis(49:320, Axis(weight = ViewAxis(1:256, ShapedAxis((16, 16))), bias = ViewAxis(257:272, ShapedAxis((16, 1))))), layer_3 = ViewAxis(321:592, Axis(weight = ViewAxis(1:256, ShapedAxis((16, 16))), bias = ViewAxis(257:272, ShapedAxis((16, 1))))), layer_4 = ViewAxis(593:609, Axis(weight = ViewAxis(1:16, ShapedAxis((1, 16))), bias = ViewAxis(17:17, ShapedAxis((1, 1))))))), ode_par = 610:669)}}}, ForwardDiff.Dual{ForwardDiff.Tag{DiffEqBase.OrdinaryDiffEqTag, Float64}, Float64, 1}}}, FunctionWrappers.FunctionWrapper{Nothing, Tuple{Vector{ForwardDiff.Dual{ForwardDiff.Tag{DiffEqBase.OrdinaryDiffEqTag, Float64}, Float64, 1}}, Vector{ForwardDiff.Dual{ForwardDiff.Tag{DiffEqBase.OrdinaryDiffEqTag, Float64}, Float64, 1}}, ComponentVector{Float64, SubArray{Float64, 1, Vector{Float64}, Tuple{UnitRange{Int64}}, true}, Tuple{Axis{(p_net = ViewAxis(1:609, Axis(layer_1 = ViewAxis(1:48, Axis(weight = ViewAxis(1:32, ShapedAxis((16, 2))), bias = ViewAxis(33:48, ShapedAxis((16, 1))))), layer_2 = ViewAxis(49:320, Axis(weight = ViewAxis(1:256, ShapedAxis((16, 16))), bias = ViewAxis(257:272, ShapedAxis((16, 1))))), layer_3 = ViewAxis(321:592, Axis(weight = ViewAxis(1:256, ShapedAxis((16, 16))), bias = ViewAxis(257:272, ShapedAxis((16, 1))))), layer_4 = ViewAxis(593:609, Axis(weight = ViewAxis(1:16, ShapedAxis((1, 16))), bias = ViewAxis(17:17, ShapedAxis((1, 1))))))), ode_par = 610:669)}}}, ForwardDiff.Dual{ForwardDiff.Tag{DiffEqBase.OrdinaryDiffEqTag, Float64}, Float64, 1}}}}, false}, UniformScaling{Bool}, Nothing, Nothing, Nothing, Nothing, Nothing, Nothing, Nothing, Nothing, Nothing, Nothing, Nothing, Nothing, Nothing, Nothing, typeof(SciMLBase.DEFAULT_OBSERVED), Nothing, Nothing}, Float64, ComponentVector{Float64, SubArray{Float64, 1, Vector{Float64}, Tuple{UnitRange{Int64}}, true}, Tuple{Axis{(p_net = ViewAxis(1:609, Axis(layer_1 = ViewAxis(1:48, Axis(weight = ViewAxis(1:32, ShapedAxis((16, 2))), bias = ViewAxis(33:48, ShapedAxis((16, 1))))), layer_2 = ViewAxis(49:320, Axis(weight = ViewAxis(1:256, ShapedAxis((16, 16))), bias = ViewAxis(257:272, ShapedAxis((16, 1))))), layer_3 = ViewAxis(321:592, Axis(weight = ViewAxis(1:256, ShapedAxis((16, 16))), bias = ViewAxis(257:272, ShapedAxis((16, 1))))), layer_4 = ViewAxis(593:609, Axis(weight = ViewAxis(1:16, ShapedAxis((1, 16))), bias = ViewAxis(17:17, ShapedAxis((1, 1))))))), ode_par = 610:669)}}}}, FiniteDiff.JacobianCache{Vector{Float64}, Vector{Float64}, Vector{Float64}, Vector{Float64}, UnitRange{Int64}, Nothing, Val{:forward}(), Float64}, LinearSolve.LinearCache{Matrix{Float64}, Vector{Float64}, Vector{Float64}, SciMLBase.NullParameters, LinearSolve.DefaultLinearSolver, LinearSolve.DefaultLinearSolverInit{LU{Float64, Matrix{Float64}, Vector{Int64}}, LinearAlgebra.QRCompactWY{Float64, Matrix{Float64}, Matrix{Float64}}, Nothing, Nothing, Nothing, Nothing, Nothing, Nothing, LU{Float64, Matrix{Float64}, Vector{Int64}}, Tuple{LU{Float64, Matrix{Float64}, Vector{Int64}}, Vector{Int64}}, Nothing, Nothing, Nothing, SVD{Float64, Float64, Matrix{Float64}, Vector{Float64}}, Cholesky{Float64, Matrix{Float64}}, Cholesky{Float64, Matrix{Float64}}, Tuple{LU{Float64, Matrix{Float64}, Vector{Int32}}, Base.RefValue{Int32}}, Tuple{LU{Float64, Matrix{Float64}, Vector{Int64}}, Base.RefValue{Int64}}, QRPivoted{Float64, Matrix{Float64}, Vector{Float64}, Vector{Int64}}}, LinearSolve.InvPreconditioner{Diagonal{Float64, Vector{Float64}}}, Diagonal{Float64, Vector{Float64}}, Float64, Bool}}}}}, SciMLBase.DEStats, Nothing}, ODEFunction{true, SciMLBase.AutoSpecialize, FunctionWrappersWrappers.FunctionWrappersWrapper{Tuple{FunctionWrappers.FunctionWrapper{Nothing, Tuple{Vector{Float64}, Vector{Float64}, ComponentVector{Float64, SubArray{Float64, 1, Vector{Float64}, Tuple{UnitRange{Int64}}, true}, Tuple{Axis{(p_net = ViewAxis(1:609, Axis(layer_1 = ViewAxis(1:48, Axis(weight = ViewAxis(1:32, ShapedAxis((16, 2))), bias = ViewAxis(33:48, ShapedAxis((16, 1))))), layer_2 = ViewAxis(49:320, Axis(weight = ViewAxis(1:256, ShapedAxis((16, 16))), bias = ViewAxis(257:272, ShapedAxis((16, 1))))), layer_3 = ViewAxis(321:592, Axis(weight = ViewAxis(1:256, ShapedAxis((16, 16))), bias = ViewAxis(257:272, ShapedAxis((16, 1))))), layer_4 = ViewAxis(593:609, Axis(weight = ViewAxis(1:16, ShapedAxis((1, 16))), bias = ViewAxis(17:17, ShapedAxis((1, 1))))))), ode_par = 610:669)}}}, Float64}}, FunctionWrappers.FunctionWrapper{Nothing, Tuple{Vector{ForwardDiff.Dual{ForwardDiff.Tag{DiffEqBase.OrdinaryDiffEqTag, Float64}, Float64, 1}}, Vector{ForwardDiff.Dual{ForwardDiff.Tag{DiffEqBase.OrdinaryDiffEqTag, Float64}, Float64, 1}}, ComponentVector{Float64, SubArray{Float64, 1, Vector{Float64}, Tuple{UnitRange{Int64}}, true}, Tuple{Axis{(p_net = ViewAxis(1:609, Axis(layer_1 = ViewAxis(1:48, Axis(weight = ViewAxis(1:32, ShapedAxis((16, 2))), bias = ViewAxis(33:48, ShapedAxis((16, 1))))), layer_2 = ViewAxis(49:320, Axis(weight = ViewAxis(1:256, ShapedAxis((16, 16))), bias = ViewAxis(257:272, ShapedAxis((16, 1))))), layer_3 = ViewAxis(321:592, Axis(weight = ViewAxis(1:256, ShapedAxis((16, 16))), bias = ViewAxis(257:272, ShapedAxis((16, 1))))), layer_4 = ViewAxis(593:609, Axis(weight = ViewAxis(1:16, ShapedAxis((1, 16))), bias = ViewAxis(17:17, ShapedAxis((1, 1))))))), ode_par = 610:669)}}}, Float64}}, FunctionWrappers.FunctionWrapper{Nothing, Tuple{Vector{ForwardDiff.Dual{ForwardDiff.Tag{DiffEqBase.OrdinaryDiffEqTag, Float64}, Float64, 1}}, Vector{Float64}, ComponentVector{Float64, SubArray{Float64, 1, Vector{Float64}, Tuple{UnitRange{Int64}}, true}, Tuple{Axis{(p_net = ViewAxis(1:609, Axis(layer_1 = ViewAxis(1:48, Axis(weight = ViewAxis(1:32, ShapedAxis((16, 2))), bias = ViewAxis(33:48, ShapedAxis((16, 1))))), layer_2 = ViewAxis(49:320, Axis(weight = ViewAxis(1:256, ShapedAxis((16, 16))), bias = ViewAxis(257:272, ShapedAxis((16, 1))))), layer_3 = ViewAxis(321:592, Axis(weight = ViewAxis(1:256, ShapedAxis((16, 16))), bias = ViewAxis(257:272, ShapedAxis((16, 1))))), layer_4 = ViewAxis(593:609, Axis(weight = ViewAxis(1:16, ShapedAxis((1, 16))), bias = ViewAxis(17:17, ShapedAxis((1, 1))))))), ode_par = 610:669)}}}, ForwardDiff.Dual{ForwardDiff.Tag{DiffEqBase.OrdinaryDiffEqTag, Float64}, Float64, 1}}}, FunctionWrappers.FunctionWrapper{Nothing, Tuple{Vector{ForwardDiff.Dual{ForwardDiff.Tag{DiffEqBase.OrdinaryDiffEqTag, Float64}, Float64, 1}}, Vector{ForwardDiff.Dual{ForwardDiff.Tag{DiffEqBase.OrdinaryDiffEqTag, Float64}, Float64, 1}}, ComponentVector{Float64, SubArray{Float64, 1, Vector{Float64}, Tuple{UnitRange{Int64}}, true}, Tuple{Axis{(p_net = ViewAxis(1:609, Axis(layer_1 = ViewAxis(1:48, Axis(weight = ViewAxis(1:32, ShapedAxis((16, 2))), bias = ViewAxis(33:48, ShapedAxis((16, 1))))), layer_2 = ViewAxis(49:320, Axis(weight = ViewAxis(1:256, ShapedAxis((16, 16))), bias = ViewAxis(257:272, ShapedAxis((16, 1))))), layer_3 = ViewAxis(321:592, Axis(weight = ViewAxis(1:256, ShapedAxis((16, 16))), bias = ViewAxis(257:272, ShapedAxis((16, 1))))), layer_4 = ViewAxis(593:609, Axis(weight = ViewAxis(1:16, ShapedAxis((1, 16))), bias = ViewAxis(17:17, ShapedAxis((1, 1))))))), ode_par = 610:669)}}}, ForwardDiff.Dual{ForwardDiff.Tag{DiffEqBase.OrdinaryDiffEqTag, Float64}, Float64, 1}}}}, false}, UniformScaling{Bool}, Nothing, Nothing, Nothing, Nothing, Nothing, Nothing, Nothing, Nothing, Nothing, Nothing, Nothing, Nothing, Nothing, Nothing, typeof(SciMLBase.DEFAULT_OBSERVED), Nothing, Nothing}}, UniformScaling{Bool}, Nothing, Nothing, Nothing, Nothing, Nothing, Nothing, Nothing, Nothing, Nothing, Nothing, Nothing, Nothing, Nothing, Nothing, typeof(SciMLBase.DEFAULT_OBSERVED), Nothing, Nothing}, Base.Pairs{Symbol, CallbackSet{Tuple{}, Tuple{DiscreteCallback{DiffEqCallbacks.var"#78#81"{Vector{Float64}}, DiffEqCallbacks.var"#79#82"{SciMLSensitivity.ReverseLossCallback{Vector{Float64}, Vector{Float64}, Vector{Float64}, Base.RefValue{Int64}, UniformScaling{Bool}, QuadratureAdjoint{0, true, Val{:central}, ReverseDiffVJP{true}}, SciMLSensitivity.var"#df_iip#308"{VectorOfArray{Float64, 2, Vector{Vector{Float64}}}, Colon}, Nothing, SciMLSensitivity.AdjointDiffCache{Nothing, Nothing, Nothing, Nothing, Nothing, Nothing, Nothing, Nothing, ReverseDiff.CompiledTape{ReverseDiff.GradientTape{SciMLSensitivity.var"#123#127"{ODEFunction{true, SciMLBase.AutoSpecialize, var"#f#27"{Chain{NamedTuple{(:layer_1, :layer_2, :layer_3, :layer_4), Tuple{Dense{true, typeof(gelu), typeof(my_glorot_uniform), typeof(my_glorot_uniform)}, Dense{true, typeof(gelu), typeof(my_glorot_uniform), typeof(my_glorot_uniform)}, Dense{true, typeof(gelu), typeof(my_glorot_uniform), typeof(my_glorot_uniform)}, Dense{true, typeof(identity), typeof(my_glorot_uniform), typeof(my_glorot_uniform)}}}, Nothing}, NamedTuple{(:layer_1, :layer_2, :layer_3, :layer_4), NTuple{4, NamedTuple{(), Tuple{}}}}, Vector{Float64}, Vector{Int64}, Vector{Int64}, Vector{Float64}}, UniformScaling{Bool}, Nothing, Nothing, Nothing, Nothing, Nothing, Nothing, Nothing, Nothing, Nothing, Nothing, Nothing, Nothing, Nothing, Nothing, typeof(SciMLBase.DEFAULT_OBSERVED), Nothing, Nothing}}, Tuple{ReverseDiff.TrackedArray{Float64, Float64, 1, Vector{Float64}, Vector{Float64}}, ReverseDiff.TrackedArray{Float64, Float64, 1, ComponentVector{Float64, Vector{Float64}, Tuple{Axis{(p_net = ViewAxis(1:609, Axis(layer_1 = ViewAxis(1:48, Axis(weight = ViewAxis(1:32, ShapedAxis((16, 2))), bias = ViewAxis(33:48, ShapedAxis((16, 1))))), layer_2 = ViewAxis(49:320, Axis(weight = ViewAxis(1:256, ShapedAxis((16, 16))), bias = ViewAxis(257:272, ShapedAxis((16, 1))))), layer_3 = ViewAxis(321:592, Axis(weight = ViewAxis(1:256, ShapedAxis((16, 16))), bias = ViewAxis(257:272, ShapedAxis((16, 1))))), layer_4 = ViewAxis(593:609, Axis(weight = ViewAxis(1:16, ShapedAxis((1, 16))), bias = ViewAxis(17:17, ShapedAxis((1, 1))))))), ode_par = 610:669)}}}, ComponentVector{Float64, Vector{Float64}, Tuple{Axis{(p_net = ViewAxis(1:609, Axis(layer_1 = ViewAxis(1:48, Axis(weight = ViewAxis(1:32, ShapedAxis((16, 2))), bias = ViewAxis(33:48, ShapedAxis((16, 1))))), layer_2 = ViewAxis(49:320, Axis(weight = ViewAxis(1:256, ShapedAxis((16, 16))), bias = ViewAxis(257:272, ShapedAxis((16, 1))))), layer_3 = ViewAxis(321:592, Axis(weight = ViewAxis(1:256, ShapedAxis((16, 16))), bias = ViewAxis(257:272, ShapedAxis((16, 1))))), layer_4 = ViewAxis(593:609, Axis(weight = ViewAxis(1:16, ShapedAxis((1, 16))), bias = ViewAxis(17:17, ShapedAxis((1, 1))))))), ode_par = 610:669)}}}}, ReverseDiff.TrackedArray{Float64, Float64, 1, Vector{Float64}, Vector{Float64}}}, Vector{ReverseDiff.TrackedReal{Float64, Float64, ReverseDiff.TrackedArray{Float64, Float64, 1, ComponentVector{Float64, Vector{Float64}, Tuple{Axis{(p_net = ViewAxis(1:609, Axis(layer_1 = ViewAxis(1:48, Axis(weight = ViewAxis(1:32, ShapedAxis((16, 2))), bias = ViewAxis(33:48, ShapedAxis((16, 1))))), layer_2 = ViewAxis(49:320, Axis(weight = ViewAxis(1:256, ShapedAxis((16, 16))), bias = ViewAxis(257:272, ShapedAxis((16, 1))))), layer_3 = ViewAxis(321:592, Axis(weight = ViewAxis(1:256, ShapedAxis((16, 16))), bias = ViewAxis(257:272, ShapedAxis((16, 1))))), layer_4 = ViewAxis(593:609, Axis(weight = ViewAxis(1:16, ShapedAxis((1, 16))), bias = ViewAxis(17:17, ShapedAxis((1, 1))))))), ode_par = 610:669)}}}, ComponentVector{Float64, Vector{Float64}, Tuple{Axis{(p_net = ViewAxis(1:609, Axis(layer_1 = ViewAxis(1:48, Axis(weight = ViewAxis(1:32, ShapedAxis((16, 2))), bias = ViewAxis(33:48, ShapedAxis((16, 1))))), layer_2 = ViewAxis(49:320, Axis(weight = ViewAxis(1:256, ShapedAxis((16, 16))), bias = ViewAxis(257:272, ShapedAxis((16, 1))))), layer_3 = ViewAxis(321:592, Axis(weight = ViewAxis(1:256, ShapedAxis((16, 16))), bias = ViewAxis(257:272, ShapedAxis((16, 1))))), layer_4 = ViewAxis(593:609, Axis(weight = ViewAxis(1:16, ShapedAxis((1, 16))), bias = ViewAxis(17:17, ShapedAxis((1, 1))))))), ode_par = 610:669)}}}}}}}}, Nothing, Nothing, Vector{Float64}, Nothing, Nothing, Base.OneTo{Int64}, UnitRange{Int64}, UniformScaling{Bool}}, ODEFunction{true, SciMLBase.AutoSpecialize, FunctionWrappersWrappers.FunctionWrappersWrapper{Tuple{FunctionWrappers.FunctionWrapper{Nothing, Tuple{Vector{Float64}, Vector{Float64}, ComponentVector{Float64, SubArray{Float64, 1, Vector{Float64}, Tuple{UnitRange{Int64}}, true}, Tuple{Axis{(p_net = ViewAxis(1:609, Axis(layer_1 = ViewAxis(1:48, Axis(weight = ViewAxis(1:32, ShapedAxis((16, 2))), bias = ViewAxis(33:48, ShapedAxis((16, 1))))), layer_2 = ViewAxis(49:320, Axis(weight = ViewAxis(1:256, ShapedAxis((16, 16))), bias = ViewAxis(257:272, ShapedAxis((16, 1))))), layer_3 = ViewAxis(321:592, Axis(weight = ViewAxis(1:256, ShapedAxis((16, 16))), bias = ViewAxis(257:272, ShapedAxis((16, 1))))), layer_4 = ViewAxis(593:609, Axis(weight = ViewAxis(1:16, ShapedAxis((1, 16))), bias = ViewAxis(17:17, ShapedAxis((1, 1))))))), ode_par = 610:669)}}}, Float64}}, FunctionWrappers.FunctionWrapper{Nothing, Tuple{Vector{ForwardDiff.Dual{ForwardDiff.Tag{DiffEqBase.OrdinaryDiffEqTag, Float64}, Float64, 1}}, Vector{ForwardDiff.Dual{ForwardDiff.Tag{DiffEqBase.OrdinaryDiffEqTag, Float64}, Float64, 1}}, ComponentVector{Float64, SubArray{Float64, 1, Vector{Float64}, Tuple{UnitRange{Int64}}, true}, Tuple{Axis{(p_net = ViewAxis(1:609, Axis(layer_1 = ViewAxis(1:48, Axis(weight = ViewAxis(1:32, ShapedAxis((16, 2))), bias = ViewAxis(33:48, ShapedAxis((16, 1))))), layer_2 = ViewAxis(49:320, Axis(weight = ViewAxis(1:256, ShapedAxis((16, 16))), bias = ViewAxis(257:272, ShapedAxis((16, 1))))), layer_3 = ViewAxis(321:592, Axis(weight = ViewAxis(1:256, ShapedAxis((16, 16))), bias = ViewAxis(257:272, ShapedAxis((16, 1))))), layer_4 = ViewAxis(593:609, Axis(weight = ViewAxis(1:16, ShapedAxis((1, 16))), bias = ViewAxis(17:17, ShapedAxis((1, 1))))))), ode_par = 610:669)}}}, Float64}}, FunctionWrappers.FunctionWrapper{Nothing, Tuple{Vector{ForwardDiff.Dual{ForwardDiff.Tag{DiffEqBase.OrdinaryDiffEqTag, Float64}, Float64, 1}}, Vector{Float64}, ComponentVector{Float64, SubArray{Float64, 1, Vector{Float64}, Tuple{UnitRange{Int64}}, true}, Tuple{Axis{(p_net = ViewAxis(1:609, Axis(layer_1 = ViewAxis(1:48, Axis(weight = ViewAxis(1:32, ShapedAxis((16, 2))), bias = ViewAxis(33:48, ShapedAxis((16, 1))))), layer_2 = ViewAxis(49:320, Axis(weight = ViewAxis(1:256, ShapedAxis((16, 16))), bias = ViewAxis(257:272, ShapedAxis((16, 1))))), layer_3 = ViewAxis(321:592, Axis(weight = ViewAxis(1:256, ShapedAxis((16, 16))), bias = ViewAxis(257:272, ShapedAxis((16, 1))))), layer_4 = ViewAxis(593:609, Axis(weight = ViewAxis(1:16, ShapedAxis((1, 16))), bias = ViewAxis(17:17, ShapedAxis((1, 1))))))), ode_par = 610:669)}}}, ForwardDiff.Dual{ForwardDiff.Tag{DiffEqBase.OrdinaryDiffEqTag, Float64}, Float64, 1}}}, FunctionWrappers.FunctionWrapper{Nothing, Tuple{Vector{ForwardDiff.Dual{ForwardDiff.Tag{DiffEqBase.OrdinaryDiffEqTag, Float64}, Float64, 1}}, Vector{ForwardDiff.Dual{ForwardDiff.Tag{DiffEqBase.OrdinaryDiffEqTag, Float64}, Float64, 1}}, ComponentVector{Float64, SubArray{Float64, 1, Vector{Float64}, Tuple{UnitRange{Int64}}, true}, Tuple{Axis{(p_net = ViewAxis(1:609, Axis(layer_1 = ViewAxis(1:48, Axis(weight = ViewAxis(1:32, ShapedAxis((16, 2))), bias = ViewAxis(33:48, ShapedAxis((16, 1))))), layer_2 = ViewAxis(49:320, Axis(weight = ViewAxis(1:256, ShapedAxis((16, 16))), bias = ViewAxis(257:272, ShapedAxis((16, 1))))), layer_3 = ViewAxis(321:592, Axis(weight = ViewAxis(1:256, ShapedAxis((16, 16))), bias = ViewAxis(257:272, ShapedAxis((16, 1))))), layer_4 = ViewAxis(593:609, Axis(weight = ViewAxis(1:16, ShapedAxis((1, 16))), bias = ViewAxis(17:17, ShapedAxis((1, 1))))))), ode_par = 610:669)}}}, ForwardDiff.Dual{ForwardDiff.Tag{DiffEqBase.OrdinaryDiffEqTag, Float64}, Float64, 1}}}}, false}, UniformScaling{Bool}, Nothing, Nothing, Nothing, Nothing, Nothing, Nothing, Nothing, Nothing, Nothing, Nothing, Nothing, Nothing, Nothing, Nothing, typeof(SciMLBase.DEFAULT_OBSERVED), Nothing, Nothing}, Nothing, Vector{Tuple{Vector{Float64}, Float64}}}}, DiffEqCallbacks.var"#80#83"{typeof(SciMLBase.INITIALIZE_DEFAULT), Bool, Vector{Float64}, SciMLSensitivity.ReverseLossCallback{Vector{Float64}, Vector{Float64}, Vector{Float64}, Base.RefValue{Int64}, UniformScaling{Bool}, QuadratureAdjoint{0, true, Val{:central}, ReverseDiffVJP{true}}, SciMLSensitivity.var"#df_iip#308"{VectorOfArray{Float64, 2, Vector{Vector{Float64}}}, Colon}, Nothing, SciMLSensitivity.AdjointDiffCache{Nothing, Nothing, Nothing, Nothing, Nothing, Nothing, Nothing, Nothing, ReverseDiff.CompiledTape{ReverseDiff.GradientTape{SciMLSensitivity.var"#123#127"{ODEFunction{true, SciMLBase.AutoSpecialize, var"#f#27"{Chain{NamedTuple{(:layer_1, :layer_2, :layer_3, :layer_4), Tuple{Dense{true, typeof(gelu), typeof(my_glorot_uniform), typeof(my_glorot_uniform)}, Dense{true, typeof(gelu), typeof(my_glorot_uniform), typeof(my_glorot_uniform)}, Dense{true, typeof(gelu), typeof(my_glorot_uniform), typeof(my_glorot_uniform)}, Dense{true, typeof(identity), typeof(my_glorot_uniform), typeof(my_glorot_uniform)}}}, Nothing}, NamedTuple{(:layer_1, :layer_2, :layer_3, :layer_4), NTuple{4, NamedTuple{(), Tuple{}}}}, Vector{Float64}, Vector{Int64}, Vector{Int64}, Vector{Float64}}, UniformScaling{Bool}, Nothing, Nothing, Nothing, Nothing, Nothing, Nothing, Nothing, Nothing, Nothing, Nothing, Nothing, Nothing, Nothing, Nothing, typeof(SciMLBase.DEFAULT_OBSERVED), Nothing, Nothing}}, Tuple{ReverseDiff.TrackedArray{Float64, Float64, 1, Vector{Float64}, Vector{Float64}}, ReverseDiff.TrackedArray{Float64, Float64, 1, ComponentVector{Float64, Vector{Float64}, Tuple{Axis{(p_net = ViewAxis(1:609, Axis(layer_1 = ViewAxis(1:48, Axis(weight = ViewAxis(1:32, ShapedAxis((16, 2))), bias = ViewAxis(33:48, ShapedAxis((16, 1))))), layer_2 = ViewAxis(49:320, Axis(weight = ViewAxis(1:256, ShapedAxis((16, 16))), bias = ViewAxis(257:272, ShapedAxis((16, 1))))), layer_3 = ViewAxis(321:592, Axis(weight = ViewAxis(1:256, ShapedAxis((16, 16))), bias = ViewAxis(257:272, ShapedAxis((16, 1))))), layer_4 = ViewAxis(593:609, Axis(weight = ViewAxis(1:16, ShapedAxis((1, 16))), bias = ViewAxis(17:17, ShapedAxis((1, 1))))))), ode_par = 610:669)}}}, ComponentVector{Float64, Vector{Float64}, Tuple{Axis{(p_net = ViewAxis(1:609, Axis(layer_1 = ViewAxis(1:48, Axis(weight = ViewAxis(1:32, ShapedAxis((16, 2))), bias = ViewAxis(33:48, ShapedAxis((16, 1))))), layer_2 = ViewAxis(49:320, Axis(weight = ViewAxis(1:256, ShapedAxis((16, 16))), bias = ViewAxis(257:272, ShapedAxis((16, 1))))), layer_3 = ViewAxis(321:592, Axis(weight = ViewAxis(1:256, ShapedAxis((16, 16))), bias = ViewAxis(257:272, ShapedAxis((16, 1))))), layer_4 = ViewAxis(593:609, Axis(weight = ViewAxis(1:16, ShapedAxis((1, 16))), bias = ViewAxis(17:17, ShapedAxis((1, 1))))))), ode_par = 610:669)}}}}, ReverseDiff.TrackedArray{Float64, Float64, 1, Vector{Float64}, Vector{Float64}}}, Vector{ReverseDiff.TrackedReal{Float64, Float64, ReverseDiff.TrackedArray{Float64, Float64, 1, ComponentVector{Float64, Vector{Float64}, Tuple{Axis{(p_net = ViewAxis(1:609, Axis(layer_1 = ViewAxis(1:48, Axis(weight = ViewAxis(1:32, ShapedAxis((16, 2))), bias = ViewAxis(33:48, ShapedAxis((16, 1))))), layer_2 = ViewAxis(49:320, Axis(weight = ViewAxis(1:256, ShapedAxis((16, 16))), bias = ViewAxis(257:272, ShapedAxis((16, 1))))), layer_3 = ViewAxis(321:592, Axis(weight = ViewAxis(1:256, ShapedAxis((16, 16))), bias = ViewAxis(257:272, ShapedAxis((16, 1))))), layer_4 = ViewAxis(593:609, Axis(weight = ViewAxis(1:16, ShapedAxis((1, 16))), bias = ViewAxis(17:17, ShapedAxis((1, 1))))))), ode_par = 610:669)}}}, ComponentVector{Float64, Vector{Float64}, Tuple{Axis{(p_net = ViewAxis(1:609, Axis(layer_1 = ViewAxis(1:48, Axis(weight = ViewAxis(1:32, ShapedAxis((16, 2))), bias = ViewAxis(33:48, ShapedAxis((16, 1))))), layer_2 = ViewAxis(49:320, Axis(weight = ViewAxis(1:256, ShapedAxis((16, 16))), bias = ViewAxis(257:272, ShapedAxis((16, 1))))), layer_3 = ViewAxis(321:592, Axis(weight = ViewAxis(1:256, ShapedAxis((16, 16))), bias = ViewAxis(257:272, ShapedAxis((16, 1))))), layer_4 = ViewAxis(593:609, Axis(weight = ViewAxis(1:16, ShapedAxis((1, 16))), bias = ViewAxis(17:17, ShapedAxis((1, 1))))))), ode_par = 610:669)}}}}}}}}, Nothing, Nothing, Vector{Float64}, Nothing, Nothing, Base.OneTo{Int64}, UnitRange{Int64}, UniformScaling{Bool}}, ODEFunction{true, SciMLBase.AutoSpecialize, FunctionWrappersWrappers.FunctionWrappersWrapper{Tuple{FunctionWrappers.FunctionWrapper{Nothing, Tuple{Vector{Float64}, Vector{Float64}, ComponentVector{Float64, SubArray{Float64, 1, Vector{Float64}, Tuple{UnitRange{Int64}}, true}, Tuple{Axis{(p_net = ViewAxis(1:609, Axis(layer_1 = ViewAxis(1:48, Axis(weight = ViewAxis(1:32, ShapedAxis((16, 2))), bias = ViewAxis(33:48, ShapedAxis((16, 1))))), layer_2 = ViewAxis(49:320, Axis(weight = ViewAxis(1:256, ShapedAxis((16, 16))), bias = ViewAxis(257:272, ShapedAxis((16, 1))))), layer_3 = ViewAxis(321:592, Axis(weight = ViewAxis(1:256, ShapedAxis((16, 16))), bias = ViewAxis(257:272, ShapedAxis((16, 1))))), layer_4 = ViewAxis(593:609, Axis(weight = ViewAxis(1:16, ShapedAxis((1, 16))), bias = ViewAxis(17:17, ShapedAxis((1, 1))))))), ode_par = 610:669)}}}, Float64}}, FunctionWrappers.FunctionWrapper{Nothing, Tuple{Vector{ForwardDiff.Dual{ForwardDiff.Tag{DiffEqBase.OrdinaryDiffEqTag, Float64}, Float64, 1}}, Vector{ForwardDiff.Dual{ForwardDiff.Tag{DiffEqBase.OrdinaryDiffEqTag, Float64}, Float64, 1}}, ComponentVector{Float64, SubArray{Float64, 1, Vector{Float64}, Tuple{UnitRange{Int64}}, true}, Tuple{Axis{(p_net = ViewAxis(1:609, Axis(layer_1 = ViewAxis(1:48, Axis(weight = ViewAxis(1:32, ShapedAxis((16, 2))), bias = ViewAxis(33:48, ShapedAxis((16, 1))))), layer_2 = ViewAxis(49:320, Axis(weight = ViewAxis(1:256, ShapedAxis((16, 16))), bias = ViewAxis(257:272, ShapedAxis((16, 1))))), layer_3 = ViewAxis(321:592, Axis(weight = ViewAxis(1:256, ShapedAxis((16, 16))), bias = ViewAxis(257:272, ShapedAxis((16, 1))))), layer_4 = ViewAxis(593:609, Axis(weight = ViewAxis(1:16, ShapedAxis((1, 16))), bias = ViewAxis(17:17, ShapedAxis((1, 1))))))), ode_par = 610:669)}}}, Float64}}, FunctionWrappers.FunctionWrapper{Nothing, Tuple{Vector{ForwardDiff.Dual{ForwardDiff.Tag{DiffEqBase.OrdinaryDiffEqTag, Float64}, Float64, 1}}, Vector{Float64}, ComponentVector{Float64, SubArray{Float64, 1, Vector{Float64}, Tuple{UnitRange{Int64}}, true}, Tuple{Axis{(p_net = ViewAxis(1:609, Axis(layer_1 = ViewAxis(1:48, Axis(weight = ViewAxis(1:32, ShapedAxis((16, 2))), bias = ViewAxis(33:48, ShapedAxis((16, 1))))), layer_2 = ViewAxis(49:320, Axis(weight = ViewAxis(1:256, ShapedAxis((16, 16))), bias = ViewAxis(257:272, ShapedAxis((16, 1))))), layer_3 = ViewAxis(321:592, Axis(weight = ViewAxis(1:256, ShapedAxis((16, 16))), bias = ViewAxis(257:272, ShapedAxis((16, 1))))), layer_4 = ViewAxis(593:609, Axis(weight = ViewAxis(1:16, ShapedAxis((1, 16))), bias = ViewAxis(17:17, ShapedAxis((1, 1))))))), ode_par = 610:669)}}}, ForwardDiff.Dual{ForwardDiff.Tag{DiffEqBase.OrdinaryDiffEqTag, Float64}, Float64, 1}}}, FunctionWrappers.FunctionWrapper{Nothing, Tuple{Vector{ForwardDiff.Dual{ForwardDiff.Tag{DiffEqBase.OrdinaryDiffEqTag, Float64}, Float64, 1}}, Vector{ForwardDiff.Dual{ForwardDiff.Tag{DiffEqBase.OrdinaryDiffEqTag, Float64}, Float64, 1}}, ComponentVector{Float64, SubArray{Float64, 1, Vector{Float64}, Tuple{UnitRange{Int64}}, true}, Tuple{Axis{(p_net = ViewAxis(1:609, Axis(layer_1 = ViewAxis(1:48, Axis(weight = ViewAxis(1:32, ShapedAxis((16, 2))), bias = ViewAxis(33:48, ShapedAxis((16, 1))))), layer_2 = ViewAxis(49:320, Axis(weight = ViewAxis(1:256, ShapedAxis((16, 16))), bias = ViewAxis(257:272, ShapedAxis((16, 1))))), layer_3 = ViewAxis(321:592, Axis(weight = ViewAxis(1:256, ShapedAxis((16, 16))), bias = ViewAxis(257:272, ShapedAxis((16, 1))))), layer_4 = ViewAxis(593:609, Axis(weight = ViewAxis(1:16, ShapedAxis((1, 16))), bias = ViewAxis(17:17, ShapedAxis((1, 1))))))), ode_par = 610:669)}}}, ForwardDiff.Dual{ForwardDiff.Tag{DiffEqBase.OrdinaryDiffEqTag, Float64}, Float64, 1}}}}, false}, UniformScaling{Bool}, Nothing, Nothing, Nothing, Nothing, Nothing, Nothing, Nothing, Nothing, Nothing, Nothing, Nothing, Nothing, Nothing, Nothing, typeof(SciMLBase.DEFAULT_OBSERVED), Nothing, Nothing}, Nothing, Vector{Tuple{Vector{Float64}, Float64}}}}, typeof(SciMLBase.FINALIZE_DEFAULT)}}}, Tuple{Symbol}, NamedTuple{(:callback,), Tuple{CallbackSet{Tuple{}, Tuple{DiscreteCallback{DiffEqCallbacks.var"#78#81"{Vector{Float64}}, DiffEqCallbacks.var"#79#82"{SciMLSensitivity.ReverseLossCallback{Vector{Float64}, Vector{Float64}, Vector{Float64}, Base.RefValue{Int64}, UniformScaling{Bool}, QuadratureAdjoint{0, true, Val{:central}, ReverseDiffVJP{true}}, SciMLSensitivity.var"#df_iip#308"{VectorOfArray{Float64, 2, Vector{Vector{Float64}}}, Colon}, Nothing, SciMLSensitivity.AdjointDiffCache{Nothing, Nothing, Nothing, Nothing, Nothing, Nothing, Nothing, Nothing, ReverseDiff.CompiledTape{ReverseDiff.GradientTape{SciMLSensitivity.var"#123#127"{ODEFunction{true, SciMLBase.AutoSpecialize, var"#f#27"{Chain{NamedTuple{(:layer_1, :layer_2, :layer_3, :layer_4), Tuple{Dense{true, typeof(gelu), typeof(my_glorot_uniform), typeof(my_glorot_uniform)}, Dense{true, typeof(gelu), typeof(my_glorot_uniform), typeof(my_glorot_uniform)}, Dense{true, typeof(gelu), typeof(my_glorot_uniform), typeof(my_glorot_uniform)}, Dense{true, typeof(identity), typeof(my_glorot_uniform), typeof(my_glorot_uniform)}}}, Nothing}, NamedTuple{(:layer_1, :layer_2, :layer_3, :layer_4), NTuple{4, NamedTuple{(), Tuple{}}}}, Vector{Float64}, Vector{Int64}, Vector{Int64}, Vector{Float64}}, UniformScaling{Bool}, Nothing, Nothing, Nothing, Nothing, Nothing, Nothing, Nothing, Nothing, Nothing, Nothing, Nothing, Nothing, Nothing, Nothing, typeof(SciMLBase.DEFAULT_OBSERVED), Nothing, Nothing}}, Tuple{ReverseDiff.TrackedArray{Float64, Float64, 1, Vector{Float64}, Vector{Float64}}, ReverseDiff.TrackedArray{Float64, Float64, 1, ComponentVector{Float64, Vector{Float64}, Tuple{Axis{(p_net = ViewAxis(1:609, Axis(layer_1 = ViewAxis(1:48, Axis(weight = ViewAxis(1:32, ShapedAxis((16, 2))), bias = ViewAxis(33:48, ShapedAxis((16, 1))))), layer_2 = ViewAxis(49:320, Axis(weight = ViewAxis(1:256, ShapedAxis((16, 16))), bias = ViewAxis(257:272, ShapedAxis((16, 1))))), layer_3 = ViewAxis(321:592, Axis(weight = ViewAxis(1:256, ShapedAxis((16, 16))), bias = ViewAxis(257:272, ShapedAxis((16, 1))))), layer_4 = ViewAxis(593:609, Axis(weight = ViewAxis(1:16, ShapedAxis((1, 16))), bias = ViewAxis(17:17, ShapedAxis((1, 1))))))), ode_par = 610:669)}}}, ComponentVector{Float64, Vector{Float64}, Tuple{Axis{(p_net = ViewAxis(1:609, Axis(layer_1 = ViewAxis(1:48, Axis(weight = ViewAxis(1:32, ShapedAxis((16, 2))), bias = ViewAxis(33:48, ShapedAxis((16, 1))))), layer_2 = ViewAxis(49:320, Axis(weight = ViewAxis(1:256, ShapedAxis((16, 16))), bias = ViewAxis(257:272, ShapedAxis((16, 1))))), layer_3 = ViewAxis(321:592, Axis(weight = ViewAxis(1:256, ShapedAxis((16, 16))), bias = ViewAxis(257:272, ShapedAxis((16, 1))))), layer_4 = ViewAxis(593:609, Axis(weight = ViewAxis(1:16, ShapedAxis((1, 16))), bias = ViewAxis(17:17, ShapedAxis((1, 1))))))), ode_par = 610:669)}}}}, ReverseDiff.TrackedArray{Float64, Float64, 1, Vector{Float64}, Vector{Float64}}}, Vector{ReverseDiff.TrackedReal{Float64, Float64, ReverseDiff.TrackedArray{Float64, Float64, 1, ComponentVector{Float64, Vector{Float64}, Tuple{Axis{(p_net = ViewAxis(1:609, Axis(layer_1 = ViewAxis(1:48, Axis(weight = ViewAxis(1:32, ShapedAxis((16, 2))), bias = ViewAxis(33:48, ShapedAxis((16, 1))))), layer_2 = ViewAxis(49:320, Axis(weight = ViewAxis(1:256, ShapedAxis((16, 16))), bias = ViewAxis(257:272, ShapedAxis((16, 1))))), layer_3 = ViewAxis(321:592, Axis(weight = ViewAxis(1:256, ShapedAxis((16, 16))), bias = ViewAxis(257:272, ShapedAxis((16, 1))))), layer_4 = ViewAxis(593:609, Axis(weight = ViewAxis(1:16, ShapedAxis((1, 16))), bias = ViewAxis(17:17, ShapedAxis((1, 1))))))), ode_par = 610:669)}}}, ComponentVector{Float64, Vector{Float64}, Tuple{Axis{(p_net = ViewAxis(1:609, Axis(layer_1 = ViewAxis(1:48, Axis(weight = ViewAxis(1:32, ShapedAxis((16, 2))), bias = ViewAxis(33:48, ShapedAxis((16, 1))))), layer_2 = ViewAxis(49:320, Axis(weight = ViewAxis(1:256, ShapedAxis((16, 16))), bias = ViewAxis(257:272, ShapedAxis((16, 1))))), layer_3 = ViewAxis(321:592, Axis(weight = ViewAxis(1:256, ShapedAxis((16, 16))), bias = ViewAxis(257:272, ShapedAxis((16, 1))))), layer_4 = ViewAxis(593:609, Axis(weight = ViewAxis(1:16, ShapedAxis((1, 16))), bias = ViewAxis(17:17, ShapedAxis((1, 1))))))), ode_par = 610:669)}}}}}}}}, Nothing, Nothing, Vector{Float64}, Nothing, Nothing, Base.OneTo{Int64}, UnitRange{Int64}, UniformScaling{Bool}}, ODEFunction{true, SciMLBase.AutoSpecialize, FunctionWrappersWrappers.FunctionWrappersWrapper{Tuple{FunctionWrappers.FunctionWrapper{Nothing, Tuple{Vector{Float64}, Vector{Float64}, ComponentVector{Float64, SubArray{Float64, 1, Vector{Float64}, Tuple{UnitRange{Int64}}, true}, Tuple{Axis{(p_net = ViewAxis(1:609, Axis(layer_1 = ViewAxis(1:48, Axis(weight = ViewAxis(1:32, ShapedAxis((16, 2))), bias = ViewAxis(33:48, ShapedAxis((16, 1))))), layer_2 = ViewAxis(49:320, Axis(weight = ViewAxis(1:256, ShapedAxis((16, 16))), bias = ViewAxis(257:272, ShapedAxis((16, 1))))), layer_3 = ViewAxis(321:592, Axis(weight = ViewAxis(1:256, ShapedAxis((16, 16))), bias = ViewAxis(257:272, ShapedAxis((16, 1))))), layer_4 = ViewAxis(593:609, Axis(weight = ViewAxis(1:16, ShapedAxis((1, 16))), bias = ViewAxis(17:17, ShapedAxis((1, 1))))))), ode_par = 610:669)}}}, Float64}}, FunctionWrappers.FunctionWrapper{Nothing, Tuple{Vector{ForwardDiff.Dual{ForwardDiff.Tag{DiffEqBase.OrdinaryDiffEqTag, Float64}, Float64, 1}}, Vector{ForwardDiff.Dual{ForwardDiff.Tag{DiffEqBase.OrdinaryDiffEqTag, Float64}, Float64, 1}}, ComponentVector{Float64, SubArray{Float64, 1, Vector{Float64}, Tuple{UnitRange{Int64}}, true}, Tuple{Axis{(p_net = ViewAxis(1:609, Axis(layer_1 = ViewAxis(1:48, Axis(weight = ViewAxis(1:32, ShapedAxis((16, 2))), bias = ViewAxis(33:48, ShapedAxis((16, 1))))), layer_2 = ViewAxis(49:320, Axis(weight = ViewAxis(1:256, ShapedAxis((16, 16))), bias = ViewAxis(257:272, ShapedAxis((16, 1))))), layer_3 = ViewAxis(321:592, Axis(weight = ViewAxis(1:256, ShapedAxis((16, 16))), bias = ViewAxis(257:272, ShapedAxis((16, 1))))), layer_4 = ViewAxis(593:609, Axis(weight = ViewAxis(1:16, ShapedAxis((1, 16))), bias = ViewAxis(17:17, ShapedAxis((1, 1))))))), ode_par = 610:669)}}}, Float64}}, FunctionWrappers.FunctionWrapper{Nothing, Tuple{Vector{ForwardDiff.Dual{ForwardDiff.Tag{DiffEqBase.OrdinaryDiffEqTag, Float64}, Float64, 1}}, Vector{Float64}, ComponentVector{Float64, SubArray{Float64, 1, Vector{Float64}, Tuple{UnitRange{Int64}}, true}, Tuple{Axis{(p_net = ViewAxis(1:609, Axis(layer_1 = ViewAxis(1:48, Axis(weight = ViewAxis(1:32, ShapedAxis((16, 2))), bias = ViewAxis(33:48, ShapedAxis((16, 1))))), layer_2 = ViewAxis(49:320, Axis(weight = ViewAxis(1:256, ShapedAxis((16, 16))), bias = ViewAxis(257:272, ShapedAxis((16, 1))))), layer_3 = ViewAxis(321:592, Axis(weight = ViewAxis(1:256, ShapedAxis((16, 16))), bias = ViewAxis(257:272, ShapedAxis((16, 1))))), layer_4 = ViewAxis(593:609, Axis(weight = ViewAxis(1:16, ShapedAxis((1, 16))), bias = ViewAxis(17:17, ShapedAxis((1, 1))))))), ode_par = 610:669)}}}, ForwardDiff.Dual{ForwardDiff.Tag{DiffEqBase.OrdinaryDiffEqTag, Float64}, Float64, 1}}}, FunctionWrappers.FunctionWrapper{Nothing, Tuple{Vector{ForwardDiff.Dual{ForwardDiff.Tag{DiffEqBase.OrdinaryDiffEqTag, Float64}, Float64, 1}}, Vector{ForwardDiff.Dual{ForwardDiff.Tag{DiffEqBase.OrdinaryDiffEqTag, Float64}, Float64, 1}}, ComponentVector{Float64, SubArray{Float64, 1, Vector{Float64}, Tuple{UnitRange{Int64}}, true}, Tuple{Axis{(p_net = ViewAxis(1:609, Axis(layer_1 = ViewAxis(1:48, Axis(weight = ViewAxis(1:32, ShapedAxis((16, 2))), bias = ViewAxis(33:48, ShapedAxis((16, 1))))), layer_2 = ViewAxis(49:320, Axis(weight = ViewAxis(1:256, ShapedAxis((16, 16))), bias = ViewAxis(257:272, ShapedAxis((16, 1))))), layer_3 = ViewAxis(321:592, Axis(weight = ViewAxis(1:256, ShapedAxis((16, 16))), bias = ViewAxis(257:272, ShapedAxis((16, 1))))), layer_4 = ViewAxis(593:609, Axis(weight = ViewAxis(1:16, ShapedAxis((1, 16))), bias = ViewAxis(17:17, ShapedAxis((1, 1))))))), ode_par = 610:669)}}}, ForwardDiff.Dual{ForwardDiff.Tag{DiffEqBase.OrdinaryDiffEqTag, Float64}, Float64, 1}}}}, false}, UniformScaling{Bool}, Nothing, Nothing, Nothing, Nothing, Nothing, Nothing, Nothing, Nothing, Nothing, Nothing, Nothing, Nothing, Nothing, Nothing, typeof(SciMLBase.DEFAULT_OBSERVED), Nothing, Nothing}, Nothing, Vector{Tuple{Vector{Float64}, Float64}}}}, DiffEqCallbacks.var"#80#83"{typeof(SciMLBase.INITIALIZE_DEFAULT), Bool, Vector{Float64}, SciMLSensitivity.ReverseLossCallback{Vector{Float64}, Vector{Float64}, Vector{Float64}, Base.RefValue{Int64}, UniformScaling{Bool}, QuadratureAdjoint{0, true, Val{:central}, ReverseDiffVJP{true}}, SciMLSensitivity.var"#df_iip#308"{VectorOfArray{Float64, 2, Vector{Vector{Float64}}}, Colon}, Nothing, SciMLSensitivity.AdjointDiffCache{Nothing, Nothing, Nothing, Nothing, Nothing, Nothing, Nothing, Nothing, ReverseDiff.CompiledTape{ReverseDiff.GradientTape{SciMLSensitivity.var"#123#127"{ODEFunction{true, SciMLBase.AutoSpecialize, var"#f#27"{Chain{NamedTuple{(:layer_1, :layer_2, :layer_3, :layer_4), Tuple{Dense{true, typeof(gelu), typeof(my_glorot_uniform), typeof(my_glorot_uniform)}, Dense{true, typeof(gelu), typeof(my_glorot_uniform), typeof(my_glorot_uniform)}, Dense{true, typeof(gelu), typeof(my_glorot_uniform), typeof(my_glorot_uniform)}, Dense{true, typeof(identity), typeof(my_glorot_uniform), typeof(my_glorot_uniform)}}}, Nothing}, NamedTuple{(:layer_1, :layer_2, :layer_3, :layer_4), NTuple{4, NamedTuple{(), Tuple{}}}}, Vector{Float64}, Vector{Int64}, Vector{Int64}, Vector{Float64}}, UniformScaling{Bool}, Nothing, Nothing, Nothing, Nothing, Nothing, Nothing, Nothing, Nothing, Nothing, Nothing, Nothing, Nothing, Nothing, Nothing, typeof(SciMLBase.DEFAULT_OBSERVED), Nothing, Nothing}}, Tuple{ReverseDiff.TrackedArray{Float64, Float64, 1, Vector{Float64}, Vector{Float64}}, ReverseDiff.TrackedArray{Float64, Float64, 1, ComponentVector{Float64, Vector{Float64}, Tuple{Axis{(p_net = ViewAxis(1:609, Axis(layer_1 = ViewAxis(1:48, Axis(weight = ViewAxis(1:32, ShapedAxis((16, 2))), bias = ViewAxis(33:48, ShapedAxis((16, 1))))), layer_2 = ViewAxis(49:320, Axis(weight = ViewAxis(1:256, ShapedAxis((16, 16))), bias = ViewAxis(257:272, ShapedAxis((16, 1))))), layer_3 = ViewAxis(321:592, Axis(weight = ViewAxis(1:256, ShapedAxis((16, 16))), bias = ViewAxis(257:272, ShapedAxis((16, 1))))), layer_4 = ViewAxis(593:609, Axis(weight = ViewAxis(1:16, ShapedAxis((1, 16))), bias = ViewAxis(17:17, ShapedAxis((1, 1))))))), ode_par = 610:669)}}}, ComponentVector{Float64, Vector{Float64}, Tuple{Axis{(p_net = ViewAxis(1:609, Axis(layer_1 = ViewAxis(1:48, Axis(weight = ViewAxis(1:32, ShapedAxis((16, 2))), bias = ViewAxis(33:48, ShapedAxis((16, 1))))), layer_2 = ViewAxis(49:320, Axis(weight = ViewAxis(1:256, ShapedAxis((16, 16))), bias = ViewAxis(257:272, ShapedAxis((16, 1))))), layer_3 = ViewAxis(321:592, Axis(weight = ViewAxis(1:256, ShapedAxis((16, 16))), bias = ViewAxis(257:272, ShapedAxis((16, 1))))), layer_4 = ViewAxis(593:609, Axis(weight = ViewAxis(1:16, ShapedAxis((1, 16))), bias = ViewAxis(17:17, ShapedAxis((1, 1))))))), ode_par = 610:669)}}}}, ReverseDiff.TrackedArray{Float64, Float64, 1, Vector{Float64}, Vector{Float64}}}, Vector{ReverseDiff.TrackedReal{Float64, Float64, ReverseDiff.TrackedArray{Float64, Float64, 1, ComponentVector{Float64, Vector{Float64}, Tuple{Axis{(p_net = ViewAxis(1:609, Axis(layer_1 = ViewAxis(1:48, Axis(weight = ViewAxis(1:32, ShapedAxis((16, 2))), bias = ViewAxis(33:48, ShapedAxis((16, 1))))), layer_2 = ViewAxis(49:320, Axis(weight = ViewAxis(1:256, ShapedAxis((16, 16))), bias = ViewAxis(257:272, ShapedAxis((16, 1))))), layer_3 = ViewAxis(321:592, Axis(weight = ViewAxis(1:256, ShapedAxis((16, 16))), bias = ViewAxis(257:272, ShapedAxis((16, 1))))), layer_4 = ViewAxis(593:609, Axis(weight = ViewAxis(1:16, ShapedAxis((1, 16))), bias = ViewAxis(17:17, ShapedAxis((1, 1))))))), ode_par = 610:669)}}}, ComponentVector{Float64, Vector{Float64}, Tuple{Axis{(p_net = ViewAxis(1:609, Axis(layer_1 = ViewAxis(1:48, Axis(weight = ViewAxis(1:32, ShapedAxis((16, 2))), bias = ViewAxis(33:48, ShapedAxis((16, 1))))), layer_2 = ViewAxis(49:320, Axis(weight = ViewAxis(1:256, ShapedAxis((16, 16))), bias = ViewAxis(257:272, ShapedAxis((16, 1))))), layer_3 = ViewAxis(321:592, Axis(weight = ViewAxis(1:256, ShapedAxis((16, 16))), bias = ViewAxis(257:272, ShapedAxis((16, 1))))), layer_4 = ViewAxis(593:609, Axis(weight = ViewAxis(1:16, ShapedAxis((1, 16))), bias = ViewAxis(17:17, ShapedAxis((1, 1))))))), ode_par = 610:669)}}}}}}}}, Nothing, Nothing, Vector{Float64}, Nothing, Nothing, Base.OneTo{Int64}, UnitRange{Int64}, UniformScaling{Bool}}, ODEFunction{true, SciMLBase.AutoSpecialize, FunctionWrappersWrappers.FunctionWrappersWrapper{Tuple{FunctionWrappers.FunctionWrapper{Nothing, Tuple{Vector{Float64}, Vector{Float64}, ComponentVector{Float64, SubArray{Float64, 1, Vector{Float64}, Tuple{UnitRange{Int64}}, true}, Tuple{Axis{(p_net = ViewAxis(1:609, Axis(layer_1 = ViewAxis(1:48, Axis(weight = ViewAxis(1:32, ShapedAxis((16, 2))), bias = ViewAxis(33:48, ShapedAxis((16, 1))))), layer_2 = ViewAxis(49:320, Axis(weight = ViewAxis(1:256, ShapedAxis((16, 16))), bias = ViewAxis(257:272, ShapedAxis((16, 1))))), layer_3 = ViewAxis(321:592, Axis(weight = ViewAxis(1:256, ShapedAxis((16, 16))), bias = ViewAxis(257:272, ShapedAxis((16, 1))))), layer_4 = ViewAxis(593:609, Axis(weight = ViewAxis(1:16, ShapedAxis((1, 16))), bias = ViewAxis(17:17, ShapedAxis((1, 1))))))), ode_par = 610:669)}}}, Float64}}, FunctionWrappers.FunctionWrapper{Nothing, Tuple{Vector{ForwardDiff.Dual{ForwardDiff.Tag{DiffEqBase.OrdinaryDiffEqTag, Float64}, Float64, 1}}, Vector{ForwardDiff.Dual{ForwardDiff.Tag{DiffEqBase.OrdinaryDiffEqTag, Float64}, Float64, 1}}, ComponentVector{Float64, SubArray{Float64, 1, Vector{Float64}, Tuple{UnitRange{Int64}}, true}, Tuple{Axis{(p_net = ViewAxis(1:609, Axis(layer_1 = ViewAxis(1:48, Axis(weight = ViewAxis(1:32, ShapedAxis((16, 2))), bias = ViewAxis(33:48, ShapedAxis((16, 1))))), layer_2 = ViewAxis(49:320, Axis(weight = ViewAxis(1:256, ShapedAxis((16, 16))), bias = ViewAxis(257:272, ShapedAxis((16, 1))))), layer_3 = ViewAxis(321:592, Axis(weight = ViewAxis(1:256, ShapedAxis((16, 16))), bias = ViewAxis(257:272, ShapedAxis((16, 1))))), layer_4 = ViewAxis(593:609, Axis(weight = ViewAxis(1:16, ShapedAxis((1, 16))), bias = ViewAxis(17:17, ShapedAxis((1, 1))))))), ode_par = 610:669)}}}, Float64}}, FunctionWrappers.FunctionWrapper{Nothing, Tuple{Vector{ForwardDiff.Dual{ForwardDiff.Tag{DiffEqBase.OrdinaryDiffEqTag, Float64}, Float64, 1}}, Vector{Float64}, ComponentVector{Float64, SubArray{Float64, 1, Vector{Float64}, Tuple{UnitRange{Int64}}, true}, Tuple{Axis{(p_net = ViewAxis(1:609, Axis(layer_1 = ViewAxis(1:48, Axis(weight = ViewAxis(1:32, ShapedAxis((16, 2))), bias = ViewAxis(33:48, ShapedAxis((16, 1))))), layer_2 = ViewAxis(49:320, Axis(weight = ViewAxis(1:256, ShapedAxis((16, 16))), bias = ViewAxis(257:272, ShapedAxis((16, 1))))), layer_3 = ViewAxis(321:592, Axis(weight = ViewAxis(1:256, ShapedAxis((16, 16))), bias = ViewAxis(257:272, ShapedAxis((16, 1))))), layer_4 = ViewAxis(593:609, Axis(weight = ViewAxis(1:16, ShapedAxis((1, 16))), bias = ViewAxis(17:17, ShapedAxis((1, 1))))))), ode_par = 610:669)}}}, ForwardDiff.Dual{ForwardDiff.Tag{DiffEqBase.OrdinaryDiffEqTag, Float64}, Float64, 1}}}, FunctionWrappers.FunctionWrapper{Nothing, Tuple{Vector{ForwardDiff.Dual{ForwardDiff.Tag{DiffEqBase.OrdinaryDiffEqTag, Float64}, Float64, 1}}, Vector{ForwardDiff.Dual{ForwardDiff.Tag{DiffEqBase.OrdinaryDiffEqTag, Float64}, Float64, 1}}, ComponentVector{Float64, SubArray{Float64, 1, Vector{Float64}, Tuple{UnitRange{Int64}}, true}, Tuple{Axis{(p_net = ViewAxis(1:609, Axis(layer_1 = ViewAxis(1:48, Axis(weight = ViewAxis(1:32, ShapedAxis((16, 2))), bias = ViewAxis(33:48, ShapedAxis((16, 1))))), layer_2 = ViewAxis(49:320, Axis(weight = ViewAxis(1:256, ShapedAxis((16, 16))), bias = ViewAxis(257:272, ShapedAxis((16, 1))))), layer_3 = ViewAxis(321:592, Axis(weight = ViewAxis(1:256, ShapedAxis((16, 16))), bias = ViewAxis(257:272, ShapedAxis((16, 1))))), layer_4 = ViewAxis(593:609, Axis(weight = ViewAxis(1:16, ShapedAxis((1, 16))), bias = ViewAxis(17:17, ShapedAxis((1, 1))))))), ode_par = 610:669)}}}, ForwardDiff.Dual{ForwardDiff.Tag{DiffEqBase.OrdinaryDiffEqTag, Float64}, Float64, 1}}}}, false}, UniformScaling{Bool}, Nothing, Nothing, Nothing, Nothing, Nothing, Nothing, Nothing, Nothing, Nothing, Nothing, Nothing, Nothing, Nothing, Nothing, typeof(SciMLBase.DEFAULT_OBSERVED), Nothing, Nothing}, Nothing, Vector{Tuple{Vector{Float64}, Float64}}}}, typeof(SciMLBase.FINALIZE_DEFAULT)}}}}}}, SciMLBase.StandardODEProblem}, TRBDF2{1, false, Nothing, NLNewton{Rational{Int64}, Rational{Int64}, Rational{Int64}, Rational{Int64}}, typeof(OrdinaryDiffEq.DEFAULT_PRECS), Val{:forward}, true, nothing}, OrdinaryDiffEq.InterpolationData{ODEFunction{true, true, SciMLSensitivity.ODEQuadratureAdjointSensitivityFunction{SciMLSensitivity.AdjointDiffCache{Nothing, Nothing, Nothing, Nothing, Nothing, Nothing, Nothing, Nothing, ReverseDiff.CompiledTape{ReverseDiff.GradientTape{SciMLSensitivity.var"#123#127"{ODEFunction{true, SciMLBase.AutoSpecialize, var"#f#27"{Chain{NamedTuple{(:layer_1, :layer_2, :layer_3, :layer_4), Tuple{Dense{true, typeof(gelu), typeof(my_glorot_uniform), typeof(my_glorot_uniform)}, Dense{true, typeof(gelu), typeof(my_glorot_uniform), typeof(my_glorot_uniform)}, Dense{true, typeof(gelu), typeof(my_glorot_uniform), typeof(my_glorot_uniform)}, Dense{true, typeof(identity), typeof(my_glorot_uniform), typeof(my_glorot_uniform)}}}, Nothing}, NamedTuple{(:layer_1, :layer_2, :layer_3, :layer_4), NTuple{4, NamedTuple{(), Tuple{}}}}, Vector{Float64}, Vector{Int64}, Vector{Int64}, Vector{Float64}}, UniformScaling{Bool}, Nothing, Nothing, Nothing, Nothing, Nothing, Nothing, Nothing, Nothing, Nothing, Nothing, Nothing, Nothing, Nothing, Nothing, typeof(SciMLBase.DEFAULT_OBSERVED), Nothing, Nothing}}, Tuple{ReverseDiff.TrackedArray{Float64, Float64, 1, Vector{Float64}, Vector{Float64}}, ReverseDiff.TrackedArray{Float64, Float64, 1, ComponentVector{Float64, Vector{Float64}, Tuple{Axis{(p_net = ViewAxis(1:609, Axis(layer_1 = ViewAxis(1:48, Axis(weight = ViewAxis(1:32, ShapedAxis((16, 2))), bias = ViewAxis(33:48, ShapedAxis((16, 1))))), layer_2 = ViewAxis(49:320, Axis(weight = ViewAxis(1:256, ShapedAxis((16, 16))), bias = ViewAxis(257:272, ShapedAxis((16, 1))))), layer_3 = ViewAxis(321:592, Axis(weight = ViewAxis(1:256, ShapedAxis((16, 16))), bias = ViewAxis(257:272, ShapedAxis((16, 1))))), layer_4 = ViewAxis(593:609, Axis(weight = ViewAxis(1:16, ShapedAxis((1, 16))), bias = ViewAxis(17:17, ShapedAxis((1, 1))))))), ode_par = 610:669)}}}, ComponentVector{Float64, Vector{Float64}, Tuple{Axis{(p_net = ViewAxis(1:609, Axis(layer_1 = ViewAxis(1:48, Axis(weight = ViewAxis(1:32, ShapedAxis((16, 2))), bias = ViewAxis(33:48, ShapedAxis((16, 1))))), layer_2 = ViewAxis(49:320, Axis(weight = ViewAxis(1:256, ShapedAxis((16, 16))), bias = ViewAxis(257:272, ShapedAxis((16, 1))))), layer_3 = ViewAxis(321:592, Axis(weight = ViewAxis(1:256, ShapedAxis((16, 16))), bias = ViewAxis(257:272, ShapedAxis((16, 1))))), layer_4 = ViewAxis(593:609, Axis(weight = ViewAxis(1:16, ShapedAxis((1, 16))), bias = ViewAxis(17:17, ShapedAxis((1, 1))))))), ode_par = 610:669)}}}}, ReverseDiff.TrackedArray{Float64, Float64, 1, Vector{Float64}, Vector{Float64}}}, Vector{ReverseDiff.TrackedReal{Float64, Float64, ReverseDiff.TrackedArray{Float64, Float64, 1, ComponentVector{Float64, Vector{Float64}, Tuple{Axis{(p_net = ViewAxis(1:609, Axis(layer_1 = ViewAxis(1:48, Axis(weight = ViewAxis(1:32, ShapedAxis((16, 2))), bias = ViewAxis(33:48, ShapedAxis((16, 1))))), layer_2 = ViewAxis(49:320, Axis(weight = ViewAxis(1:256, ShapedAxis((16, 16))), bias = ViewAxis(257:272, ShapedAxis((16, 1))))), layer_3 = ViewAxis(321:592, Axis(weight = ViewAxis(1:256, ShapedAxis((16, 16))), bias = ViewAxis(257:272, ShapedAxis((16, 1))))), layer_4 = ViewAxis(593:609, Axis(weight = ViewAxis(1:16, ShapedAxis((1, 16))), bias = ViewAxis(17:17, ShapedAxis((1, 1))))))), ode_par = 610:669)}}}, ComponentVector{Float64, Vector{Float64}, Tuple{Axis{(p_net = ViewAxis(1:609, Axis(layer_1 = ViewAxis(1:48, Axis(weight = ViewAxis(1:32, ShapedAxis((16, 2))), bias = ViewAxis(33:48, ShapedAxis((16, 1))))), layer_2 = ViewAxis(49:320, Axis(weight = ViewAxis(1:256, ShapedAxis((16, 16))), bias = ViewAxis(257:272, ShapedAxis((16, 1))))), layer_3 = ViewAxis(321:592, Axis(weight = ViewAxis(1:256, ShapedAxis((16, 16))), bias = ViewAxis(257:272, ShapedAxis((16, 1))))), layer_4 = ViewAxis(593:609, Axis(weight = ViewAxis(1:16, ShapedAxis((1, 16))), bias = ViewAxis(17:17, ShapedAxis((1, 1))))))), ode_par = 610:669)}}}}}}}}, Nothing, Nothing, Vector{Float64}, Nothing, Nothing, Base.OneTo{Int64}, UnitRange{Int64}, UniformScaling{Bool}}, QuadratureAdjoint{0, true, Val{:central}, ReverseDiffVJP{true}}, Vector{Float64}, ODESolution{Float64, 2, Vector{Vector{Float64}}, Nothing, Nothing, Vector{Float64}, Vector{Vector{Vector{Float64}}}, ODEProblem{Vector{Float64}, Tuple{Float64, Float64}, true, ComponentVector{Float64, SubArray{Float64, 1, Vector{Float64}, Tuple{UnitRange{Int64}}, true}, Tuple{Axis{(p_net = ViewAxis(1:609, Axis(layer_1 = ViewAxis(1:48, Axis(weight = ViewAxis(1:32, ShapedAxis((16, 2))), bias = ViewAxis(33:48, ShapedAxis((16, 1))))), layer_2 = ViewAxis(49:320, Axis(weight = ViewAxis(1:256, ShapedAxis((16, 16))), bias = ViewAxis(257:272, ShapedAxis((16, 1))))), layer_3 = ViewAxis(321:592, Axis(weight = ViewAxis(1:256, ShapedAxis((16, 16))), bias = ViewAxis(257:272, ShapedAxis((16, 1))))), layer_4 = ViewAxis(593:609, Axis(weight = ViewAxis(1:16, ShapedAxis((1, 16))), bias = ViewAxis(17:17, ShapedAxis((1, 1))))))), ode_par = 610:669)}}}, ODEFunction{true, SciMLBase.AutoSpecialize, FunctionWrappersWrappers.FunctionWrappersWrapper{Tuple{FunctionWrappers.FunctionWrapper{Nothing, Tuple{Vector{Float64}, Vector{Float64}, ComponentVector{Float64, SubArray{Float64, 1, Vector{Float64}, Tuple{UnitRange{Int64}}, true}, Tuple{Axis{(p_net = ViewAxis(1:609, Axis(layer_1 = ViewAxis(1:48, Axis(weight = ViewAxis(1:32, ShapedAxis((16, 2))), bias = ViewAxis(33:48, ShapedAxis((16, 1))))), layer_2 = ViewAxis(49:320, Axis(weight = ViewAxis(1:256, ShapedAxis((16, 16))), bias = ViewAxis(257:272, ShapedAxis((16, 1))))), layer_3 = ViewAxis(321:592, Axis(weight = ViewAxis(1:256, ShapedAxis((16, 16))), bias = ViewAxis(257:272, ShapedAxis((16, 1))))), layer_4 = ViewAxis(593:609, Axis(weight = ViewAxis(1:16, ShapedAxis((1, 16))), bias = ViewAxis(17:17, ShapedAxis((1, 1))))))), ode_par = 610:669)}}}, Float64}}, FunctionWrappers.FunctionWrapper{Nothing, Tuple{Vector{ForwardDiff.Dual{ForwardDiff.Tag{DiffEqBase.OrdinaryDiffEqTag, Float64}, Float64, 1}}, Vector{ForwardDiff.Dual{ForwardDiff.Tag{DiffEqBase.OrdinaryDiffEqTag, Float64}, Float64, 1}}, ComponentVector{Float64, SubArray{Float64, 1, Vector{Float64}, Tuple{UnitRange{Int64}}, true}, Tuple{Axis{(p_net = ViewAxis(1:609, Axis(layer_1 = ViewAxis(1:48, Axis(weight = ViewAxis(1:32, ShapedAxis((16, 2))), bias = ViewAxis(33:48, ShapedAxis((16, 1))))), layer_2 = ViewAxis(49:320, Axis(weight = ViewAxis(1:256, ShapedAxis((16, 16))), bias = ViewAxis(257:272, ShapedAxis((16, 1))))), layer_3 = ViewAxis(321:592, Axis(weight = ViewAxis(1:256, ShapedAxis((16, 16))), bias = ViewAxis(257:272, ShapedAxis((16, 1))))), layer_4 = ViewAxis(593:609, Axis(weight = ViewAxis(1:16, ShapedAxis((1, 16))), bias = ViewAxis(17:17, ShapedAxis((1, 1))))))), ode_par = 610:669)}}}, Float64}}, FunctionWrappers.FunctionWrapper{Nothing, Tuple{Vector{ForwardDiff.Dual{ForwardDiff.Tag{DiffEqBase.OrdinaryDiffEqTag, Float64}, Float64, 1}}, Vector{Float64}, ComponentVector{Float64, SubArray{Float64, 1, Vector{Float64}, Tuple{UnitRange{Int64}}, true}, Tuple{Axis{(p_net = ViewAxis(1:609, Axis(layer_1 = ViewAxis(1:48, Axis(weight = ViewAxis(1:32, ShapedAxis((16, 2))), bias = ViewAxis(33:48, ShapedAxis((16, 1))))), layer_2 = ViewAxis(49:320, Axis(weight = ViewAxis(1:256, ShapedAxis((16, 16))), bias = ViewAxis(257:272, ShapedAxis((16, 1))))), layer_3 = ViewAxis(321:592, Axis(weight = ViewAxis(1:256, ShapedAxis((16, 16))), bias = ViewAxis(257:272, ShapedAxis((16, 1))))), layer_4 = ViewAxis(593:609, Axis(weight = ViewAxis(1:16, ShapedAxis((1, 16))), bias = ViewAxis(17:17, ShapedAxis((1, 1))))))), ode_par = 610:669)}}}, ForwardDiff.Dual{ForwardDiff.Tag{DiffEqBase.OrdinaryDiffEqTag, Float64}, Float64, 1}}}, FunctionWrappers.FunctionWrapper{Nothing, Tuple{Vector{ForwardDiff.Dual{ForwardDiff.Tag{DiffEqBase.OrdinaryDiffEqTag, Float64}, Float64, 1}}, Vector{ForwardDiff.Dual{ForwardDiff.Tag{DiffEqBase.OrdinaryDiffEqTag, Float64}, Float64, 1}}, ComponentVector{Float64, SubArray{Float64, 1, Vector{Float64}, Tuple{UnitRange{Int64}}, true}, Tuple{Axis{(p_net = ViewAxis(1:609, Axis(layer_1 = ViewAxis(1:48, Axis(weight = ViewAxis(1:32, ShapedAxis((16, 2))), bias = ViewAxis(33:48, ShapedAxis((16, 1))))), layer_2 = ViewAxis(49:320, Axis(weight = ViewAxis(1:256, ShapedAxis((16, 16))), bias = ViewAxis(257:272, ShapedAxis((16, 1))))), layer_3 = ViewAxis(321:592, Axis(weight = ViewAxis(1:256, ShapedAxis((16, 16))), bias = ViewAxis(257:272, ShapedAxis((16, 1))))), layer_4 = ViewAxis(593:609, Axis(weight = ViewAxis(1:16, ShapedAxis((1, 16))), bias = ViewAxis(17:17, ShapedAxis((1, 1))))))), ode_par = 610:669)}}}, ForwardDiff.Dual{ForwardDiff.Tag{DiffEqBase.OrdinaryDiffEqTag, Float64}, Float64, 1}}}}, false}, UniformScaling{Bool}, Nothing, Nothing, Nothing, Nothing, Nothing, Nothing, Nothing, Nothing, Nothing, Nothing, Nothing, Nothing, Nothing, Nothing, typeof(SciMLBase.DEFAULT_OBSERVED), Nothing, Nothing}, Base.Pairs{Symbol, Union{}, Tuple{}, NamedTuple{(), Tuple{}}}, SciMLBase.StandardODEProblem}, TRBDF2{1, false, Nothing, NLNewton{Rational{Int64}, Rational{Int64}, Rational{Int64}, Rational{Int64}}, typeof(OrdinaryDiffEq.DEFAULT_PRECS), Val{:forward}, true, nothing}, OrdinaryDiffEq.InterpolationData{ODEFunction{true, SciMLBase.AutoSpecialize, FunctionWrappersWrappers.FunctionWrappersWrapper{Tuple{FunctionWrappers.FunctionWrapper{Nothing, Tuple{Vector{Float64}, Vector{Float64}, ComponentVector{Float64, SubArray{Float64, 1, Vector{Float64}, Tuple{UnitRange{Int64}}, true}, Tuple{Axis{(p_net = ViewAxis(1:609, Axis(layer_1 = ViewAxis(1:48, Axis(weight = ViewAxis(1:32, ShapedAxis((16, 2))), bias = ViewAxis(33:48, ShapedAxis((16, 1))))), layer_2 = ViewAxis(49:320, Axis(weight = ViewAxis(1:256, ShapedAxis((16, 16))), bias = ViewAxis(257:272, ShapedAxis((16, 1))))), layer_3 = ViewAxis(321:592, Axis(weight = ViewAxis(1:256, ShapedAxis((16, 16))), bias = ViewAxis(257:272, ShapedAxis((16, 1))))), layer_4 = ViewAxis(593:609, Axis(weight = ViewAxis(1:16, ShapedAxis((1, 16))), bias = ViewAxis(17:17, ShapedAxis((1, 1))))))), ode_par = 610:669)}}}, Float64}}, FunctionWrappers.FunctionWrapper{Nothing, Tuple{Vector{ForwardDiff.Dual{ForwardDiff.Tag{DiffEqBase.OrdinaryDiffEqTag, Float64}, Float64, 1}}, Vector{ForwardDiff.Dual{ForwardDiff.Tag{DiffEqBase.OrdinaryDiffEqTag, Float64}, Float64, 1}}, ComponentVector{Float64, SubArray{Float64, 1, Vector{Float64}, Tuple{UnitRange{Int64}}, true}, Tuple{Axis{(p_net = ViewAxis(1:609, Axis(layer_1 = ViewAxis(1:48, Axis(weight = ViewAxis(1:32, ShapedAxis((16, 2))), bias = ViewAxis(33:48, ShapedAxis((16, 1))))), layer_2 = ViewAxis(49:320, Axis(weight = ViewAxis(1:256, ShapedAxis((16, 16))), bias = ViewAxis(257:272, ShapedAxis((16, 1))))), layer_3 = ViewAxis(321:592, Axis(weight = ViewAxis(1:256, ShapedAxis((16, 16))), bias = ViewAxis(257:272, ShapedAxis((16, 1))))), layer_4 = ViewAxis(593:609, Axis(weight = ViewAxis(1:16, ShapedAxis((1, 16))), bias = ViewAxis(17:17, ShapedAxis((1, 1))))))), ode_par = 610:669)}}}, Float64}}, FunctionWrappers.FunctionWrapper{Nothing, Tuple{Vector{ForwardDiff.Dual{ForwardDiff.Tag{DiffEqBase.OrdinaryDiffEqTag, Float64}, Float64, 1}}, Vector{Float64}, ComponentVector{Float64, SubArray{Float64, 1, Vector{Float64}, Tuple{UnitRange{Int64}}, true}, Tuple{Axis{(p_net = ViewAxis(1:609, Axis(layer_1 = ViewAxis(1:48, Axis(weight = ViewAxis(1:32, ShapedAxis((16, 2))), bias = ViewAxis(33:48, ShapedAxis((16, 1))))), layer_2 = ViewAxis(49:320, Axis(weight = ViewAxis(1:256, ShapedAxis((16, 16))), bias = ViewAxis(257:272, ShapedAxis((16, 1))))), layer_3 = ViewAxis(321:592, Axis(weight = ViewAxis(1:256, ShapedAxis((16, 16))), bias = ViewAxis(257:272, ShapedAxis((16, 1))))), layer_4 = ViewAxis(593:609, Axis(weight = ViewAxis(1:16, ShapedAxis((1, 16))), bias = ViewAxis(17:17, ShapedAxis((1, 1))))))), ode_par = 610:669)}}}, ForwardDiff.Dual{ForwardDiff.Tag{DiffEqBase.OrdinaryDiffEqTag, Float64}, Float64, 1}}}, FunctionWrappers.FunctionWrapper{Nothing, Tuple{Vector{ForwardDiff.Dual{ForwardDiff.Tag{DiffEqBase.OrdinaryDiffEqTag, Float64}, Float64, 1}}, Vector{ForwardDiff.Dual{ForwardDiff.Tag{DiffEqBase.OrdinaryDiffEqTag, Float64}, Float64, 1}}, ComponentVector{Float64, SubArray{Float64, 1, Vector{Float64}, Tuple{UnitRange{Int64}}, true}, Tuple{Axis{(p_net = ViewAxis(1:609, Axis(layer_1 = ViewAxis(1:48, Axis(weight = ViewAxis(1:32, ShapedAxis((16, 2))), bias = ViewAxis(33:48, ShapedAxis((16, 1))))), layer_2 = ViewAxis(49:320, Axis(weight = ViewAxis(1:256, ShapedAxis((16, 16))), bias = ViewAxis(257:272, ShapedAxis((16, 1))))), layer_3 = ViewAxis(321:592, Axis(weight = ViewAxis(1:256, ShapedAxis((16, 16))), bias = ViewAxis(257:272, ShapedAxis((16, 1))))), layer_4 = ViewAxis(593:609, Axis(weight = ViewAxis(1:16, ShapedAxis((1, 16))), bias = ViewAxis(17:17, ShapedAxis((1, 1))))))), ode_par = 610:669)}}}, ForwardDiff.Dual{ForwardDiff.Tag{DiffEqBase.OrdinaryDiffEqTag, Float64}, Float64, 1}}}}, false}, UniformScaling{Bool}, Nothing, Nothing, Nothing, Nothing, Nothing, Nothing, Nothing, Nothing, Nothing, Nothing, Nothing, Nothing, Nothing, Nothing, typeof(SciMLBase.DEFAULT_OBSERVED), Nothing, Nothing}, Vector{Vector{Float64}}, Vector{Float64}, Vector{Vector{Vector{Float64}}}, OrdinaryDiffEq.TRBDF2Cache{Vector{Float64}, Vector{Float64}, Vector{Float64}, OrdinaryDiffEq.TRBDF2Tableau{Float64, Float64}, OrdinaryDiffEq.NLSolver{NLNewton{Rational{Int64}, Rational{Int64}, Rational{Int64}, Rational{Int64}}, true, Vector{Float64}, Float64, Nothing, Float64, OrdinaryDiffEq.NLNewtonCache{Vector{Float64}, Float64, Float64, Vector{Float64}, Matrix{Float64}, Matrix{Float64}, SciMLBase.UJacobianWrapper{true, ODEFunction{true, SciMLBase.AutoSpecialize, FunctionWrappersWrappers.FunctionWrappersWrapper{Tuple{FunctionWrappers.FunctionWrapper{Nothing, Tuple{Vector{Float64}, Vector{Float64}, ComponentVector{Float64, SubArray{Float64, 1, Vector{Float64}, Tuple{UnitRange{Int64}}, true}, Tuple{Axis{(p_net = ViewAxis(1:609, Axis(layer_1 = ViewAxis(1:48, Axis(weight = ViewAxis(1:32, ShapedAxis((16, 2))), bias = ViewAxis(33:48, ShapedAxis((16, 1))))), layer_2 = ViewAxis(49:320, Axis(weight = ViewAxis(1:256, ShapedAxis((16, 16))), bias = ViewAxis(257:272, ShapedAxis((16, 1))))), layer_3 = ViewAxis(321:592, Axis(weight = ViewAxis(1:256, ShapedAxis((16, 16))), bias = ViewAxis(257:272, ShapedAxis((16, 1))))), layer_4 = ViewAxis(593:609, Axis(weight = ViewAxis(1:16, ShapedAxis((1, 16))), bias = ViewAxis(17:17, ShapedAxis((1, 1))))))), ode_par = 610:669)}}}, Float64}}, FunctionWrappers.FunctionWrapper{Nothing, Tuple{Vector{ForwardDiff.Dual{ForwardDiff.Tag{DiffEqBase.OrdinaryDiffEqTag, Float64}, Float64, 1}}, Vector{ForwardDiff.Dual{ForwardDiff.Tag{DiffEqBase.OrdinaryDiffEqTag, Float64}, Float64, 1}}, ComponentVector{Float64, SubArray{Float64, 1, Vector{Float64}, Tuple{UnitRange{Int64}}, true}, Tuple{Axis{(p_net = ViewAxis(1:609, Axis(layer_1 = ViewAxis(1:48, Axis(weight = ViewAxis(1:32, ShapedAxis((16, 2))), bias = ViewAxis(33:48, ShapedAxis((16, 1))))), layer_2 = ViewAxis(49:320, Axis(weight = ViewAxis(1:256, ShapedAxis((16, 16))), bias = ViewAxis(257:272, ShapedAxis((16, 1))))), layer_3 = ViewAxis(321:592, Axis(weight = ViewAxis(1:256, ShapedAxis((16, 16))), bias = ViewAxis(257:272, ShapedAxis((16, 1))))), layer_4 = ViewAxis(593:609, Axis(weight = ViewAxis(1:16, ShapedAxis((1, 16))), bias = ViewAxis(17:17, ShapedAxis((1, 1))))))), ode_par = 610:669)}}}, Float64}}, FunctionWrappers.FunctionWrapper{Nothing, Tuple{Vector{ForwardDiff.Dual{ForwardDiff.Tag{DiffEqBase.OrdinaryDiffEqTag, Float64}, Float64, 1}}, Vector{Float64}, ComponentVector{Float64, SubArray{Float64, 1, Vector{Float64}, Tuple{UnitRange{Int64}}, true}, Tuple{Axis{(p_net = ViewAxis(1:609, Axis(layer_1 = ViewAxis(1:48, Axis(weight = ViewAxis(1:32, ShapedAxis((16, 2))), bias = ViewAxis(33:48, ShapedAxis((16, 1))))), layer_2 = ViewAxis(49:320, Axis(weight = ViewAxis(1:256, ShapedAxis((16, 16))), bias = ViewAxis(257:272, ShapedAxis((16, 1))))), layer_3 = ViewAxis(321:592, Axis(weight = ViewAxis(1:256, ShapedAxis((16, 16))), bias = ViewAxis(257:272, ShapedAxis((16, 1))))), layer_4 = ViewAxis(593:609, Axis(weight = ViewAxis(1:16, ShapedAxis((1, 16))), bias = ViewAxis(17:17, ShapedAxis((1, 1))))))), ode_par = 610:669)}}}, ForwardDiff.Dual{ForwardDiff.Tag{DiffEqBase.OrdinaryDiffEqTag, Float64}, Float64, 1}}}, FunctionWrappers.FunctionWrapper{Nothing, Tuple{Vector{ForwardDiff.Dual{ForwardDiff.Tag{DiffEqBase.OrdinaryDiffEqTag, Float64}, Float64, 1}}, Vector{ForwardDiff.Dual{ForwardDiff.Tag{DiffEqBase.OrdinaryDiffEqTag, Float64}, Float64, 1}}, ComponentVector{Float64, SubArray{Float64, 1, Vector{Float64}, Tuple{UnitRange{Int64}}, true}, Tuple{Axis{(p_net = ViewAxis(1:609, Axis(layer_1 = ViewAxis(1:48, Axis(weight = ViewAxis(1:32, ShapedAxis((16, 2))), bias = ViewAxis(33:48, ShapedAxis((16, 1))))), layer_2 = ViewAxis(49:320, Axis(weight = ViewAxis(1:256, ShapedAxis((16, 16))), bias = ViewAxis(257:272, ShapedAxis((16, 1))))), layer_3 = ViewAxis(321:592, Axis(weight = ViewAxis(1:256, ShapedAxis((16, 16))), bias = ViewAxis(257:272, ShapedAxis((16, 1))))), layer_4 = ViewAxis(593:609, Axis(weight = ViewAxis(1:16, ShapedAxis((1, 16))), bias = ViewAxis(17:17, ShapedAxis((1, 1))))))), ode_par = 610:669)}}}, ForwardDiff.Dual{ForwardDiff.Tag{DiffEqBase.OrdinaryDiffEqTag, Float64}, Float64, 1}}}}, false}, UniformScaling{Bool}, Nothing, Nothing, Nothing, Nothing, Nothing, Nothing, Nothing, Nothing, Nothing, Nothing, Nothing, Nothing, Nothing, Nothing, typeof(SciMLBase.DEFAULT_OBSERVED), Nothing, Nothing}, Float64, ComponentVector{Float64, SubArray{Float64, 1, Vector{Float64}, Tuple{UnitRange{Int64}}, true}, Tuple{Axis{(p_net = ViewAxis(1:609, Axis(layer_1 = ViewAxis(1:48, Axis(weight = ViewAxis(1:32, ShapedAxis((16, 2))), bias = ViewAxis(33:48, ShapedAxis((16, 1))))), layer_2 = ViewAxis(49:320, Axis(weight = ViewAxis(1:256, ShapedAxis((16, 16))), bias = ViewAxis(257:272, ShapedAxis((16, 1))))), layer_3 = ViewAxis(321:592, Axis(weight = ViewAxis(1:256, ShapedAxis((16, 16))), bias = ViewAxis(257:272, ShapedAxis((16, 1))))), layer_4 = ViewAxis(593:609, Axis(weight = ViewAxis(1:16, ShapedAxis((1, 16))), bias = ViewAxis(17:17, ShapedAxis((1, 1))))))), ode_par = 610:669)}}}}, FiniteDiff.JacobianCache{Vector{Float64}, Vector{Float64}, Vector{Float64}, Vector{Float64}, UnitRange{Int64}, Nothing, Val{:forward}(), Float64}, LinearSolve.LinearCache{Matrix{Float64}, Vector{Float64}, Vector{Float64}, SciMLBase.NullParameters, LinearSolve.DefaultLinearSolver, LinearSolve.DefaultLinearSolverInit{LU{Float64, Matrix{Float64}, Vector{Int64}}, LinearAlgebra.QRCompactWY{Float64, Matrix{Float64}, Matrix{Float64}}, Nothing, Nothing, Nothing, Nothing, Nothing, Nothing, LU{Float64, Matrix{Float64}, Vector{Int64}}, Tuple{LU{Float64, Matrix{Float64}, Vector{Int64}}, Vector{Int64}}, Nothing, Nothing, Nothing, SVD{Float64, Float64, Matrix{Float64}, Vector{Float64}}, Cholesky{Float64, Matrix{Float64}}, Cholesky{Float64, Matrix{Float64}}, Tuple{LU{Float64, Matrix{Float64}, Vector{Int32}}, Base.RefValue{Int32}}, Tuple{LU{Float64, Matrix{Float64}, Vector{Int64}}, Base.RefValue{Int64}}, QRPivoted{Float64, Matrix{Float64}, Vector{Float64}, Vector{Int64}}}, LinearSolve.InvPreconditioner{Diagonal{Float64, Vector{Float64}}}, Diagonal{Float64, Vector{Float64}}, Float64, Bool}}}}}, SciMLBase.DEStats, Nothing}, ODEFunction{true, SciMLBase.AutoSpecialize, FunctionWrappersWrappers.FunctionWrappersWrapper{Tuple{FunctionWrappers.FunctionWrapper{Nothing, Tuple{Vector{Float64}, Vector{Float64}, ComponentVector{Float64, SubArray{Float64, 1, Vector{Float64}, Tuple{UnitRange{Int64}}, true}, Tuple{Axis{(p_net = ViewAxis(1:609, Axis(layer_1 = ViewAxis(1:48, Axis(weight = ViewAxis(1:32, ShapedAxis((16, 2))), bias = ViewAxis(33:48, ShapedAxis((16, 1))))), layer_2 = ViewAxis(49:320, Axis(weight = ViewAxis(1:256, ShapedAxis((16, 16))), bias = ViewAxis(257:272, ShapedAxis((16, 1))))), layer_3 = ViewAxis(321:592, Axis(weight = ViewAxis(1:256, ShapedAxis((16, 16))), bias = ViewAxis(257:272, ShapedAxis((16, 1))))), layer_4 = ViewAxis(593:609, Axis(weight = ViewAxis(1:16, ShapedAxis((1, 16))), bias = ViewAxis(17:17, ShapedAxis((1, 1))))))), ode_par = 610:669)}}}, Float64}}, FunctionWrappers.FunctionWrapper{Nothing, Tuple{Vector{ForwardDiff.Dual{ForwardDiff.Tag{DiffEqBase.OrdinaryDiffEqTag, Float64}, Float64, 1}}, Vector{ForwardDiff.Dual{ForwardDiff.Tag{DiffEqBase.OrdinaryDiffEqTag, Float64}, Float64, 1}}, ComponentVector{Float64, SubArray{Float64, 1, Vector{Float64}, Tuple{UnitRange{Int64}}, true}, Tuple{Axis{(p_net = ViewAxis(1:609, Axis(layer_1 = ViewAxis(1:48, Axis(weight = ViewAxis(1:32, ShapedAxis((16, 2))), bias = ViewAxis(33:48, ShapedAxis((16, 1))))), layer_2 = ViewAxis(49:320, Axis(weight = ViewAxis(1:256, ShapedAxis((16, 16))), bias = ViewAxis(257:272, ShapedAxis((16, 1))))), layer_3 = ViewAxis(321:592, Axis(weight = ViewAxis(1:256, ShapedAxis((16, 16))), bias = ViewAxis(257:272, ShapedAxis((16, 1))))), layer_4 = ViewAxis(593:609, Axis(weight = ViewAxis(1:16, ShapedAxis((1, 16))), bias = ViewAxis(17:17, ShapedAxis((1, 1))))))), ode_par = 610:669)}}}, Float64}}, FunctionWrappers.FunctionWrapper{Nothing, Tuple{Vector{ForwardDiff.Dual{ForwardDiff.Tag{DiffEqBase.OrdinaryDiffEqTag, Float64}, Float64, 1}}, Vector{Float64}, ComponentVector{Float64, SubArray{Float64, 1, Vector{Float64}, Tuple{UnitRange{Int64}}, true}, Tuple{Axis{(p_net = ViewAxis(1:609, Axis(layer_1 = ViewAxis(1:48, Axis(weight = ViewAxis(1:32, ShapedAxis((16, 2))), bias = ViewAxis(33:48, ShapedAxis((16, 1))))), layer_2 = ViewAxis(49:320, Axis(weight = ViewAxis(1:256, ShapedAxis((16, 16))), bias = ViewAxis(257:272, ShapedAxis((16, 1))))), layer_3 = ViewAxis(321:592, Axis(weight = ViewAxis(1:256, ShapedAxis((16, 16))), bias = ViewAxis(257:272, ShapedAxis((16, 1))))), layer_4 = ViewAxis(593:609, Axis(weight = ViewAxis(1:16, ShapedAxis((1, 16))), bias = ViewAxis(17:17, ShapedAxis((1, 1))))))), ode_par = 610:669)}}}, ForwardDiff.Dual{ForwardDiff.Tag{DiffEqBase.OrdinaryDiffEqTag, Float64}, Float64, 1}}}, FunctionWrappers.FunctionWrapper{Nothing, Tuple{Vector{ForwardDiff.Dual{ForwardDiff.Tag{DiffEqBase.OrdinaryDiffEqTag, Float64}, Float64, 1}}, Vector{ForwardDiff.Dual{ForwardDiff.Tag{DiffEqBase.OrdinaryDiffEqTag, Float64}, Float64, 1}}, ComponentVector{Float64, SubArray{Float64, 1, Vector{Float64}, Tuple{UnitRange{Int64}}, true}, Tuple{Axis{(p_net = ViewAxis(1:609, Axis(layer_1 = ViewAxis(1:48, Axis(weight = ViewAxis(1:32, ShapedAxis((16, 2))), bias = ViewAxis(33:48, ShapedAxis((16, 1))))), layer_2 = ViewAxis(49:320, Axis(weight = ViewAxis(1:256, ShapedAxis((16, 16))), bias = ViewAxis(257:272, ShapedAxis((16, 1))))), layer_3 = ViewAxis(321:592, Axis(weight = ViewAxis(1:256, ShapedAxis((16, 16))), bias = ViewAxis(257:272, ShapedAxis((16, 1))))), layer_4 = ViewAxis(593:609, Axis(weight = ViewAxis(1:16, ShapedAxis((1, 16))), bias = ViewAxis(17:17, ShapedAxis((1, 1))))))), ode_par = 610:669)}}}, ForwardDiff.Dual{ForwardDiff.Tag{DiffEqBase.OrdinaryDiffEqTag, Float64}, Float64, 1}}}}, false}, UniformScaling{Bool}, Nothing, Nothing, Nothing, Nothing, Nothing, Nothing, Nothing, Nothing, Nothing, Nothing, Nothing, Nothing, Nothing, Nothing, typeof(SciMLBase.DEFAULT_OBSERVED), Nothing, Nothing}}, UniformScaling{Bool}, Nothing, Nothing, Nothing, Nothing, Nothing, Nothing, Nothing, Nothing, Nothing, Nothing, Nothing, Nothing, Nothing, Nothing, typeof(SciMLBase.DEFAULT_OBSERVED), Nothing, Nothing}, Vector{Vector{Float64}}, Vector{Float64}, Vector{Vector{Vector{Float64}}}, OrdinaryDiffEq.TRBDF2Cache{Vector{Float64}, Vector{Float64}, Vector{Float64}, OrdinaryDiffEq.TRBDF2Tableau{Float64, Float64}, OrdinaryDiffEq.NLSolver{NLNewton{Rational{Int64}, Rational{Int64}, Rational{Int64}, Rational{Int64}}, true, Vector{Float64}, Float64, Nothing, Float64, OrdinaryDiffEq.NLNewtonCache{Vector{Float64}, Float64, Float64, Vector{Float64}, Matrix{Float64}, Matrix{Float64}, SciMLBase.UJacobianWrapper{true, ODEFunction{true, true, SciMLSensitivity.ODEQuadratureAdjointSensitivityFunction{SciMLSensitivity.AdjointDiffCache{Nothing, Nothing, Nothing, Nothing, Nothing, Nothing, Nothing, Nothing, ReverseDiff.CompiledTape{ReverseDiff.GradientTape{SciMLSensitivity.var"#123#127"{ODEFunction{true, SciMLBase.AutoSpecialize, var"#f#27"{Chain{NamedTuple{(:layer_1, :layer_2, :layer_3, :layer_4), Tuple{Dense{true, typeof(gelu), typeof(my_glorot_uniform), typeof(my_glorot_uniform)}, Dense{true, typeof(gelu), typeof(my_glorot_uniform), typeof(my_glorot_uniform)}, Dense{true, typeof(gelu), typeof(my_glorot_uniform), typeof(my_glorot_uniform)}, Dense{true, typeof(identity), typeof(my_glorot_uniform), typeof(my_glorot_uniform)}}}, Nothing}, NamedTuple{(:layer_1, :layer_2, :layer_3, :layer_4), NTuple{4, NamedTuple{(), Tuple{}}}}, Vector{Float64}, Vector{Int64}, Vector{Int64}, Vector{Float64}}, UniformScaling{Bool}, Nothing, Nothing, Nothing, Nothing, Nothing, Nothing, Nothing, Nothing, Nothing, Nothing, Nothing, Nothing, Nothing, Nothing, typeof(SciMLBase.DEFAULT_OBSERVED), Nothing, Nothing}}, Tuple{ReverseDiff.TrackedArray{Float64, Float64, 1, Vector{Float64}, Vector{Float64}}, ReverseDiff.TrackedArray{Float64, Float64, 1, ComponentVector{Float64, Vector{Float64}, Tuple{Axis{(p_net = ViewAxis(1:609, Axis(layer_1 = ViewAxis(1:48, Axis(weight = ViewAxis(1:32, ShapedAxis((16, 2))), bias = ViewAxis(33:48, ShapedAxis((16, 1))))), layer_2 = ViewAxis(49:320, Axis(weight = ViewAxis(1:256, ShapedAxis((16, 16))), bias = ViewAxis(257:272, ShapedAxis((16, 1))))), layer_3 = ViewAxis(321:592, Axis(weight = ViewAxis(1:256, ShapedAxis((16, 16))), bias = ViewAxis(257:272, ShapedAxis((16, 1))))), layer_4 = ViewAxis(593:609, Axis(weight = ViewAxis(1:16, ShapedAxis((1, 16))), bias = ViewAxis(17:17, ShapedAxis((1, 1))))))), ode_par = 610:669)}}}, ComponentVector{Float64, Vector{Float64}, Tuple{Axis{(p_net = ViewAxis(1:609, Axis(layer_1 = ViewAxis(1:48, Axis(weight = ViewAxis(1:32, ShapedAxis((16, 2))), bias = ViewAxis(33:48, ShapedAxis((16, 1))))), layer_2 = ViewAxis(49:320, Axis(weight = ViewAxis(1:256, ShapedAxis((16, 16))), bias = ViewAxis(257:272, ShapedAxis((16, 1))))), layer_3 = ViewAxis(321:592, Axis(weight = ViewAxis(1:256, ShapedAxis((16, 16))), bias = ViewAxis(257:272, ShapedAxis((16, 1))))), layer_4 = ViewAxis(593:609, Axis(weight = ViewAxis(1:16, ShapedAxis((1, 16))), bias = ViewAxis(17:17, ShapedAxis((1, 1))))))), ode_par = 610:669)}}}}, ReverseDiff.TrackedArray{Float64, Float64, 1, Vector{Float64}, Vector{Float64}}}, Vector{ReverseDiff.TrackedReal{Float64, Float64, ReverseDiff.TrackedArray{Float64, Float64, 1, ComponentVector{Float64, Vector{Float64}, Tuple{Axis{(p_net = ViewAxis(1:609, Axis(layer_1 = ViewAxis(1:48, Axis(weight = ViewAxis(1:32, ShapedAxis((16, 2))), bias = ViewAxis(33:48, ShapedAxis((16, 1))))), layer_2 = ViewAxis(49:320, Axis(weight = ViewAxis(1:256, ShapedAxis((16, 16))), bias = ViewAxis(257:272, ShapedAxis((16, 1))))), layer_3 = ViewAxis(321:592, Axis(weight = ViewAxis(1:256, ShapedAxis((16, 16))), bias = ViewAxis(257:272, ShapedAxis((16, 1))))), layer_4 = ViewAxis(593:609, Axis(weight = ViewAxis(1:16, ShapedAxis((1, 16))), bias = ViewAxis(17:17, ShapedAxis((1, 1))))))), ode_par = 610:669)}}}, ComponentVector{Float64, Vector{Float64}, Tuple{Axis{(p_net = ViewAxis(1:609, Axis(layer_1 = ViewAxis(1:48, Axis(weight = ViewAxis(1:32, ShapedAxis((16, 2))), bias = ViewAxis(33:48, ShapedAxis((16, 1))))), layer_2 = ViewAxis(49:320, Axis(weight = ViewAxis(1:256, ShapedAxis((16, 16))), bias = ViewAxis(257:272, ShapedAxis((16, 1))))), layer_3 = ViewAxis(321:592, Axis(weight = ViewAxis(1:256, ShapedAxis((16, 16))), bias = ViewAxis(257:272, ShapedAxis((16, 1))))), layer_4 = ViewAxis(593:609, Axis(weight = ViewAxis(1:16, ShapedAxis((1, 16))), bias = ViewAxis(17:17, ShapedAxis((1, 1))))))), ode_par = 610:669)}}}}}}}}, Nothing, Nothing, Vector{Float64}, Nothing, Nothing, Base.OneTo{Int64}, UnitRange{Int64}, UniformScaling{Bool}}, QuadratureAdjoint{0, true, Val{:central}, ReverseDiffVJP{true}}, Vector{Float64}, ODESolution{Float64, 2, Vector{Vector{Float64}}, Nothing, Nothing, Vector{Float64}, Vector{Vector{Vector{Float64}}}, ODEProblem{Vector{Float64}, Tuple{Float64, Float64}, true, ComponentVector{Float64, SubArray{Float64, 1, Vector{Float64}, Tuple{UnitRange{Int64}}, true}, Tuple{Axis{(p_net = ViewAxis(1:609, Axis(layer_1 = ViewAxis(1:48, Axis(weight = ViewAxis(1:32, ShapedAxis((16, 2))), bias = ViewAxis(33:48, ShapedAxis((16, 1))))), layer_2 = ViewAxis(49:320, Axis(weight = ViewAxis(1:256, ShapedAxis((16, 16))), bias = ViewAxis(257:272, ShapedAxis((16, 1))))), layer_3 = ViewAxis(321:592, Axis(weight = ViewAxis(1:256, ShapedAxis((16, 16))), bias = ViewAxis(257:272, ShapedAxis((16, 1))))), layer_4 = ViewAxis(593:609, Axis(weight = ViewAxis(1:16, ShapedAxis((1, 16))), bias = ViewAxis(17:17, ShapedAxis((1, 1))))))), ode_par = 610:669)}}}, ODEFunction{true, SciMLBase.AutoSpecialize, FunctionWrappersWrappers.FunctionWrappersWrapper{Tuple{FunctionWrappers.FunctionWrapper{Nothing, Tuple{Vector{Float64}, Vector{Float64}, ComponentVector{Float64, SubArray{Float64, 1, Vector{Float64}, Tuple{UnitRange{Int64}}, true}, Tuple{Axis{(p_net = ViewAxis(1:609, Axis(layer_1 = ViewAxis(1:48, Axis(weight = ViewAxis(1:32, ShapedAxis((16, 2))), bias = ViewAxis(33:48, ShapedAxis((16, 1))))), layer_2 = ViewAxis(49:320, Axis(weight = ViewAxis(1:256, ShapedAxis((16, 16))), bias = ViewAxis(257:272, ShapedAxis((16, 1))))), layer_3 = ViewAxis(321:592, Axis(weight = ViewAxis(1:256, ShapedAxis((16, 16))), bias = ViewAxis(257:272, ShapedAxis((16, 1))))), layer_4 = ViewAxis(593:609, Axis(weight = ViewAxis(1:16, ShapedAxis((1, 16))), bias = ViewAxis(17:17, ShapedAxis((1, 1))))))), ode_par = 610:669)}}}, Float64}}, FunctionWrappers.FunctionWrapper{Nothing, Tuple{Vector{ForwardDiff.Dual{ForwardDiff.Tag{DiffEqBase.OrdinaryDiffEqTag, Float64}, Float64, 1}}, Vector{ForwardDiff.Dual{ForwardDiff.Tag{DiffEqBase.OrdinaryDiffEqTag, Float64}, Float64, 1}}, ComponentVector{Float64, SubArray{Float64, 1, Vector{Float64}, Tuple{UnitRange{Int64}}, true}, Tuple{Axis{(p_net = ViewAxis(1:609, Axis(layer_1 = ViewAxis(1:48, Axis(weight = ViewAxis(1:32, ShapedAxis((16, 2))), bias = ViewAxis(33:48, ShapedAxis((16, 1))))), layer_2 = ViewAxis(49:320, Axis(weight = ViewAxis(1:256, ShapedAxis((16, 16))), bias = ViewAxis(257:272, ShapedAxis((16, 1))))), layer_3 = ViewAxis(321:592, Axis(weight = ViewAxis(1:256, ShapedAxis((16, 16))), bias = ViewAxis(257:272, ShapedAxis((16, 1))))), layer_4 = ViewAxis(593:609, Axis(weight = ViewAxis(1:16, ShapedAxis((1, 16))), bias = ViewAxis(17:17, ShapedAxis((1, 1))))))), ode_par = 610:669)}}}, Float64}}, FunctionWrappers.FunctionWrapper{Nothing, Tuple{Vector{ForwardDiff.Dual{ForwardDiff.Tag{DiffEqBase.OrdinaryDiffEqTag, Float64}, Float64, 1}}, Vector{Float64}, ComponentVector{Float64, SubArray{Float64, 1, Vector{Float64}, Tuple{UnitRange{Int64}}, true}, Tuple{Axis{(p_net = ViewAxis(1:609, Axis(layer_1 = ViewAxis(1:48, Axis(weight = ViewAxis(1:32, ShapedAxis((16, 2))), bias = ViewAxis(33:48, ShapedAxis((16, 1))))), layer_2 = ViewAxis(49:320, Axis(weight = ViewAxis(1:256, ShapedAxis((16, 16))), bias = ViewAxis(257:272, ShapedAxis((16, 1))))), layer_3 = ViewAxis(321:592, Axis(weight = ViewAxis(1:256, ShapedAxis((16, 16))), bias = ViewAxis(257:272, ShapedAxis((16, 1))))), layer_4 = ViewAxis(593:609, Axis(weight = ViewAxis(1:16, ShapedAxis((1, 16))), bias = ViewAxis(17:17, ShapedAxis((1, 1))))))), ode_par = 610:669)}}}, ForwardDiff.Dual{ForwardDiff.Tag{DiffEqBase.OrdinaryDiffEqTag, Float64}, Float64, 1}}}, FunctionWrappers.FunctionWrapper{Nothing, Tuple{Vector{ForwardDiff.Dual{ForwardDiff.Tag{DiffEqBase.OrdinaryDiffEqTag, Float64}, Float64, 1}}, Vector{ForwardDiff.Dual{ForwardDiff.Tag{DiffEqBase.OrdinaryDiffEqTag, Float64}, Float64, 1}}, ComponentVector{Float64, SubArray{Float64, 1, Vector{Float64}, Tuple{UnitRange{Int64}}, true}, Tuple{Axis{(p_net = ViewAxis(1:609, Axis(layer_1 = ViewAxis(1:48, Axis(weight = ViewAxis(1:32, ShapedAxis((16, 2))), bias = ViewAxis(33:48, ShapedAxis((16, 1))))), layer_2 = ViewAxis(49:320, Axis(weight = ViewAxis(1:256, ShapedAxis((16, 16))), bias = ViewAxis(257:272, ShapedAxis((16, 1))))), layer_3 = ViewAxis(321:592, Axis(weight = ViewAxis(1:256, ShapedAxis((16, 16))), bias = ViewAxis(257:272, ShapedAxis((16, 1))))), layer_4 = ViewAxis(593:609, Axis(weight = ViewAxis(1:16, ShapedAxis((1, 16))), bias = ViewAxis(17:17, ShapedAxis((1, 1))))))), ode_par = 610:669)}}}, ForwardDiff.Dual{ForwardDiff.Tag{DiffEqBase.OrdinaryDiffEqTag, Float64}, Float64, 1}}}}, false}, UniformScaling{Bool}, Nothing, Nothing, Nothing, Nothing, Nothing, Nothing, Nothing, Nothing, Nothing, Nothing, Nothing, Nothing, Nothing, Nothing, typeof(SciMLBase.DEFAULT_OBSERVED), Nothing, Nothing}, Base.Pairs{Symbol, Union{}, Tuple{}, NamedTuple{(), Tuple{}}}, SciMLBase.StandardODEProblem}, TRBDF2{1, false, Nothing, NLNewton{Rational{Int64}, Rational{Int64}, Rational{Int64}, Rational{Int64}}, typeof(OrdinaryDiffEq.DEFAULT_PRECS), Val{:forward}, true, nothing}, OrdinaryDiffEq.InterpolationData{ODEFunction{true, SciMLBase.AutoSpecialize, FunctionWrappersWrappers.FunctionWrappersWrapper{Tuple{FunctionWrappers.FunctionWrapper{Nothing, Tuple{Vector{Float64}, Vector{Float64}, ComponentVector{Float64, SubArray{Float64, 1, Vector{Float64}, Tuple{UnitRange{Int64}}, true}, Tuple{Axis{(p_net = ViewAxis(1:609, Axis(layer_1 = ViewAxis(1:48, Axis(weight = ViewAxis(1:32, ShapedAxis((16, 2))), bias = ViewAxis(33:48, ShapedAxis((16, 1))))), layer_2 = ViewAxis(49:320, Axis(weight = ViewAxis(1:256, ShapedAxis((16, 16))), bias = ViewAxis(257:272, ShapedAxis((16, 1))))), layer_3 = ViewAxis(321:592, Axis(weight = ViewAxis(1:256, ShapedAxis((16, 16))), bias = ViewAxis(257:272, ShapedAxis((16, 1))))), layer_4 = ViewAxis(593:609, Axis(weight = ViewAxis(1:16, ShapedAxis((1, 16))), bias = ViewAxis(17:17, ShapedAxis((1, 1))))))), ode_par = 610:669)}}}, Float64}}, FunctionWrappers.FunctionWrapper{Nothing, Tuple{Vector{ForwardDiff.Dual{ForwardDiff.Tag{DiffEqBase.OrdinaryDiffEqTag, Float64}, Float64, 1}}, Vector{ForwardDiff.Dual{ForwardDiff.Tag{DiffEqBase.OrdinaryDiffEqTag, Float64}, Float64, 1}}, ComponentVector{Float64, SubArray{Float64, 1, Vector{Float64}, Tuple{UnitRange{Int64}}, true}, Tuple{Axis{(p_net = ViewAxis(1:609, Axis(layer_1 = ViewAxis(1:48, Axis(weight = ViewAxis(1:32, ShapedAxis((16, 2))), bias = ViewAxis(33:48, ShapedAxis((16, 1))))), layer_2 = ViewAxis(49:320, Axis(weight = ViewAxis(1:256, ShapedAxis((16, 16))), bias = ViewAxis(257:272, ShapedAxis((16, 1))))), layer_3 = ViewAxis(321:592, Axis(weight = ViewAxis(1:256, ShapedAxis((16, 16))), bias = ViewAxis(257:272, ShapedAxis((16, 1))))), layer_4 = ViewAxis(593:609, Axis(weight = ViewAxis(1:16, ShapedAxis((1, 16))), bias = ViewAxis(17:17, ShapedAxis((1, 1))))))), ode_par = 610:669)}}}, Float64}}, FunctionWrappers.FunctionWrapper{Nothing, Tuple{Vector{ForwardDiff.Dual{ForwardDiff.Tag{DiffEqBase.OrdinaryDiffEqTag, Float64}, Float64, 1}}, Vector{Float64}, ComponentVector{Float64, SubArray{Float64, 1, Vector{Float64}, Tuple{UnitRange{Int64}}, true}, Tuple{Axis{(p_net = ViewAxis(1:609, Axis(layer_1 = ViewAxis(1:48, Axis(weight = ViewAxis(1:32, ShapedAxis((16, 2))), bias = ViewAxis(33:48, ShapedAxis((16, 1))))), layer_2 = ViewAxis(49:320, Axis(weight = ViewAxis(1:256, ShapedAxis((16, 16))), bias = ViewAxis(257:272, ShapedAxis((16, 1))))), layer_3 = ViewAxis(321:592, Axis(weight = ViewAxis(1:256, ShapedAxis((16, 16))), bias = ViewAxis(257:272, ShapedAxis((16, 1))))), layer_4 = ViewAxis(593:609, Axis(weight = ViewAxis(1:16, ShapedAxis((1, 16))), bias = ViewAxis(17:17, ShapedAxis((1, 1))))))), ode_par = 610:669)}}}, ForwardDiff.Dual{ForwardDiff.Tag{DiffEqBase.OrdinaryDiffEqTag, Float64}, Float64, 1}}}, FunctionWrappers.FunctionWrapper{Nothing, Tuple{Vector{ForwardDiff.Dual{ForwardDiff.Tag{DiffEqBase.OrdinaryDiffEqTag, Float64}, Float64, 1}}, Vector{ForwardDiff.Dual{ForwardDiff.Tag{DiffEqBase.OrdinaryDiffEqTag, Float64}, Float64, 1}}, ComponentVector{Float64, SubArray{Float64, 1, Vector{Float64}, Tuple{UnitRange{Int64}}, true}, Tuple{Axis{(p_net = ViewAxis(1:609, Axis(layer_1 = ViewAxis(1:48, Axis(weight = ViewAxis(1:32, ShapedAxis((16, 2))), bias = ViewAxis(33:48, ShapedAxis((16, 1))))), layer_2 = ViewAxis(49:320, Axis(weight = ViewAxis(1:256, ShapedAxis((16, 16))), bias = ViewAxis(257:272, ShapedAxis((16, 1))))), layer_3 = ViewAxis(321:592, Axis(weight = ViewAxis(1:256, ShapedAxis((16, 16))), bias = ViewAxis(257:272, ShapedAxis((16, 1))))), layer_4 = ViewAxis(593:609, Axis(weight = ViewAxis(1:16, ShapedAxis((1, 16))), bias = ViewAxis(17:17, ShapedAxis((1, 1))))))), ode_par = 610:669)}}}, ForwardDiff.Dual{ForwardDiff.Tag{DiffEqBase.OrdinaryDiffEqTag, Float64}, Float64, 1}}}}, false}, UniformScaling{Bool}, Nothing, Nothing, Nothing, Nothing, Nothing, Nothing, Nothing, Nothing, Nothing, Nothing, Nothing, Nothing, Nothing, Nothing, typeof(SciMLBase.DEFAULT_OBSERVED), Nothing, Nothing}, Vector{Vector{Float64}}, Vector{Float64}, Vector{Vector{Vector{Float64}}}, OrdinaryDiffEq.TRBDF2Cache{Vector{Float64}, Vector{Float64}, Vector{Float64}, OrdinaryDiffEq.TRBDF2Tableau{Float64, Float64}, OrdinaryDiffEq.NLSolver{NLNewton{Rational{Int64}, Rational{Int64}, Rational{Int64}, Rational{Int64}}, true, Vector{Float64}, Float64, Nothing, Float64, OrdinaryDiffEq.NLNewtonCache{Vector{Float64}, Float64, Float64, Vector{Float64}, Matrix{Float64}, Matrix{Float64}, SciMLBase.UJacobianWrapper{true, ODEFunction{true, SciMLBase.AutoSpecialize, FunctionWrappersWrappers.FunctionWrappersWrapper{Tuple{FunctionWrappers.FunctionWrapper{Nothing, Tuple{Vector{Float64}, Vector{Float64}, ComponentVector{Float64, SubArray{Float64, 1, Vector{Float64}, Tuple{UnitRange{Int64}}, true}, Tuple{Axis{(p_net = ViewAxis(1:609, Axis(layer_1 = ViewAxis(1:48, Axis(weight = ViewAxis(1:32, ShapedAxis((16, 2))), bias = ViewAxis(33:48, ShapedAxis((16, 1))))), layer_2 = ViewAxis(49:320, Axis(weight = ViewAxis(1:256, ShapedAxis((16, 16))), bias = ViewAxis(257:272, ShapedAxis((16, 1))))), layer_3 = ViewAxis(321:592, Axis(weight = ViewAxis(1:256, ShapedAxis((16, 16))), bias = ViewAxis(257:272, ShapedAxis((16, 1))))), layer_4 = ViewAxis(593:609, Axis(weight = ViewAxis(1:16, ShapedAxis((1, 16))), bias = ViewAxis(17:17, ShapedAxis((1, 1))))))), ode_par = 610:669)}}}, Float64}}, FunctionWrappers.FunctionWrapper{Nothing, Tuple{Vector{ForwardDiff.Dual{ForwardDiff.Tag{DiffEqBase.OrdinaryDiffEqTag, Float64}, Float64, 1}}, Vector{ForwardDiff.Dual{ForwardDiff.Tag{DiffEqBase.OrdinaryDiffEqTag, Float64}, Float64, 1}}, ComponentVector{Float64, SubArray{Float64, 1, Vector{Float64}, Tuple{UnitRange{Int64}}, true}, Tuple{Axis{(p_net = ViewAxis(1:609, Axis(layer_1 = ViewAxis(1:48, Axis(weight = ViewAxis(1:32, ShapedAxis((16, 2))), bias = ViewAxis(33:48, ShapedAxis((16, 1))))), layer_2 = ViewAxis(49:320, Axis(weight = ViewAxis(1:256, ShapedAxis((16, 16))), bias = ViewAxis(257:272, ShapedAxis((16, 1))))), layer_3 = ViewAxis(321:592, Axis(weight = ViewAxis(1:256, ShapedAxis((16, 16))), bias = ViewAxis(257:272, ShapedAxis((16, 1))))), layer_4 = ViewAxis(593:609, Axis(weight = ViewAxis(1:16, ShapedAxis((1, 16))), bias = ViewAxis(17:17, ShapedAxis((1, 1))))))), ode_par = 610:669)}}}, Float64}}, FunctionWrappers.FunctionWrapper{Nothing, Tuple{Vector{ForwardDiff.Dual{ForwardDiff.Tag{DiffEqBase.OrdinaryDiffEqTag, Float64}, Float64, 1}}, Vector{Float64}, ComponentVector{Float64, SubArray{Float64, 1, Vector{Float64}, Tuple{UnitRange{Int64}}, true}, Tuple{Axis{(p_net = ViewAxis(1:609, Axis(layer_1 = ViewAxis(1:48, Axis(weight = ViewAxis(1:32, ShapedAxis((16, 2))), bias = ViewAxis(33:48, ShapedAxis((16, 1))))), layer_2 = ViewAxis(49:320, Axis(weight = ViewAxis(1:256, ShapedAxis((16, 16))), bias = ViewAxis(257:272, ShapedAxis((16, 1))))), layer_3 = ViewAxis(321:592, Axis(weight = ViewAxis(1:256, ShapedAxis((16, 16))), bias = ViewAxis(257:272, ShapedAxis((16, 1))))), layer_4 = ViewAxis(593:609, Axis(weight = ViewAxis(1:16, ShapedAxis((1, 16))), bias = ViewAxis(17:17, ShapedAxis((1, 1))))))), ode_par = 610:669)}}}, ForwardDiff.Dual{ForwardDiff.Tag{DiffEqBase.OrdinaryDiffEqTag, Float64}, Float64, 1}}}, FunctionWrappers.FunctionWrapper{Nothing, Tuple{Vector{ForwardDiff.Dual{ForwardDiff.Tag{DiffEqBase.OrdinaryDiffEqTag, Float64}, Float64, 1}}, Vector{ForwardDiff.Dual{ForwardDiff.Tag{DiffEqBase.OrdinaryDiffEqTag, Float64}, Float64, 1}}, ComponentVector{Float64, SubArray{Float64, 1, Vector{Float64}, Tuple{UnitRange{Int64}}, true}, Tuple{Axis{(p_net = ViewAxis(1:609, Axis(layer_1 = ViewAxis(1:48, Axis(weight = ViewAxis(1:32, ShapedAxis((16, 2))), bias = ViewAxis(33:48, ShapedAxis((16, 1))))), layer_2 = ViewAxis(49:320, Axis(weight = ViewAxis(1:256, ShapedAxis((16, 16))), bias = ViewAxis(257:272, ShapedAxis((16, 1))))), layer_3 = ViewAxis(321:592, Axis(weight = ViewAxis(1:256, ShapedAxis((16, 16))), bias = ViewAxis(257:272, ShapedAxis((16, 1))))), layer_4 = ViewAxis(593:609, Axis(weight = ViewAxis(1:16, ShapedAxis((1, 16))), bias = ViewAxis(17:17, ShapedAxis((1, 1))))))), ode_par = 610:669)}}}, ForwardDiff.Dual{ForwardDiff.Tag{DiffEqBase.OrdinaryDiffEqTag, Float64}, Float64, 1}}}}, false}, UniformScaling{Bool}, Nothing, Nothing, Nothing, Nothing, Nothing, Nothing, Nothing, Nothing, Nothing, Nothing, Nothing, Nothing, Nothing, Nothing, typeof(SciMLBase.DEFAULT_OBSERVED), Nothing, Nothing}, Float64, ComponentVector{Float64, SubArray{Float64, 1, Vector{Float64}, Tuple{UnitRange{Int64}}, true}, Tuple{Axis{(p_net = ViewAxis(1:609, Axis(layer_1 = ViewAxis(1:48, Axis(weight = ViewAxis(1:32, ShapedAxis((16, 2))), bias = ViewAxis(33:48, ShapedAxis((16, 1))))), layer_2 = ViewAxis(49:320, Axis(weight = ViewAxis(1:256, ShapedAxis((16, 16))), bias = ViewAxis(257:272, ShapedAxis((16, 1))))), layer_3 = ViewAxis(321:592, Axis(weight = ViewAxis(1:256, ShapedAxis((16, 16))), bias = ViewAxis(257:272, ShapedAxis((16, 1))))), layer_4 = ViewAxis(593:609, Axis(weight = ViewAxis(1:16, ShapedAxis((1, 16))), bias = ViewAxis(17:17, ShapedAxis((1, 1))))))), ode_par = 610:669)}}}}, FiniteDiff.JacobianCache{Vector{Float64}, Vector{Float64}, Vector{Float64}, Vector{Float64}, UnitRange{Int64}, Nothing, Val{:forward}(), Float64}, LinearSolve.LinearCache{Matrix{Float64}, Vector{Float64}, Vector{Float64}, SciMLBase.NullParameters, LinearSolve.DefaultLinearSolver, LinearSolve.DefaultLinearSolverInit{LU{Float64, Matrix{Float64}, Vector{Int64}}, LinearAlgebra.QRCompactWY{Float64, Matrix{Float64}, Matrix{Float64}}, Nothing, Nothing, Nothing, Nothing, Nothing, Nothing, LU{Float64, Matrix{Float64}, Vector{Int64}}, Tuple{LU{Float64, Matrix{Float64}, Vector{Int64}}, Vector{Int64}}, Nothing, Nothing, Nothing, SVD{Float64, Float64, Matrix{Float64}, Vector{Float64}}, Cholesky{Float64, Matrix{Float64}}, Cholesky{Float64, Matrix{Float64}}, Tuple{LU{Float64, Matrix{Float64}, Vector{Int32}}, Base.RefValue{Int32}}, Tuple{LU{Float64, Matrix{Float64}, Vector{Int64}}, Base.RefValue{Int64}}, QRPivoted{Float64, Matrix{Float64}, Vector{Float64}, Vector{Int64}}}, LinearSolve.InvPreconditioner{Diagonal{Float64, Vector{Float64}}}, Diagonal{Float64, Vector{Float64}}, Float64, Bool}}}}}, SciMLBase.DEStats, Nothing}, ODEFunction{true, SciMLBase.AutoSpecialize, FunctionWrappersWrappers.FunctionWrappersWrapper{Tuple{FunctionWrappers.FunctionWrapper{Nothing, Tuple{Vector{Float64}, Vector{Float64}, ComponentVector{Float64, SubArray{Float64, 1, Vector{Float64}, Tuple{UnitRange{Int64}}, true}, Tuple{Axis{(p_net = ViewAxis(1:609, Axis(layer_1 = ViewAxis(1:48, Axis(weight = ViewAxis(1:32, ShapedAxis((16, 2))), bias = ViewAxis(33:48, ShapedAxis((16, 1))))), layer_2 = ViewAxis(49:320, Axis(weight = ViewAxis(1:256, ShapedAxis((16, 16))), bias = ViewAxis(257:272, ShapedAxis((16, 1))))), layer_3 = ViewAxis(321:592, Axis(weight = ViewAxis(1:256, ShapedAxis((16, 16))), bias = ViewAxis(257:272, ShapedAxis((16, 1))))), layer_4 = ViewAxis(593:609, Axis(weight = ViewAxis(1:16, ShapedAxis((1, 16))), bias = ViewAxis(17:17, ShapedAxis((1, 1))))))), ode_par = 610:669)}}}, Float64}}, FunctionWrappers.FunctionWrapper{Nothing, Tuple{Vector{ForwardDiff.Dual{ForwardDiff.Tag{DiffEqBase.OrdinaryDiffEqTag, Float64}, Float64, 1}}, Vector{ForwardDiff.Dual{ForwardDiff.Tag{DiffEqBase.OrdinaryDiffEqTag, Float64}, Float64, 1}}, ComponentVector{Float64, SubArray{Float64, 1, Vector{Float64}, Tuple{UnitRange{Int64}}, true}, Tuple{Axis{(p_net = ViewAxis(1:609, Axis(layer_1 = ViewAxis(1:48, Axis(weight = ViewAxis(1:32, ShapedAxis((16, 2))), bias = ViewAxis(33:48, ShapedAxis((16, 1))))), layer_2 = ViewAxis(49:320, Axis(weight = ViewAxis(1:256, ShapedAxis((16, 16))), bias = ViewAxis(257:272, ShapedAxis((16, 1))))), layer_3 = ViewAxis(321:592, Axis(weight = ViewAxis(1:256, ShapedAxis((16, 16))), bias = ViewAxis(257:272, ShapedAxis((16, 1))))), layer_4 = ViewAxis(593:609, Axis(weight = ViewAxis(1:16, ShapedAxis((1, 16))), bias = ViewAxis(17:17, ShapedAxis((1, 1))))))), ode_par = 610:669)}}}, Float64}}, FunctionWrappers.FunctionWrapper{Nothing, Tuple{Vector{ForwardDiff.Dual{ForwardDiff.Tag{DiffEqBase.OrdinaryDiffEqTag, Float64}, Float64, 1}}, Vector{Float64}, ComponentVector{Float64, SubArray{Float64, 1, Vector{Float64}, Tuple{UnitRange{Int64}}, true}, Tuple{Axis{(p_net = ViewAxis(1:609, Axis(layer_1 = ViewAxis(1:48, Axis(weight = ViewAxis(1:32, ShapedAxis((16, 2))), bias = ViewAxis(33:48, ShapedAxis((16, 1))))), layer_2 = ViewAxis(49:320, Axis(weight = ViewAxis(1:256, ShapedAxis((16, 16))), bias = ViewAxis(257:272, ShapedAxis((16, 1))))), layer_3 = ViewAxis(321:592, Axis(weight = ViewAxis(1:256, ShapedAxis((16, 16))), bias = ViewAxis(257:272, ShapedAxis((16, 1))))), layer_4 = ViewAxis(593:609, Axis(weight = ViewAxis(1:16, ShapedAxis((1, 16))), bias = ViewAxis(17:17, ShapedAxis((1, 1))))))), ode_par = 610:669)}}}, ForwardDiff.Dual{ForwardDiff.Tag{DiffEqBase.OrdinaryDiffEqTag, Float64}, Float64, 1}}}, FunctionWrappers.FunctionWrapper{Nothing, Tuple{Vector{ForwardDiff.Dual{ForwardDiff.Tag{DiffEqBase.OrdinaryDiffEqTag, Float64}, Float64, 1}}, Vector{ForwardDiff.Dual{ForwardDiff.Tag{DiffEqBase.OrdinaryDiffEqTag, Float64}, Float64, 1}}, ComponentVector{Float64, SubArray{Float64, 1, Vector{Float64}, Tuple{UnitRange{Int64}}, true}, Tuple{Axis{(p_net = ViewAxis(1:609, Axis(layer_1 = ViewAxis(1:48, Axis(weight = ViewAxis(1:32, ShapedAxis((16, 2))), bias = ViewAxis(33:48, ShapedAxis((16, 1))))), layer_2 = ViewAxis(49:320, Axis(weight = ViewAxis(1:256, ShapedAxis((16, 16))), bias = ViewAxis(257:272, ShapedAxis((16, 1))))), layer_3 = ViewAxis(321:592, Axis(weight = ViewAxis(1:256, ShapedAxis((16, 16))), bias = ViewAxis(257:272, ShapedAxis((16, 1))))), layer_4 = ViewAxis(593:609, Axis(weight = ViewAxis(1:16, ShapedAxis((1, 16))), bias = ViewAxis(17:17, ShapedAxis((1, 1))))))), ode_par = 610:669)}}}, ForwardDiff.Dual{ForwardDiff.Tag{DiffEqBase.OrdinaryDiffEqTag, Float64}, Float64, 1}}}}, false}, UniformScaling{Bool}, Nothing, Nothing, Nothing, Nothing, Nothing, Nothing, Nothing, Nothing, Nothing, Nothing, Nothing, Nothing, Nothing, Nothing, typeof(SciMLBase.DEFAULT_OBSERVED), Nothing, Nothing}}, UniformScaling{Bool}, Nothing, Nothing, Nothing, Nothing, Nothing, Nothing, Nothing, Nothing, Nothing, Nothing, Nothing, Nothing, Nothing, Nothing, typeof(SciMLBase.DEFAULT_OBSERVED), Nothing, Nothing}, Float64, ComponentVector{Float64, SubArray{Float64, 1, Vector{Float64}, Tuple{UnitRange{Int64}}, true}, Tuple{Axis{(p_net = ViewAxis(1:609, Axis(layer_1 = ViewAxis(1:48, Axis(weight = ViewAxis(1:32, ShapedAxis((16, 2))), bias = ViewAxis(33:48, ShapedAxis((16, 1))))), layer_2 = ViewAxis(49:320, Axis(weight = ViewAxis(1:256, ShapedAxis((16, 16))), bias = ViewAxis(257:272, ShapedAxis((16, 1))))), layer_3 = ViewAxis(321:592, Axis(weight = ViewAxis(1:256, ShapedAxis((16, 16))), bias = ViewAxis(257:272, ShapedAxis((16, 1))))), layer_4 = ViewAxis(593:609, Axis(weight = ViewAxis(1:16, ShapedAxis((1, 16))), bias = ViewAxis(17:17, ShapedAxis((1, 1))))))), ode_par = 610:669)}}}}, FiniteDiff.JacobianCache{Vector{Float64}, Vector{Float64}, Vector{Float64}, Vector{Float64}, UnitRange{Int64}, Nothing, Val{:forward}(), Float64}, LinearSolve.LinearCache{Matrix{Float64}, Vector{Float64}, Vector{Float64}, SciMLBase.NullParameters, LinearSolve.DefaultLinearSolver, LinearSolve.DefaultLinearSolverInit{LU{Float64, Matrix{Float64}, Vector{Int64}}, LinearAlgebra.QRCompactWY{Float64, Matrix{Float64}, Matrix{Float64}}, Nothing, Nothing, Nothing, Nothing, Nothing, Nothing, LU{Float64, Matrix{Float64}, Vector{Int64}}, Tuple{LU{Float64, Matrix{Float64}, Vector{Int64}}, Vector{Int64}}, Nothing, Nothing, Nothing, SVD{Float64, Float64, Matrix{Float64}, Vector{Float64}}, Cholesky{Float64, Matrix{Float64}}, Cholesky{Float64, Matrix{Float64}}, Tuple{LU{Float64, Matrix{Float64}, Vector{Int32}}, Base.RefValue{Int32}}, Tuple{LU{Float64, Matrix{Float64}, Vector{Int64}}, Base.RefValue{Int64}}, QRPivoted{Float64, Matrix{Float64}, Vector{Float64}, Vector{Int64}}}, LinearSolve.InvPreconditioner{Diagonal{Float64, Vector{Float64}}}, Diagonal{Float64, Vector{Float64}}, Float64, Bool}}}}}, SciMLBase.DEStats, Nothing}, Nothing, ReverseDiff.CompiledTape{ReverseDiff.GradientTape{SciMLSensitivity.var"#214#220"{ODEFunction{true, SciMLBase.AutoSpecialize, var"#f#27"{Chain{NamedTuple{(:layer_1, :layer_2, :layer_3, :layer_4), Tuple{Dense{true, typeof(gelu), typeof(my_glorot_uniform), typeof(my_glorot_uniform)}, Dense{true, typeof(gelu), typeof(my_glorot_uniform), typeof(my_glorot_uniform)}, Dense{true, typeof(gelu), typeof(my_glorot_uniform), typeof(my_glorot_uniform)}, Dense{true, typeof(identity), typeof(my_glorot_uniform), typeof(my_glorot_uniform)}}}, Nothing}, NamedTuple{(:layer_1, :layer_2, :layer_3, :layer_4), NTuple{4, NamedTuple{(), Tuple{}}}}, Vector{Float64}, Vector{Int64}, Vector{Int64}, Vector{Float64}}, UniformScaling{Bool}, Nothing, Nothing, Nothing, Nothing, Nothing, Nothing, Nothing, Nothing, Nothing, Nothing, Nothing, Nothing, Nothing, Nothing, typeof(SciMLBase.DEFAULT_OBSERVED), Nothing, Nothing}}, Tuple{ReverseDiff.TrackedArray{Float64, Float64, 1, Vector{Float64}, Vector{Float64}}, ReverseDiff.TrackedArray{Float64, Float64, 1, ComponentVector{Float64, Vector{Float64}, Tuple{Axis{(p_net = ViewAxis(1:609, Axis(layer_1 = ViewAxis(1:48, Axis(weight = ViewAxis(1:32, ShapedAxis((16, 2))), bias = ViewAxis(33:48, ShapedAxis((16, 1))))), layer_2 = ViewAxis(49:320, Axis(weight = ViewAxis(1:256, ShapedAxis((16, 16))), bias = ViewAxis(257:272, ShapedAxis((16, 1))))), layer_3 = ViewAxis(321:592, Axis(weight = ViewAxis(1:256, ShapedAxis((16, 16))), bias = ViewAxis(257:272, ShapedAxis((16, 1))))), layer_4 = ViewAxis(593:609, Axis(weight = ViewAxis(1:16, ShapedAxis((1, 16))), bias = ViewAxis(17:17, ShapedAxis((1, 1))))))), ode_par = 610:669)}}}, ComponentVector{Float64, Vector{Float64}, Tuple{Axis{(p_net = ViewAxis(1:609, Axis(layer_1 = ViewAxis(1:48, Axis(weight = ViewAxis(1:32, ShapedAxis((16, 2))), bias = ViewAxis(33:48, ShapedAxis((16, 1))))), layer_2 = ViewAxis(49:320, Axis(weight = ViewAxis(1:256, ShapedAxis((16, 16))), bias = ViewAxis(257:272, ShapedAxis((16, 1))))), layer_3 = ViewAxis(321:592, Axis(weight = ViewAxis(1:256, ShapedAxis((16, 16))), bias = ViewAxis(257:272, ShapedAxis((16, 1))))), layer_4 = ViewAxis(593:609, Axis(weight = ViewAxis(1:16, ShapedAxis((1, 16))), bias = ViewAxis(17:17, ShapedAxis((1, 1))))))), ode_par = 610:669)}}}}, ReverseDiff.TrackedArray{Float64, Float64, 1, Vector{Float64}, Vector{Float64}}}, Vector{ReverseDiff.TrackedReal{Float64, Float64, ReverseDiff.TrackedArray{Float64, Float64, 1, ComponentVector{Float64, Vector{Float64}, Tuple{Axis{(p_net = ViewAxis(1:609, Axis(layer_1 = ViewAxis(1:48, Axis(weight = ViewAxis(1:32, ShapedAxis((16, 2))), bias = ViewAxis(33:48, ShapedAxis((16, 1))))), layer_2 = ViewAxis(49:320, Axis(weight = ViewAxis(1:256, ShapedAxis((16, 16))), bias = ViewAxis(257:272, ShapedAxis((16, 1))))), layer_3 = ViewAxis(321:592, Axis(weight = ViewAxis(1:256, ShapedAxis((16, 16))), bias = ViewAxis(257:272, ShapedAxis((16, 1))))), layer_4 = ViewAxis(593:609, Axis(weight = ViewAxis(1:16, ShapedAxis((1, 16))), bias = ViewAxis(17:17, ShapedAxis((1, 1))))))), ode_par = 610:669)}}}, ComponentVector{Float64, Vector{Float64}, Tuple{Axis{(p_net = ViewAxis(1:609, Axis(layer_1 = ViewAxis(1:48, Axis(weight = ViewAxis(1:32, ShapedAxis((16, 2))), bias = ViewAxis(33:48, ShapedAxis((16, 1))))), layer_2 = ViewAxis(49:320, Axis(weight = ViewAxis(1:256, ShapedAxis((16, 16))), bias = ViewAxis(257:272, ShapedAxis((16, 1))))), layer_3 = ViewAxis(321:592, Axis(weight = ViewAxis(1:256, ShapedAxis((16, 16))), bias = ViewAxis(257:272, ShapedAxis((16, 1))))), layer_4 = ViewAxis(593:609, Axis(weight = ViewAxis(1:16, ShapedAxis((1, 16))), bias = ViewAxis(17:17, ShapedAxis((1, 1))))))), ode_par = 610:669)}}}}}}}}, Nothing, Nothing, Nothing}, segs::Vector{QuadGK.Segment{Float64, Adjoint{Float64, ComponentVector{Float64, Vector{Float64}, Tuple{Axis{(p_net = ViewAxis(1:609, Axis(layer_1 = ViewAxis(1:48, Axis(weight = ViewAxis(1:32, ShapedAxis((16, 2))), bias = ViewAxis(33:48, ShapedAxis((16, 1))))), layer_2 = ViewAxis(49:320, Axis(weight = ViewAxis(1:256, ShapedAxis((16, 16))), bias = ViewAxis(257:272, ShapedAxis((16, 1))))), layer_3 = ViewAxis(321:592, Axis(weight = ViewAxis(1:256, ShapedAxis((16, 16))), bias = ViewAxis(257:272, ShapedAxis((16, 1))))), layer_4 = ViewAxis(593:609, Axis(weight = ViewAxis(1:16, ShapedAxis((1, 16))), bias = ViewAxis(17:17, ShapedAxis((1, 1))))))), ode_par = 610:669)}}}}, Float64}}, I::Adjoint{Float64, ComponentVector{Float64, Vector{Float64}, Tuple{Axis{(p_net = ViewAxis(1:609, Axis(layer_1 = ViewAxis(1:48, Axis(weight = ViewAxis(1:32, ShapedAxis((16, 2))), bias = ViewAxis(33:48, ShapedAxis((16, 1))))), layer_2 = ViewAxis(49:320, Axis(weight = ViewAxis(1:256, ShapedAxis((16, 16))), bias = ViewAxis(257:272, ShapedAxis((16, 1))))), layer_3 = ViewAxis(321:592, Axis(weight = ViewAxis(1:256, ShapedAxis((16, 16))), bias = ViewAxis(257:272, ShapedAxis((16, 1))))), layer_4 = ViewAxis(593:609, Axis(weight = ViewAxis(1:16, ShapedAxis((1, 16))), bias = ViewAxis(17:17, ShapedAxis((1, 1))))))), ode_par = 610:669)}}}}, E::Float64, numevals::Int64, x::Vector{Float64}, w::Vector{Float64}, wg::Vector{Float64}, n::Int64, atol::Float64, rtol::Float64, maxevals::Int64, nrm::typeof(norm))
    @ QuadGK ~/.julia/packages/QuadGK/wnfvV/src/adapt.jl:115
  [3] adapt
    @ ~/.julia/packages/QuadGK/wnfvV/src/adapt.jl:96 [inlined]
  [4] do_quadgk(f::AdjointSensitivityIntegrand{ComponentVector{Float64, SubArray{Float64, 1, Vector{Float64}, Tuple{UnitRange{Int64}}, true}, Tuple{Axis{(p_net = ViewAxis(1:609, Axis(layer_1 = ViewAxis(1:48, Axis(weight = ViewAxis(1:32, ShapedAxis((16, 2))), bias = ViewAxis(33:48, ShapedAxis((16, 1))))), layer_2 = ViewAxis(49:320, Axis(weight = ViewAxis(1:256, ShapedAxis((16, 16))), bias = ViewAxis(257:272, ShapedAxis((16, 1))))), layer_3 = ViewAxis(321:592, Axis(weight = ViewAxis(1:256, ShapedAxis((16, 16))), bias = ViewAxis(257:272, ShapedAxis((16, 1))))), layer_4 = ViewAxis(593:609, Axis(weight = ViewAxis(1:16, ShapedAxis((1, 16))), bias = ViewAxis(17:17, ShapedAxis((1, 1))))))), ode_par = 610:669)}}}, Vector{Float64}, Vector{Float64}, Vector{Float64}, ODESolution{Float64, 2, Vector{Vector{Float64}}, Nothing, Nothing, Vector{Float64}, Vector{Vector{Vector{Float64}}}, ODEProblem{Vector{Float64}, Tuple{Float64, Float64}, true, ComponentVector{Float64, SubArray{Float64, 1, Vector{Float64}, Tuple{UnitRange{Int64}}, true}, Tuple{Axis{(p_net = ViewAxis(1:609, Axis(layer_1 = ViewAxis(1:48, Axis(weight = ViewAxis(1:32, ShapedAxis((16, 2))), bias = ViewAxis(33:48, ShapedAxis((16, 1))))), layer_2 = ViewAxis(49:320, Axis(weight = ViewAxis(1:256, ShapedAxis((16, 16))), bias = ViewAxis(257:272, ShapedAxis((16, 1))))), layer_3 = ViewAxis(321:592, Axis(weight = ViewAxis(1:256, ShapedAxis((16, 16))), bias = ViewAxis(257:272, ShapedAxis((16, 1))))), layer_4 = ViewAxis(593:609, Axis(weight = ViewAxis(1:16, ShapedAxis((1, 16))), bias = ViewAxis(17:17, ShapedAxis((1, 1))))))), ode_par = 610:669)}}}, ODEFunction{true, SciMLBase.AutoSpecialize, FunctionWrappersWrappers.FunctionWrappersWrapper{Tuple{FunctionWrappers.FunctionWrapper{Nothing, Tuple{Vector{Float64}, Vector{Float64}, ComponentVector{Float64, SubArray{Float64, 1, Vector{Float64}, Tuple{UnitRange{Int64}}, true}, Tuple{Axis{(p_net = ViewAxis(1:609, Axis(layer_1 = ViewAxis(1:48, Axis(weight = ViewAxis(1:32, ShapedAxis((16, 2))), bias = ViewAxis(33:48, ShapedAxis((16, 1))))), layer_2 = ViewAxis(49:320, Axis(weight = ViewAxis(1:256, ShapedAxis((16, 16))), bias = ViewAxis(257:272, ShapedAxis((16, 1))))), layer_3 = ViewAxis(321:592, Axis(weight = ViewAxis(1:256, ShapedAxis((16, 16))), bias = ViewAxis(257:272, ShapedAxis((16, 1))))), layer_4 = ViewAxis(593:609, Axis(weight = ViewAxis(1:16, ShapedAxis((1, 16))), bias = ViewAxis(17:17, ShapedAxis((1, 1))))))), ode_par = 610:669)}}}, Float64}}, FunctionWrappers.FunctionWrapper{Nothing, Tuple{Vector{ForwardDiff.Dual{ForwardDiff.Tag{DiffEqBase.OrdinaryDiffEqTag, Float64}, Float64, 1}}, Vector{ForwardDiff.Dual{ForwardDiff.Tag{DiffEqBase.OrdinaryDiffEqTag, Float64}, Float64, 1}}, ComponentVector{Float64, SubArray{Float64, 1, Vector{Float64}, Tuple{UnitRange{Int64}}, true}, Tuple{Axis{(p_net = ViewAxis(1:609, Axis(layer_1 = ViewAxis(1:48, Axis(weight = ViewAxis(1:32, ShapedAxis((16, 2))), bias = ViewAxis(33:48, ShapedAxis((16, 1))))), layer_2 = ViewAxis(49:320, Axis(weight = ViewAxis(1:256, ShapedAxis((16, 16))), bias = ViewAxis(257:272, ShapedAxis((16, 1))))), layer_3 = ViewAxis(321:592, Axis(weight = ViewAxis(1:256, ShapedAxis((16, 16))), bias = ViewAxis(257:272, ShapedAxis((16, 1))))), layer_4 = ViewAxis(593:609, Axis(weight = ViewAxis(1:16, ShapedAxis((1, 16))), bias = ViewAxis(17:17, ShapedAxis((1, 1))))))), ode_par = 610:669)}}}, Float64}}, FunctionWrappers.FunctionWrapper{Nothing, Tuple{Vector{ForwardDiff.Dual{ForwardDiff.Tag{DiffEqBase.OrdinaryDiffEqTag, Float64}, Float64, 1}}, Vector{Float64}, ComponentVector{Float64, SubArray{Float64, 1, Vector{Float64}, Tuple{UnitRange{Int64}}, true}, Tuple{Axis{(p_net = ViewAxis(1:609, Axis(layer_1 = ViewAxis(1:48, Axis(weight = ViewAxis(1:32, ShapedAxis((16, 2))), bias = ViewAxis(33:48, ShapedAxis((16, 1))))), layer_2 = ViewAxis(49:320, Axis(weight = ViewAxis(1:256, ShapedAxis((16, 16))), bias = ViewAxis(257:272, ShapedAxis((16, 1))))), layer_3 = ViewAxis(321:592, Axis(weight = ViewAxis(1:256, ShapedAxis((16, 16))), bias = ViewAxis(257:272, ShapedAxis((16, 1))))), layer_4 = ViewAxis(593:609, Axis(weight = ViewAxis(1:16, ShapedAxis((1, 16))), bias = ViewAxis(17:17, ShapedAxis((1, 1))))))), ode_par = 610:669)}}}, ForwardDiff.Dual{ForwardDiff.Tag{DiffEqBase.OrdinaryDiffEqTag, Float64}, Float64, 1}}}, FunctionWrappers.FunctionWrapper{Nothing, Tuple{Vector{ForwardDiff.Dual{ForwardDiff.Tag{DiffEqBase.OrdinaryDiffEqTag, Float64}, Float64, 1}}, Vector{ForwardDiff.Dual{ForwardDiff.Tag{DiffEqBase.OrdinaryDiffEqTag, Float64}, Float64, 1}}, ComponentVector{Float64, SubArray{Float64, 1, Vector{Float64}, Tuple{UnitRange{Int64}}, true}, Tuple{Axis{(p_net = ViewAxis(1:609, Axis(layer_1 = ViewAxis(1:48, Axis(weight = ViewAxis(1:32, ShapedAxis((16, 2))), bias = ViewAxis(33:48, ShapedAxis((16, 1))))), layer_2 = ViewAxis(49:320, Axis(weight = ViewAxis(1:256, ShapedAxis((16, 16))), bias = ViewAxis(257:272, ShapedAxis((16, 1))))), layer_3 = ViewAxis(321:592, Axis(weight = ViewAxis(1:256, ShapedAxis((16, 16))), bias = ViewAxis(257:272, ShapedAxis((16, 1))))), layer_4 = ViewAxis(593:609, Axis(weight = ViewAxis(1:16, ShapedAxis((1, 16))), bias = ViewAxis(17:17, ShapedAxis((1, 1))))))), ode_par = 610:669)}}}, ForwardDiff.Dual{ForwardDiff.Tag{DiffEqBase.OrdinaryDiffEqTag, Float64}, Float64, 1}}}}, false}, UniformScaling{Bool}, Nothing, Nothing, Nothing, Nothing, Nothing, Nothing, Nothing, Nothing, Nothing, Nothing, Nothing, Nothing, Nothing, Nothing, typeof(SciMLBase.DEFAULT_OBSERVED), Nothing, Nothing}, Base.Pairs{Symbol, Union{}, Tuple{}, NamedTuple{(), Tuple{}}}, SciMLBase.StandardODEProblem}, TRBDF2{1, false, Nothing, NLNewton{Rational{Int64}, Rational{Int64}, Rational{Int64}, Rational{Int64}}, typeof(OrdinaryDiffEq.DEFAULT_PRECS), Val{:forward}, true, nothing}, OrdinaryDiffEq.InterpolationData{ODEFunction{true, SciMLBase.AutoSpecialize, FunctionWrappersWrappers.FunctionWrappersWrapper{Tuple{FunctionWrappers.FunctionWrapper{Nothing, Tuple{Vector{Float64}, Vector{Float64}, ComponentVector{Float64, SubArray{Float64, 1, Vector{Float64}, Tuple{UnitRange{Int64}}, true}, Tuple{Axis{(p_net = ViewAxis(1:609, Axis(layer_1 = ViewAxis(1:48, Axis(weight = ViewAxis(1:32, ShapedAxis((16, 2))), bias = ViewAxis(33:48, ShapedAxis((16, 1))))), layer_2 = ViewAxis(49:320, Axis(weight = ViewAxis(1:256, ShapedAxis((16, 16))), bias = ViewAxis(257:272, ShapedAxis((16, 1))))), layer_3 = ViewAxis(321:592, Axis(weight = ViewAxis(1:256, ShapedAxis((16, 16))), bias = ViewAxis(257:272, ShapedAxis((16, 1))))), layer_4 = ViewAxis(593:609, Axis(weight = ViewAxis(1:16, ShapedAxis((1, 16))), bias = ViewAxis(17:17, ShapedAxis((1, 1))))))), ode_par = 610:669)}}}, Float64}}, FunctionWrappers.FunctionWrapper{Nothing, Tuple{Vector{ForwardDiff.Dual{ForwardDiff.Tag{DiffEqBase.OrdinaryDiffEqTag, Float64}, Float64, 1}}, Vector{ForwardDiff.Dual{ForwardDiff.Tag{DiffEqBase.OrdinaryDiffEqTag, Float64}, Float64, 1}}, ComponentVector{Float64, SubArray{Float64, 1, Vector{Float64}, Tuple{UnitRange{Int64}}, true}, Tuple{Axis{(p_net = ViewAxis(1:609, Axis(layer_1 = ViewAxis(1:48, Axis(weight = ViewAxis(1:32, ShapedAxis((16, 2))), bias = ViewAxis(33:48, ShapedAxis((16, 1))))), layer_2 = ViewAxis(49:320, Axis(weight = ViewAxis(1:256, ShapedAxis((16, 16))), bias = ViewAxis(257:272, ShapedAxis((16, 1))))), layer_3 = ViewAxis(321:592, Axis(weight = ViewAxis(1:256, ShapedAxis((16, 16))), bias = ViewAxis(257:272, ShapedAxis((16, 1))))), layer_4 = ViewAxis(593:609, Axis(weight = ViewAxis(1:16, ShapedAxis((1, 16))), bias = ViewAxis(17:17, ShapedAxis((1, 1))))))), ode_par = 610:669)}}}, Float64}}, FunctionWrappers.FunctionWrapper{Nothing, Tuple{Vector{ForwardDiff.Dual{ForwardDiff.Tag{DiffEqBase.OrdinaryDiffEqTag, Float64}, Float64, 1}}, Vector{Float64}, ComponentVector{Float64, SubArray{Float64, 1, Vector{Float64}, Tuple{UnitRange{Int64}}, true}, Tuple{Axis{(p_net = ViewAxis(1:609, Axis(layer_1 = ViewAxis(1:48, Axis(weight = ViewAxis(1:32, ShapedAxis((16, 2))), bias = ViewAxis(33:48, ShapedAxis((16, 1))))), layer_2 = ViewAxis(49:320, Axis(weight = ViewAxis(1:256, ShapedAxis((16, 16))), bias = ViewAxis(257:272, ShapedAxis((16, 1))))), layer_3 = ViewAxis(321:592, Axis(weight = ViewAxis(1:256, ShapedAxis((16, 16))), bias = ViewAxis(257:272, ShapedAxis((16, 1))))), layer_4 = ViewAxis(593:609, Axis(weight = ViewAxis(1:16, ShapedAxis((1, 16))), bias = ViewAxis(17:17, ShapedAxis((1, 1))))))), ode_par = 610:669)}}}, ForwardDiff.Dual{ForwardDiff.Tag{DiffEqBase.OrdinaryDiffEqTag, Float64}, Float64, 1}}}, FunctionWrappers.FunctionWrapper{Nothing, Tuple{Vector{ForwardDiff.Dual{ForwardDiff.Tag{DiffEqBase.OrdinaryDiffEqTag, Float64}, Float64, 1}}, Vector{ForwardDiff.Dual{ForwardDiff.Tag{DiffEqBase.OrdinaryDiffEqTag, Float64}, Float64, 1}}, ComponentVector{Float64, SubArray{Float64, 1, Vector{Float64}, Tuple{UnitRange{Int64}}, true}, Tuple{Axis{(p_net = ViewAxis(1:609, Axis(layer_1 = ViewAxis(1:48, Axis(weight = ViewAxis(1:32, ShapedAxis((16, 2))), bias = ViewAxis(33:48, ShapedAxis((16, 1))))), layer_2 = ViewAxis(49:320, Axis(weight = ViewAxis(1:256, ShapedAxis((16, 16))), bias = ViewAxis(257:272, ShapedAxis((16, 1))))), layer_3 = ViewAxis(321:592, Axis(weight = ViewAxis(1:256, ShapedAxis((16, 16))), bias = ViewAxis(257:272, ShapedAxis((16, 1))))), layer_4 = ViewAxis(593:609, Axis(weight = ViewAxis(1:16, ShapedAxis((1, 16))), bias = ViewAxis(17:17, ShapedAxis((1, 1))))))), ode_par = 610:669)}}}, ForwardDiff.Dual{ForwardDiff.Tag{DiffEqBase.OrdinaryDiffEqTag, Float64}, Float64, 1}}}}, false}, UniformScaling{Bool}, Nothing, Nothing, Nothing, Nothing, Nothing, Nothing, Nothing, Nothing, Nothing, Nothing, Nothing, Nothing, Nothing, Nothing, typeof(SciMLBase.DEFAULT_OBSERVED), Nothing, Nothing}, Vector{Vector{Float64}}, Vector{Float64}, Vector{Vector{Vector{Float64}}}, OrdinaryDiffEq.TRBDF2Cache{Vector{Float64}, Vector{Float64}, Vector{Float64}, OrdinaryDiffEq.TRBDF2Tableau{Float64, Float64}, OrdinaryDiffEq.NLSolver{NLNewton{Rational{Int64}, Rational{Int64}, Rational{Int64}, Rational{Int64}}, true, Vector{Float64}, Float64, Nothing, Float64, OrdinaryDiffEq.NLNewtonCache{Vector{Float64}, Float64, Float64, Vector{Float64}, Matrix{Float64}, Matrix{Float64}, SciMLBase.UJacobianWrapper{true, ODEFunction{true, SciMLBase.AutoSpecialize, FunctionWrappersWrappers.FunctionWrappersWrapper{Tuple{FunctionWrappers.FunctionWrapper{Nothing, Tuple{Vector{Float64}, Vector{Float64}, ComponentVector{Float64, SubArray{Float64, 1, Vector{Float64}, Tuple{UnitRange{Int64}}, true}, Tuple{Axis{(p_net = ViewAxis(1:609, Axis(layer_1 = ViewAxis(1:48, Axis(weight = ViewAxis(1:32, ShapedAxis((16, 2))), bias = ViewAxis(33:48, ShapedAxis((16, 1))))), layer_2 = ViewAxis(49:320, Axis(weight = ViewAxis(1:256, ShapedAxis((16, 16))), bias = ViewAxis(257:272, ShapedAxis((16, 1))))), layer_3 = ViewAxis(321:592, Axis(weight = ViewAxis(1:256, ShapedAxis((16, 16))), bias = ViewAxis(257:272, ShapedAxis((16, 1))))), layer_4 = ViewAxis(593:609, Axis(weight = ViewAxis(1:16, ShapedAxis((1, 16))), bias = ViewAxis(17:17, ShapedAxis((1, 1))))))), ode_par = 610:669)}}}, Float64}}, FunctionWrappers.FunctionWrapper{Nothing, Tuple{Vector{ForwardDiff.Dual{ForwardDiff.Tag{DiffEqBase.OrdinaryDiffEqTag, Float64}, Float64, 1}}, Vector{ForwardDiff.Dual{ForwardDiff.Tag{DiffEqBase.OrdinaryDiffEqTag, Float64}, Float64, 1}}, ComponentVector{Float64, SubArray{Float64, 1, Vector{Float64}, Tuple{UnitRange{Int64}}, true}, Tuple{Axis{(p_net = ViewAxis(1:609, Axis(layer_1 = ViewAxis(1:48, Axis(weight = ViewAxis(1:32, ShapedAxis((16, 2))), bias = ViewAxis(33:48, ShapedAxis((16, 1))))), layer_2 = ViewAxis(49:320, Axis(weight = ViewAxis(1:256, ShapedAxis((16, 16))), bias = ViewAxis(257:272, ShapedAxis((16, 1))))), layer_3 = ViewAxis(321:592, Axis(weight = ViewAxis(1:256, ShapedAxis((16, 16))), bias = ViewAxis(257:272, ShapedAxis((16, 1))))), layer_4 = ViewAxis(593:609, Axis(weight = ViewAxis(1:16, ShapedAxis((1, 16))), bias = ViewAxis(17:17, ShapedAxis((1, 1))))))), ode_par = 610:669)}}}, Float64}}, FunctionWrappers.FunctionWrapper{Nothing, Tuple{Vector{ForwardDiff.Dual{ForwardDiff.Tag{DiffEqBase.OrdinaryDiffEqTag, Float64}, Float64, 1}}, Vector{Float64}, ComponentVector{Float64, SubArray{Float64, 1, Vector{Float64}, Tuple{UnitRange{Int64}}, true}, Tuple{Axis{(p_net = ViewAxis(1:609, Axis(layer_1 = ViewAxis(1:48, Axis(weight = ViewAxis(1:32, ShapedAxis((16, 2))), bias = ViewAxis(33:48, ShapedAxis((16, 1))))), layer_2 = ViewAxis(49:320, Axis(weight = ViewAxis(1:256, ShapedAxis((16, 16))), bias = ViewAxis(257:272, ShapedAxis((16, 1))))), layer_3 = ViewAxis(321:592, Axis(weight = ViewAxis(1:256, ShapedAxis((16, 16))), bias = ViewAxis(257:272, ShapedAxis((16, 1))))), layer_4 = ViewAxis(593:609, Axis(weight = ViewAxis(1:16, ShapedAxis((1, 16))), bias = ViewAxis(17:17, ShapedAxis((1, 1))))))), ode_par = 610:669)}}}, ForwardDiff.Dual{ForwardDiff.Tag{DiffEqBase.OrdinaryDiffEqTag, Float64}, Float64, 1}}}, FunctionWrappers.FunctionWrapper{Nothing, Tuple{Vector{ForwardDiff.Dual{ForwardDiff.Tag{DiffEqBase.OrdinaryDiffEqTag, Float64}, Float64, 1}}, Vector{ForwardDiff.Dual{ForwardDiff.Tag{DiffEqBase.OrdinaryDiffEqTag, Float64}, Float64, 1}}, ComponentVector{Float64, SubArray{Float64, 1, Vector{Float64}, Tuple{UnitRange{Int64}}, true}, Tuple{Axis{(p_net = ViewAxis(1:609, Axis(layer_1 = ViewAxis(1:48, Axis(weight = ViewAxis(1:32, ShapedAxis((16, 2))), bias = ViewAxis(33:48, ShapedAxis((16, 1))))), layer_2 = ViewAxis(49:320, Axis(weight = ViewAxis(1:256, ShapedAxis((16, 16))), bias = ViewAxis(257:272, ShapedAxis((16, 1))))), layer_3 = ViewAxis(321:592, Axis(weight = ViewAxis(1:256, ShapedAxis((16, 16))), bias = ViewAxis(257:272, ShapedAxis((16, 1))))), layer_4 = ViewAxis(593:609, Axis(weight = ViewAxis(1:16, ShapedAxis((1, 16))), bias = ViewAxis(17:17, ShapedAxis((1, 1))))))), ode_par = 610:669)}}}, ForwardDiff.Dual{ForwardDiff.Tag{DiffEqBase.OrdinaryDiffEqTag, Float64}, Float64, 1}}}}, false}, UniformScaling{Bool}, Nothing, Nothing, Nothing, Nothing, Nothing, Nothing, Nothing, Nothing, Nothing, Nothing, Nothing, Nothing, Nothing, Nothing, typeof(SciMLBase.DEFAULT_OBSERVED), Nothing, Nothing}, Float64, ComponentVector{Float64, SubArray{Float64, 1, Vector{Float64}, Tuple{UnitRange{Int64}}, true}, Tuple{Axis{(p_net = ViewAxis(1:609, Axis(layer_1 = ViewAxis(1:48, Axis(weight = ViewAxis(1:32, ShapedAxis((16, 2))), bias = ViewAxis(33:48, ShapedAxis((16, 1))))), layer_2 = ViewAxis(49:320, Axis(weight = ViewAxis(1:256, ShapedAxis((16, 16))), bias = ViewAxis(257:272, ShapedAxis((16, 1))))), layer_3 = ViewAxis(321:592, Axis(weight = ViewAxis(1:256, ShapedAxis((16, 16))), bias = ViewAxis(257:272, ShapedAxis((16, 1))))), layer_4 = ViewAxis(593:609, Axis(weight = ViewAxis(1:16, ShapedAxis((1, 16))), bias = ViewAxis(17:17, ShapedAxis((1, 1))))))), ode_par = 610:669)}}}}, FiniteDiff.JacobianCache{Vector{Float64}, Vector{Float64}, Vector{Float64}, Vector{Float64}, UnitRange{Int64}, Nothing, Val{:forward}(), Float64}, LinearSolve.LinearCache{Matrix{Float64}, Vector{Float64}, Vector{Float64}, SciMLBase.NullParameters, LinearSolve.DefaultLinearSolver, LinearSolve.DefaultLinearSolverInit{LU{Float64, Matrix{Float64}, Vector{Int64}}, LinearAlgebra.QRCompactWY{Float64, Matrix{Float64}, Matrix{Float64}}, Nothing, Nothing, Nothing, Nothing, Nothing, Nothing, LU{Float64, Matrix{Float64}, Vector{Int64}}, Tuple{LU{Float64, Matrix{Float64}, Vector{Int64}}, Vector{Int64}}, Nothing, Nothing, Nothing, SVD{Float64, Float64, Matrix{Float64}, Vector{Float64}}, Cholesky{Float64, Matrix{Float64}}, Cholesky{Float64, Matrix{Float64}}, Tuple{LU{Float64, Matrix{Float64}, Vector{Int32}}, Base.RefValue{Int32}}, Tuple{LU{Float64, Matrix{Float64}, Vector{Int64}}, Base.RefValue{Int64}}, QRPivoted{Float64, Matrix{Float64}, Vector{Float64}, Vector{Int64}}}, LinearSolve.InvPreconditioner{Diagonal{Float64, Vector{Float64}}}, Diagonal{Float64, Vector{Float64}}, Float64, Bool}}}}}, SciMLBase.DEStats, Nothing}, ODESolution{Float64, 2, Vector{Vector{Float64}}, Nothing, Nothing, Vector{Float64}, Vector{Vector{Vector{Float64}}}, ODEProblem{Vector{Float64}, Tuple{Float64, Float64}, true, ComponentVector{Float64, SubArray{Float64, 1, Vector{Float64}, Tuple{UnitRange{Int64}}, true}, Tuple{Axis{(p_net = ViewAxis(1:609, Axis(layer_1 = ViewAxis(1:48, Axis(weight = ViewAxis(1:32, ShapedAxis((16, 2))), bias = ViewAxis(33:48, ShapedAxis((16, 1))))), layer_2 = ViewAxis(49:320, Axis(weight = ViewAxis(1:256, ShapedAxis((16, 16))), bias = ViewAxis(257:272, ShapedAxis((16, 1))))), layer_3 = ViewAxis(321:592, Axis(weight = ViewAxis(1:256, ShapedAxis((16, 16))), bias = ViewAxis(257:272, ShapedAxis((16, 1))))), layer_4 = ViewAxis(593:609, Axis(weight = ViewAxis(1:16, ShapedAxis((1, 16))), bias = ViewAxis(17:17, ShapedAxis((1, 1))))))), ode_par = 610:669)}}}, ODEFunction{true, true, SciMLSensitivity.ODEQuadratureAdjointSensitivityFunction{SciMLSensitivity.AdjointDiffCache{Nothing, Nothing, Nothing, Nothing, Nothing, Nothing, Nothing, Nothing, ReverseDiff.CompiledTape{ReverseDiff.GradientTape{SciMLSensitivity.var"#123#127"{ODEFunction{true, SciMLBase.AutoSpecialize, var"#f#27"{Chain{NamedTuple{(:layer_1, :layer_2, :layer_3, :layer_4), Tuple{Dense{true, typeof(gelu), typeof(my_glorot_uniform), typeof(my_glorot_uniform)}, Dense{true, typeof(gelu), typeof(my_glorot_uniform), typeof(my_glorot_uniform)}, Dense{true, typeof(gelu), typeof(my_glorot_uniform), typeof(my_glorot_uniform)}, Dense{true, typeof(identity), typeof(my_glorot_uniform), typeof(my_glorot_uniform)}}}, Nothing}, NamedTuple{(:layer_1, :layer_2, :layer_3, :layer_4), NTuple{4, NamedTuple{(), Tuple{}}}}, Vector{Float64}, Vector{Int64}, Vector{Int64}, Vector{Float64}}, UniformScaling{Bool}, Nothing, Nothing, Nothing, Nothing, Nothing, Nothing, Nothing, Nothing, Nothing, Nothing, Nothing, Nothing, Nothing, Nothing, typeof(SciMLBase.DEFAULT_OBSERVED), Nothing, Nothing}}, Tuple{ReverseDiff.TrackedArray{Float64, Float64, 1, Vector{Float64}, Vector{Float64}}, ReverseDiff.TrackedArray{Float64, Float64, 1, ComponentVector{Float64, Vector{Float64}, Tuple{Axis{(p_net = ViewAxis(1:609, Axis(layer_1 = ViewAxis(1:48, Axis(weight = ViewAxis(1:32, ShapedAxis((16, 2))), bias = ViewAxis(33:48, ShapedAxis((16, 1))))), layer_2 = ViewAxis(49:320, Axis(weight = ViewAxis(1:256, ShapedAxis((16, 16))), bias = ViewAxis(257:272, ShapedAxis((16, 1))))), layer_3 = ViewAxis(321:592, Axis(weight = ViewAxis(1:256, ShapedAxis((16, 16))), bias = ViewAxis(257:272, ShapedAxis((16, 1))))), layer_4 = ViewAxis(593:609, Axis(weight = ViewAxis(1:16, ShapedAxis((1, 16))), bias = ViewAxis(17:17, ShapedAxis((1, 1))))))), ode_par = 610:669)}}}, ComponentVector{Float64, Vector{Float64}, Tuple{Axis{(p_net = ViewAxis(1:609, Axis(layer_1 = ViewAxis(1:48, Axis(weight = ViewAxis(1:32, ShapedAxis((16, 2))), bias = ViewAxis(33:48, ShapedAxis((16, 1))))), layer_2 = ViewAxis(49:320, Axis(weight = ViewAxis(1:256, ShapedAxis((16, 16))), bias = ViewAxis(257:272, ShapedAxis((16, 1))))), layer_3 = ViewAxis(321:592, Axis(weight = ViewAxis(1:256, ShapedAxis((16, 16))), bias = ViewAxis(257:272, ShapedAxis((16, 1))))), layer_4 = ViewAxis(593:609, Axis(weight = ViewAxis(1:16, ShapedAxis((1, 16))), bias = ViewAxis(17:17, ShapedAxis((1, 1))))))), ode_par = 610:669)}}}}, ReverseDiff.TrackedArray{Float64, Float64, 1, Vector{Float64}, Vector{Float64}}}, Vector{ReverseDiff.TrackedReal{Float64, Float64, ReverseDiff.TrackedArray{Float64, Float64, 1, ComponentVector{Float64, Vector{Float64}, Tuple{Axis{(p_net = ViewAxis(1:609, Axis(layer_1 = ViewAxis(1:48, Axis(weight = ViewAxis(1:32, ShapedAxis((16, 2))), bias = ViewAxis(33:48, ShapedAxis((16, 1))))), layer_2 = ViewAxis(49:320, Axis(weight = ViewAxis(1:256, ShapedAxis((16, 16))), bias = ViewAxis(257:272, ShapedAxis((16, 1))))), layer_3 = ViewAxis(321:592, Axis(weight = ViewAxis(1:256, ShapedAxis((16, 16))), bias = ViewAxis(257:272, ShapedAxis((16, 1))))), layer_4 = ViewAxis(593:609, Axis(weight = ViewAxis(1:16, ShapedAxis((1, 16))), bias = ViewAxis(17:17, ShapedAxis((1, 1))))))), ode_par = 610:669)}}}, ComponentVector{Float64, Vector{Float64}, Tuple{Axis{(p_net = ViewAxis(1:609, Axis(layer_1 = ViewAxis(1:48, Axis(weight = ViewAxis(1:32, ShapedAxis((16, 2))), bias = ViewAxis(33:48, ShapedAxis((16, 1))))), layer_2 = ViewAxis(49:320, Axis(weight = ViewAxis(1:256, ShapedAxis((16, 16))), bias = ViewAxis(257:272, ShapedAxis((16, 1))))), layer_3 = ViewAxis(321:592, Axis(weight = ViewAxis(1:256, ShapedAxis((16, 16))), bias = ViewAxis(257:272, ShapedAxis((16, 1))))), layer_4 = ViewAxis(593:609, Axis(weight = ViewAxis(1:16, ShapedAxis((1, 16))), bias = ViewAxis(17:17, ShapedAxis((1, 1))))))), ode_par = 610:669)}}}}}}}}, Nothing, Nothing, Vector{Float64}, Nothing, Nothing, Base.OneTo{Int64}, UnitRange{Int64}, UniformScaling{Bool}}, QuadratureAdjoint{0, true, Val{:central}, ReverseDiffVJP{true}}, Vector{Float64}, ODESolution{Float64, 2, Vector{Vector{Float64}}, Nothing, Nothing, Vector{Float64}, Vector{Vector{Vector{Float64}}}, ODEProblem{Vector{Float64}, Tuple{Float64, Float64}, true, ComponentVector{Float64, SubArray{Float64, 1, Vector{Float64}, Tuple{UnitRange{Int64}}, true}, Tuple{Axis{(p_net = ViewAxis(1:609, Axis(layer_1 = ViewAxis(1:48, Axis(weight = ViewAxis(1:32, ShapedAxis((16, 2))), bias = ViewAxis(33:48, ShapedAxis((16, 1))))), layer_2 = ViewAxis(49:320, Axis(weight = ViewAxis(1:256, ShapedAxis((16, 16))), bias = ViewAxis(257:272, ShapedAxis((16, 1))))), layer_3 = ViewAxis(321:592, Axis(weight = ViewAxis(1:256, ShapedAxis((16, 16))), bias = ViewAxis(257:272, ShapedAxis((16, 1))))), layer_4 = ViewAxis(593:609, Axis(weight = ViewAxis(1:16, ShapedAxis((1, 16))), bias = ViewAxis(17:17, ShapedAxis((1, 1))))))), ode_par = 610:669)}}}, ODEFunction{true, SciMLBase.AutoSpecialize, FunctionWrappersWrappers.FunctionWrappersWrapper{Tuple{FunctionWrappers.FunctionWrapper{Nothing, Tuple{Vector{Float64}, Vector{Float64}, ComponentVector{Float64, SubArray{Float64, 1, Vector{Float64}, Tuple{UnitRange{Int64}}, true}, Tuple{Axis{(p_net = ViewAxis(1:609, Axis(layer_1 = ViewAxis(1:48, Axis(weight = ViewAxis(1:32, ShapedAxis((16, 2))), bias = ViewAxis(33:48, ShapedAxis((16, 1))))), layer_2 = ViewAxis(49:320, Axis(weight = ViewAxis(1:256, ShapedAxis((16, 16))), bias = ViewAxis(257:272, ShapedAxis((16, 1))))), layer_3 = ViewAxis(321:592, Axis(weight = ViewAxis(1:256, ShapedAxis((16, 16))), bias = ViewAxis(257:272, ShapedAxis((16, 1))))), layer_4 = ViewAxis(593:609, Axis(weight = ViewAxis(1:16, ShapedAxis((1, 16))), bias = ViewAxis(17:17, ShapedAxis((1, 1))))))), ode_par = 610:669)}}}, Float64}}, FunctionWrappers.FunctionWrapper{Nothing, Tuple{Vector{ForwardDiff.Dual{ForwardDiff.Tag{DiffEqBase.OrdinaryDiffEqTag, Float64}, Float64, 1}}, Vector{ForwardDiff.Dual{ForwardDiff.Tag{DiffEqBase.OrdinaryDiffEqTag, Float64}, Float64, 1}}, ComponentVector{Float64, SubArray{Float64, 1, Vector{Float64}, Tuple{UnitRange{Int64}}, true}, Tuple{Axis{(p_net = ViewAxis(1:609, Axis(layer_1 = ViewAxis(1:48, Axis(weight = ViewAxis(1:32, ShapedAxis((16, 2))), bias = ViewAxis(33:48, ShapedAxis((16, 1))))), layer_2 = ViewAxis(49:320, Axis(weight = ViewAxis(1:256, ShapedAxis((16, 16))), bias = ViewAxis(257:272, ShapedAxis((16, 1))))), layer_3 = ViewAxis(321:592, Axis(weight = ViewAxis(1:256, ShapedAxis((16, 16))), bias = ViewAxis(257:272, ShapedAxis((16, 1))))), layer_4 = ViewAxis(593:609, Axis(weight = ViewAxis(1:16, ShapedAxis((1, 16))), bias = ViewAxis(17:17, ShapedAxis((1, 1))))))), ode_par = 610:669)}}}, Float64}}, FunctionWrappers.FunctionWrapper{Nothing, Tuple{Vector{ForwardDiff.Dual{ForwardDiff.Tag{DiffEqBase.OrdinaryDiffEqTag, Float64}, Float64, 1}}, Vector{Float64}, ComponentVector{Float64, SubArray{Float64, 1, Vector{Float64}, Tuple{UnitRange{Int64}}, true}, Tuple{Axis{(p_net = ViewAxis(1:609, Axis(layer_1 = ViewAxis(1:48, Axis(weight = ViewAxis(1:32, ShapedAxis((16, 2))), bias = ViewAxis(33:48, ShapedAxis((16, 1))))), layer_2 = ViewAxis(49:320, Axis(weight = ViewAxis(1:256, ShapedAxis((16, 16))), bias = ViewAxis(257:272, ShapedAxis((16, 1))))), layer_3 = ViewAxis(321:592, Axis(weight = ViewAxis(1:256, ShapedAxis((16, 16))), bias = ViewAxis(257:272, ShapedAxis((16, 1))))), layer_4 = ViewAxis(593:609, Axis(weight = ViewAxis(1:16, ShapedAxis((1, 16))), bias = ViewAxis(17:17, ShapedAxis((1, 1))))))), ode_par = 610:669)}}}, ForwardDiff.Dual{ForwardDiff.Tag{DiffEqBase.OrdinaryDiffEqTag, Float64}, Float64, 1}}}, FunctionWrappers.FunctionWrapper{Nothing, Tuple{Vector{ForwardDiff.Dual{ForwardDiff.Tag{DiffEqBase.OrdinaryDiffEqTag, Float64}, Float64, 1}}, Vector{ForwardDiff.Dual{ForwardDiff.Tag{DiffEqBase.OrdinaryDiffEqTag, Float64}, Float64, 1}}, ComponentVector{Float64, SubArray{Float64, 1, Vector{Float64}, Tuple{UnitRange{Int64}}, true}, Tuple{Axis{(p_net = ViewAxis(1:609, Axis(layer_1 = ViewAxis(1:48, Axis(weight = ViewAxis(1:32, ShapedAxis((16, 2))), bias = ViewAxis(33:48, ShapedAxis((16, 1))))), layer_2 = ViewAxis(49:320, Axis(weight = ViewAxis(1:256, ShapedAxis((16, 16))), bias = ViewAxis(257:272, ShapedAxis((16, 1))))), layer_3 = ViewAxis(321:592, Axis(weight = ViewAxis(1:256, ShapedAxis((16, 16))), bias = ViewAxis(257:272, ShapedAxis((16, 1))))), layer_4 = ViewAxis(593:609, Axis(weight = ViewAxis(1:16, ShapedAxis((1, 16))), bias = ViewAxis(17:17, ShapedAxis((1, 1))))))), ode_par = 610:669)}}}, ForwardDiff.Dual{ForwardDiff.Tag{DiffEqBase.OrdinaryDiffEqTag, Float64}, Float64, 1}}}}, false}, UniformScaling{Bool}, Nothing, Nothing, Nothing, Nothing, Nothing, Nothing, Nothing, Nothing, Nothing, Nothing, Nothing, Nothing, Nothing, Nothing, typeof(SciMLBase.DEFAULT_OBSERVED), Nothing, Nothing}, Base.Pairs{Symbol, Union{}, Tuple{}, NamedTuple{(), Tuple{}}}, SciMLBase.StandardODEProblem}, TRBDF2{1, false, Nothing, NLNewton{Rational{Int64}, Rational{Int64}, Rational{Int64}, Rational{Int64}}, typeof(OrdinaryDiffEq.DEFAULT_PRECS), Val{:forward}, true, nothing}, OrdinaryDiffEq.InterpolationData{ODEFunction{true, SciMLBase.AutoSpecialize, FunctionWrappersWrappers.FunctionWrappersWrapper{Tuple{FunctionWrappers.FunctionWrapper{Nothing, Tuple{Vector{Float64}, Vector{Float64}, ComponentVector{Float64, SubArray{Float64, 1, Vector{Float64}, Tuple{UnitRange{Int64}}, true}, Tuple{Axis{(p_net = ViewAxis(1:609, Axis(layer_1 = ViewAxis(1:48, Axis(weight = ViewAxis(1:32, ShapedAxis((16, 2))), bias = ViewAxis(33:48, ShapedAxis((16, 1))))), layer_2 = ViewAxis(49:320, Axis(weight = ViewAxis(1:256, ShapedAxis((16, 16))), bias = ViewAxis(257:272, ShapedAxis((16, 1))))), layer_3 = ViewAxis(321:592, Axis(weight = ViewAxis(1:256, ShapedAxis((16, 16))), bias = ViewAxis(257:272, ShapedAxis((16, 1))))), layer_4 = ViewAxis(593:609, Axis(weight = ViewAxis(1:16, ShapedAxis((1, 16))), bias = ViewAxis(17:17, ShapedAxis((1, 1))))))), ode_par = 610:669)}}}, Float64}}, FunctionWrappers.FunctionWrapper{Nothing, Tuple{Vector{ForwardDiff.Dual{ForwardDiff.Tag{DiffEqBase.OrdinaryDiffEqTag, Float64}, Float64, 1}}, Vector{ForwardDiff.Dual{ForwardDiff.Tag{DiffEqBase.OrdinaryDiffEqTag, Float64}, Float64, 1}}, ComponentVector{Float64, SubArray{Float64, 1, Vector{Float64}, Tuple{UnitRange{Int64}}, true}, Tuple{Axis{(p_net = ViewAxis(1:609, Axis(layer_1 = ViewAxis(1:48, Axis(weight = ViewAxis(1:32, ShapedAxis((16, 2))), bias = ViewAxis(33:48, ShapedAxis((16, 1))))), layer_2 = ViewAxis(49:320, Axis(weight = ViewAxis(1:256, ShapedAxis((16, 16))), bias = ViewAxis(257:272, ShapedAxis((16, 1))))), layer_3 = ViewAxis(321:592, Axis(weight = ViewAxis(1:256, ShapedAxis((16, 16))), bias = ViewAxis(257:272, ShapedAxis((16, 1))))), layer_4 = ViewAxis(593:609, Axis(weight = ViewAxis(1:16, ShapedAxis((1, 16))), bias = ViewAxis(17:17, ShapedAxis((1, 1))))))), ode_par = 610:669)}}}, Float64}}, FunctionWrappers.FunctionWrapper{Nothing, Tuple{Vector{ForwardDiff.Dual{ForwardDiff.Tag{DiffEqBase.OrdinaryDiffEqTag, Float64}, Float64, 1}}, Vector{Float64}, ComponentVector{Float64, SubArray{Float64, 1, Vector{Float64}, Tuple{UnitRange{Int64}}, true}, Tuple{Axis{(p_net = ViewAxis(1:609, Axis(layer_1 = ViewAxis(1:48, Axis(weight = ViewAxis(1:32, ShapedAxis((16, 2))), bias = ViewAxis(33:48, ShapedAxis((16, 1))))), layer_2 = ViewAxis(49:320, Axis(weight = ViewAxis(1:256, ShapedAxis((16, 16))), bias = ViewAxis(257:272, ShapedAxis((16, 1))))), layer_3 = ViewAxis(321:592, Axis(weight = ViewAxis(1:256, ShapedAxis((16, 16))), bias = ViewAxis(257:272, ShapedAxis((16, 1))))), layer_4 = ViewAxis(593:609, Axis(weight = ViewAxis(1:16, ShapedAxis((1, 16))), bias = ViewAxis(17:17, ShapedAxis((1, 1))))))), ode_par = 610:669)}}}, ForwardDiff.Dual{ForwardDiff.Tag{DiffEqBase.OrdinaryDiffEqTag, Float64}, Float64, 1}}}, FunctionWrappers.FunctionWrapper{Nothing, Tuple{Vector{ForwardDiff.Dual{ForwardDiff.Tag{DiffEqBase.OrdinaryDiffEqTag, Float64}, Float64, 1}}, Vector{ForwardDiff.Dual{ForwardDiff.Tag{DiffEqBase.OrdinaryDiffEqTag, Float64}, Float64, 1}}, ComponentVector{Float64, SubArray{Float64, 1, Vector{Float64}, Tuple{UnitRange{Int64}}, true}, Tuple{Axis{(p_net = ViewAxis(1:609, Axis(layer_1 = ViewAxis(1:48, Axis(weight = ViewAxis(1:32, ShapedAxis((16, 2))), bias = ViewAxis(33:48, ShapedAxis((16, 1))))), layer_2 = ViewAxis(49:320, Axis(weight = ViewAxis(1:256, ShapedAxis((16, 16))), bias = ViewAxis(257:272, ShapedAxis((16, 1))))), layer_3 = ViewAxis(321:592, Axis(weight = ViewAxis(1:256, ShapedAxis((16, 16))), bias = ViewAxis(257:272, ShapedAxis((16, 1))))), layer_4 = ViewAxis(593:609, Axis(weight = ViewAxis(1:16, ShapedAxis((1, 16))), bias = ViewAxis(17:17, ShapedAxis((1, 1))))))), ode_par = 610:669)}}}, ForwardDiff.Dual{ForwardDiff.Tag{DiffEqBase.OrdinaryDiffEqTag, Float64}, Float64, 1}}}}, false}, UniformScaling{Bool}, Nothing, Nothing, Nothing, Nothing, Nothing, Nothing, Nothing, Nothing, Nothing, Nothing, Nothing, Nothing, Nothing, Nothing, typeof(SciMLBase.DEFAULT_OBSERVED), Nothing, Nothing}, Vector{Vector{Float64}}, Vector{Float64}, Vector{Vector{Vector{Float64}}}, OrdinaryDiffEq.TRBDF2Cache{Vector{Float64}, Vector{Float64}, Vector{Float64}, OrdinaryDiffEq.TRBDF2Tableau{Float64, Float64}, OrdinaryDiffEq.NLSolver{NLNewton{Rational{Int64}, Rational{Int64}, Rational{Int64}, Rational{Int64}}, true, Vector{Float64}, Float64, Nothing, Float64, OrdinaryDiffEq.NLNewtonCache{Vector{Float64}, Float64, Float64, Vector{Float64}, Matrix{Float64}, Matrix{Float64}, SciMLBase.UJacobianWrapper{true, ODEFunction{true, SciMLBase.AutoSpecialize, FunctionWrappersWrappers.FunctionWrappersWrapper{Tuple{FunctionWrappers.FunctionWrapper{Nothing, Tuple{Vector{Float64}, Vector{Float64}, ComponentVector{Float64, SubArray{Float64, 1, Vector{Float64}, Tuple{UnitRange{Int64}}, true}, Tuple{Axis{(p_net = ViewAxis(1:609, Axis(layer_1 = ViewAxis(1:48, Axis(weight = ViewAxis(1:32, ShapedAxis((16, 2))), bias = ViewAxis(33:48, ShapedAxis((16, 1))))), layer_2 = ViewAxis(49:320, Axis(weight = ViewAxis(1:256, ShapedAxis((16, 16))), bias = ViewAxis(257:272, ShapedAxis((16, 1))))), layer_3 = ViewAxis(321:592, Axis(weight = ViewAxis(1:256, ShapedAxis((16, 16))), bias = ViewAxis(257:272, ShapedAxis((16, 1))))), layer_4 = ViewAxis(593:609, Axis(weight = ViewAxis(1:16, ShapedAxis((1, 16))), bias = ViewAxis(17:17, ShapedAxis((1, 1))))))), ode_par = 610:669)}}}, Float64}}, FunctionWrappers.FunctionWrapper{Nothing, Tuple{Vector{ForwardDiff.Dual{ForwardDiff.Tag{DiffEqBase.OrdinaryDiffEqTag, Float64}, Float64, 1}}, Vector{ForwardDiff.Dual{ForwardDiff.Tag{DiffEqBase.OrdinaryDiffEqTag, Float64}, Float64, 1}}, ComponentVector{Float64, SubArray{Float64, 1, Vector{Float64}, Tuple{UnitRange{Int64}}, true}, Tuple{Axis{(p_net = ViewAxis(1:609, Axis(layer_1 = ViewAxis(1:48, Axis(weight = ViewAxis(1:32, ShapedAxis((16, 2))), bias = ViewAxis(33:48, ShapedAxis((16, 1))))), layer_2 = ViewAxis(49:320, Axis(weight = ViewAxis(1:256, ShapedAxis((16, 16))), bias = ViewAxis(257:272, ShapedAxis((16, 1))))), layer_3 = ViewAxis(321:592, Axis(weight = ViewAxis(1:256, ShapedAxis((16, 16))), bias = ViewAxis(257:272, ShapedAxis((16, 1))))), layer_4 = ViewAxis(593:609, Axis(weight = ViewAxis(1:16, ShapedAxis((1, 16))), bias = ViewAxis(17:17, ShapedAxis((1, 1))))))), ode_par = 610:669)}}}, Float64}}, FunctionWrappers.FunctionWrapper{Nothing, Tuple{Vector{ForwardDiff.Dual{ForwardDiff.Tag{DiffEqBase.OrdinaryDiffEqTag, Float64}, Float64, 1}}, Vector{Float64}, ComponentVector{Float64, SubArray{Float64, 1, Vector{Float64}, Tuple{UnitRange{Int64}}, true}, Tuple{Axis{(p_net = ViewAxis(1:609, Axis(layer_1 = ViewAxis(1:48, Axis(weight = ViewAxis(1:32, ShapedAxis((16, 2))), bias = ViewAxis(33:48, ShapedAxis((16, 1))))), layer_2 = ViewAxis(49:320, Axis(weight = ViewAxis(1:256, ShapedAxis((16, 16))), bias = ViewAxis(257:272, ShapedAxis((16, 1))))), layer_3 = ViewAxis(321:592, Axis(weight = ViewAxis(1:256, ShapedAxis((16, 16))), bias = ViewAxis(257:272, ShapedAxis((16, 1))))), layer_4 = ViewAxis(593:609, Axis(weight = ViewAxis(1:16, ShapedAxis((1, 16))), bias = ViewAxis(17:17, ShapedAxis((1, 1))))))), ode_par = 610:669)}}}, ForwardDiff.Dual{ForwardDiff.Tag{DiffEqBase.OrdinaryDiffEqTag, Float64}, Float64, 1}}}, FunctionWrappers.FunctionWrapper{Nothing, Tuple{Vector{ForwardDiff.Dual{ForwardDiff.Tag{DiffEqBase.OrdinaryDiffEqTag, Float64}, Float64, 1}}, Vector{ForwardDiff.Dual{ForwardDiff.Tag{DiffEqBase.OrdinaryDiffEqTag, Float64}, Float64, 1}}, ComponentVector{Float64, SubArray{Float64, 1, Vector{Float64}, Tuple{UnitRange{Int64}}, true}, Tuple{Axis{(p_net = ViewAxis(1:609, Axis(layer_1 = ViewAxis(1:48, Axis(weight = ViewAxis(1:32, ShapedAxis((16, 2))), bias = ViewAxis(33:48, ShapedAxis((16, 1))))), layer_2 = ViewAxis(49:320, Axis(weight = ViewAxis(1:256, ShapedAxis((16, 16))), bias = ViewAxis(257:272, ShapedAxis((16, 1))))), layer_3 = ViewAxis(321:592, Axis(weight = ViewAxis(1:256, ShapedAxis((16, 16))), bias = ViewAxis(257:272, ShapedAxis((16, 1))))), layer_4 = ViewAxis(593:609, Axis(weight = ViewAxis(1:16, ShapedAxis((1, 16))), bias = ViewAxis(17:17, ShapedAxis((1, 1))))))), ode_par = 610:669)}}}, ForwardDiff.Dual{ForwardDiff.Tag{DiffEqBase.OrdinaryDiffEqTag, Float64}, Float64, 1}}}}, false}, UniformScaling{Bool}, Nothing, Nothing, Nothing, Nothing, Nothing, Nothing, Nothing, Nothing, Nothing, Nothing, Nothing, Nothing, Nothing, Nothing, typeof(SciMLBase.DEFAULT_OBSERVED), Nothing, Nothing}, Float64, ComponentVector{Float64, SubArray{Float64, 1, Vector{Float64}, Tuple{UnitRange{Int64}}, true}, Tuple{Axis{(p_net = ViewAxis(1:609, Axis(layer_1 = ViewAxis(1:48, Axis(weight = ViewAxis(1:32, ShapedAxis((16, 2))), bias = ViewAxis(33:48, ShapedAxis((16, 1))))), layer_2 = ViewAxis(49:320, Axis(weight = ViewAxis(1:256, ShapedAxis((16, 16))), bias = ViewAxis(257:272, ShapedAxis((16, 1))))), layer_3 = ViewAxis(321:592, Axis(weight = ViewAxis(1:256, ShapedAxis((16, 16))), bias = ViewAxis(257:272, ShapedAxis((16, 1))))), layer_4 = ViewAxis(593:609, Axis(weight = ViewAxis(1:16, ShapedAxis((1, 16))), bias = ViewAxis(17:17, ShapedAxis((1, 1))))))), ode_par = 610:669)}}}}, FiniteDiff.JacobianCache{Vector{Float64}, Vector{Float64}, Vector{Float64}, Vector{Float64}, UnitRange{Int64}, Nothing, Val{:forward}(), Float64}, LinearSolve.LinearCache{Matrix{Float64}, Vector{Float64}, Vector{Float64}, SciMLBase.NullParameters, LinearSolve.DefaultLinearSolver, LinearSolve.DefaultLinearSolverInit{LU{Float64, Matrix{Float64}, Vector{Int64}}, LinearAlgebra.QRCompactWY{Float64, Matrix{Float64}, Matrix{Float64}}, Nothing, Nothing, Nothing, Nothing, Nothing, Nothing, LU{Float64, Matrix{Float64}, Vector{Int64}}, Tuple{LU{Float64, Matrix{Float64}, Vector{Int64}}, Vector{Int64}}, Nothing, Nothing, Nothing, SVD{Float64, Float64, Matrix{Float64}, Vector{Float64}}, Cholesky{Float64, Matrix{Float64}}, Cholesky{Float64, Matrix{Float64}}, Tuple{LU{Float64, Matrix{Float64}, Vector{Int32}}, Base.RefValue{Int32}}, Tuple{LU{Float64, Matrix{Float64}, Vector{Int64}}, Base.RefValue{Int64}}, QRPivoted{Float64, Matrix{Float64}, Vector{Float64}, Vector{Int64}}}, LinearSolve.InvPreconditioner{Diagonal{Float64, Vector{Float64}}}, Diagonal{Float64, Vector{Float64}}, Float64, Bool}}}}}, SciMLBase.DEStats, Nothing}, ODEFunction{true, SciMLBase.AutoSpecialize, FunctionWrappersWrappers.FunctionWrappersWrapper{Tuple{FunctionWrappers.FunctionWrapper{Nothing, Tuple{Vector{Float64}, Vector{Float64}, ComponentVector{Float64, SubArray{Float64, 1, Vector{Float64}, Tuple{UnitRange{Int64}}, true}, Tuple{Axis{(p_net = ViewAxis(1:609, Axis(layer_1 = ViewAxis(1:48, Axis(weight = ViewAxis(1:32, ShapedAxis((16, 2))), bias = ViewAxis(33:48, ShapedAxis((16, 1))))), layer_2 = ViewAxis(49:320, Axis(weight = ViewAxis(1:256, ShapedAxis((16, 16))), bias = ViewAxis(257:272, ShapedAxis((16, 1))))), layer_3 = ViewAxis(321:592, Axis(weight = ViewAxis(1:256, ShapedAxis((16, 16))), bias = ViewAxis(257:272, ShapedAxis((16, 1))))), layer_4 = ViewAxis(593:609, Axis(weight = ViewAxis(1:16, ShapedAxis((1, 16))), bias = ViewAxis(17:17, ShapedAxis((1, 1))))))), ode_par = 610:669)}}}, Float64}}, FunctionWrappers.FunctionWrapper{Nothing, Tuple{Vector{ForwardDiff.Dual{ForwardDiff.Tag{DiffEqBase.OrdinaryDiffEqTag, Float64}, Float64, 1}}, Vector{ForwardDiff.Dual{ForwardDiff.Tag{DiffEqBase.OrdinaryDiffEqTag, Float64}, Float64, 1}}, ComponentVector{Float64, SubArray{Float64, 1, Vector{Float64}, Tuple{UnitRange{Int64}}, true}, Tuple{Axis{(p_net = ViewAxis(1:609, Axis(layer_1 = ViewAxis(1:48, Axis(weight = ViewAxis(1:32, ShapedAxis((16, 2))), bias = ViewAxis(33:48, ShapedAxis((16, 1))))), layer_2 = ViewAxis(49:320, Axis(weight = ViewAxis(1:256, ShapedAxis((16, 16))), bias = ViewAxis(257:272, ShapedAxis((16, 1))))), layer_3 = ViewAxis(321:592, Axis(weight = ViewAxis(1:256, ShapedAxis((16, 16))), bias = ViewAxis(257:272, ShapedAxis((16, 1))))), layer_4 = ViewAxis(593:609, Axis(weight = ViewAxis(1:16, ShapedAxis((1, 16))), bias = ViewAxis(17:17, ShapedAxis((1, 1))))))), ode_par = 610:669)}}}, Float64}}, FunctionWrappers.FunctionWrapper{Nothing, Tuple{Vector{ForwardDiff.Dual{ForwardDiff.Tag{DiffEqBase.OrdinaryDiffEqTag, Float64}, Float64, 1}}, Vector{Float64}, ComponentVector{Float64, SubArray{Float64, 1, Vector{Float64}, Tuple{UnitRange{Int64}}, true}, Tuple{Axis{(p_net = ViewAxis(1:609, Axis(layer_1 = ViewAxis(1:48, Axis(weight = ViewAxis(1:32, ShapedAxis((16, 2))), bias = ViewAxis(33:48, ShapedAxis((16, 1))))), layer_2 = ViewAxis(49:320, Axis(weight = ViewAxis(1:256, ShapedAxis((16, 16))), bias = ViewAxis(257:272, ShapedAxis((16, 1))))), layer_3 = ViewAxis(321:592, Axis(weight = ViewAxis(1:256, ShapedAxis((16, 16))), bias = ViewAxis(257:272, ShapedAxis((16, 1))))), layer_4 = ViewAxis(593:609, Axis(weight = ViewAxis(1:16, ShapedAxis((1, 16))), bias = ViewAxis(17:17, ShapedAxis((1, 1))))))), ode_par = 610:669)}}}, ForwardDiff.Dual{ForwardDiff.Tag{DiffEqBase.OrdinaryDiffEqTag, Float64}, Float64, 1}}}, FunctionWrappers.FunctionWrapper{Nothing, Tuple{Vector{ForwardDiff.Dual{ForwardDiff.Tag{DiffEqBase.OrdinaryDiffEqTag, Float64}, Float64, 1}}, Vector{ForwardDiff.Dual{ForwardDiff.Tag{DiffEqBase.OrdinaryDiffEqTag, Float64}, Float64, 1}}, ComponentVector{Float64, SubArray{Float64, 1, Vector{Float64}, Tuple{UnitRange{Int64}}, true}, Tuple{Axis{(p_net = ViewAxis(1:609, Axis(layer_1 = ViewAxis(1:48, Axis(weight = ViewAxis(1:32, ShapedAxis((16, 2))), bias = ViewAxis(33:48, ShapedAxis((16, 1))))), layer_2 = ViewAxis(49:320, Axis(weight = ViewAxis(1:256, ShapedAxis((16, 16))), bias = ViewAxis(257:272, ShapedAxis((16, 1))))), layer_3 = ViewAxis(321:592, Axis(weight = ViewAxis(1:256, ShapedAxis((16, 16))), bias = ViewAxis(257:272, ShapedAxis((16, 1))))), layer_4 = ViewAxis(593:609, Axis(weight = ViewAxis(1:16, ShapedAxis((1, 16))), bias = ViewAxis(17:17, ShapedAxis((1, 1))))))), ode_par = 610:669)}}}, ForwardDiff.Dual{ForwardDiff.Tag{DiffEqBase.OrdinaryDiffEqTag, Float64}, Float64, 1}}}}, false}, UniformScaling{Bool}, Nothing, Nothing, Nothing, Nothing, Nothing, Nothing, Nothing, Nothing, Nothing, Nothing, Nothing, Nothing, Nothing, Nothing, typeof(SciMLBase.DEFAULT_OBSERVED), Nothing, Nothing}}, UniformScaling{Bool}, Nothing, Nothing, Nothing, Nothing, Nothing, Nothing, Nothing, Nothing, Nothing, Nothing, Nothing, Nothing, Nothing, Nothing, typeof(SciMLBase.DEFAULT_OBSERVED), Nothing, Nothing}, Base.Pairs{Symbol, CallbackSet{Tuple{}, Tuple{DiscreteCallback{DiffEqCallbacks.var"#78#81"{Vector{Float64}}, DiffEqCallbacks.var"#79#82"{SciMLSensitivity.ReverseLossCallback{Vector{Float64}, Vector{Float64}, Vector{Float64}, Base.RefValue{Int64}, UniformScaling{Bool}, QuadratureAdjoint{0, true, Val{:central}, ReverseDiffVJP{true}}, SciMLSensitivity.var"#df_iip#308"{VectorOfArray{Float64, 2, Vector{Vector{Float64}}}, Colon}, Nothing, SciMLSensitivity.AdjointDiffCache{Nothing, Nothing, Nothing, Nothing, Nothing, Nothing, Nothing, Nothing, ReverseDiff.CompiledTape{ReverseDiff.GradientTape{SciMLSensitivity.var"#123#127"{ODEFunction{true, SciMLBase.AutoSpecialize, var"#f#27"{Chain{NamedTuple{(:layer_1, :layer_2, :layer_3, :layer_4), Tuple{Dense{true, typeof(gelu), typeof(my_glorot_uniform), typeof(my_glorot_uniform)}, Dense{true, typeof(gelu), typeof(my_glorot_uniform), typeof(my_glorot_uniform)}, Dense{true, typeof(gelu), typeof(my_glorot_uniform), typeof(my_glorot_uniform)}, Dense{true, typeof(identity), typeof(my_glorot_uniform), typeof(my_glorot_uniform)}}}, Nothing}, NamedTuple{(:layer_1, :layer_2, :layer_3, :layer_4), NTuple{4, NamedTuple{(), Tuple{}}}}, Vector{Float64}, Vector{Int64}, Vector{Int64}, Vector{Float64}}, UniformScaling{Bool}, Nothing, Nothing, Nothing, Nothing, Nothing, Nothing, Nothing, Nothing, Nothing, Nothing, Nothing, Nothing, Nothing, Nothing, typeof(SciMLBase.DEFAULT_OBSERVED), Nothing, Nothing}}, Tuple{ReverseDiff.TrackedArray{Float64, Float64, 1, Vector{Float64}, Vector{Float64}}, ReverseDiff.TrackedArray{Float64, Float64, 1, ComponentVector{Float64, Vector{Float64}, Tuple{Axis{(p_net = ViewAxis(1:609, Axis(layer_1 = ViewAxis(1:48, Axis(weight = ViewAxis(1:32, ShapedAxis((16, 2))), bias = ViewAxis(33:48, ShapedAxis((16, 1))))), layer_2 = ViewAxis(49:320, Axis(weight = ViewAxis(1:256, ShapedAxis((16, 16))), bias = ViewAxis(257:272, ShapedAxis((16, 1))))), layer_3 = ViewAxis(321:592, Axis(weight = ViewAxis(1:256, ShapedAxis((16, 16))), bias = ViewAxis(257:272, ShapedAxis((16, 1))))), layer_4 = ViewAxis(593:609, Axis(weight = ViewAxis(1:16, ShapedAxis((1, 16))), bias = ViewAxis(17:17, ShapedAxis((1, 1))))))), ode_par = 610:669)}}}, ComponentVector{Float64, Vector{Float64}, Tuple{Axis{(p_net = ViewAxis(1:609, Axis(layer_1 = ViewAxis(1:48, Axis(weight = ViewAxis(1:32, ShapedAxis((16, 2))), bias = ViewAxis(33:48, ShapedAxis((16, 1))))), layer_2 = ViewAxis(49:320, Axis(weight = ViewAxis(1:256, ShapedAxis((16, 16))), bias = ViewAxis(257:272, ShapedAxis((16, 1))))), layer_3 = ViewAxis(321:592, Axis(weight = ViewAxis(1:256, ShapedAxis((16, 16))), bias = ViewAxis(257:272, ShapedAxis((16, 1))))), layer_4 = ViewAxis(593:609, Axis(weight = ViewAxis(1:16, ShapedAxis((1, 16))), bias = ViewAxis(17:17, ShapedAxis((1, 1))))))), ode_par = 610:669)}}}}, ReverseDiff.TrackedArray{Float64, Float64, 1, Vector{Float64}, Vector{Float64}}}, Vector{ReverseDiff.TrackedReal{Float64, Float64, ReverseDiff.TrackedArray{Float64, Float64, 1, ComponentVector{Float64, Vector{Float64}, Tuple{Axis{(p_net = ViewAxis(1:609, Axis(layer_1 = ViewAxis(1:48, Axis(weight = ViewAxis(1:32, ShapedAxis((16, 2))), bias = ViewAxis(33:48, ShapedAxis((16, 1))))), layer_2 = ViewAxis(49:320, Axis(weight = ViewAxis(1:256, ShapedAxis((16, 16))), bias = ViewAxis(257:272, ShapedAxis((16, 1))))), layer_3 = ViewAxis(321:592, Axis(weight = ViewAxis(1:256, ShapedAxis((16, 16))), bias = ViewAxis(257:272, ShapedAxis((16, 1))))), layer_4 = ViewAxis(593:609, Axis(weight = ViewAxis(1:16, ShapedAxis((1, 16))), bias = ViewAxis(17:17, ShapedAxis((1, 1))))))), ode_par = 610:669)}}}, ComponentVector{Float64, Vector{Float64}, Tuple{Axis{(p_net = ViewAxis(1:609, Axis(layer_1 = ViewAxis(1:48, Axis(weight = ViewAxis(1:32, ShapedAxis((16, 2))), bias = ViewAxis(33:48, ShapedAxis((16, 1))))), layer_2 = ViewAxis(49:320, Axis(weight = ViewAxis(1:256, ShapedAxis((16, 16))), bias = ViewAxis(257:272, ShapedAxis((16, 1))))), layer_3 = ViewAxis(321:592, Axis(weight = ViewAxis(1:256, ShapedAxis((16, 16))), bias = ViewAxis(257:272, ShapedAxis((16, 1))))), layer_4 = ViewAxis(593:609, Axis(weight = ViewAxis(1:16, ShapedAxis((1, 16))), bias = ViewAxis(17:17, ShapedAxis((1, 1))))))), ode_par = 610:669)}}}}}}}}, Nothing, Nothing, Vector{Float64}, Nothing, Nothing, Base.OneTo{Int64}, UnitRange{Int64}, UniformScaling{Bool}}, ODEFunction{true, SciMLBase.AutoSpecialize, FunctionWrappersWrappers.FunctionWrappersWrapper{Tuple{FunctionWrappers.FunctionWrapper{Nothing, Tuple{Vector{Float64}, Vector{Float64}, ComponentVector{Float64, SubArray{Float64, 1, Vector{Float64}, Tuple{UnitRange{Int64}}, true}, Tuple{Axis{(p_net = ViewAxis(1:609, Axis(layer_1 = ViewAxis(1:48, Axis(weight = ViewAxis(1:32, ShapedAxis((16, 2))), bias = ViewAxis(33:48, ShapedAxis((16, 1))))), layer_2 = ViewAxis(49:320, Axis(weight = ViewAxis(1:256, ShapedAxis((16, 16))), bias = ViewAxis(257:272, ShapedAxis((16, 1))))), layer_3 = ViewAxis(321:592, Axis(weight = ViewAxis(1:256, ShapedAxis((16, 16))), bias = ViewAxis(257:272, ShapedAxis((16, 1))))), layer_4 = ViewAxis(593:609, Axis(weight = ViewAxis(1:16, ShapedAxis((1, 16))), bias = ViewAxis(17:17, ShapedAxis((1, 1))))))), ode_par = 610:669)}}}, Float64}}, FunctionWrappers.FunctionWrapper{Nothing, Tuple{Vector{ForwardDiff.Dual{ForwardDiff.Tag{DiffEqBase.OrdinaryDiffEqTag, Float64}, Float64, 1}}, Vector{ForwardDiff.Dual{ForwardDiff.Tag{DiffEqBase.OrdinaryDiffEqTag, Float64}, Float64, 1}}, ComponentVector{Float64, SubArray{Float64, 1, Vector{Float64}, Tuple{UnitRange{Int64}}, true}, Tuple{Axis{(p_net = ViewAxis(1:609, Axis(layer_1 = ViewAxis(1:48, Axis(weight = ViewAxis(1:32, ShapedAxis((16, 2))), bias = ViewAxis(33:48, ShapedAxis((16, 1))))), layer_2 = ViewAxis(49:320, Axis(weight = ViewAxis(1:256, ShapedAxis((16, 16))), bias = ViewAxis(257:272, ShapedAxis((16, 1))))), layer_3 = ViewAxis(321:592, Axis(weight = ViewAxis(1:256, ShapedAxis((16, 16))), bias = ViewAxis(257:272, ShapedAxis((16, 1))))), layer_4 = ViewAxis(593:609, Axis(weight = ViewAxis(1:16, ShapedAxis((1, 16))), bias = ViewAxis(17:17, ShapedAxis((1, 1))))))), ode_par = 610:669)}}}, Float64}}, FunctionWrappers.FunctionWrapper{Nothing, Tuple{Vector{ForwardDiff.Dual{ForwardDiff.Tag{DiffEqBase.OrdinaryDiffEqTag, Float64}, Float64, 1}}, Vector{Float64}, ComponentVector{Float64, SubArray{Float64, 1, Vector{Float64}, Tuple{UnitRange{Int64}}, true}, Tuple{Axis{(p_net = ViewAxis(1:609, Axis(layer_1 = ViewAxis(1:48, Axis(weight = ViewAxis(1:32, ShapedAxis((16, 2))), bias = ViewAxis(33:48, ShapedAxis((16, 1))))), layer_2 = ViewAxis(49:320, Axis(weight = ViewAxis(1:256, ShapedAxis((16, 16))), bias = ViewAxis(257:272, ShapedAxis((16, 1))))), layer_3 = ViewAxis(321:592, Axis(weight = ViewAxis(1:256, ShapedAxis((16, 16))), bias = ViewAxis(257:272, ShapedAxis((16, 1))))), layer_4 = ViewAxis(593:609, Axis(weight = ViewAxis(1:16, ShapedAxis((1, 16))), bias = ViewAxis(17:17, ShapedAxis((1, 1))))))), ode_par = 610:669)}}}, ForwardDiff.Dual{ForwardDiff.Tag{DiffEqBase.OrdinaryDiffEqTag, Float64}, Float64, 1}}}, FunctionWrappers.FunctionWrapper{Nothing, Tuple{Vector{ForwardDiff.Dual{ForwardDiff.Tag{DiffEqBase.OrdinaryDiffEqTag, Float64}, Float64, 1}}, Vector{ForwardDiff.Dual{ForwardDiff.Tag{DiffEqBase.OrdinaryDiffEqTag, Float64}, Float64, 1}}, ComponentVector{Float64, SubArray{Float64, 1, Vector{Float64}, Tuple{UnitRange{Int64}}, true}, Tuple{Axis{(p_net = ViewAxis(1:609, Axis(layer_1 = ViewAxis(1:48, Axis(weight = ViewAxis(1:32, ShapedAxis((16, 2))), bias = ViewAxis(33:48, ShapedAxis((16, 1))))), layer_2 = ViewAxis(49:320, Axis(weight = ViewAxis(1:256, ShapedAxis((16, 16))), bias = ViewAxis(257:272, ShapedAxis((16, 1))))), layer_3 = ViewAxis(321:592, Axis(weight = ViewAxis(1:256, ShapedAxis((16, 16))), bias = ViewAxis(257:272, ShapedAxis((16, 1))))), layer_4 = ViewAxis(593:609, Axis(weight = ViewAxis(1:16, ShapedAxis((1, 16))), bias = ViewAxis(17:17, ShapedAxis((1, 1))))))), ode_par = 610:669)}}}, ForwardDiff.Dual{ForwardDiff.Tag{DiffEqBase.OrdinaryDiffEqTag, Float64}, Float64, 1}}}}, false}, UniformScaling{Bool}, Nothing, Nothing, Nothing, Nothing, Nothing, Nothing, Nothing, Nothing, Nothing, Nothing, Nothing, Nothing, Nothing, Nothing, typeof(SciMLBase.DEFAULT_OBSERVED), Nothing, Nothing}, Nothing, Vector{Tuple{Vector{Float64}, Float64}}}}, DiffEqCallbacks.var"#80#83"{typeof(SciMLBase.INITIALIZE_DEFAULT), Bool, Vector{Float64}, SciMLSensitivity.ReverseLossCallback{Vector{Float64}, Vector{Float64}, Vector{Float64}, Base.RefValue{Int64}, UniformScaling{Bool}, QuadratureAdjoint{0, true, Val{:central}, ReverseDiffVJP{true}}, SciMLSensitivity.var"#df_iip#308"{VectorOfArray{Float64, 2, Vector{Vector{Float64}}}, Colon}, Nothing, SciMLSensitivity.AdjointDiffCache{Nothing, Nothing, Nothing, Nothing, Nothing, Nothing, Nothing, Nothing, ReverseDiff.CompiledTape{ReverseDiff.GradientTape{SciMLSensitivity.var"#123#127"{ODEFunction{true, SciMLBase.AutoSpecialize, var"#f#27"{Chain{NamedTuple{(:layer_1, :layer_2, :layer_3, :layer_4), Tuple{Dense{true, typeof(gelu), typeof(my_glorot_uniform), typeof(my_glorot_uniform)}, Dense{true, typeof(gelu), typeof(my_glorot_uniform), typeof(my_glorot_uniform)}, Dense{true, typeof(gelu), typeof(my_glorot_uniform), typeof(my_glorot_uniform)}, Dense{true, typeof(identity), typeof(my_glorot_uniform), typeof(my_glorot_uniform)}}}, Nothing}, NamedTuple{(:layer_1, :layer_2, :layer_3, :layer_4), NTuple{4, NamedTuple{(), Tuple{}}}}, Vector{Float64}, Vector{Int64}, Vector{Int64}, Vector{Float64}}, UniformScaling{Bool}, Nothing, Nothing, Nothing, Nothing, Nothing, Nothing, Nothing, Nothing, Nothing, Nothing, Nothing, Nothing, Nothing, Nothing, typeof(SciMLBase.DEFAULT_OBSERVED), Nothing, Nothing}}, Tuple{ReverseDiff.TrackedArray{Float64, Float64, 1, Vector{Float64}, Vector{Float64}}, ReverseDiff.TrackedArray{Float64, Float64, 1, ComponentVector{Float64, Vector{Float64}, Tuple{Axis{(p_net = ViewAxis(1:609, Axis(layer_1 = ViewAxis(1:48, Axis(weight = ViewAxis(1:32, ShapedAxis((16, 2))), bias = ViewAxis(33:48, ShapedAxis((16, 1))))), layer_2 = ViewAxis(49:320, Axis(weight = ViewAxis(1:256, ShapedAxis((16, 16))), bias = ViewAxis(257:272, ShapedAxis((16, 1))))), layer_3 = ViewAxis(321:592, Axis(weight = ViewAxis(1:256, ShapedAxis((16, 16))), bias = ViewAxis(257:272, ShapedAxis((16, 1))))), layer_4 = ViewAxis(593:609, Axis(weight = ViewAxis(1:16, ShapedAxis((1, 16))), bias = ViewAxis(17:17, ShapedAxis((1, 1))))))), ode_par = 610:669)}}}, ComponentVector{Float64, Vector{Float64}, Tuple{Axis{(p_net = ViewAxis(1:609, Axis(layer_1 = ViewAxis(1:48, Axis(weight = ViewAxis(1:32, ShapedAxis((16, 2))), bias = ViewAxis(33:48, ShapedAxis((16, 1))))), layer_2 = ViewAxis(49:320, Axis(weight = ViewAxis(1:256, ShapedAxis((16, 16))), bias = ViewAxis(257:272, ShapedAxis((16, 1))))), layer_3 = ViewAxis(321:592, Axis(weight = ViewAxis(1:256, ShapedAxis((16, 16))), bias = ViewAxis(257:272, ShapedAxis((16, 1))))), layer_4 = ViewAxis(593:609, Axis(weight = ViewAxis(1:16, ShapedAxis((1, 16))), bias = ViewAxis(17:17, ShapedAxis((1, 1))))))), ode_par = 610:669)}}}}, ReverseDiff.TrackedArray{Float64, Float64, 1, Vector{Float64}, Vector{Float64}}}, Vector{ReverseDiff.TrackedReal{Float64, Float64, ReverseDiff.TrackedArray{Float64, Float64, 1, ComponentVector{Float64, Vector{Float64}, Tuple{Axis{(p_net = ViewAxis(1:609, Axis(layer_1 = ViewAxis(1:48, Axis(weight = ViewAxis(1:32, ShapedAxis((16, 2))), bias = ViewAxis(33:48, ShapedAxis((16, 1))))), layer_2 = ViewAxis(49:320, Axis(weight = ViewAxis(1:256, ShapedAxis((16, 16))), bias = ViewAxis(257:272, ShapedAxis((16, 1))))), layer_3 = ViewAxis(321:592, Axis(weight = ViewAxis(1:256, ShapedAxis((16, 16))), bias = ViewAxis(257:272, ShapedAxis((16, 1))))), layer_4 = ViewAxis(593:609, Axis(weight = ViewAxis(1:16, ShapedAxis((1, 16))), bias = ViewAxis(17:17, ShapedAxis((1, 1))))))), ode_par = 610:669)}}}, ComponentVector{Float64, Vector{Float64}, Tuple{Axis{(p_net = ViewAxis(1:609, Axis(layer_1 = ViewAxis(1:48, Axis(weight = ViewAxis(1:32, ShapedAxis((16, 2))), bias = ViewAxis(33:48, ShapedAxis((16, 1))))), layer_2 = ViewAxis(49:320, Axis(weight = ViewAxis(1:256, ShapedAxis((16, 16))), bias = ViewAxis(257:272, ShapedAxis((16, 1))))), layer_3 = ViewAxis(321:592, Axis(weight = ViewAxis(1:256, ShapedAxis((16, 16))), bias = ViewAxis(257:272, ShapedAxis((16, 1))))), layer_4 = ViewAxis(593:609, Axis(weight = ViewAxis(1:16, ShapedAxis((1, 16))), bias = ViewAxis(17:17, ShapedAxis((1, 1))))))), ode_par = 610:669)}}}}}}}}, Nothing, Nothing, Vector{Float64}, Nothing, Nothing, Base.OneTo{Int64}, UnitRange{Int64}, UniformScaling{Bool}}, ODEFunction{true, SciMLBase.AutoSpecialize, FunctionWrappersWrappers.FunctionWrappersWrapper{Tuple{FunctionWrappers.FunctionWrapper{Nothing, Tuple{Vector{Float64}, Vector{Float64}, ComponentVector{Float64, SubArray{Float64, 1, Vector{Float64}, Tuple{UnitRange{Int64}}, true}, Tuple{Axis{(p_net = ViewAxis(1:609, Axis(layer_1 = ViewAxis(1:48, Axis(weight = ViewAxis(1:32, ShapedAxis((16, 2))), bias = ViewAxis(33:48, ShapedAxis((16, 1))))), layer_2 = ViewAxis(49:320, Axis(weight = ViewAxis(1:256, ShapedAxis((16, 16))), bias = ViewAxis(257:272, ShapedAxis((16, 1))))), layer_3 = ViewAxis(321:592, Axis(weight = ViewAxis(1:256, ShapedAxis((16, 16))), bias = ViewAxis(257:272, ShapedAxis((16, 1))))), layer_4 = ViewAxis(593:609, Axis(weight = ViewAxis(1:16, ShapedAxis((1, 16))), bias = ViewAxis(17:17, ShapedAxis((1, 1))))))), ode_par = 610:669)}}}, Float64}}, FunctionWrappers.FunctionWrapper{Nothing, Tuple{Vector{ForwardDiff.Dual{ForwardDiff.Tag{DiffEqBase.OrdinaryDiffEqTag, Float64}, Float64, 1}}, Vector{ForwardDiff.Dual{ForwardDiff.Tag{DiffEqBase.OrdinaryDiffEqTag, Float64}, Float64, 1}}, ComponentVector{Float64, SubArray{Float64, 1, Vector{Float64}, Tuple{UnitRange{Int64}}, true}, Tuple{Axis{(p_net = ViewAxis(1:609, Axis(layer_1 = ViewAxis(1:48, Axis(weight = ViewAxis(1:32, ShapedAxis((16, 2))), bias = ViewAxis(33:48, ShapedAxis((16, 1))))), layer_2 = ViewAxis(49:320, Axis(weight = ViewAxis(1:256, ShapedAxis((16, 16))), bias = ViewAxis(257:272, ShapedAxis((16, 1))))), layer_3 = ViewAxis(321:592, Axis(weight = ViewAxis(1:256, ShapedAxis((16, 16))), bias = ViewAxis(257:272, ShapedAxis((16, 1))))), layer_4 = ViewAxis(593:609, Axis(weight = ViewAxis(1:16, ShapedAxis((1, 16))), bias = ViewAxis(17:17, ShapedAxis((1, 1))))))), ode_par = 610:669)}}}, Float64}}, FunctionWrappers.FunctionWrapper{Nothing, Tuple{Vector{ForwardDiff.Dual{ForwardDiff.Tag{DiffEqBase.OrdinaryDiffEqTag, Float64}, Float64, 1}}, Vector{Float64}, ComponentVector{Float64, SubArray{Float64, 1, Vector{Float64}, Tuple{UnitRange{Int64}}, true}, Tuple{Axis{(p_net = ViewAxis(1:609, Axis(layer_1 = ViewAxis(1:48, Axis(weight = ViewAxis(1:32, ShapedAxis((16, 2))), bias = ViewAxis(33:48, ShapedAxis((16, 1))))), layer_2 = ViewAxis(49:320, Axis(weight = ViewAxis(1:256, ShapedAxis((16, 16))), bias = ViewAxis(257:272, ShapedAxis((16, 1))))), layer_3 = ViewAxis(321:592, Axis(weight = ViewAxis(1:256, ShapedAxis((16, 16))), bias = ViewAxis(257:272, ShapedAxis((16, 1))))), layer_4 = ViewAxis(593:609, Axis(weight = ViewAxis(1:16, ShapedAxis((1, 16))), bias = ViewAxis(17:17, ShapedAxis((1, 1))))))), ode_par = 610:669)}}}, ForwardDiff.Dual{ForwardDiff.Tag{DiffEqBase.OrdinaryDiffEqTag, Float64}, Float64, 1}}}, FunctionWrappers.FunctionWrapper{Nothing, Tuple{Vector{ForwardDiff.Dual{ForwardDiff.Tag{DiffEqBase.OrdinaryDiffEqTag, Float64}, Float64, 1}}, Vector{ForwardDiff.Dual{ForwardDiff.Tag{DiffEqBase.OrdinaryDiffEqTag, Float64}, Float64, 1}}, ComponentVector{Float64, SubArray{Float64, 1, Vector{Float64}, Tuple{UnitRange{Int64}}, true}, Tuple{Axis{(p_net = ViewAxis(1:609, Axis(layer_1 = ViewAxis(1:48, Axis(weight = ViewAxis(1:32, ShapedAxis((16, 2))), bias = ViewAxis(33:48, ShapedAxis((16, 1))))), layer_2 = ViewAxis(49:320, Axis(weight = ViewAxis(1:256, ShapedAxis((16, 16))), bias = ViewAxis(257:272, ShapedAxis((16, 1))))), layer_3 = ViewAxis(321:592, Axis(weight = ViewAxis(1:256, ShapedAxis((16, 16))), bias = ViewAxis(257:272, ShapedAxis((16, 1))))), layer_4 = ViewAxis(593:609, Axis(weight = ViewAxis(1:16, ShapedAxis((1, 16))), bias = ViewAxis(17:17, ShapedAxis((1, 1))))))), ode_par = 610:669)}}}, ForwardDiff.Dual{ForwardDiff.Tag{DiffEqBase.OrdinaryDiffEqTag, Float64}, Float64, 1}}}}, false}, UniformScaling{Bool}, Nothing, Nothing, Nothing, Nothing, Nothing, Nothing, Nothing, Nothing, Nothing, Nothing, Nothing, Nothing, Nothing, Nothing, typeof(SciMLBase.DEFAULT_OBSERVED), Nothing, Nothing}, Nothing, Vector{Tuple{Vector{Float64}, Float64}}}}, typeof(SciMLBase.FINALIZE_DEFAULT)}}}, Tuple{Symbol}, NamedTuple{(:callback,), Tuple{CallbackSet{Tuple{}, Tuple{DiscreteCallback{DiffEqCallbacks.var"#78#81"{Vector{Float64}}, DiffEqCallbacks.var"#79#82"{SciMLSensitivity.ReverseLossCallback{Vector{Float64}, Vector{Float64}, Vector{Float64}, Base.RefValue{Int64}, UniformScaling{Bool}, QuadratureAdjoint{0, true, Val{:central}, ReverseDiffVJP{true}}, SciMLSensitivity.var"#df_iip#308"{VectorOfArray{Float64, 2, Vector{Vector{Float64}}}, Colon}, Nothing, SciMLSensitivity.AdjointDiffCache{Nothing, Nothing, Nothing, Nothing, Nothing, Nothing, Nothing, Nothing, ReverseDiff.CompiledTape{ReverseDiff.GradientTape{SciMLSensitivity.var"#123#127"{ODEFunction{true, SciMLBase.AutoSpecialize, var"#f#27"{Chain{NamedTuple{(:layer_1, :layer_2, :layer_3, :layer_4), Tuple{Dense{true, typeof(gelu), typeof(my_glorot_uniform), typeof(my_glorot_uniform)}, Dense{true, typeof(gelu), typeof(my_glorot_uniform), typeof(my_glorot_uniform)}, Dense{true, typeof(gelu), typeof(my_glorot_uniform), typeof(my_glorot_uniform)}, Dense{true, typeof(identity), typeof(my_glorot_uniform), typeof(my_glorot_uniform)}}}, Nothing}, NamedTuple{(:layer_1, :layer_2, :layer_3, :layer_4), NTuple{4, NamedTuple{(), Tuple{}}}}, Vector{Float64}, Vector{Int64}, Vector{Int64}, Vector{Float64}}, UniformScaling{Bool}, Nothing, Nothing, Nothing, Nothing, Nothing, Nothing, Nothing, Nothing, Nothing, Nothing, Nothing, Nothing, Nothing, Nothing, typeof(SciMLBase.DEFAULT_OBSERVED), Nothing, Nothing}}, Tuple{ReverseDiff.TrackedArray{Float64, Float64, 1, Vector{Float64}, Vector{Float64}}, ReverseDiff.TrackedArray{Float64, Float64, 1, ComponentVector{Float64, Vector{Float64}, Tuple{Axis{(p_net = ViewAxis(1:609, Axis(layer_1 = ViewAxis(1:48, Axis(weight = ViewAxis(1:32, ShapedAxis((16, 2))), bias = ViewAxis(33:48, ShapedAxis((16, 1))))), layer_2 = ViewAxis(49:320, Axis(weight = ViewAxis(1:256, ShapedAxis((16, 16))), bias = ViewAxis(257:272, ShapedAxis((16, 1))))), layer_3 = ViewAxis(321:592, Axis(weight = ViewAxis(1:256, ShapedAxis((16, 16))), bias = ViewAxis(257:272, ShapedAxis((16, 1))))), layer_4 = ViewAxis(593:609, Axis(weight = ViewAxis(1:16, ShapedAxis((1, 16))), bias = ViewAxis(17:17, ShapedAxis((1, 1))))))), ode_par = 610:669)}}}, ComponentVector{Float64, Vector{Float64}, Tuple{Axis{(p_net = ViewAxis(1:609, Axis(layer_1 = ViewAxis(1:48, Axis(weight = ViewAxis(1:32, ShapedAxis((16, 2))), bias = ViewAxis(33:48, ShapedAxis((16, 1))))), layer_2 = ViewAxis(49:320, Axis(weight = ViewAxis(1:256, ShapedAxis((16, 16))), bias = ViewAxis(257:272, ShapedAxis((16, 1))))), layer_3 = ViewAxis(321:592, Axis(weight = ViewAxis(1:256, ShapedAxis((16, 16))), bias = ViewAxis(257:272, ShapedAxis((16, 1))))), layer_4 = ViewAxis(593:609, Axis(weight = ViewAxis(1:16, ShapedAxis((1, 16))), bias = ViewAxis(17:17, ShapedAxis((1, 1))))))), ode_par = 610:669)}}}}, ReverseDiff.TrackedArray{Float64, Float64, 1, Vector{Float64}, Vector{Float64}}}, Vector{ReverseDiff.TrackedReal{Float64, Float64, ReverseDiff.TrackedArray{Float64, Float64, 1, ComponentVector{Float64, Vector{Float64}, Tuple{Axis{(p_net = ViewAxis(1:609, Axis(layer_1 = ViewAxis(1:48, Axis(weight = ViewAxis(1:32, ShapedAxis((16, 2))), bias = ViewAxis(33:48, ShapedAxis((16, 1))))), layer_2 = ViewAxis(49:320, Axis(weight = ViewAxis(1:256, ShapedAxis((16, 16))), bias = ViewAxis(257:272, ShapedAxis((16, 1))))), layer_3 = ViewAxis(321:592, Axis(weight = ViewAxis(1:256, ShapedAxis((16, 16))), bias = ViewAxis(257:272, ShapedAxis((16, 1))))), layer_4 = ViewAxis(593:609, Axis(weight = ViewAxis(1:16, ShapedAxis((1, 16))), bias = ViewAxis(17:17, ShapedAxis((1, 1))))))), ode_par = 610:669)}}}, ComponentVector{Float64, Vector{Float64}, Tuple{Axis{(p_net = ViewAxis(1:609, Axis(layer_1 = ViewAxis(1:48, Axis(weight = ViewAxis(1:32, ShapedAxis((16, 2))), bias = ViewAxis(33:48, ShapedAxis((16, 1))))), layer_2 = ViewAxis(49:320, Axis(weight = ViewAxis(1:256, ShapedAxis((16, 16))), bias = ViewAxis(257:272, ShapedAxis((16, 1))))), layer_3 = ViewAxis(321:592, Axis(weight = ViewAxis(1:256, ShapedAxis((16, 16))), bias = ViewAxis(257:272, ShapedAxis((16, 1))))), layer_4 = ViewAxis(593:609, Axis(weight = ViewAxis(1:16, ShapedAxis((1, 16))), bias = ViewAxis(17:17, ShapedAxis((1, 1))))))), ode_par = 610:669)}}}}}}}}, Nothing, Nothing, Vector{Float64}, Nothing, Nothing, Base.OneTo{Int64}, UnitRange{Int64}, UniformScaling{Bool}}, ODEFunction{true, SciMLBase.AutoSpecialize, FunctionWrappersWrappers.FunctionWrappersWrapper{Tuple{FunctionWrappers.FunctionWrapper{Nothing, Tuple{Vector{Float64}, Vector{Float64}, ComponentVector{Float64, SubArray{Float64, 1, Vector{Float64}, Tuple{UnitRange{Int64}}, true}, Tuple{Axis{(p_net = ViewAxis(1:609, Axis(layer_1 = ViewAxis(1:48, Axis(weight = ViewAxis(1:32, ShapedAxis((16, 2))), bias = ViewAxis(33:48, ShapedAxis((16, 1))))), layer_2 = ViewAxis(49:320, Axis(weight = ViewAxis(1:256, ShapedAxis((16, 16))), bias = ViewAxis(257:272, ShapedAxis((16, 1))))), layer_3 = ViewAxis(321:592, Axis(weight = ViewAxis(1:256, ShapedAxis((16, 16))), bias = ViewAxis(257:272, ShapedAxis((16, 1))))), layer_4 = ViewAxis(593:609, Axis(weight = ViewAxis(1:16, ShapedAxis((1, 16))), bias = ViewAxis(17:17, ShapedAxis((1, 1))))))), ode_par = 610:669)}}}, Float64}}, FunctionWrappers.FunctionWrapper{Nothing, Tuple{Vector{ForwardDiff.Dual{ForwardDiff.Tag{DiffEqBase.OrdinaryDiffEqTag, Float64}, Float64, 1}}, Vector{ForwardDiff.Dual{ForwardDiff.Tag{DiffEqBase.OrdinaryDiffEqTag, Float64}, Float64, 1}}, ComponentVector{Float64, SubArray{Float64, 1, Vector{Float64}, Tuple{UnitRange{Int64}}, true}, Tuple{Axis{(p_net = ViewAxis(1:609, Axis(layer_1 = ViewAxis(1:48, Axis(weight = ViewAxis(1:32, ShapedAxis((16, 2))), bias = ViewAxis(33:48, ShapedAxis((16, 1))))), layer_2 = ViewAxis(49:320, Axis(weight = ViewAxis(1:256, ShapedAxis((16, 16))), bias = ViewAxis(257:272, ShapedAxis((16, 1))))), layer_3 = ViewAxis(321:592, Axis(weight = ViewAxis(1:256, ShapedAxis((16, 16))), bias = ViewAxis(257:272, ShapedAxis((16, 1))))), layer_4 = ViewAxis(593:609, Axis(weight = ViewAxis(1:16, ShapedAxis((1, 16))), bias = ViewAxis(17:17, ShapedAxis((1, 1))))))), ode_par = 610:669)}}}, Float64}}, FunctionWrappers.FunctionWrapper{Nothing, Tuple{Vector{ForwardDiff.Dual{ForwardDiff.Tag{DiffEqBase.OrdinaryDiffEqTag, Float64}, Float64, 1}}, Vector{Float64}, ComponentVector{Float64, SubArray{Float64, 1, Vector{Float64}, Tuple{UnitRange{Int64}}, true}, Tuple{Axis{(p_net = ViewAxis(1:609, Axis(layer_1 = ViewAxis(1:48, Axis(weight = ViewAxis(1:32, ShapedAxis((16, 2))), bias = ViewAxis(33:48, ShapedAxis((16, 1))))), layer_2 = ViewAxis(49:320, Axis(weight = ViewAxis(1:256, ShapedAxis((16, 16))), bias = ViewAxis(257:272, ShapedAxis((16, 1))))), layer_3 = ViewAxis(321:592, Axis(weight = ViewAxis(1:256, ShapedAxis((16, 16))), bias = ViewAxis(257:272, ShapedAxis((16, 1))))), layer_4 = ViewAxis(593:609, Axis(weight = ViewAxis(1:16, ShapedAxis((1, 16))), bias = ViewAxis(17:17, ShapedAxis((1, 1))))))), ode_par = 610:669)}}}, ForwardDiff.Dual{ForwardDiff.Tag{DiffEqBase.OrdinaryDiffEqTag, Float64}, Float64, 1}}}, FunctionWrappers.FunctionWrapper{Nothing, Tuple{Vector{ForwardDiff.Dual{ForwardDiff.Tag{DiffEqBase.OrdinaryDiffEqTag, Float64}, Float64, 1}}, Vector{ForwardDiff.Dual{ForwardDiff.Tag{DiffEqBase.OrdinaryDiffEqTag, Float64}, Float64, 1}}, ComponentVector{Float64, SubArray{Float64, 1, Vector{Float64}, Tuple{UnitRange{Int64}}, true}, Tuple{Axis{(p_net = ViewAxis(1:609, Axis(layer_1 = ViewAxis(1:48, Axis(weight = ViewAxis(1:32, ShapedAxis((16, 2))), bias = ViewAxis(33:48, ShapedAxis((16, 1))))), layer_2 = ViewAxis(49:320, Axis(weight = ViewAxis(1:256, ShapedAxis((16, 16))), bias = ViewAxis(257:272, ShapedAxis((16, 1))))), layer_3 = ViewAxis(321:592, Axis(weight = ViewAxis(1:256, ShapedAxis((16, 16))), bias = ViewAxis(257:272, ShapedAxis((16, 1))))), layer_4 = ViewAxis(593:609, Axis(weight = ViewAxis(1:16, ShapedAxis((1, 16))), bias = ViewAxis(17:17, ShapedAxis((1, 1))))))), ode_par = 610:669)}}}, ForwardDiff.Dual{ForwardDiff.Tag{DiffEqBase.OrdinaryDiffEqTag, Float64}, Float64, 1}}}}, false}, UniformScaling{Bool}, Nothing, Nothing, Nothing, Nothing, Nothing, Nothing, Nothing, Nothing, Nothing, Nothing, Nothing, Nothing, Nothing, Nothing, typeof(SciMLBase.DEFAULT_OBSERVED), Nothing, Nothing}, Nothing, Vector{Tuple{Vector{Float64}, Float64}}}}, DiffEqCallbacks.var"#80#83"{typeof(SciMLBase.INITIALIZE_DEFAULT), Bool, Vector{Float64}, SciMLSensitivity.ReverseLossCallback{Vector{Float64}, Vector{Float64}, Vector{Float64}, Base.RefValue{Int64}, UniformScaling{Bool}, QuadratureAdjoint{0, true, Val{:central}, ReverseDiffVJP{true}}, SciMLSensitivity.var"#df_iip#308"{VectorOfArray{Float64, 2, Vector{Vector{Float64}}}, Colon}, Nothing, SciMLSensitivity.AdjointDiffCache{Nothing, Nothing, Nothing, Nothing, Nothing, Nothing, Nothing, Nothing, ReverseDiff.CompiledTape{ReverseDiff.GradientTape{SciMLSensitivity.var"#123#127"{ODEFunction{true, SciMLBase.AutoSpecialize, var"#f#27"{Chain{NamedTuple{(:layer_1, :layer_2, :layer_3, :layer_4), Tuple{Dense{true, typeof(gelu), typeof(my_glorot_uniform), typeof(my_glorot_uniform)}, Dense{true, typeof(gelu), typeof(my_glorot_uniform), typeof(my_glorot_uniform)}, Dense{true, typeof(gelu), typeof(my_glorot_uniform), typeof(my_glorot_uniform)}, Dense{true, typeof(identity), typeof(my_glorot_uniform), typeof(my_glorot_uniform)}}}, Nothing}, NamedTuple{(:layer_1, :layer_2, :layer_3, :layer_4), NTuple{4, NamedTuple{(), Tuple{}}}}, Vector{Float64}, Vector{Int64}, Vector{Int64}, Vector{Float64}}, UniformScaling{Bool}, Nothing, Nothing, Nothing, Nothing, Nothing, Nothing, Nothing, Nothing, Nothing, Nothing, Nothing, Nothing, Nothing, Nothing, typeof(SciMLBase.DEFAULT_OBSERVED), Nothing, Nothing}}, Tuple{ReverseDiff.TrackedArray{Float64, Float64, 1, Vector{Float64}, Vector{Float64}}, ReverseDiff.TrackedArray{Float64, Float64, 1, ComponentVector{Float64, Vector{Float64}, Tuple{Axis{(p_net = ViewAxis(1:609, Axis(layer_1 = ViewAxis(1:48, Axis(weight = ViewAxis(1:32, ShapedAxis((16, 2))), bias = ViewAxis(33:48, ShapedAxis((16, 1))))), layer_2 = ViewAxis(49:320, Axis(weight = ViewAxis(1:256, ShapedAxis((16, 16))), bias = ViewAxis(257:272, ShapedAxis((16, 1))))), layer_3 = ViewAxis(321:592, Axis(weight = ViewAxis(1:256, ShapedAxis((16, 16))), bias = ViewAxis(257:272, ShapedAxis((16, 1))))), layer_4 = ViewAxis(593:609, Axis(weight = ViewAxis(1:16, ShapedAxis((1, 16))), bias = ViewAxis(17:17, ShapedAxis((1, 1))))))), ode_par = 610:669)}}}, ComponentVector{Float64, Vector{Float64}, Tuple{Axis{(p_net = ViewAxis(1:609, Axis(layer_1 = ViewAxis(1:48, Axis(weight = ViewAxis(1:32, ShapedAxis((16, 2))), bias = ViewAxis(33:48, ShapedAxis((16, 1))))), layer_2 = ViewAxis(49:320, Axis(weight = ViewAxis(1:256, ShapedAxis((16, 16))), bias = ViewAxis(257:272, ShapedAxis((16, 1))))), layer_3 = ViewAxis(321:592, Axis(weight = ViewAxis(1:256, ShapedAxis((16, 16))), bias = ViewAxis(257:272, ShapedAxis((16, 1))))), layer_4 = ViewAxis(593:609, Axis(weight = ViewAxis(1:16, ShapedAxis((1, 16))), bias = ViewAxis(17:17, ShapedAxis((1, 1))))))), ode_par = 610:669)}}}}, ReverseDiff.TrackedArray{Float64, Float64, 1, Vector{Float64}, Vector{Float64}}}, Vector{ReverseDiff.TrackedReal{Float64, Float64, ReverseDiff.TrackedArray{Float64, Float64, 1, ComponentVector{Float64, Vector{Float64}, Tuple{Axis{(p_net = ViewAxis(1:609, Axis(layer_1 = ViewAxis(1:48, Axis(weight = ViewAxis(1:32, ShapedAxis((16, 2))), bias = ViewAxis(33:48, ShapedAxis((16, 1))))), layer_2 = ViewAxis(49:320, Axis(weight = ViewAxis(1:256, ShapedAxis((16, 16))), bias = ViewAxis(257:272, ShapedAxis((16, 1))))), layer_3 = ViewAxis(321:592, Axis(weight = ViewAxis(1:256, ShapedAxis((16, 16))), bias = ViewAxis(257:272, ShapedAxis((16, 1))))), layer_4 = ViewAxis(593:609, Axis(weight = ViewAxis(1:16, ShapedAxis((1, 16))), bias = ViewAxis(17:17, ShapedAxis((1, 1))))))), ode_par = 610:669)}}}, ComponentVector{Float64, Vector{Float64}, Tuple{Axis{(p_net = ViewAxis(1:609, Axis(layer_1 = ViewAxis(1:48, Axis(weight = ViewAxis(1:32, ShapedAxis((16, 2))), bias = ViewAxis(33:48, ShapedAxis((16, 1))))), layer_2 = ViewAxis(49:320, Axis(weight = ViewAxis(1:256, ShapedAxis((16, 16))), bias = ViewAxis(257:272, ShapedAxis((16, 1))))), layer_3 = ViewAxis(321:592, Axis(weight = ViewAxis(1:256, ShapedAxis((16, 16))), bias = ViewAxis(257:272, ShapedAxis((16, 1))))), layer_4 = ViewAxis(593:609, Axis(weight = ViewAxis(1:16, ShapedAxis((1, 16))), bias = ViewAxis(17:17, ShapedAxis((1, 1))))))), ode_par = 610:669)}}}}}}}}, Nothing, Nothing, Vector{Float64}, Nothing, Nothing, Base.OneTo{Int64}, UnitRange{Int64}, UniformScaling{Bool}}, ODEFunction{true, SciMLBase.AutoSpecialize, FunctionWrappersWrappers.FunctionWrappersWrapper{Tuple{FunctionWrappers.FunctionWrapper{Nothing, Tuple{Vector{Float64}, Vector{Float64}, ComponentVector{Float64, SubArray{Float64, 1, Vector{Float64}, Tuple{UnitRange{Int64}}, true}, Tuple{Axis{(p_net = ViewAxis(1:609, Axis(layer_1 = ViewAxis(1:48, Axis(weight = ViewAxis(1:32, ShapedAxis((16, 2))), bias = ViewAxis(33:48, ShapedAxis((16, 1))))), layer_2 = ViewAxis(49:320, Axis(weight = ViewAxis(1:256, ShapedAxis((16, 16))), bias = ViewAxis(257:272, ShapedAxis((16, 1))))), layer_3 = ViewAxis(321:592, Axis(weight = ViewAxis(1:256, ShapedAxis((16, 16))), bias = ViewAxis(257:272, ShapedAxis((16, 1))))), layer_4 = ViewAxis(593:609, Axis(weight = ViewAxis(1:16, ShapedAxis((1, 16))), bias = ViewAxis(17:17, ShapedAxis((1, 1))))))), ode_par = 610:669)}}}, Float64}}, FunctionWrappers.FunctionWrapper{Nothing, Tuple{Vector{ForwardDiff.Dual{ForwardDiff.Tag{DiffEqBase.OrdinaryDiffEqTag, Float64}, Float64, 1}}, Vector{ForwardDiff.Dual{ForwardDiff.Tag{DiffEqBase.OrdinaryDiffEqTag, Float64}, Float64, 1}}, ComponentVector{Float64, SubArray{Float64, 1, Vector{Float64}, Tuple{UnitRange{Int64}}, true}, Tuple{Axis{(p_net = ViewAxis(1:609, Axis(layer_1 = ViewAxis(1:48, Axis(weight = ViewAxis(1:32, ShapedAxis((16, 2))), bias = ViewAxis(33:48, ShapedAxis((16, 1))))), layer_2 = ViewAxis(49:320, Axis(weight = ViewAxis(1:256, ShapedAxis((16, 16))), bias = ViewAxis(257:272, ShapedAxis((16, 1))))), layer_3 = ViewAxis(321:592, Axis(weight = ViewAxis(1:256, ShapedAxis((16, 16))), bias = ViewAxis(257:272, ShapedAxis((16, 1))))), layer_4 = ViewAxis(593:609, Axis(weight = ViewAxis(1:16, ShapedAxis((1, 16))), bias = ViewAxis(17:17, ShapedAxis((1, 1))))))), ode_par = 610:669)}}}, Float64}}, FunctionWrappers.FunctionWrapper{Nothing, Tuple{Vector{ForwardDiff.Dual{ForwardDiff.Tag{DiffEqBase.OrdinaryDiffEqTag, Float64}, Float64, 1}}, Vector{Float64}, ComponentVector{Float64, SubArray{Float64, 1, Vector{Float64}, Tuple{UnitRange{Int64}}, true}, Tuple{Axis{(p_net = ViewAxis(1:609, Axis(layer_1 = ViewAxis(1:48, Axis(weight = ViewAxis(1:32, ShapedAxis((16, 2))), bias = ViewAxis(33:48, ShapedAxis((16, 1))))), layer_2 = ViewAxis(49:320, Axis(weight = ViewAxis(1:256, ShapedAxis((16, 16))), bias = ViewAxis(257:272, ShapedAxis((16, 1))))), layer_3 = ViewAxis(321:592, Axis(weight = ViewAxis(1:256, ShapedAxis((16, 16))), bias = ViewAxis(257:272, ShapedAxis((16, 1))))), layer_4 = ViewAxis(593:609, Axis(weight = ViewAxis(1:16, ShapedAxis((1, 16))), bias = ViewAxis(17:17, ShapedAxis((1, 1))))))), ode_par = 610:669)}}}, ForwardDiff.Dual{ForwardDiff.Tag{DiffEqBase.OrdinaryDiffEqTag, Float64}, Float64, 1}}}, FunctionWrappers.FunctionWrapper{Nothing, Tuple{Vector{ForwardDiff.Dual{ForwardDiff.Tag{DiffEqBase.OrdinaryDiffEqTag, Float64}, Float64, 1}}, Vector{ForwardDiff.Dual{ForwardDiff.Tag{DiffEqBase.OrdinaryDiffEqTag, Float64}, Float64, 1}}, ComponentVector{Float64, SubArray{Float64, 1, Vector{Float64}, Tuple{UnitRange{Int64}}, true}, Tuple{Axis{(p_net = ViewAxis(1:609, Axis(layer_1 = ViewAxis(1:48, Axis(weight = ViewAxis(1:32, ShapedAxis((16, 2))), bias = ViewAxis(33:48, ShapedAxis((16, 1))))), layer_2 = ViewAxis(49:320, Axis(weight = ViewAxis(1:256, ShapedAxis((16, 16))), bias = ViewAxis(257:272, ShapedAxis((16, 1))))), layer_3 = ViewAxis(321:592, Axis(weight = ViewAxis(1:256, ShapedAxis((16, 16))), bias = ViewAxis(257:272, ShapedAxis((16, 1))))), layer_4 = ViewAxis(593:609, Axis(weight = ViewAxis(1:16, ShapedAxis((1, 16))), bias = ViewAxis(17:17, ShapedAxis((1, 1))))))), ode_par = 610:669)}}}, ForwardDiff.Dual{ForwardDiff.Tag{DiffEqBase.OrdinaryDiffEqTag, Float64}, Float64, 1}}}}, false}, UniformScaling{Bool}, Nothing, Nothing, Nothing, Nothing, Nothing, Nothing, Nothing, Nothing, Nothing, Nothing, Nothing, Nothing, Nothing, Nothing, typeof(SciMLBase.DEFAULT_OBSERVED), Nothing, Nothing}, Nothing, Vector{Tuple{Vector{Float64}, Float64}}}}, typeof(SciMLBase.FINALIZE_DEFAULT)}}}}}}, SciMLBase.StandardODEProblem}, TRBDF2{1, false, Nothing, NLNewton{Rational{Int64}, Rational{Int64}, Rational{Int64}, Rational{Int64}}, typeof(OrdinaryDiffEq.DEFAULT_PRECS), Val{:forward}, true, nothing}, OrdinaryDiffEq.InterpolationData{ODEFunction{true, true, SciMLSensitivity.ODEQuadratureAdjointSensitivityFunction{SciMLSensitivity.AdjointDiffCache{Nothing, Nothing, Nothing, Nothing, Nothing, Nothing, Nothing, Nothing, ReverseDiff.CompiledTape{ReverseDiff.GradientTape{SciMLSensitivity.var"#123#127"{ODEFunction{true, SciMLBase.AutoSpecialize, var"#f#27"{Chain{NamedTuple{(:layer_1, :layer_2, :layer_3, :layer_4), Tuple{Dense{true, typeof(gelu), typeof(my_glorot_uniform), typeof(my_glorot_uniform)}, Dense{true, typeof(gelu), typeof(my_glorot_uniform), typeof(my_glorot_uniform)}, Dense{true, typeof(gelu), typeof(my_glorot_uniform), typeof(my_glorot_uniform)}, Dense{true, typeof(identity), typeof(my_glorot_uniform), typeof(my_glorot_uniform)}}}, Nothing}, NamedTuple{(:layer_1, :layer_2, :layer_3, :layer_4), NTuple{4, NamedTuple{(), Tuple{}}}}, Vector{Float64}, Vector{Int64}, Vector{Int64}, Vector{Float64}}, UniformScaling{Bool}, Nothing, Nothing, Nothing, Nothing, Nothing, Nothing, Nothing, Nothing, Nothing, Nothing, Nothing, Nothing, Nothing, Nothing, typeof(SciMLBase.DEFAULT_OBSERVED), Nothing, Nothing}}, Tuple{ReverseDiff.TrackedArray{Float64, Float64, 1, Vector{Float64}, Vector{Float64}}, ReverseDiff.TrackedArray{Float64, Float64, 1, ComponentVector{Float64, Vector{Float64}, Tuple{Axis{(p_net = ViewAxis(1:609, Axis(layer_1 = ViewAxis(1:48, Axis(weight = ViewAxis(1:32, ShapedAxis((16, 2))), bias = ViewAxis(33:48, ShapedAxis((16, 1))))), layer_2 = ViewAxis(49:320, Axis(weight = ViewAxis(1:256, ShapedAxis((16, 16))), bias = ViewAxis(257:272, ShapedAxis((16, 1))))), layer_3 = ViewAxis(321:592, Axis(weight = ViewAxis(1:256, ShapedAxis((16, 16))), bias = ViewAxis(257:272, ShapedAxis((16, 1))))), layer_4 = ViewAxis(593:609, Axis(weight = ViewAxis(1:16, ShapedAxis((1, 16))), bias = ViewAxis(17:17, ShapedAxis((1, 1))))))), ode_par = 610:669)}}}, ComponentVector{Float64, Vector{Float64}, Tuple{Axis{(p_net = ViewAxis(1:609, Axis(layer_1 = ViewAxis(1:48, Axis(weight = ViewAxis(1:32, ShapedAxis((16, 2))), bias = ViewAxis(33:48, ShapedAxis((16, 1))))), layer_2 = ViewAxis(49:320, Axis(weight = ViewAxis(1:256, ShapedAxis((16, 16))), bias = ViewAxis(257:272, ShapedAxis((16, 1))))), layer_3 = ViewAxis(321:592, Axis(weight = ViewAxis(1:256, ShapedAxis((16, 16))), bias = ViewAxis(257:272, ShapedAxis((16, 1))))), layer_4 = ViewAxis(593:609, Axis(weight = ViewAxis(1:16, ShapedAxis((1, 16))), bias = ViewAxis(17:17, ShapedAxis((1, 1))))))), ode_par = 610:669)}}}}, ReverseDiff.TrackedArray{Float64, Float64, 1, Vector{Float64}, Vector{Float64}}}, Vector{ReverseDiff.TrackedReal{Float64, Float64, ReverseDiff.TrackedArray{Float64, Float64, 1, ComponentVector{Float64, Vector{Float64}, Tuple{Axis{(p_net = ViewAxis(1:609, Axis(layer_1 = ViewAxis(1:48, Axis(weight = ViewAxis(1:32, ShapedAxis((16, 2))), bias = ViewAxis(33:48, ShapedAxis((16, 1))))), layer_2 = ViewAxis(49:320, Axis(weight = ViewAxis(1:256, ShapedAxis((16, 16))), bias = ViewAxis(257:272, ShapedAxis((16, 1))))), layer_3 = ViewAxis(321:592, Axis(weight = ViewAxis(1:256, ShapedAxis((16, 16))), bias = ViewAxis(257:272, ShapedAxis((16, 1))))), layer_4 = ViewAxis(593:609, Axis(weight = ViewAxis(1:16, ShapedAxis((1, 16))), bias = ViewAxis(17:17, ShapedAxis((1, 1))))))), ode_par = 610:669)}}}, ComponentVector{Float64, Vector{Float64}, Tuple{Axis{(p_net = ViewAxis(1:609, Axis(layer_1 = ViewAxis(1:48, Axis(weight = ViewAxis(1:32, ShapedAxis((16, 2))), bias = ViewAxis(33:48, ShapedAxis((16, 1))))), layer_2 = ViewAxis(49:320, Axis(weight = ViewAxis(1:256, ShapedAxis((16, 16))), bias = ViewAxis(257:272, ShapedAxis((16, 1))))), layer_3 = ViewAxis(321:592, Axis(weight = ViewAxis(1:256, ShapedAxis((16, 16))), bias = ViewAxis(257:272, ShapedAxis((16, 1))))), layer_4 = ViewAxis(593:609, Axis(weight = ViewAxis(1:16, ShapedAxis((1, 16))), bias = ViewAxis(17:17, ShapedAxis((1, 1))))))), ode_par = 610:669)}}}}}}}}, Nothing, Nothing, Vector{Float64}, Nothing, Nothing, Base.OneTo{Int64}, UnitRange{Int64}, UniformScaling{Bool}}, QuadratureAdjoint{0, true, Val{:central}, ReverseDiffVJP{true}}, Vector{Float64}, ODESolution{Float64, 2, Vector{Vector{Float64}}, Nothing, Nothing, Vector{Float64}, Vector{Vector{Vector{Float64}}}, ODEProblem{Vector{Float64}, Tuple{Float64, Float64}, true, ComponentVector{Float64, SubArray{Float64, 1, Vector{Float64}, Tuple{UnitRange{Int64}}, true}, Tuple{Axis{(p_net = ViewAxis(1:609, Axis(layer_1 = ViewAxis(1:48, Axis(weight = ViewAxis(1:32, ShapedAxis((16, 2))), bias = ViewAxis(33:48, ShapedAxis((16, 1))))), layer_2 = ViewAxis(49:320, Axis(weight = ViewAxis(1:256, ShapedAxis((16, 16))), bias = ViewAxis(257:272, ShapedAxis((16, 1))))), layer_3 = ViewAxis(321:592, Axis(weight = ViewAxis(1:256, ShapedAxis((16, 16))), bias = ViewAxis(257:272, ShapedAxis((16, 1))))), layer_4 = ViewAxis(593:609, Axis(weight = ViewAxis(1:16, ShapedAxis((1, 16))), bias = ViewAxis(17:17, ShapedAxis((1, 1))))))), ode_par = 610:669)}}}, ODEFunction{true, SciMLBase.AutoSpecialize, FunctionWrappersWrappers.FunctionWrappersWrapper{Tuple{FunctionWrappers.FunctionWrapper{Nothing, Tuple{Vector{Float64}, Vector{Float64}, ComponentVector{Float64, SubArray{Float64, 1, Vector{Float64}, Tuple{UnitRange{Int64}}, true}, Tuple{Axis{(p_net = ViewAxis(1:609, Axis(layer_1 = ViewAxis(1:48, Axis(weight = ViewAxis(1:32, ShapedAxis((16, 2))), bias = ViewAxis(33:48, ShapedAxis((16, 1))))), layer_2 = ViewAxis(49:320, Axis(weight = ViewAxis(1:256, ShapedAxis((16, 16))), bias = ViewAxis(257:272, ShapedAxis((16, 1))))), layer_3 = ViewAxis(321:592, Axis(weight = ViewAxis(1:256, ShapedAxis((16, 16))), bias = ViewAxis(257:272, ShapedAxis((16, 1))))), layer_4 = ViewAxis(593:609, Axis(weight = ViewAxis(1:16, ShapedAxis((1, 16))), bias = ViewAxis(17:17, ShapedAxis((1, 1))))))), ode_par = 610:669)}}}, Float64}}, FunctionWrappers.FunctionWrapper{Nothing, Tuple{Vector{ForwardDiff.Dual{ForwardDiff.Tag{DiffEqBase.OrdinaryDiffEqTag, Float64}, Float64, 1}}, Vector{ForwardDiff.Dual{ForwardDiff.Tag{DiffEqBase.OrdinaryDiffEqTag, Float64}, Float64, 1}}, ComponentVector{Float64, SubArray{Float64, 1, Vector{Float64}, Tuple{UnitRange{Int64}}, true}, Tuple{Axis{(p_net = ViewAxis(1:609, Axis(layer_1 = ViewAxis(1:48, Axis(weight = ViewAxis(1:32, ShapedAxis((16, 2))), bias = ViewAxis(33:48, ShapedAxis((16, 1))))), layer_2 = ViewAxis(49:320, Axis(weight = ViewAxis(1:256, ShapedAxis((16, 16))), bias = ViewAxis(257:272, ShapedAxis((16, 1))))), layer_3 = ViewAxis(321:592, Axis(weight = ViewAxis(1:256, ShapedAxis((16, 16))), bias = ViewAxis(257:272, ShapedAxis((16, 1))))), layer_4 = ViewAxis(593:609, Axis(weight = ViewAxis(1:16, ShapedAxis((1, 16))), bias = ViewAxis(17:17, ShapedAxis((1, 1))))))), ode_par = 610:669)}}}, Float64}}, FunctionWrappers.FunctionWrapper{Nothing, Tuple{Vector{ForwardDiff.Dual{ForwardDiff.Tag{DiffEqBase.OrdinaryDiffEqTag, Float64}, Float64, 1}}, Vector{Float64}, ComponentVector{Float64, SubArray{Float64, 1, Vector{Float64}, Tuple{UnitRange{Int64}}, true}, Tuple{Axis{(p_net = ViewAxis(1:609, Axis(layer_1 = ViewAxis(1:48, Axis(weight = ViewAxis(1:32, ShapedAxis((16, 2))), bias = ViewAxis(33:48, ShapedAxis((16, 1))))), layer_2 = ViewAxis(49:320, Axis(weight = ViewAxis(1:256, ShapedAxis((16, 16))), bias = ViewAxis(257:272, ShapedAxis((16, 1))))), layer_3 = ViewAxis(321:592, Axis(weight = ViewAxis(1:256, ShapedAxis((16, 16))), bias = ViewAxis(257:272, ShapedAxis((16, 1))))), layer_4 = ViewAxis(593:609, Axis(weight = ViewAxis(1:16, ShapedAxis((1, 16))), bias = ViewAxis(17:17, ShapedAxis((1, 1))))))), ode_par = 610:669)}}}, ForwardDiff.Dual{ForwardDiff.Tag{DiffEqBase.OrdinaryDiffEqTag, Float64}, Float64, 1}}}, FunctionWrappers.FunctionWrapper{Nothing, Tuple{Vector{ForwardDiff.Dual{ForwardDiff.Tag{DiffEqBase.OrdinaryDiffEqTag, Float64}, Float64, 1}}, Vector{ForwardDiff.Dual{ForwardDiff.Tag{DiffEqBase.OrdinaryDiffEqTag, Float64}, Float64, 1}}, ComponentVector{Float64, SubArray{Float64, 1, Vector{Float64}, Tuple{UnitRange{Int64}}, true}, Tuple{Axis{(p_net = ViewAxis(1:609, Axis(layer_1 = ViewAxis(1:48, Axis(weight = ViewAxis(1:32, ShapedAxis((16, 2))), bias = ViewAxis(33:48, ShapedAxis((16, 1))))), layer_2 = ViewAxis(49:320, Axis(weight = ViewAxis(1:256, ShapedAxis((16, 16))), bias = ViewAxis(257:272, ShapedAxis((16, 1))))), layer_3 = ViewAxis(321:592, Axis(weight = ViewAxis(1:256, ShapedAxis((16, 16))), bias = ViewAxis(257:272, ShapedAxis((16, 1))))), layer_4 = ViewAxis(593:609, Axis(weight = ViewAxis(1:16, ShapedAxis((1, 16))), bias = ViewAxis(17:17, ShapedAxis((1, 1))))))), ode_par = 610:669)}}}, ForwardDiff.Dual{ForwardDiff.Tag{DiffEqBase.OrdinaryDiffEqTag, Float64}, Float64, 1}}}}, false}, UniformScaling{Bool}, Nothing, Nothing, Nothing, Nothing, Nothing, Nothing, Nothing, Nothing, Nothing, Nothing, Nothing, Nothing, Nothing, Nothing, typeof(SciMLBase.DEFAULT_OBSERVED), Nothing, Nothing}, Base.Pairs{Symbol, Union{}, Tuple{}, NamedTuple{(), Tuple{}}}, SciMLBase.StandardODEProblem}, TRBDF2{1, false, Nothing, NLNewton{Rational{Int64}, Rational{Int64}, Rational{Int64}, Rational{Int64}}, typeof(OrdinaryDiffEq.DEFAULT_PRECS), Val{:forward}, true, nothing}, OrdinaryDiffEq.InterpolationData{ODEFunction{true, SciMLBase.AutoSpecialize, FunctionWrappersWrappers.FunctionWrappersWrapper{Tuple{FunctionWrappers.FunctionWrapper{Nothing, Tuple{Vector{Float64}, Vector{Float64}, ComponentVector{Float64, SubArray{Float64, 1, Vector{Float64}, Tuple{UnitRange{Int64}}, true}, Tuple{Axis{(p_net = ViewAxis(1:609, Axis(layer_1 = ViewAxis(1:48, Axis(weight = ViewAxis(1:32, ShapedAxis((16, 2))), bias = ViewAxis(33:48, ShapedAxis((16, 1))))), layer_2 = ViewAxis(49:320, Axis(weight = ViewAxis(1:256, ShapedAxis((16, 16))), bias = ViewAxis(257:272, ShapedAxis((16, 1))))), layer_3 = ViewAxis(321:592, Axis(weight = ViewAxis(1:256, ShapedAxis((16, 16))), bias = ViewAxis(257:272, ShapedAxis((16, 1))))), layer_4 = ViewAxis(593:609, Axis(weight = ViewAxis(1:16, ShapedAxis((1, 16))), bias = ViewAxis(17:17, ShapedAxis((1, 1))))))), ode_par = 610:669)}}}, Float64}}, FunctionWrappers.FunctionWrapper{Nothing, Tuple{Vector{ForwardDiff.Dual{ForwardDiff.Tag{DiffEqBase.OrdinaryDiffEqTag, Float64}, Float64, 1}}, Vector{ForwardDiff.Dual{ForwardDiff.Tag{DiffEqBase.OrdinaryDiffEqTag, Float64}, Float64, 1}}, ComponentVector{Float64, SubArray{Float64, 1, Vector{Float64}, Tuple{UnitRange{Int64}}, true}, Tuple{Axis{(p_net = ViewAxis(1:609, Axis(layer_1 = ViewAxis(1:48, Axis(weight = ViewAxis(1:32, ShapedAxis((16, 2))), bias = ViewAxis(33:48, ShapedAxis((16, 1))))), layer_2 = ViewAxis(49:320, Axis(weight = ViewAxis(1:256, ShapedAxis((16, 16))), bias = ViewAxis(257:272, ShapedAxis((16, 1))))), layer_3 = ViewAxis(321:592, Axis(weight = ViewAxis(1:256, ShapedAxis((16, 16))), bias = ViewAxis(257:272, ShapedAxis((16, 1))))), layer_4 = ViewAxis(593:609, Axis(weight = ViewAxis(1:16, ShapedAxis((1, 16))), bias = ViewAxis(17:17, ShapedAxis((1, 1))))))), ode_par = 610:669)}}}, Float64}}, FunctionWrappers.FunctionWrapper{Nothing, Tuple{Vector{ForwardDiff.Dual{ForwardDiff.Tag{DiffEqBase.OrdinaryDiffEqTag, Float64}, Float64, 1}}, Vector{Float64}, ComponentVector{Float64, SubArray{Float64, 1, Vector{Float64}, Tuple{UnitRange{Int64}}, true}, Tuple{Axis{(p_net = ViewAxis(1:609, Axis(layer_1 = ViewAxis(1:48, Axis(weight = ViewAxis(1:32, ShapedAxis((16, 2))), bias = ViewAxis(33:48, ShapedAxis((16, 1))))), layer_2 = ViewAxis(49:320, Axis(weight = ViewAxis(1:256, ShapedAxis((16, 16))), bias = ViewAxis(257:272, ShapedAxis((16, 1))))), layer_3 = ViewAxis(321:592, Axis(weight = ViewAxis(1:256, ShapedAxis((16, 16))), bias = ViewAxis(257:272, ShapedAxis((16, 1))))), layer_4 = ViewAxis(593:609, Axis(weight = ViewAxis(1:16, ShapedAxis((1, 16))), bias = ViewAxis(17:17, ShapedAxis((1, 1))))))), ode_par = 610:669)}}}, ForwardDiff.Dual{ForwardDiff.Tag{DiffEqBase.OrdinaryDiffEqTag, Float64}, Float64, 1}}}, FunctionWrappers.FunctionWrapper{Nothing, Tuple{Vector{ForwardDiff.Dual{ForwardDiff.Tag{DiffEqBase.OrdinaryDiffEqTag, Float64}, Float64, 1}}, Vector{ForwardDiff.Dual{ForwardDiff.Tag{DiffEqBase.OrdinaryDiffEqTag, Float64}, Float64, 1}}, ComponentVector{Float64, SubArray{Float64, 1, Vector{Float64}, Tuple{UnitRange{Int64}}, true}, Tuple{Axis{(p_net = ViewAxis(1:609, Axis(layer_1 = ViewAxis(1:48, Axis(weight = ViewAxis(1:32, ShapedAxis((16, 2))), bias = ViewAxis(33:48, ShapedAxis((16, 1))))), layer_2 = ViewAxis(49:320, Axis(weight = ViewAxis(1:256, ShapedAxis((16, 16))), bias = ViewAxis(257:272, ShapedAxis((16, 1))))), layer_3 = ViewAxis(321:592, Axis(weight = ViewAxis(1:256, ShapedAxis((16, 16))), bias = ViewAxis(257:272, ShapedAxis((16, 1))))), layer_4 = ViewAxis(593:609, Axis(weight = ViewAxis(1:16, ShapedAxis((1, 16))), bias = ViewAxis(17:17, ShapedAxis((1, 1))))))), ode_par = 610:669)}}}, ForwardDiff.Dual{ForwardDiff.Tag{DiffEqBase.OrdinaryDiffEqTag, Float64}, Float64, 1}}}}, false}, UniformScaling{Bool}, Nothing, Nothing, Nothing, Nothing, Nothing, Nothing, Nothing, Nothing, Nothing, Nothing, Nothing, Nothing, Nothing, Nothing, typeof(SciMLBase.DEFAULT_OBSERVED), Nothing, Nothing}, Vector{Vector{Float64}}, Vector{Float64}, Vector{Vector{Vector{Float64}}}, OrdinaryDiffEq.TRBDF2Cache{Vector{Float64}, Vector{Float64}, Vector{Float64}, OrdinaryDiffEq.TRBDF2Tableau{Float64, Float64}, OrdinaryDiffEq.NLSolver{NLNewton{Rational{Int64}, Rational{Int64}, Rational{Int64}, Rational{Int64}}, true, Vector{Float64}, Float64, Nothing, Float64, OrdinaryDiffEq.NLNewtonCache{Vector{Float64}, Float64, Float64, Vector{Float64}, Matrix{Float64}, Matrix{Float64}, SciMLBase.UJacobianWrapper{true, ODEFunction{true, SciMLBase.AutoSpecialize, FunctionWrappersWrappers.FunctionWrappersWrapper{Tuple{FunctionWrappers.FunctionWrapper{Nothing, Tuple{Vector{Float64}, Vector{Float64}, ComponentVector{Float64, SubArray{Float64, 1, Vector{Float64}, Tuple{UnitRange{Int64}}, true}, Tuple{Axis{(p_net = ViewAxis(1:609, Axis(layer_1 = ViewAxis(1:48, Axis(weight = ViewAxis(1:32, ShapedAxis((16, 2))), bias = ViewAxis(33:48, ShapedAxis((16, 1))))), layer_2 = ViewAxis(49:320, Axis(weight = ViewAxis(1:256, ShapedAxis((16, 16))), bias = ViewAxis(257:272, ShapedAxis((16, 1))))), layer_3 = ViewAxis(321:592, Axis(weight = ViewAxis(1:256, ShapedAxis((16, 16))), bias = ViewAxis(257:272, ShapedAxis((16, 1))))), layer_4 = ViewAxis(593:609, Axis(weight = ViewAxis(1:16, ShapedAxis((1, 16))), bias = ViewAxis(17:17, ShapedAxis((1, 1))))))), ode_par = 610:669)}}}, Float64}}, FunctionWrappers.FunctionWrapper{Nothing, Tuple{Vector{ForwardDiff.Dual{ForwardDiff.Tag{DiffEqBase.OrdinaryDiffEqTag, Float64}, Float64, 1}}, Vector{ForwardDiff.Dual{ForwardDiff.Tag{DiffEqBase.OrdinaryDiffEqTag, Float64}, Float64, 1}}, ComponentVector{Float64, SubArray{Float64, 1, Vector{Float64}, Tuple{UnitRange{Int64}}, true}, Tuple{Axis{(p_net = ViewAxis(1:609, Axis(layer_1 = ViewAxis(1:48, Axis(weight = ViewAxis(1:32, ShapedAxis((16, 2))), bias = ViewAxis(33:48, ShapedAxis((16, 1))))), layer_2 = ViewAxis(49:320, Axis(weight = ViewAxis(1:256, ShapedAxis((16, 16))), bias = ViewAxis(257:272, ShapedAxis((16, 1))))), layer_3 = ViewAxis(321:592, Axis(weight = ViewAxis(1:256, ShapedAxis((16, 16))), bias = ViewAxis(257:272, ShapedAxis((16, 1))))), layer_4 = ViewAxis(593:609, Axis(weight = ViewAxis(1:16, ShapedAxis((1, 16))), bias = ViewAxis(17:17, ShapedAxis((1, 1))))))), ode_par = 610:669)}}}, Float64}}, FunctionWrappers.FunctionWrapper{Nothing, Tuple{Vector{ForwardDiff.Dual{ForwardDiff.Tag{DiffEqBase.OrdinaryDiffEqTag, Float64}, Float64, 1}}, Vector{Float64}, ComponentVector{Float64, SubArray{Float64, 1, Vector{Float64}, Tuple{UnitRange{Int64}}, true}, Tuple{Axis{(p_net = ViewAxis(1:609, Axis(layer_1 = ViewAxis(1:48, Axis(weight = ViewAxis(1:32, ShapedAxis((16, 2))), bias = ViewAxis(33:48, ShapedAxis((16, 1))))), layer_2 = ViewAxis(49:320, Axis(weight = ViewAxis(1:256, ShapedAxis((16, 16))), bias = ViewAxis(257:272, ShapedAxis((16, 1))))), layer_3 = ViewAxis(321:592, Axis(weight = ViewAxis(1:256, ShapedAxis((16, 16))), bias = ViewAxis(257:272, ShapedAxis((16, 1))))), layer_4 = ViewAxis(593:609, Axis(weight = ViewAxis(1:16, ShapedAxis((1, 16))), bias = ViewAxis(17:17, ShapedAxis((1, 1))))))), ode_par = 610:669)}}}, ForwardDiff.Dual{ForwardDiff.Tag{DiffEqBase.OrdinaryDiffEqTag, Float64}, Float64, 1}}}, FunctionWrappers.FunctionWrapper{Nothing, Tuple{Vector{ForwardDiff.Dual{ForwardDiff.Tag{DiffEqBase.OrdinaryDiffEqTag, Float64}, Float64, 1}}, Vector{ForwardDiff.Dual{ForwardDiff.Tag{DiffEqBase.OrdinaryDiffEqTag, Float64}, Float64, 1}}, ComponentVector{Float64, SubArray{Float64, 1, Vector{Float64}, Tuple{UnitRange{Int64}}, true}, Tuple{Axis{(p_net = ViewAxis(1:609, Axis(layer_1 = ViewAxis(1:48, Axis(weight = ViewAxis(1:32, ShapedAxis((16, 2))), bias = ViewAxis(33:48, ShapedAxis((16, 1))))), layer_2 = ViewAxis(49:320, Axis(weight = ViewAxis(1:256, ShapedAxis((16, 16))), bias = ViewAxis(257:272, ShapedAxis((16, 1))))), layer_3 = ViewAxis(321:592, Axis(weight = ViewAxis(1:256, ShapedAxis((16, 16))), bias = ViewAxis(257:272, ShapedAxis((16, 1))))), layer_4 = ViewAxis(593:609, Axis(weight = ViewAxis(1:16, ShapedAxis((1, 16))), bias = ViewAxis(17:17, ShapedAxis((1, 1))))))), ode_par = 610:669)}}}, ForwardDiff.Dual{ForwardDiff.Tag{DiffEqBase.OrdinaryDiffEqTag, Float64}, Float64, 1}}}}, false}, UniformScaling{Bool}, Nothing, Nothing, Nothing, Nothing, Nothing, Nothing, Nothing, Nothing, Nothing, Nothing, Nothing, Nothing, Nothing, Nothing, typeof(SciMLBase.DEFAULT_OBSERVED), Nothing, Nothing}, Float64, ComponentVector{Float64, SubArray{Float64, 1, Vector{Float64}, Tuple{UnitRange{Int64}}, true}, Tuple{Axis{(p_net = ViewAxis(1:609, Axis(layer_1 = ViewAxis(1:48, Axis(weight = ViewAxis(1:32, ShapedAxis((16, 2))), bias = ViewAxis(33:48, ShapedAxis((16, 1))))), layer_2 = ViewAxis(49:320, Axis(weight = ViewAxis(1:256, ShapedAxis((16, 16))), bias = ViewAxis(257:272, ShapedAxis((16, 1))))), layer_3 = ViewAxis(321:592, Axis(weight = ViewAxis(1:256, ShapedAxis((16, 16))), bias = ViewAxis(257:272, ShapedAxis((16, 1))))), layer_4 = ViewAxis(593:609, Axis(weight = ViewAxis(1:16, ShapedAxis((1, 16))), bias = ViewAxis(17:17, ShapedAxis((1, 1))))))), ode_par = 610:669)}}}}, FiniteDiff.JacobianCache{Vector{Float64}, Vector{Float64}, Vector{Float64}, Vector{Float64}, UnitRange{Int64}, Nothing, Val{:forward}(), Float64}, LinearSolve.LinearCache{Matrix{Float64}, Vector{Float64}, Vector{Float64}, SciMLBase.NullParameters, LinearSolve.DefaultLinearSolver, LinearSolve.DefaultLinearSolverInit{LU{Float64, Matrix{Float64}, Vector{Int64}}, LinearAlgebra.QRCompactWY{Float64, Matrix{Float64}, Matrix{Float64}}, Nothing, Nothing, Nothing, Nothing, Nothing, Nothing, LU{Float64, Matrix{Float64}, Vector{Int64}}, Tuple{LU{Float64, Matrix{Float64}, Vector{Int64}}, Vector{Int64}}, Nothing, Nothing, Nothing, SVD{Float64, Float64, Matrix{Float64}, Vector{Float64}}, Cholesky{Float64, Matrix{Float64}}, Cholesky{Float64, Matrix{Float64}}, Tuple{LU{Float64, Matrix{Float64}, Vector{Int32}}, Base.RefValue{Int32}}, Tuple{LU{Float64, Matrix{Float64}, Vector{Int64}}, Base.RefValue{Int64}}, QRPivoted{Float64, Matrix{Float64}, Vector{Float64}, Vector{Int64}}}, LinearSolve.InvPreconditioner{Diagonal{Float64, Vector{Float64}}}, Diagonal{Float64, Vector{Float64}}, Float64, Bool}}}}}, SciMLBase.DEStats, Nothing}, ODEFunction{true, SciMLBase.AutoSpecialize, FunctionWrappersWrappers.FunctionWrappersWrapper{Tuple{FunctionWrappers.FunctionWrapper{Nothing, Tuple{Vector{Float64}, Vector{Float64}, ComponentVector{Float64, SubArray{Float64, 1, Vector{Float64}, Tuple{UnitRange{Int64}}, true}, Tuple{Axis{(p_net = ViewAxis(1:609, Axis(layer_1 = ViewAxis(1:48, Axis(weight = ViewAxis(1:32, ShapedAxis((16, 2))), bias = ViewAxis(33:48, ShapedAxis((16, 1))))), layer_2 = ViewAxis(49:320, Axis(weight = ViewAxis(1:256, ShapedAxis((16, 16))), bias = ViewAxis(257:272, ShapedAxis((16, 1))))), layer_3 = ViewAxis(321:592, Axis(weight = ViewAxis(1:256, ShapedAxis((16, 16))), bias = ViewAxis(257:272, ShapedAxis((16, 1))))), layer_4 = ViewAxis(593:609, Axis(weight = ViewAxis(1:16, ShapedAxis((1, 16))), bias = ViewAxis(17:17, ShapedAxis((1, 1))))))), ode_par = 610:669)}}}, Float64}}, FunctionWrappers.FunctionWrapper{Nothing, Tuple{Vector{ForwardDiff.Dual{ForwardDiff.Tag{DiffEqBase.OrdinaryDiffEqTag, Float64}, Float64, 1}}, Vector{ForwardDiff.Dual{ForwardDiff.Tag{DiffEqBase.OrdinaryDiffEqTag, Float64}, Float64, 1}}, ComponentVector{Float64, SubArray{Float64, 1, Vector{Float64}, Tuple{UnitRange{Int64}}, true}, Tuple{Axis{(p_net = ViewAxis(1:609, Axis(layer_1 = ViewAxis(1:48, Axis(weight = ViewAxis(1:32, ShapedAxis((16, 2))), bias = ViewAxis(33:48, ShapedAxis((16, 1))))), layer_2 = ViewAxis(49:320, Axis(weight = ViewAxis(1:256, ShapedAxis((16, 16))), bias = ViewAxis(257:272, ShapedAxis((16, 1))))), layer_3 = ViewAxis(321:592, Axis(weight = ViewAxis(1:256, ShapedAxis((16, 16))), bias = ViewAxis(257:272, ShapedAxis((16, 1))))), layer_4 = ViewAxis(593:609, Axis(weight = ViewAxis(1:16, ShapedAxis((1, 16))), bias = ViewAxis(17:17, ShapedAxis((1, 1))))))), ode_par = 610:669)}}}, Float64}}, FunctionWrappers.FunctionWrapper{Nothing, Tuple{Vector{ForwardDiff.Dual{ForwardDiff.Tag{DiffEqBase.OrdinaryDiffEqTag, Float64}, Float64, 1}}, Vector{Float64}, ComponentVector{Float64, SubArray{Float64, 1, Vector{Float64}, Tuple{UnitRange{Int64}}, true}, Tuple{Axis{(p_net = ViewAxis(1:609, Axis(layer_1 = ViewAxis(1:48, Axis(weight = ViewAxis(1:32, ShapedAxis((16, 2))), bias = ViewAxis(33:48, ShapedAxis((16, 1))))), layer_2 = ViewAxis(49:320, Axis(weight = ViewAxis(1:256, ShapedAxis((16, 16))), bias = ViewAxis(257:272, ShapedAxis((16, 1))))), layer_3 = ViewAxis(321:592, Axis(weight = ViewAxis(1:256, ShapedAxis((16, 16))), bias = ViewAxis(257:272, ShapedAxis((16, 1))))), layer_4 = ViewAxis(593:609, Axis(weight = ViewAxis(1:16, ShapedAxis((1, 16))), bias = ViewAxis(17:17, ShapedAxis((1, 1))))))), ode_par = 610:669)}}}, ForwardDiff.Dual{ForwardDiff.Tag{DiffEqBase.OrdinaryDiffEqTag, Float64}, Float64, 1}}}, FunctionWrappers.FunctionWrapper{Nothing, Tuple{Vector{ForwardDiff.Dual{ForwardDiff.Tag{DiffEqBase.OrdinaryDiffEqTag, Float64}, Float64, 1}}, Vector{ForwardDiff.Dual{ForwardDiff.Tag{DiffEqBase.OrdinaryDiffEqTag, Float64}, Float64, 1}}, ComponentVector{Float64, SubArray{Float64, 1, Vector{Float64}, Tuple{UnitRange{Int64}}, true}, Tuple{Axis{(p_net = ViewAxis(1:609, Axis(layer_1 = ViewAxis(1:48, Axis(weight = ViewAxis(1:32, ShapedAxis((16, 2))), bias = ViewAxis(33:48, ShapedAxis((16, 1))))), layer_2 = ViewAxis(49:320, Axis(weight = ViewAxis(1:256, ShapedAxis((16, 16))), bias = ViewAxis(257:272, ShapedAxis((16, 1))))), layer_3 = ViewAxis(321:592, Axis(weight = ViewAxis(1:256, ShapedAxis((16, 16))), bias = ViewAxis(257:272, ShapedAxis((16, 1))))), layer_4 = ViewAxis(593:609, Axis(weight = ViewAxis(1:16, ShapedAxis((1, 16))), bias = ViewAxis(17:17, ShapedAxis((1, 1))))))), ode_par = 610:669)}}}, ForwardDiff.Dual{ForwardDiff.Tag{DiffEqBase.OrdinaryDiffEqTag, Float64}, Float64, 1}}}}, false}, UniformScaling{Bool}, Nothing, Nothing, Nothing, Nothing, Nothing, Nothing, Nothing, Nothing, Nothing, Nothing, Nothing, Nothing, Nothing, Nothing, typeof(SciMLBase.DEFAULT_OBSERVED), Nothing, Nothing}}, UniformScaling{Bool}, Nothing, Nothing, Nothing, Nothing, Nothing, Nothing, Nothing, Nothing, Nothing, Nothing, Nothing, Nothing, Nothing, Nothing, typeof(SciMLBase.DEFAULT_OBSERVED), Nothing, Nothing}, Vector{Vector{Float64}}, Vector{Float64}, Vector{Vector{Vector{Float64}}}, OrdinaryDiffEq.TRBDF2Cache{Vector{Float64}, Vector{Float64}, Vector{Float64}, OrdinaryDiffEq.TRBDF2Tableau{Float64, Float64}, OrdinaryDiffEq.NLSolver{NLNewton{Rational{Int64}, Rational{Int64}, Rational{Int64}, Rational{Int64}}, true, Vector{Float64}, Float64, Nothing, Float64, OrdinaryDiffEq.NLNewtonCache{Vector{Float64}, Float64, Float64, Vector{Float64}, Matrix{Float64}, Matrix{Float64}, SciMLBase.UJacobianWrapper{true, ODEFunction{true, true, SciMLSensitivity.ODEQuadratureAdjointSensitivityFunction{SciMLSensitivity.AdjointDiffCache{Nothing, Nothing, Nothing, Nothing, Nothing, Nothing, Nothing, Nothing, ReverseDiff.CompiledTape{ReverseDiff.GradientTape{SciMLSensitivity.var"#123#127"{ODEFunction{true, SciMLBase.AutoSpecialize, var"#f#27"{Chain{NamedTuple{(:layer_1, :layer_2, :layer_3, :layer_4), Tuple{Dense{true, typeof(gelu), typeof(my_glorot_uniform), typeof(my_glorot_uniform)}, Dense{true, typeof(gelu), typeof(my_glorot_uniform), typeof(my_glorot_uniform)}, Dense{true, typeof(gelu), typeof(my_glorot_uniform), typeof(my_glorot_uniform)}, Dense{true, typeof(identity), typeof(my_glorot_uniform), typeof(my_glorot_uniform)}}}, Nothing}, NamedTuple{(:layer_1, :layer_2, :layer_3, :layer_4), NTuple{4, NamedTuple{(), Tuple{}}}}, Vector{Float64}, Vector{Int64}, Vector{Int64}, Vector{Float64}}, UniformScaling{Bool}, Nothing, Nothing, Nothing, Nothing, Nothing, Nothing, Nothing, Nothing, Nothing, Nothing, Nothing, Nothing, Nothing, Nothing, typeof(SciMLBase.DEFAULT_OBSERVED), Nothing, Nothing}}, Tuple{ReverseDiff.TrackedArray{Float64, Float64, 1, Vector{Float64}, Vector{Float64}}, ReverseDiff.TrackedArray{Float64, Float64, 1, ComponentVector{Float64, Vector{Float64}, Tuple{Axis{(p_net = ViewAxis(1:609, Axis(layer_1 = ViewAxis(1:48, Axis(weight = ViewAxis(1:32, ShapedAxis((16, 2))), bias = ViewAxis(33:48, ShapedAxis((16, 1))))), layer_2 = ViewAxis(49:320, Axis(weight = ViewAxis(1:256, ShapedAxis((16, 16))), bias = ViewAxis(257:272, ShapedAxis((16, 1))))), layer_3 = ViewAxis(321:592, Axis(weight = ViewAxis(1:256, ShapedAxis((16, 16))), bias = ViewAxis(257:272, ShapedAxis((16, 1))))), layer_4 = ViewAxis(593:609, Axis(weight = ViewAxis(1:16, ShapedAxis((1, 16))), bias = ViewAxis(17:17, ShapedAxis((1, 1))))))), ode_par = 610:669)}}}, ComponentVector{Float64, Vector{Float64}, Tuple{Axis{(p_net = ViewAxis(1:609, Axis(layer_1 = ViewAxis(1:48, Axis(weight = ViewAxis(1:32, ShapedAxis((16, 2))), bias = ViewAxis(33:48, ShapedAxis((16, 1))))), layer_2 = ViewAxis(49:320, Axis(weight = ViewAxis(1:256, ShapedAxis((16, 16))), bias = ViewAxis(257:272, ShapedAxis((16, 1))))), layer_3 = ViewAxis(321:592, Axis(weight = ViewAxis(1:256, ShapedAxis((16, 16))), bias = ViewAxis(257:272, ShapedAxis((16, 1))))), layer_4 = ViewAxis(593:609, Axis(weight = ViewAxis(1:16, ShapedAxis((1, 16))), bias = ViewAxis(17:17, ShapedAxis((1, 1))))))), ode_par = 610:669)}}}}, ReverseDiff.TrackedArray{Float64, Float64, 1, Vector{Float64}, Vector{Float64}}}, Vector{ReverseDiff.TrackedReal{Float64, Float64, ReverseDiff.TrackedArray{Float64, Float64, 1, ComponentVector{Float64, Vector{Float64}, Tuple{Axis{(p_net = ViewAxis(1:609, Axis(layer_1 = ViewAxis(1:48, Axis(weight = ViewAxis(1:32, ShapedAxis((16, 2))), bias = ViewAxis(33:48, ShapedAxis((16, 1))))), layer_2 = ViewAxis(49:320, Axis(weight = ViewAxis(1:256, ShapedAxis((16, 16))), bias = ViewAxis(257:272, ShapedAxis((16, 1))))), layer_3 = ViewAxis(321:592, Axis(weight = ViewAxis(1:256, ShapedAxis((16, 16))), bias = ViewAxis(257:272, ShapedAxis((16, 1))))), layer_4 = ViewAxis(593:609, Axis(weight = ViewAxis(1:16, ShapedAxis((1, 16))), bias = ViewAxis(17:17, ShapedAxis((1, 1))))))), ode_par = 610:669)}}}, ComponentVector{Float64, Vector{Float64}, Tuple{Axis{(p_net = ViewAxis(1:609, Axis(layer_1 = ViewAxis(1:48, Axis(weight = ViewAxis(1:32, ShapedAxis((16, 2))), bias = ViewAxis(33:48, ShapedAxis((16, 1))))), layer_2 = ViewAxis(49:320, Axis(weight = ViewAxis(1:256, ShapedAxis((16, 16))), bias = ViewAxis(257:272, ShapedAxis((16, 1))))), layer_3 = ViewAxis(321:592, Axis(weight = ViewAxis(1:256, ShapedAxis((16, 16))), bias = ViewAxis(257:272, ShapedAxis((16, 1))))), layer_4 = ViewAxis(593:609, Axis(weight = ViewAxis(1:16, ShapedAxis((1, 16))), bias = ViewAxis(17:17, ShapedAxis((1, 1))))))), ode_par = 610:669)}}}}}}}}, Nothing, Nothing, Vector{Float64}, Nothing, Nothing, Base.OneTo{Int64}, UnitRange{Int64}, UniformScaling{Bool}}, QuadratureAdjoint{0, true, Val{:central}, ReverseDiffVJP{true}}, Vector{Float64}, ODESolution{Float64, 2, Vector{Vector{Float64}}, Nothing, Nothing, Vector{Float64}, Vector{Vector{Vector{Float64}}}, ODEProblem{Vector{Float64}, Tuple{Float64, Float64}, true, ComponentVector{Float64, SubArray{Float64, 1, Vector{Float64}, Tuple{UnitRange{Int64}}, true}, Tuple{Axis{(p_net = ViewAxis(1:609, Axis(layer_1 = ViewAxis(1:48, Axis(weight = ViewAxis(1:32, ShapedAxis((16, 2))), bias = ViewAxis(33:48, ShapedAxis((16, 1))))), layer_2 = ViewAxis(49:320, Axis(weight = ViewAxis(1:256, ShapedAxis((16, 16))), bias = ViewAxis(257:272, ShapedAxis((16, 1))))), layer_3 = ViewAxis(321:592, Axis(weight = ViewAxis(1:256, ShapedAxis((16, 16))), bias = ViewAxis(257:272, ShapedAxis((16, 1))))), layer_4 = ViewAxis(593:609, Axis(weight = ViewAxis(1:16, ShapedAxis((1, 16))), bias = ViewAxis(17:17, ShapedAxis((1, 1))))))), ode_par = 610:669)}}}, ODEFunction{true, SciMLBase.AutoSpecialize, FunctionWrappersWrappers.FunctionWrappersWrapper{Tuple{FunctionWrappers.FunctionWrapper{Nothing, Tuple{Vector{Float64}, Vector{Float64}, ComponentVector{Float64, SubArray{Float64, 1, Vector{Float64}, Tuple{UnitRange{Int64}}, true}, Tuple{Axis{(p_net = ViewAxis(1:609, Axis(layer_1 = ViewAxis(1:48, Axis(weight = ViewAxis(1:32, ShapedAxis((16, 2))), bias = ViewAxis(33:48, ShapedAxis((16, 1))))), layer_2 = ViewAxis(49:320, Axis(weight = ViewAxis(1:256, ShapedAxis((16, 16))), bias = ViewAxis(257:272, ShapedAxis((16, 1))))), layer_3 = ViewAxis(321:592, Axis(weight = ViewAxis(1:256, ShapedAxis((16, 16))), bias = ViewAxis(257:272, ShapedAxis((16, 1))))), layer_4 = ViewAxis(593:609, Axis(weight = ViewAxis(1:16, ShapedAxis((1, 16))), bias = ViewAxis(17:17, ShapedAxis((1, 1))))))), ode_par = 610:669)}}}, Float64}}, FunctionWrappers.FunctionWrapper{Nothing, Tuple{Vector{ForwardDiff.Dual{ForwardDiff.Tag{DiffEqBase.OrdinaryDiffEqTag, Float64}, Float64, 1}}, Vector{ForwardDiff.Dual{ForwardDiff.Tag{DiffEqBase.OrdinaryDiffEqTag, Float64}, Float64, 1}}, ComponentVector{Float64, SubArray{Float64, 1, Vector{Float64}, Tuple{UnitRange{Int64}}, true}, Tuple{Axis{(p_net = ViewAxis(1:609, Axis(layer_1 = ViewAxis(1:48, Axis(weight = ViewAxis(1:32, ShapedAxis((16, 2))), bias = ViewAxis(33:48, ShapedAxis((16, 1))))), layer_2 = ViewAxis(49:320, Axis(weight = ViewAxis(1:256, ShapedAxis((16, 16))), bias = ViewAxis(257:272, ShapedAxis((16, 1))))), layer_3 = ViewAxis(321:592, Axis(weight = ViewAxis(1:256, ShapedAxis((16, 16))), bias = ViewAxis(257:272, ShapedAxis((16, 1))))), layer_4 = ViewAxis(593:609, Axis(weight = ViewAxis(1:16, ShapedAxis((1, 16))), bias = ViewAxis(17:17, ShapedAxis((1, 1))))))), ode_par = 610:669)}}}, Float64}}, FunctionWrappers.FunctionWrapper{Nothing, Tuple{Vector{ForwardDiff.Dual{ForwardDiff.Tag{DiffEqBase.OrdinaryDiffEqTag, Float64}, Float64, 1}}, Vector{Float64}, ComponentVector{Float64, SubArray{Float64, 1, Vector{Float64}, Tuple{UnitRange{Int64}}, true}, Tuple{Axis{(p_net = ViewAxis(1:609, Axis(layer_1 = ViewAxis(1:48, Axis(weight = ViewAxis(1:32, ShapedAxis((16, 2))), bias = ViewAxis(33:48, ShapedAxis((16, 1))))), layer_2 = ViewAxis(49:320, Axis(weight = ViewAxis(1:256, ShapedAxis((16, 16))), bias = ViewAxis(257:272, ShapedAxis((16, 1))))), layer_3 = ViewAxis(321:592, Axis(weight = ViewAxis(1:256, ShapedAxis((16, 16))), bias = ViewAxis(257:272, ShapedAxis((16, 1))))), layer_4 = ViewAxis(593:609, Axis(weight = ViewAxis(1:16, ShapedAxis((1, 16))), bias = ViewAxis(17:17, ShapedAxis((1, 1))))))), ode_par = 610:669)}}}, ForwardDiff.Dual{ForwardDiff.Tag{DiffEqBase.OrdinaryDiffEqTag, Float64}, Float64, 1}}}, FunctionWrappers.FunctionWrapper{Nothing, Tuple{Vector{ForwardDiff.Dual{ForwardDiff.Tag{DiffEqBase.OrdinaryDiffEqTag, Float64}, Float64, 1}}, Vector{ForwardDiff.Dual{ForwardDiff.Tag{DiffEqBase.OrdinaryDiffEqTag, Float64}, Float64, 1}}, ComponentVector{Float64, SubArray{Float64, 1, Vector{Float64}, Tuple{UnitRange{Int64}}, true}, Tuple{Axis{(p_net = ViewAxis(1:609, Axis(layer_1 = ViewAxis(1:48, Axis(weight = ViewAxis(1:32, ShapedAxis((16, 2))), bias = ViewAxis(33:48, ShapedAxis((16, 1))))), layer_2 = ViewAxis(49:320, Axis(weight = ViewAxis(1:256, ShapedAxis((16, 16))), bias = ViewAxis(257:272, ShapedAxis((16, 1))))), layer_3 = ViewAxis(321:592, Axis(weight = ViewAxis(1:256, ShapedAxis((16, 16))), bias = ViewAxis(257:272, ShapedAxis((16, 1))))), layer_4 = ViewAxis(593:609, Axis(weight = ViewAxis(1:16, ShapedAxis((1, 16))), bias = ViewAxis(17:17, ShapedAxis((1, 1))))))), ode_par = 610:669)}}}, ForwardDiff.Dual{ForwardDiff.Tag{DiffEqBase.OrdinaryDiffEqTag, Float64}, Float64, 1}}}}, false}, UniformScaling{Bool}, Nothing, Nothing, Nothing, Nothing, Nothing, Nothing, Nothing, Nothing, Nothing, Nothing, Nothing, Nothing, Nothing, Nothing, typeof(SciMLBase.DEFAULT_OBSERVED), Nothing, Nothing}, Base.Pairs{Symbol, Union{}, Tuple{}, NamedTuple{(), Tuple{}}}, SciMLBase.StandardODEProblem}, TRBDF2{1, false, Nothing, NLNewton{Rational{Int64}, Rational{Int64}, Rational{Int64}, Rational{Int64}}, typeof(OrdinaryDiffEq.DEFAULT_PRECS), Val{:forward}, true, nothing}, OrdinaryDiffEq.InterpolationData{ODEFunction{true, SciMLBase.AutoSpecialize, FunctionWrappersWrappers.FunctionWrappersWrapper{Tuple{FunctionWrappers.FunctionWrapper{Nothing, Tuple{Vector{Float64}, Vector{Float64}, ComponentVector{Float64, SubArray{Float64, 1, Vector{Float64}, Tuple{UnitRange{Int64}}, true}, Tuple{Axis{(p_net = ViewAxis(1:609, Axis(layer_1 = ViewAxis(1:48, Axis(weight = ViewAxis(1:32, ShapedAxis((16, 2))), bias = ViewAxis(33:48, ShapedAxis((16, 1))))), layer_2 = ViewAxis(49:320, Axis(weight = ViewAxis(1:256, ShapedAxis((16, 16))), bias = ViewAxis(257:272, ShapedAxis((16, 1))))), layer_3 = ViewAxis(321:592, Axis(weight = ViewAxis(1:256, ShapedAxis((16, 16))), bias = ViewAxis(257:272, ShapedAxis((16, 1))))), layer_4 = ViewAxis(593:609, Axis(weight = ViewAxis(1:16, ShapedAxis((1, 16))), bias = ViewAxis(17:17, ShapedAxis((1, 1))))))), ode_par = 610:669)}}}, Float64}}, FunctionWrappers.FunctionWrapper{Nothing, Tuple{Vector{ForwardDiff.Dual{ForwardDiff.Tag{DiffEqBase.OrdinaryDiffEqTag, Float64}, Float64, 1}}, Vector{ForwardDiff.Dual{ForwardDiff.Tag{DiffEqBase.OrdinaryDiffEqTag, Float64}, Float64, 1}}, ComponentVector{Float64, SubArray{Float64, 1, Vector{Float64}, Tuple{UnitRange{Int64}}, true}, Tuple{Axis{(p_net = ViewAxis(1:609, Axis(layer_1 = ViewAxis(1:48, Axis(weight = ViewAxis(1:32, ShapedAxis((16, 2))), bias = ViewAxis(33:48, ShapedAxis((16, 1))))), layer_2 = ViewAxis(49:320, Axis(weight = ViewAxis(1:256, ShapedAxis((16, 16))), bias = ViewAxis(257:272, ShapedAxis((16, 1))))), layer_3 = ViewAxis(321:592, Axis(weight = ViewAxis(1:256, ShapedAxis((16, 16))), bias = ViewAxis(257:272, ShapedAxis((16, 1))))), layer_4 = ViewAxis(593:609, Axis(weight = ViewAxis(1:16, ShapedAxis((1, 16))), bias = ViewAxis(17:17, ShapedAxis((1, 1))))))), ode_par = 610:669)}}}, Float64}}, FunctionWrappers.FunctionWrapper{Nothing, Tuple{Vector{ForwardDiff.Dual{ForwardDiff.Tag{DiffEqBase.OrdinaryDiffEqTag, Float64}, Float64, 1}}, Vector{Float64}, ComponentVector{Float64, SubArray{Float64, 1, Vector{Float64}, Tuple{UnitRange{Int64}}, true}, Tuple{Axis{(p_net = ViewAxis(1:609, Axis(layer_1 = ViewAxis(1:48, Axis(weight = ViewAxis(1:32, ShapedAxis((16, 2))), bias = ViewAxis(33:48, ShapedAxis((16, 1))))), layer_2 = ViewAxis(49:320, Axis(weight = ViewAxis(1:256, ShapedAxis((16, 16))), bias = ViewAxis(257:272, ShapedAxis((16, 1))))), layer_3 = ViewAxis(321:592, Axis(weight = ViewAxis(1:256, ShapedAxis((16, 16))), bias = ViewAxis(257:272, ShapedAxis((16, 1))))), layer_4 = ViewAxis(593:609, Axis(weight = ViewAxis(1:16, ShapedAxis((1, 16))), bias = ViewAxis(17:17, ShapedAxis((1, 1))))))), ode_par = 610:669)}}}, ForwardDiff.Dual{ForwardDiff.Tag{DiffEqBase.OrdinaryDiffEqTag, Float64}, Float64, 1}}}, FunctionWrappers.FunctionWrapper{Nothing, Tuple{Vector{ForwardDiff.Dual{ForwardDiff.Tag{DiffEqBase.OrdinaryDiffEqTag, Float64}, Float64, 1}}, Vector{ForwardDiff.Dual{ForwardDiff.Tag{DiffEqBase.OrdinaryDiffEqTag, Float64}, Float64, 1}}, ComponentVector{Float64, SubArray{Float64, 1, Vector{Float64}, Tuple{UnitRange{Int64}}, true}, Tuple{Axis{(p_net = ViewAxis(1:609, Axis(layer_1 = ViewAxis(1:48, Axis(weight = ViewAxis(1:32, ShapedAxis((16, 2))), bias = ViewAxis(33:48, ShapedAxis((16, 1))))), layer_2 = ViewAxis(49:320, Axis(weight = ViewAxis(1:256, ShapedAxis((16, 16))), bias = ViewAxis(257:272, ShapedAxis((16, 1))))), layer_3 = ViewAxis(321:592, Axis(weight = ViewAxis(1:256, ShapedAxis((16, 16))), bias = ViewAxis(257:272, ShapedAxis((16, 1))))), layer_4 = ViewAxis(593:609, Axis(weight = ViewAxis(1:16, ShapedAxis((1, 16))), bias = ViewAxis(17:17, ShapedAxis((1, 1))))))), ode_par = 610:669)}}}, ForwardDiff.Dual{ForwardDiff.Tag{DiffEqBase.OrdinaryDiffEqTag, Float64}, Float64, 1}}}}, false}, UniformScaling{Bool}, Nothing, Nothing, Nothing, Nothing, Nothing, Nothing, Nothing, Nothing, Nothing, Nothing, Nothing, Nothing, Nothing, Nothing, typeof(SciMLBase.DEFAULT_OBSERVED), Nothing, Nothing}, Vector{Vector{Float64}}, Vector{Float64}, Vector{Vector{Vector{Float64}}}, OrdinaryDiffEq.TRBDF2Cache{Vector{Float64}, Vector{Float64}, Vector{Float64}, OrdinaryDiffEq.TRBDF2Tableau{Float64, Float64}, OrdinaryDiffEq.NLSolver{NLNewton{Rational{Int64}, Rational{Int64}, Rational{Int64}, Rational{Int64}}, true, Vector{Float64}, Float64, Nothing, Float64, OrdinaryDiffEq.NLNewtonCache{Vector{Float64}, Float64, Float64, Vector{Float64}, Matrix{Float64}, Matrix{Float64}, SciMLBase.UJacobianWrapper{true, ODEFunction{true, SciMLBase.AutoSpecialize, FunctionWrappersWrappers.FunctionWrappersWrapper{Tuple{FunctionWrappers.FunctionWrapper{Nothing, Tuple{Vector{Float64}, Vector{Float64}, ComponentVector{Float64, SubArray{Float64, 1, Vector{Float64}, Tuple{UnitRange{Int64}}, true}, Tuple{Axis{(p_net = ViewAxis(1:609, Axis(layer_1 = ViewAxis(1:48, Axis(weight = ViewAxis(1:32, ShapedAxis((16, 2))), bias = ViewAxis(33:48, ShapedAxis((16, 1))))), layer_2 = ViewAxis(49:320, Axis(weight = ViewAxis(1:256, ShapedAxis((16, 16))), bias = ViewAxis(257:272, ShapedAxis((16, 1))))), layer_3 = ViewAxis(321:592, Axis(weight = ViewAxis(1:256, ShapedAxis((16, 16))), bias = ViewAxis(257:272, ShapedAxis((16, 1))))), layer_4 = ViewAxis(593:609, Axis(weight = ViewAxis(1:16, ShapedAxis((1, 16))), bias = ViewAxis(17:17, ShapedAxis((1, 1))))))), ode_par = 610:669)}}}, Float64}}, FunctionWrappers.FunctionWrapper{Nothing, Tuple{Vector{ForwardDiff.Dual{ForwardDiff.Tag{DiffEqBase.OrdinaryDiffEqTag, Float64}, Float64, 1}}, Vector{ForwardDiff.Dual{ForwardDiff.Tag{DiffEqBase.OrdinaryDiffEqTag, Float64}, Float64, 1}}, ComponentVector{Float64, SubArray{Float64, 1, Vector{Float64}, Tuple{UnitRange{Int64}}, true}, Tuple{Axis{(p_net = ViewAxis(1:609, Axis(layer_1 = ViewAxis(1:48, Axis(weight = ViewAxis(1:32, ShapedAxis((16, 2))), bias = ViewAxis(33:48, ShapedAxis((16, 1))))), layer_2 = ViewAxis(49:320, Axis(weight = ViewAxis(1:256, ShapedAxis((16, 16))), bias = ViewAxis(257:272, ShapedAxis((16, 1))))), layer_3 = ViewAxis(321:592, Axis(weight = ViewAxis(1:256, ShapedAxis((16, 16))), bias = ViewAxis(257:272, ShapedAxis((16, 1))))), layer_4 = ViewAxis(593:609, Axis(weight = ViewAxis(1:16, ShapedAxis((1, 16))), bias = ViewAxis(17:17, ShapedAxis((1, 1))))))), ode_par = 610:669)}}}, Float64}}, FunctionWrappers.FunctionWrapper{Nothing, Tuple{Vector{ForwardDiff.Dual{ForwardDiff.Tag{DiffEqBase.OrdinaryDiffEqTag, Float64}, Float64, 1}}, Vector{Float64}, ComponentVector{Float64, SubArray{Float64, 1, Vector{Float64}, Tuple{UnitRange{Int64}}, true}, Tuple{Axis{(p_net = ViewAxis(1:609, Axis(layer_1 = ViewAxis(1:48, Axis(weight = ViewAxis(1:32, ShapedAxis((16, 2))), bias = ViewAxis(33:48, ShapedAxis((16, 1))))), layer_2 = ViewAxis(49:320, Axis(weight = ViewAxis(1:256, ShapedAxis((16, 16))), bias = ViewAxis(257:272, ShapedAxis((16, 1))))), layer_3 = ViewAxis(321:592, Axis(weight = ViewAxis(1:256, ShapedAxis((16, 16))), bias = ViewAxis(257:272, ShapedAxis((16, 1))))), layer_4 = ViewAxis(593:609, Axis(weight = ViewAxis(1:16, ShapedAxis((1, 16))), bias = ViewAxis(17:17, ShapedAxis((1, 1))))))), ode_par = 610:669)}}}, ForwardDiff.Dual{ForwardDiff.Tag{DiffEqBase.OrdinaryDiffEqTag, Float64}, Float64, 1}}}, FunctionWrappers.FunctionWrapper{Nothing, Tuple{Vector{ForwardDiff.Dual{ForwardDiff.Tag{DiffEqBase.OrdinaryDiffEqTag, Float64}, Float64, 1}}, Vector{ForwardDiff.Dual{ForwardDiff.Tag{DiffEqBase.OrdinaryDiffEqTag, Float64}, Float64, 1}}, ComponentVector{Float64, SubArray{Float64, 1, Vector{Float64}, Tuple{UnitRange{Int64}}, true}, Tuple{Axis{(p_net = ViewAxis(1:609, Axis(layer_1 = ViewAxis(1:48, Axis(weight = ViewAxis(1:32, ShapedAxis((16, 2))), bias = ViewAxis(33:48, ShapedAxis((16, 1))))), layer_2 = ViewAxis(49:320, Axis(weight = ViewAxis(1:256, ShapedAxis((16, 16))), bias = ViewAxis(257:272, ShapedAxis((16, 1))))), layer_3 = ViewAxis(321:592, Axis(weight = ViewAxis(1:256, ShapedAxis((16, 16))), bias = ViewAxis(257:272, ShapedAxis((16, 1))))), layer_4 = ViewAxis(593:609, Axis(weight = ViewAxis(1:16, ShapedAxis((1, 16))), bias = ViewAxis(17:17, ShapedAxis((1, 1))))))), ode_par = 610:669)}}}, ForwardDiff.Dual{ForwardDiff.Tag{DiffEqBase.OrdinaryDiffEqTag, Float64}, Float64, 1}}}}, false}, UniformScaling{Bool}, Nothing, Nothing, Nothing, Nothing, Nothing, Nothing, Nothing, Nothing, Nothing, Nothing, Nothing, Nothing, Nothing, Nothing, typeof(SciMLBase.DEFAULT_OBSERVED), Nothing, Nothing}, Float64, ComponentVector{Float64, SubArray{Float64, 1, Vector{Float64}, Tuple{UnitRange{Int64}}, true}, Tuple{Axis{(p_net = ViewAxis(1:609, Axis(layer_1 = ViewAxis(1:48, Axis(weight = ViewAxis(1:32, ShapedAxis((16, 2))), bias = ViewAxis(33:48, ShapedAxis((16, 1))))), layer_2 = ViewAxis(49:320, Axis(weight = ViewAxis(1:256, ShapedAxis((16, 16))), bias = ViewAxis(257:272, ShapedAxis((16, 1))))), layer_3 = ViewAxis(321:592, Axis(weight = ViewAxis(1:256, ShapedAxis((16, 16))), bias = ViewAxis(257:272, ShapedAxis((16, 1))))), layer_4 = ViewAxis(593:609, Axis(weight = ViewAxis(1:16, ShapedAxis((1, 16))), bias = ViewAxis(17:17, ShapedAxis((1, 1))))))), ode_par = 610:669)}}}}, FiniteDiff.JacobianCache{Vector{Float64}, Vector{Float64}, Vector{Float64}, Vector{Float64}, UnitRange{Int64}, Nothing, Val{:forward}(), Float64}, LinearSolve.LinearCache{Matrix{Float64}, Vector{Float64}, Vector{Float64}, SciMLBase.NullParameters, LinearSolve.DefaultLinearSolver, LinearSolve.DefaultLinearSolverInit{LU{Float64, Matrix{Float64}, Vector{Int64}}, LinearAlgebra.QRCompactWY{Float64, Matrix{Float64}, Matrix{Float64}}, Nothing, Nothing, Nothing, Nothing, Nothing, Nothing, LU{Float64, Matrix{Float64}, Vector{Int64}}, Tuple{LU{Float64, Matrix{Float64}, Vector{Int64}}, Vector{Int64}}, Nothing, Nothing, Nothing, SVD{Float64, Float64, Matrix{Float64}, Vector{Float64}}, Cholesky{Float64, Matrix{Float64}}, Cholesky{Float64, Matrix{Float64}}, Tuple{LU{Float64, Matrix{Float64}, Vector{Int32}}, Base.RefValue{Int32}}, Tuple{LU{Float64, Matrix{Float64}, Vector{Int64}}, Base.RefValue{Int64}}, QRPivoted{Float64, Matrix{Float64}, Vector{Float64}, Vector{Int64}}}, LinearSolve.InvPreconditioner{Diagonal{Float64, Vector{Float64}}}, Diagonal{Float64, Vector{Float64}}, Float64, Bool}}}}}, SciMLBase.DEStats, Nothing}, ODEFunction{true, SciMLBase.AutoSpecialize, FunctionWrappersWrappers.FunctionWrappersWrapper{Tuple{FunctionWrappers.FunctionWrapper{Nothing, Tuple{Vector{Float64}, Vector{Float64}, ComponentVector{Float64, SubArray{Float64, 1, Vector{Float64}, Tuple{UnitRange{Int64}}, true}, Tuple{Axis{(p_net = ViewAxis(1:609, Axis(layer_1 = ViewAxis(1:48, Axis(weight = ViewAxis(1:32, ShapedAxis((16, 2))), bias = ViewAxis(33:48, ShapedAxis((16, 1))))), layer_2 = ViewAxis(49:320, Axis(weight = ViewAxis(1:256, ShapedAxis((16, 16))), bias = ViewAxis(257:272, ShapedAxis((16, 1))))), layer_3 = ViewAxis(321:592, Axis(weight = ViewAxis(1:256, ShapedAxis((16, 16))), bias = ViewAxis(257:272, ShapedAxis((16, 1))))), layer_4 = ViewAxis(593:609, Axis(weight = ViewAxis(1:16, ShapedAxis((1, 16))), bias = ViewAxis(17:17, ShapedAxis((1, 1))))))), ode_par = 610:669)}}}, Float64}}, FunctionWrappers.FunctionWrapper{Nothing, Tuple{Vector{ForwardDiff.Dual{ForwardDiff.Tag{DiffEqBase.OrdinaryDiffEqTag, Float64}, Float64, 1}}, Vector{ForwardDiff.Dual{ForwardDiff.Tag{DiffEqBase.OrdinaryDiffEqTag, Float64}, Float64, 1}}, ComponentVector{Float64, SubArray{Float64, 1, Vector{Float64}, Tuple{UnitRange{Int64}}, true}, Tuple{Axis{(p_net = ViewAxis(1:609, Axis(layer_1 = ViewAxis(1:48, Axis(weight = ViewAxis(1:32, ShapedAxis((16, 2))), bias = ViewAxis(33:48, ShapedAxis((16, 1))))), layer_2 = ViewAxis(49:320, Axis(weight = ViewAxis(1:256, ShapedAxis((16, 16))), bias = ViewAxis(257:272, ShapedAxis((16, 1))))), layer_3 = ViewAxis(321:592, Axis(weight = ViewAxis(1:256, ShapedAxis((16, 16))), bias = ViewAxis(257:272, ShapedAxis((16, 1))))), layer_4 = ViewAxis(593:609, Axis(weight = ViewAxis(1:16, ShapedAxis((1, 16))), bias = ViewAxis(17:17, ShapedAxis((1, 1))))))), ode_par = 610:669)}}}, Float64}}, FunctionWrappers.FunctionWrapper{Nothing, Tuple{Vector{ForwardDiff.Dual{ForwardDiff.Tag{DiffEqBase.OrdinaryDiffEqTag, Float64}, Float64, 1}}, Vector{Float64}, ComponentVector{Float64, SubArray{Float64, 1, Vector{Float64}, Tuple{UnitRange{Int64}}, true}, Tuple{Axis{(p_net = ViewAxis(1:609, Axis(layer_1 = ViewAxis(1:48, Axis(weight = ViewAxis(1:32, ShapedAxis((16, 2))), bias = ViewAxis(33:48, ShapedAxis((16, 1))))), layer_2 = ViewAxis(49:320, Axis(weight = ViewAxis(1:256, ShapedAxis((16, 16))), bias = ViewAxis(257:272, ShapedAxis((16, 1))))), layer_3 = ViewAxis(321:592, Axis(weight = ViewAxis(1:256, ShapedAxis((16, 16))), bias = ViewAxis(257:272, ShapedAxis((16, 1))))), layer_4 = ViewAxis(593:609, Axis(weight = ViewAxis(1:16, ShapedAxis((1, 16))), bias = ViewAxis(17:17, ShapedAxis((1, 1))))))), ode_par = 610:669)}}}, ForwardDiff.Dual{ForwardDiff.Tag{DiffEqBase.OrdinaryDiffEqTag, Float64}, Float64, 1}}}, FunctionWrappers.FunctionWrapper{Nothing, Tuple{Vector{ForwardDiff.Dual{ForwardDiff.Tag{DiffEqBase.OrdinaryDiffEqTag, Float64}, Float64, 1}}, Vector{ForwardDiff.Dual{ForwardDiff.Tag{DiffEqBase.OrdinaryDiffEqTag, Float64}, Float64, 1}}, ComponentVector{Float64, SubArray{Float64, 1, Vector{Float64}, Tuple{UnitRange{Int64}}, true}, Tuple{Axis{(p_net = ViewAxis(1:609, Axis(layer_1 = ViewAxis(1:48, Axis(weight = ViewAxis(1:32, ShapedAxis((16, 2))), bias = ViewAxis(33:48, ShapedAxis((16, 1))))), layer_2 = ViewAxis(49:320, Axis(weight = ViewAxis(1:256, ShapedAxis((16, 16))), bias = ViewAxis(257:272, ShapedAxis((16, 1))))), layer_3 = ViewAxis(321:592, Axis(weight = ViewAxis(1:256, ShapedAxis((16, 16))), bias = ViewAxis(257:272, ShapedAxis((16, 1))))), layer_4 = ViewAxis(593:609, Axis(weight = ViewAxis(1:16, ShapedAxis((1, 16))), bias = ViewAxis(17:17, ShapedAxis((1, 1))))))), ode_par = 610:669)}}}, ForwardDiff.Dual{ForwardDiff.Tag{DiffEqBase.OrdinaryDiffEqTag, Float64}, Float64, 1}}}}, false}, UniformScaling{Bool}, Nothing, Nothing, Nothing, Nothing, Nothing, Nothing, Nothing, Nothing, Nothing, Nothing, Nothing, Nothing, Nothing, Nothing, typeof(SciMLBase.DEFAULT_OBSERVED), Nothing, Nothing}}, UniformScaling{Bool}, Nothing, Nothing, Nothing, Nothing, Nothing, Nothing, Nothing, Nothing, Nothing, Nothing, Nothing, Nothing, Nothing, Nothing, typeof(SciMLBase.DEFAULT_OBSERVED), Nothing, Nothing}, Float64, ComponentVector{Float64, SubArray{Float64, 1, Vector{Float64}, Tuple{UnitRange{Int64}}, true}, Tuple{Axis{(p_net = ViewAxis(1:609, Axis(layer_1 = ViewAxis(1:48, Axis(weight = ViewAxis(1:32, ShapedAxis((16, 2))), bias = ViewAxis(33:48, ShapedAxis((16, 1))))), layer_2 = ViewAxis(49:320, Axis(weight = ViewAxis(1:256, ShapedAxis((16, 16))), bias = ViewAxis(257:272, ShapedAxis((16, 1))))), layer_3 = ViewAxis(321:592, Axis(weight = ViewAxis(1:256, ShapedAxis((16, 16))), bias = ViewAxis(257:272, ShapedAxis((16, 1))))), layer_4 = ViewAxis(593:609, Axis(weight = ViewAxis(1:16, ShapedAxis((1, 16))), bias = ViewAxis(17:17, ShapedAxis((1, 1))))))), ode_par = 610:669)}}}}, FiniteDiff.JacobianCache{Vector{Float64}, Vector{Float64}, Vector{Float64}, Vector{Float64}, UnitRange{Int64}, Nothing, Val{:forward}(), Float64}, LinearSolve.LinearCache{Matrix{Float64}, Vector{Float64}, Vector{Float64}, SciMLBase.NullParameters, LinearSolve.DefaultLinearSolver, LinearSolve.DefaultLinearSolverInit{LU{Float64, Matrix{Float64}, Vector{Int64}}, LinearAlgebra.QRCompactWY{Float64, Matrix{Float64}, Matrix{Float64}}, Nothing, Nothing, Nothing, Nothing, Nothing, Nothing, LU{Float64, Matrix{Float64}, Vector{Int64}}, Tuple{LU{Float64, Matrix{Float64}, Vector{Int64}}, Vector{Int64}}, Nothing, Nothing, Nothing, SVD{Float64, Float64, Matrix{Float64}, Vector{Float64}}, Cholesky{Float64, Matrix{Float64}}, Cholesky{Float64, Matrix{Float64}}, Tuple{LU{Float64, Matrix{Float64}, Vector{Int32}}, Base.RefValue{Int32}}, Tuple{LU{Float64, Matrix{Float64}, Vector{Int64}}, Base.RefValue{Int64}}, QRPivoted{Float64, Matrix{Float64}, Vector{Float64}, Vector{Int64}}}, LinearSolve.InvPreconditioner{Diagonal{Float64, Vector{Float64}}}, Diagonal{Float64, Vector{Float64}}, Float64, Bool}}}}}, SciMLBase.DEStats, Nothing}, Nothing, ReverseDiff.CompiledTape{ReverseDiff.GradientTape{SciMLSensitivity.var"#214#220"{ODEFunction{true, SciMLBase.AutoSpecialize, var"#f#27"{Chain{NamedTuple{(:layer_1, :layer_2, :layer_3, :layer_4), Tuple{Dense{true, typeof(gelu), typeof(my_glorot_uniform), typeof(my_glorot_uniform)}, Dense{true, typeof(gelu), typeof(my_glorot_uniform), typeof(my_glorot_uniform)}, Dense{true, typeof(gelu), typeof(my_glorot_uniform), typeof(my_glorot_uniform)}, Dense{true, typeof(identity), typeof(my_glorot_uniform), typeof(my_glorot_uniform)}}}, Nothing}, NamedTuple{(:layer_1, :layer_2, :layer_3, :layer_4), NTuple{4, NamedTuple{(), Tuple{}}}}, Vector{Float64}, Vector{Int64}, Vector{Int64}, Vector{Float64}}, UniformScaling{Bool}, Nothing, Nothing, Nothing, Nothing, Nothing, Nothing, Nothing, Nothing, Nothing, Nothing, Nothing, Nothing, Nothing, Nothing, typeof(SciMLBase.DEFAULT_OBSERVED), Nothing, Nothing}}, Tuple{ReverseDiff.TrackedArray{Float64, Float64, 1, Vector{Float64}, Vector{Float64}}, ReverseDiff.TrackedArray{Float64, Float64, 1, ComponentVector{Float64, Vector{Float64}, Tuple{Axis{(p_net = ViewAxis(1:609, Axis(layer_1 = ViewAxis(1:48, Axis(weight = ViewAxis(1:32, ShapedAxis((16, 2))), bias = ViewAxis(33:48, ShapedAxis((16, 1))))), layer_2 = ViewAxis(49:320, Axis(weight = ViewAxis(1:256, ShapedAxis((16, 16))), bias = ViewAxis(257:272, ShapedAxis((16, 1))))), layer_3 = ViewAxis(321:592, Axis(weight = ViewAxis(1:256, ShapedAxis((16, 16))), bias = ViewAxis(257:272, ShapedAxis((16, 1))))), layer_4 = ViewAxis(593:609, Axis(weight = ViewAxis(1:16, ShapedAxis((1, 16))), bias = ViewAxis(17:17, ShapedAxis((1, 1))))))), ode_par = 610:669)}}}, ComponentVector{Float64, Vector{Float64}, Tuple{Axis{(p_net = ViewAxis(1:609, Axis(layer_1 = ViewAxis(1:48, Axis(weight = ViewAxis(1:32, ShapedAxis((16, 2))), bias = ViewAxis(33:48, ShapedAxis((16, 1))))), layer_2 = ViewAxis(49:320, Axis(weight = ViewAxis(1:256, ShapedAxis((16, 16))), bias = ViewAxis(257:272, ShapedAxis((16, 1))))), layer_3 = ViewAxis(321:592, Axis(weight = ViewAxis(1:256, ShapedAxis((16, 16))), bias = ViewAxis(257:272, ShapedAxis((16, 1))))), layer_4 = ViewAxis(593:609, Axis(weight = ViewAxis(1:16, ShapedAxis((1, 16))), bias = ViewAxis(17:17, ShapedAxis((1, 1))))))), ode_par = 610:669)}}}}, ReverseDiff.TrackedArray{Float64, Float64, 1, Vector{Float64}, Vector{Float64}}}, Vector{ReverseDiff.TrackedReal{Float64, Float64, ReverseDiff.TrackedArray{Float64, Float64, 1, ComponentVector{Float64, Vector{Float64}, Tuple{Axis{(p_net = ViewAxis(1:609, Axis(layer_1 = ViewAxis(1:48, Axis(weight = ViewAxis(1:32, ShapedAxis((16, 2))), bias = ViewAxis(33:48, ShapedAxis((16, 1))))), layer_2 = ViewAxis(49:320, Axis(weight = ViewAxis(1:256, ShapedAxis((16, 16))), bias = ViewAxis(257:272, ShapedAxis((16, 1))))), layer_3 = ViewAxis(321:592, Axis(weight = ViewAxis(1:256, ShapedAxis((16, 16))), bias = ViewAxis(257:272, ShapedAxis((16, 1))))), layer_4 = ViewAxis(593:609, Axis(weight = ViewAxis(1:16, ShapedAxis((1, 16))), bias = ViewAxis(17:17, ShapedAxis((1, 1))))))), ode_par = 610:669)}}}, ComponentVector{Float64, Vector{Float64}, Tuple{Axis{(p_net = ViewAxis(1:609, Axis(layer_1 = ViewAxis(1:48, Axis(weight = ViewAxis(1:32, ShapedAxis((16, 2))), bias = ViewAxis(33:48, ShapedAxis((16, 1))))), layer_2 = ViewAxis(49:320, Axis(weight = ViewAxis(1:256, ShapedAxis((16, 16))), bias = ViewAxis(257:272, ShapedAxis((16, 1))))), layer_3 = ViewAxis(321:592, Axis(weight = ViewAxis(1:256, ShapedAxis((16, 16))), bias = ViewAxis(257:272, ShapedAxis((16, 1))))), layer_4 = ViewAxis(593:609, Axis(weight = ViewAxis(1:16, ShapedAxis((1, 16))), bias = ViewAxis(17:17, ShapedAxis((1, 1))))))), ode_par = 610:669)}}}}}}}}, Nothing, Nothing, Nothing}, s::Tuple{Float64, Float64}, n::Int64, atol::Float64, rtol::Float64, maxevals::Int64, nrm::typeof(norm), _segbuf::Nothing, eval_segbuf::Nothing)
    @ QuadGK ~/.julia/packages/QuadGK/wnfvV/src/adapt.jl:87
  [5] #50
    @ ~/.julia/packages/QuadGK/wnfvV/src/api.jl:83 [inlined]
  [6] handle_infinities(workfunc::QuadGK.var"#50#51"{Float64, Float64, Int64, Int64, typeof(norm), Nothing, Nothing}, f::AdjointSensitivityIntegrand{ComponentVector{Float64, SubArray{Float64, 1, Vector{Float64}, Tuple{UnitRange{Int64}}, true}, Tuple{Axis{(p_net = ViewAxis(1:609, Axis(layer_1 = ViewAxis(1:48, Axis(weight = ViewAxis(1:32, ShapedAxis((16, 2))), bias = ViewAxis(33:48, ShapedAxis((16, 1))))), layer_2 = ViewAxis(49:320, Axis(weight = ViewAxis(1:256, ShapedAxis((16, 16))), bias = ViewAxis(257:272, ShapedAxis((16, 1))))), layer_3 = ViewAxis(321:592, Axis(weight = ViewAxis(1:256, ShapedAxis((16, 16))), bias = ViewAxis(257:272, ShapedAxis((16, 1))))), layer_4 = ViewAxis(593:609, Axis(weight = ViewAxis(1:16, ShapedAxis((1, 16))), bias = ViewAxis(17:17, ShapedAxis((1, 1))))))), ode_par = 610:669)}}}, Vector{Float64}, Vector{Float64}, Vector{Float64}, ODESolution{Float64, 2, Vector{Vector{Float64}}, Nothing, Nothing, Vector{Float64}, Vector{Vector{Vector{Float64}}}, ODEProblem{Vector{Float64}, Tuple{Float64, Float64}, true, ComponentVector{Float64, SubArray{Float64, 1, Vector{Float64}, Tuple{UnitRange{Int64}}, true}, Tuple{Axis{(p_net = ViewAxis(1:609, Axis(layer_1 = ViewAxis(1:48, Axis(weight = ViewAxis(1:32, ShapedAxis((16, 2))), bias = ViewAxis(33:48, ShapedAxis((16, 1))))), layer_2 = ViewAxis(49:320, Axis(weight = ViewAxis(1:256, ShapedAxis((16, 16))), bias = ViewAxis(257:272, ShapedAxis((16, 1))))), layer_3 = ViewAxis(321:592, Axis(weight = ViewAxis(1:256, ShapedAxis((16, 16))), bias = ViewAxis(257:272, ShapedAxis((16, 1))))), layer_4 = ViewAxis(593:609, Axis(weight = ViewAxis(1:16, ShapedAxis((1, 16))), bias = ViewAxis(17:17, ShapedAxis((1, 1))))))), ode_par = 610:669)}}}, ODEFunction{true, SciMLBase.AutoSpecialize, FunctionWrappersWrappers.FunctionWrappersWrapper{Tuple{FunctionWrappers.FunctionWrapper{Nothing, Tuple{Vector{Float64}, Vector{Float64}, ComponentVector{Float64, SubArray{Float64, 1, Vector{Float64}, Tuple{UnitRange{Int64}}, true}, Tuple{Axis{(p_net = ViewAxis(1:609, Axis(layer_1 = ViewAxis(1:48, Axis(weight = ViewAxis(1:32, ShapedAxis((16, 2))), bias = ViewAxis(33:48, ShapedAxis((16, 1))))), layer_2 = ViewAxis(49:320, Axis(weight = ViewAxis(1:256, ShapedAxis((16, 16))), bias = ViewAxis(257:272, ShapedAxis((16, 1))))), layer_3 = ViewAxis(321:592, Axis(weight = ViewAxis(1:256, ShapedAxis((16, 16))), bias = ViewAxis(257:272, ShapedAxis((16, 1))))), layer_4 = ViewAxis(593:609, Axis(weight = ViewAxis(1:16, ShapedAxis((1, 16))), bias = ViewAxis(17:17, ShapedAxis((1, 1))))))), ode_par = 610:669)}}}, Float64}}, FunctionWrappers.FunctionWrapper{Nothing, Tuple{Vector{ForwardDiff.Dual{ForwardDiff.Tag{DiffEqBase.OrdinaryDiffEqTag, Float64}, Float64, 1}}, Vector{ForwardDiff.Dual{ForwardDiff.Tag{DiffEqBase.OrdinaryDiffEqTag, Float64}, Float64, 1}}, ComponentVector{Float64, SubArray{Float64, 1, Vector{Float64}, Tuple{UnitRange{Int64}}, true}, Tuple{Axis{(p_net = ViewAxis(1:609, Axis(layer_1 = ViewAxis(1:48, Axis(weight = ViewAxis(1:32, ShapedAxis((16, 2))), bias = ViewAxis(33:48, ShapedAxis((16, 1))))), layer_2 = ViewAxis(49:320, Axis(weight = ViewAxis(1:256, ShapedAxis((16, 16))), bias = ViewAxis(257:272, ShapedAxis((16, 1))))), layer_3 = ViewAxis(321:592, Axis(weight = ViewAxis(1:256, ShapedAxis((16, 16))), bias = ViewAxis(257:272, ShapedAxis((16, 1))))), layer_4 = ViewAxis(593:609, Axis(weight = ViewAxis(1:16, ShapedAxis((1, 16))), bias = ViewAxis(17:17, ShapedAxis((1, 1))))))), ode_par = 610:669)}}}, Float64}}, FunctionWrappers.FunctionWrapper{Nothing, Tuple{Vector{ForwardDiff.Dual{ForwardDiff.Tag{DiffEqBase.OrdinaryDiffEqTag, Float64}, Float64, 1}}, Vector{Float64}, ComponentVector{Float64, SubArray{Float64, 1, Vector{Float64}, Tuple{UnitRange{Int64}}, true}, Tuple{Axis{(p_net = ViewAxis(1:609, Axis(layer_1 = ViewAxis(1:48, Axis(weight = ViewAxis(1:32, ShapedAxis((16, 2))), bias = ViewAxis(33:48, ShapedAxis((16, 1))))), layer_2 = ViewAxis(49:320, Axis(weight = ViewAxis(1:256, ShapedAxis((16, 16))), bias = ViewAxis(257:272, ShapedAxis((16, 1))))), layer_3 = ViewAxis(321:592, Axis(weight = ViewAxis(1:256, ShapedAxis((16, 16))), bias = ViewAxis(257:272, ShapedAxis((16, 1))))), layer_4 = ViewAxis(593:609, Axis(weight = ViewAxis(1:16, ShapedAxis((1, 16))), bias = ViewAxis(17:17, ShapedAxis((1, 1))))))), ode_par = 610:669)}}}, ForwardDiff.Dual{ForwardDiff.Tag{DiffEqBase.OrdinaryDiffEqTag, Float64}, Float64, 1}}}, FunctionWrappers.FunctionWrapper{Nothing, Tuple{Vector{ForwardDiff.Dual{ForwardDiff.Tag{DiffEqBase.OrdinaryDiffEqTag, Float64}, Float64, 1}}, Vector{ForwardDiff.Dual{ForwardDiff.Tag{DiffEqBase.OrdinaryDiffEqTag, Float64}, Float64, 1}}, ComponentVector{Float64, SubArray{Float64, 1, Vector{Float64}, Tuple{UnitRange{Int64}}, true}, Tuple{Axis{(p_net = ViewAxis(1:609, Axis(layer_1 = ViewAxis(1:48, Axis(weight = ViewAxis(1:32, ShapedAxis((16, 2))), bias = ViewAxis(33:48, ShapedAxis((16, 1))))), layer_2 = ViewAxis(49:320, Axis(weight = ViewAxis(1:256, ShapedAxis((16, 16))), bias = ViewAxis(257:272, ShapedAxis((16, 1))))), layer_3 = ViewAxis(321:592, Axis(weight = ViewAxis(1:256, ShapedAxis((16, 16))), bias = ViewAxis(257:272, ShapedAxis((16, 1))))), layer_4 = ViewAxis(593:609, Axis(weight = ViewAxis(1:16, ShapedAxis((1, 16))), bias = ViewAxis(17:17, ShapedAxis((1, 1))))))), ode_par = 610:669)}}}, ForwardDiff.Dual{ForwardDiff.Tag{DiffEqBase.OrdinaryDiffEqTag, Float64}, Float64, 1}}}}, false}, UniformScaling{Bool}, Nothing, Nothing, Nothing, Nothing, Nothing, Nothing, Nothing, Nothing, Nothing, Nothing, Nothing, Nothing, Nothing, Nothing, typeof(SciMLBase.DEFAULT_OBSERVED), Nothing, Nothing}, Base.Pairs{Symbol, Union{}, Tuple{}, NamedTuple{(), Tuple{}}}, SciMLBase.StandardODEProblem}, TRBDF2{1, false, Nothing, NLNewton{Rational{Int64}, Rational{Int64}, Rational{Int64}, Rational{Int64}}, typeof(OrdinaryDiffEq.DEFAULT_PRECS), Val{:forward}, true, nothing}, OrdinaryDiffEq.InterpolationData{ODEFunction{true, SciMLBase.AutoSpecialize, FunctionWrappersWrappers.FunctionWrappersWrapper{Tuple{FunctionWrappers.FunctionWrapper{Nothing, Tuple{Vector{Float64}, Vector{Float64}, ComponentVector{Float64, SubArray{Float64, 1, Vector{Float64}, Tuple{UnitRange{Int64}}, true}, Tuple{Axis{(p_net = ViewAxis(1:609, Axis(layer_1 = ViewAxis(1:48, Axis(weight = ViewAxis(1:32, ShapedAxis((16, 2))), bias = ViewAxis(33:48, ShapedAxis((16, 1))))), layer_2 = ViewAxis(49:320, Axis(weight = ViewAxis(1:256, ShapedAxis((16, 16))), bias = ViewAxis(257:272, ShapedAxis((16, 1))))), layer_3 = ViewAxis(321:592, Axis(weight = ViewAxis(1:256, ShapedAxis((16, 16))), bias = ViewAxis(257:272, ShapedAxis((16, 1))))), layer_4 = ViewAxis(593:609, Axis(weight = ViewAxis(1:16, ShapedAxis((1, 16))), bias = ViewAxis(17:17, ShapedAxis((1, 1))))))), ode_par = 610:669)}}}, Float64}}, FunctionWrappers.FunctionWrapper{Nothing, Tuple{Vector{ForwardDiff.Dual{ForwardDiff.Tag{DiffEqBase.OrdinaryDiffEqTag, Float64}, Float64, 1}}, Vector{ForwardDiff.Dual{ForwardDiff.Tag{DiffEqBase.OrdinaryDiffEqTag, Float64}, Float64, 1}}, ComponentVector{Float64, SubArray{Float64, 1, Vector{Float64}, Tuple{UnitRange{Int64}}, true}, Tuple{Axis{(p_net = ViewAxis(1:609, Axis(layer_1 = ViewAxis(1:48, Axis(weight = ViewAxis(1:32, ShapedAxis((16, 2))), bias = ViewAxis(33:48, ShapedAxis((16, 1))))), layer_2 = ViewAxis(49:320, Axis(weight = ViewAxis(1:256, ShapedAxis((16, 16))), bias = ViewAxis(257:272, ShapedAxis((16, 1))))), layer_3 = ViewAxis(321:592, Axis(weight = ViewAxis(1:256, ShapedAxis((16, 16))), bias = ViewAxis(257:272, ShapedAxis((16, 1))))), layer_4 = ViewAxis(593:609, Axis(weight = ViewAxis(1:16, ShapedAxis((1, 16))), bias = ViewAxis(17:17, ShapedAxis((1, 1))))))), ode_par = 610:669)}}}, Float64}}, FunctionWrappers.FunctionWrapper{Nothing, Tuple{Vector{ForwardDiff.Dual{ForwardDiff.Tag{DiffEqBase.OrdinaryDiffEqTag, Float64}, Float64, 1}}, Vector{Float64}, ComponentVector{Float64, SubArray{Float64, 1, Vector{Float64}, Tuple{UnitRange{Int64}}, true}, Tuple{Axis{(p_net = ViewAxis(1:609, Axis(layer_1 = ViewAxis(1:48, Axis(weight = ViewAxis(1:32, ShapedAxis((16, 2))), bias = ViewAxis(33:48, ShapedAxis((16, 1))))), layer_2 = ViewAxis(49:320, Axis(weight = ViewAxis(1:256, ShapedAxis((16, 16))), bias = ViewAxis(257:272, ShapedAxis((16, 1))))), layer_3 = ViewAxis(321:592, Axis(weight = ViewAxis(1:256, ShapedAxis((16, 16))), bias = ViewAxis(257:272, ShapedAxis((16, 1))))), layer_4 = ViewAxis(593:609, Axis(weight = ViewAxis(1:16, ShapedAxis((1, 16))), bias = ViewAxis(17:17, ShapedAxis((1, 1))))))), ode_par = 610:669)}}}, ForwardDiff.Dual{ForwardDiff.Tag{DiffEqBase.OrdinaryDiffEqTag, Float64}, Float64, 1}}}, FunctionWrappers.FunctionWrapper{Nothing, Tuple{Vector{ForwardDiff.Dual{ForwardDiff.Tag{DiffEqBase.OrdinaryDiffEqTag, Float64}, Float64, 1}}, Vector{ForwardDiff.Dual{ForwardDiff.Tag{DiffEqBase.OrdinaryDiffEqTag, Float64}, Float64, 1}}, ComponentVector{Float64, SubArray{Float64, 1, Vector{Float64}, Tuple{UnitRange{Int64}}, true}, Tuple{Axis{(p_net = ViewAxis(1:609, Axis(layer_1 = ViewAxis(1:48, Axis(weight = ViewAxis(1:32, ShapedAxis((16, 2))), bias = ViewAxis(33:48, ShapedAxis((16, 1))))), layer_2 = ViewAxis(49:320, Axis(weight = ViewAxis(1:256, ShapedAxis((16, 16))), bias = ViewAxis(257:272, ShapedAxis((16, 1))))), layer_3 = ViewAxis(321:592, Axis(weight = ViewAxis(1:256, ShapedAxis((16, 16))), bias = ViewAxis(257:272, ShapedAxis((16, 1))))), layer_4 = ViewAxis(593:609, Axis(weight = ViewAxis(1:16, ShapedAxis((1, 16))), bias = ViewAxis(17:17, ShapedAxis((1, 1))))))), ode_par = 610:669)}}}, ForwardDiff.Dual{ForwardDiff.Tag{DiffEqBase.OrdinaryDiffEqTag, Float64}, Float64, 1}}}}, false}, UniformScaling{Bool}, Nothing, Nothing, Nothing, Nothing, Nothing, Nothing, Nothing, Nothing, Nothing, Nothing, Nothing, Nothing, Nothing, Nothing, typeof(SciMLBase.DEFAULT_OBSERVED), Nothing, Nothing}, Vector{Vector{Float64}}, Vector{Float64}, Vector{Vector{Vector{Float64}}}, OrdinaryDiffEq.TRBDF2Cache{Vector{Float64}, Vector{Float64}, Vector{Float64}, OrdinaryDiffEq.TRBDF2Tableau{Float64, Float64}, OrdinaryDiffEq.NLSolver{NLNewton{Rational{Int64}, Rational{Int64}, Rational{Int64}, Rational{Int64}}, true, Vector{Float64}, Float64, Nothing, Float64, OrdinaryDiffEq.NLNewtonCache{Vector{Float64}, Float64, Float64, Vector{Float64}, Matrix{Float64}, Matrix{Float64}, SciMLBase.UJacobianWrapper{true, ODEFunction{true, SciMLBase.AutoSpecialize, FunctionWrappersWrappers.FunctionWrappersWrapper{Tuple{FunctionWrappers.FunctionWrapper{Nothing, Tuple{Vector{Float64}, Vector{Float64}, ComponentVector{Float64, SubArray{Float64, 1, Vector{Float64}, Tuple{UnitRange{Int64}}, true}, Tuple{Axis{(p_net = ViewAxis(1:609, Axis(layer_1 = ViewAxis(1:48, Axis(weight = ViewAxis(1:32, ShapedAxis((16, 2))), bias = ViewAxis(33:48, ShapedAxis((16, 1))))), layer_2 = ViewAxis(49:320, Axis(weight = ViewAxis(1:256, ShapedAxis((16, 16))), bias = ViewAxis(257:272, ShapedAxis((16, 1))))), layer_3 = ViewAxis(321:592, Axis(weight = ViewAxis(1:256, ShapedAxis((16, 16))), bias = ViewAxis(257:272, ShapedAxis((16, 1))))), layer_4 = ViewAxis(593:609, Axis(weight = ViewAxis(1:16, ShapedAxis((1, 16))), bias = ViewAxis(17:17, ShapedAxis((1, 1))))))), ode_par = 610:669)}}}, Float64}}, FunctionWrappers.FunctionWrapper{Nothing, Tuple{Vector{ForwardDiff.Dual{ForwardDiff.Tag{DiffEqBase.OrdinaryDiffEqTag, Float64}, Float64, 1}}, Vector{ForwardDiff.Dual{ForwardDiff.Tag{DiffEqBase.OrdinaryDiffEqTag, Float64}, Float64, 1}}, ComponentVector{Float64, SubArray{Float64, 1, Vector{Float64}, Tuple{UnitRange{Int64}}, true}, Tuple{Axis{(p_net = ViewAxis(1:609, Axis(layer_1 = ViewAxis(1:48, Axis(weight = ViewAxis(1:32, ShapedAxis((16, 2))), bias = ViewAxis(33:48, ShapedAxis((16, 1))))), layer_2 = ViewAxis(49:320, Axis(weight = ViewAxis(1:256, ShapedAxis((16, 16))), bias = ViewAxis(257:272, ShapedAxis((16, 1))))), layer_3 = ViewAxis(321:592, Axis(weight = ViewAxis(1:256, ShapedAxis((16, 16))), bias = ViewAxis(257:272, ShapedAxis((16, 1))))), layer_4 = ViewAxis(593:609, Axis(weight = ViewAxis(1:16, ShapedAxis((1, 16))), bias = ViewAxis(17:17, ShapedAxis((1, 1))))))), ode_par = 610:669)}}}, Float64}}, FunctionWrappers.FunctionWrapper{Nothing, Tuple{Vector{ForwardDiff.Dual{ForwardDiff.Tag{DiffEqBase.OrdinaryDiffEqTag, Float64}, Float64, 1}}, Vector{Float64}, ComponentVector{Float64, SubArray{Float64, 1, Vector{Float64}, Tuple{UnitRange{Int64}}, true}, Tuple{Axis{(p_net = ViewAxis(1:609, Axis(layer_1 = ViewAxis(1:48, Axis(weight = ViewAxis(1:32, ShapedAxis((16, 2))), bias = ViewAxis(33:48, ShapedAxis((16, 1))))), layer_2 = ViewAxis(49:320, Axis(weight = ViewAxis(1:256, ShapedAxis((16, 16))), bias = ViewAxis(257:272, ShapedAxis((16, 1))))), layer_3 = ViewAxis(321:592, Axis(weight = ViewAxis(1:256, ShapedAxis((16, 16))), bias = ViewAxis(257:272, ShapedAxis((16, 1))))), layer_4 = ViewAxis(593:609, Axis(weight = ViewAxis(1:16, ShapedAxis((1, 16))), bias = ViewAxis(17:17, ShapedAxis((1, 1))))))), ode_par = 610:669)}}}, ForwardDiff.Dual{ForwardDiff.Tag{DiffEqBase.OrdinaryDiffEqTag, Float64}, Float64, 1}}}, FunctionWrappers.FunctionWrapper{Nothing, Tuple{Vector{ForwardDiff.Dual{ForwardDiff.Tag{DiffEqBase.OrdinaryDiffEqTag, Float64}, Float64, 1}}, Vector{ForwardDiff.Dual{ForwardDiff.Tag{DiffEqBase.OrdinaryDiffEqTag, Float64}, Float64, 1}}, ComponentVector{Float64, SubArray{Float64, 1, Vector{Float64}, Tuple{UnitRange{Int64}}, true}, Tuple{Axis{(p_net = ViewAxis(1:609, Axis(layer_1 = ViewAxis(1:48, Axis(weight = ViewAxis(1:32, ShapedAxis((16, 2))), bias = ViewAxis(33:48, ShapedAxis((16, 1))))), layer_2 = ViewAxis(49:320, Axis(weight = ViewAxis(1:256, ShapedAxis((16, 16))), bias = ViewAxis(257:272, ShapedAxis((16, 1))))), layer_3 = ViewAxis(321:592, Axis(weight = ViewAxis(1:256, ShapedAxis((16, 16))), bias = ViewAxis(257:272, ShapedAxis((16, 1))))), layer_4 = ViewAxis(593:609, Axis(weight = ViewAxis(1:16, ShapedAxis((1, 16))), bias = ViewAxis(17:17, ShapedAxis((1, 1))))))), ode_par = 610:669)}}}, ForwardDiff.Dual{ForwardDiff.Tag{DiffEqBase.OrdinaryDiffEqTag, Float64}, Float64, 1}}}}, false}, UniformScaling{Bool}, Nothing, Nothing, Nothing, Nothing, Nothing, Nothing, Nothing, Nothing, Nothing, Nothing, Nothing, Nothing, Nothing, Nothing, typeof(SciMLBase.DEFAULT_OBSERVED), Nothing, Nothing}, Float64, ComponentVector{Float64, SubArray{Float64, 1, Vector{Float64}, Tuple{UnitRange{Int64}}, true}, Tuple{Axis{(p_net = ViewAxis(1:609, Axis(layer_1 = ViewAxis(1:48, Axis(weight = ViewAxis(1:32, ShapedAxis((16, 2))), bias = ViewAxis(33:48, ShapedAxis((16, 1))))), layer_2 = ViewAxis(49:320, Axis(weight = ViewAxis(1:256, ShapedAxis((16, 16))), bias = ViewAxis(257:272, ShapedAxis((16, 1))))), layer_3 = ViewAxis(321:592, Axis(weight = ViewAxis(1:256, ShapedAxis((16, 16))), bias = ViewAxis(257:272, ShapedAxis((16, 1))))), layer_4 = ViewAxis(593:609, Axis(weight = ViewAxis(1:16, ShapedAxis((1, 16))), bias = ViewAxis(17:17, ShapedAxis((1, 1))))))), ode_par = 610:669)}}}}, FiniteDiff.JacobianCache{Vector{Float64}, Vector{Float64}, Vector{Float64}, Vector{Float64}, UnitRange{Int64}, Nothing, Val{:forward}(), Float64}, LinearSolve.LinearCache{Matrix{Float64}, Vector{Float64}, Vector{Float64}, SciMLBase.NullParameters, LinearSolve.DefaultLinearSolver, LinearSolve.DefaultLinearSolverInit{LU{Float64, Matrix{Float64}, Vector{Int64}}, LinearAlgebra.QRCompactWY{Float64, Matrix{Float64}, Matrix{Float64}}, Nothing, Nothing, Nothing, Nothing, Nothing, Nothing, LU{Float64, Matrix{Float64}, Vector{Int64}}, Tuple{LU{Float64, Matrix{Float64}, Vector{Int64}}, Vector{Int64}}, Nothing, Nothing, Nothing, SVD{Float64, Float64, Matrix{Float64}, Vector{Float64}}, Cholesky{Float64, Matrix{Float64}}, Cholesky{Float64, Matrix{Float64}}, Tuple{LU{Float64, Matrix{Float64}, Vector{Int32}}, Base.RefValue{Int32}}, Tuple{LU{Float64, Matrix{Float64}, Vector{Int64}}, Base.RefValue{Int64}}, QRPivoted{Float64, Matrix{Float64}, Vector{Float64}, Vector{Int64}}}, LinearSolve.InvPreconditioner{Diagonal{Float64, Vector{Float64}}}, Diagonal{Float64, Vector{Float64}}, Float64, Bool}}}}}, SciMLBase.DEStats, Nothing}, ODESolution{Float64, 2, Vector{Vector{Float64}}, Nothing, Nothing, Vector{Float64}, Vector{Vector{Vector{Float64}}}, ODEProblem{Vector{Float64}, Tuple{Float64, Float64}, true, ComponentVector{Float64, SubArray{Float64, 1, Vector{Float64}, Tuple{UnitRange{Int64}}, true}, Tuple{Axis{(p_net = ViewAxis(1:609, Axis(layer_1 = ViewAxis(1:48, Axis(weight = ViewAxis(1:32, ShapedAxis((16, 2))), bias = ViewAxis(33:48, ShapedAxis((16, 1))))), layer_2 = ViewAxis(49:320, Axis(weight = ViewAxis(1:256, ShapedAxis((16, 16))), bias = ViewAxis(257:272, ShapedAxis((16, 1))))), layer_3 = ViewAxis(321:592, Axis(weight = ViewAxis(1:256, ShapedAxis((16, 16))), bias = ViewAxis(257:272, ShapedAxis((16, 1))))), layer_4 = ViewAxis(593:609, Axis(weight = ViewAxis(1:16, ShapedAxis((1, 16))), bias = ViewAxis(17:17, ShapedAxis((1, 1))))))), ode_par = 610:669)}}}, ODEFunction{true, true, SciMLSensitivity.ODEQuadratureAdjointSensitivityFunction{SciMLSensitivity.AdjointDiffCache{Nothing, Nothing, Nothing, Nothing, Nothing, Nothing, Nothing, Nothing, ReverseDiff.CompiledTape{ReverseDiff.GradientTape{SciMLSensitivity.var"#123#127"{ODEFunction{true, SciMLBase.AutoSpecialize, var"#f#27"{Chain{NamedTuple{(:layer_1, :layer_2, :layer_3, :layer_4), Tuple{Dense{true, typeof(gelu), typeof(my_glorot_uniform), typeof(my_glorot_uniform)}, Dense{true, typeof(gelu), typeof(my_glorot_uniform), typeof(my_glorot_uniform)}, Dense{true, typeof(gelu), typeof(my_glorot_uniform), typeof(my_glorot_uniform)}, Dense{true, typeof(identity), typeof(my_glorot_uniform), typeof(my_glorot_uniform)}}}, Nothing}, NamedTuple{(:layer_1, :layer_2, :layer_3, :layer_4), NTuple{4, NamedTuple{(), Tuple{}}}}, Vector{Float64}, Vector{Int64}, Vector{Int64}, Vector{Float64}}, UniformScaling{Bool}, Nothing, Nothing, Nothing, Nothing, Nothing, Nothing, Nothing, Nothing, Nothing, Nothing, Nothing, Nothing, Nothing, Nothing, typeof(SciMLBase.DEFAULT_OBSERVED), Nothing, Nothing}}, Tuple{ReverseDiff.TrackedArray{Float64, Float64, 1, Vector{Float64}, Vector{Float64}}, ReverseDiff.TrackedArray{Float64, Float64, 1, ComponentVector{Float64, Vector{Float64}, Tuple{Axis{(p_net = ViewAxis(1:609, Axis(layer_1 = ViewAxis(1:48, Axis(weight = ViewAxis(1:32, ShapedAxis((16, 2))), bias = ViewAxis(33:48, ShapedAxis((16, 1))))), layer_2 = ViewAxis(49:320, Axis(weight = ViewAxis(1:256, ShapedAxis((16, 16))), bias = ViewAxis(257:272, ShapedAxis((16, 1))))), layer_3 = ViewAxis(321:592, Axis(weight = ViewAxis(1:256, ShapedAxis((16, 16))), bias = ViewAxis(257:272, ShapedAxis((16, 1))))), layer_4 = ViewAxis(593:609, Axis(weight = ViewAxis(1:16, ShapedAxis((1, 16))), bias = ViewAxis(17:17, ShapedAxis((1, 1))))))), ode_par = 610:669)}}}, ComponentVector{Float64, Vector{Float64}, Tuple{Axis{(p_net = ViewAxis(1:609, Axis(layer_1 = ViewAxis(1:48, Axis(weight = ViewAxis(1:32, ShapedAxis((16, 2))), bias = ViewAxis(33:48, ShapedAxis((16, 1))))), layer_2 = ViewAxis(49:320, Axis(weight = ViewAxis(1:256, ShapedAxis((16, 16))), bias = ViewAxis(257:272, ShapedAxis((16, 1))))), layer_3 = ViewAxis(321:592, Axis(weight = ViewAxis(1:256, ShapedAxis((16, 16))), bias = ViewAxis(257:272, ShapedAxis((16, 1))))), layer_4 = ViewAxis(593:609, Axis(weight = ViewAxis(1:16, ShapedAxis((1, 16))), bias = ViewAxis(17:17, ShapedAxis((1, 1))))))), ode_par = 610:669)}}}}, ReverseDiff.TrackedArray{Float64, Float64, 1, Vector{Float64}, Vector{Float64}}}, Vector{ReverseDiff.TrackedReal{Float64, Float64, ReverseDiff.TrackedArray{Float64, Float64, 1, ComponentVector{Float64, Vector{Float64}, Tuple{Axis{(p_net = ViewAxis(1:609, Axis(layer_1 = ViewAxis(1:48, Axis(weight = ViewAxis(1:32, ShapedAxis((16, 2))), bias = ViewAxis(33:48, ShapedAxis((16, 1))))), layer_2 = ViewAxis(49:320, Axis(weight = ViewAxis(1:256, ShapedAxis((16, 16))), bias = ViewAxis(257:272, ShapedAxis((16, 1))))), layer_3 = ViewAxis(321:592, Axis(weight = ViewAxis(1:256, ShapedAxis((16, 16))), bias = ViewAxis(257:272, ShapedAxis((16, 1))))), layer_4 = ViewAxis(593:609, Axis(weight = ViewAxis(1:16, ShapedAxis((1, 16))), bias = ViewAxis(17:17, ShapedAxis((1, 1))))))), ode_par = 610:669)}}}, ComponentVector{Float64, Vector{Float64}, Tuple{Axis{(p_net = ViewAxis(1:609, Axis(layer_1 = ViewAxis(1:48, Axis(weight = ViewAxis(1:32, ShapedAxis((16, 2))), bias = ViewAxis(33:48, ShapedAxis((16, 1))))), layer_2 = ViewAxis(49:320, Axis(weight = ViewAxis(1:256, ShapedAxis((16, 16))), bias = ViewAxis(257:272, ShapedAxis((16, 1))))), layer_3 = ViewAxis(321:592, Axis(weight = ViewAxis(1:256, ShapedAxis((16, 16))), bias = ViewAxis(257:272, ShapedAxis((16, 1))))), layer_4 = ViewAxis(593:609, Axis(weight = ViewAxis(1:16, ShapedAxis((1, 16))), bias = ViewAxis(17:17, ShapedAxis((1, 1))))))), ode_par = 610:669)}}}}}}}}, Nothing, Nothing, Vector{Float64}, Nothing, Nothing, Base.OneTo{Int64}, UnitRange{Int64}, UniformScaling{Bool}}, QuadratureAdjoint{0, true, Val{:central}, ReverseDiffVJP{true}}, Vector{Float64}, ODESolution{Float64, 2, Vector{Vector{Float64}}, Nothing, Nothing, Vector{Float64}, Vector{Vector{Vector{Float64}}}, ODEProblem{Vector{Float64}, Tuple{Float64, Float64}, true, ComponentVector{Float64, SubArray{Float64, 1, Vector{Float64}, Tuple{UnitRange{Int64}}, true}, Tuple{Axis{(p_net = ViewAxis(1:609, Axis(layer_1 = ViewAxis(1:48, Axis(weight = ViewAxis(1:32, ShapedAxis((16, 2))), bias = ViewAxis(33:48, ShapedAxis((16, 1))))), layer_2 = ViewAxis(49:320, Axis(weight = ViewAxis(1:256, ShapedAxis((16, 16))), bias = ViewAxis(257:272, ShapedAxis((16, 1))))), layer_3 = ViewAxis(321:592, Axis(weight = ViewAxis(1:256, ShapedAxis((16, 16))), bias = ViewAxis(257:272, ShapedAxis((16, 1))))), layer_4 = ViewAxis(593:609, Axis(weight = ViewAxis(1:16, ShapedAxis((1, 16))), bias = ViewAxis(17:17, ShapedAxis((1, 1))))))), ode_par = 610:669)}}}, ODEFunction{true, SciMLBase.AutoSpecialize, FunctionWrappersWrappers.FunctionWrappersWrapper{Tuple{FunctionWrappers.FunctionWrapper{Nothing, Tuple{Vector{Float64}, Vector{Float64}, ComponentVector{Float64, SubArray{Float64, 1, Vector{Float64}, Tuple{UnitRange{Int64}}, true}, Tuple{Axis{(p_net = ViewAxis(1:609, Axis(layer_1 = ViewAxis(1:48, Axis(weight = ViewAxis(1:32, ShapedAxis((16, 2))), bias = ViewAxis(33:48, ShapedAxis((16, 1))))), layer_2 = ViewAxis(49:320, Axis(weight = ViewAxis(1:256, ShapedAxis((16, 16))), bias = ViewAxis(257:272, ShapedAxis((16, 1))))), layer_3 = ViewAxis(321:592, Axis(weight = ViewAxis(1:256, ShapedAxis((16, 16))), bias = ViewAxis(257:272, ShapedAxis((16, 1))))), layer_4 = ViewAxis(593:609, Axis(weight = ViewAxis(1:16, ShapedAxis((1, 16))), bias = ViewAxis(17:17, ShapedAxis((1, 1))))))), ode_par = 610:669)}}}, Float64}}, FunctionWrappers.FunctionWrapper{Nothing, Tuple{Vector{ForwardDiff.Dual{ForwardDiff.Tag{DiffEqBase.OrdinaryDiffEqTag, Float64}, Float64, 1}}, Vector{ForwardDiff.Dual{ForwardDiff.Tag{DiffEqBase.OrdinaryDiffEqTag, Float64}, Float64, 1}}, ComponentVector{Float64, SubArray{Float64, 1, Vector{Float64}, Tuple{UnitRange{Int64}}, true}, Tuple{Axis{(p_net = ViewAxis(1:609, Axis(layer_1 = ViewAxis(1:48, Axis(weight = ViewAxis(1:32, ShapedAxis((16, 2))), bias = ViewAxis(33:48, ShapedAxis((16, 1))))), layer_2 = ViewAxis(49:320, Axis(weight = ViewAxis(1:256, ShapedAxis((16, 16))), bias = ViewAxis(257:272, ShapedAxis((16, 1))))), layer_3 = ViewAxis(321:592, Axis(weight = ViewAxis(1:256, ShapedAxis((16, 16))), bias = ViewAxis(257:272, ShapedAxis((16, 1))))), layer_4 = ViewAxis(593:609, Axis(weight = ViewAxis(1:16, ShapedAxis((1, 16))), bias = ViewAxis(17:17, ShapedAxis((1, 1))))))), ode_par = 610:669)}}}, Float64}}, FunctionWrappers.FunctionWrapper{Nothing, Tuple{Vector{ForwardDiff.Dual{ForwardDiff.Tag{DiffEqBase.OrdinaryDiffEqTag, Float64}, Float64, 1}}, Vector{Float64}, ComponentVector{Float64, SubArray{Float64, 1, Vector{Float64}, Tuple{UnitRange{Int64}}, true}, Tuple{Axis{(p_net = ViewAxis(1:609, Axis(layer_1 = ViewAxis(1:48, Axis(weight = ViewAxis(1:32, ShapedAxis((16, 2))), bias = ViewAxis(33:48, ShapedAxis((16, 1))))), layer_2 = ViewAxis(49:320, Axis(weight = ViewAxis(1:256, ShapedAxis((16, 16))), bias = ViewAxis(257:272, ShapedAxis((16, 1))))), layer_3 = ViewAxis(321:592, Axis(weight = ViewAxis(1:256, ShapedAxis((16, 16))), bias = ViewAxis(257:272, ShapedAxis((16, 1))))), layer_4 = ViewAxis(593:609, Axis(weight = ViewAxis(1:16, ShapedAxis((1, 16))), bias = ViewAxis(17:17, ShapedAxis((1, 1))))))), ode_par = 610:669)}}}, ForwardDiff.Dual{ForwardDiff.Tag{DiffEqBase.OrdinaryDiffEqTag, Float64}, Float64, 1}}}, FunctionWrappers.FunctionWrapper{Nothing, Tuple{Vector{ForwardDiff.Dual{ForwardDiff.Tag{DiffEqBase.OrdinaryDiffEqTag, Float64}, Float64, 1}}, Vector{ForwardDiff.Dual{ForwardDiff.Tag{DiffEqBase.OrdinaryDiffEqTag, Float64}, Float64, 1}}, ComponentVector{Float64, SubArray{Float64, 1, Vector{Float64}, Tuple{UnitRange{Int64}}, true}, Tuple{Axis{(p_net = ViewAxis(1:609, Axis(layer_1 = ViewAxis(1:48, Axis(weight = ViewAxis(1:32, ShapedAxis((16, 2))), bias = ViewAxis(33:48, ShapedAxis((16, 1))))), layer_2 = ViewAxis(49:320, Axis(weight = ViewAxis(1:256, ShapedAxis((16, 16))), bias = ViewAxis(257:272, ShapedAxis((16, 1))))), layer_3 = ViewAxis(321:592, Axis(weight = ViewAxis(1:256, ShapedAxis((16, 16))), bias = ViewAxis(257:272, ShapedAxis((16, 1))))), layer_4 = ViewAxis(593:609, Axis(weight = ViewAxis(1:16, ShapedAxis((1, 16))), bias = ViewAxis(17:17, ShapedAxis((1, 1))))))), ode_par = 610:669)}}}, ForwardDiff.Dual{ForwardDiff.Tag{DiffEqBase.OrdinaryDiffEqTag, Float64}, Float64, 1}}}}, false}, UniformScaling{Bool}, Nothing, Nothing, Nothing, Nothing, Nothing, Nothing, Nothing, Nothing, Nothing, Nothing, Nothing, Nothing, Nothing, Nothing, typeof(SciMLBase.DEFAULT_OBSERVED), Nothing, Nothing}, Base.Pairs{Symbol, Union{}, Tuple{}, NamedTuple{(), Tuple{}}}, SciMLBase.StandardODEProblem}, TRBDF2{1, false, Nothing, NLNewton{Rational{Int64}, Rational{Int64}, Rational{Int64}, Rational{Int64}}, typeof(OrdinaryDiffEq.DEFAULT_PRECS), Val{:forward}, true, nothing}, OrdinaryDiffEq.InterpolationData{ODEFunction{true, SciMLBase.AutoSpecialize, FunctionWrappersWrappers.FunctionWrappersWrapper{Tuple{FunctionWrappers.FunctionWrapper{Nothing, Tuple{Vector{Float64}, Vector{Float64}, ComponentVector{Float64, SubArray{Float64, 1, Vector{Float64}, Tuple{UnitRange{Int64}}, true}, Tuple{Axis{(p_net = ViewAxis(1:609, Axis(layer_1 = ViewAxis(1:48, Axis(weight = ViewAxis(1:32, ShapedAxis((16, 2))), bias = ViewAxis(33:48, ShapedAxis((16, 1))))), layer_2 = ViewAxis(49:320, Axis(weight = ViewAxis(1:256, ShapedAxis((16, 16))), bias = ViewAxis(257:272, ShapedAxis((16, 1))))), layer_3 = ViewAxis(321:592, Axis(weight = ViewAxis(1:256, ShapedAxis((16, 16))), bias = ViewAxis(257:272, ShapedAxis((16, 1))))), layer_4 = ViewAxis(593:609, Axis(weight = ViewAxis(1:16, ShapedAxis((1, 16))), bias = ViewAxis(17:17, ShapedAxis((1, 1))))))), ode_par = 610:669)}}}, Float64}}, FunctionWrappers.FunctionWrapper{Nothing, Tuple{Vector{ForwardDiff.Dual{ForwardDiff.Tag{DiffEqBase.OrdinaryDiffEqTag, Float64}, Float64, 1}}, Vector{ForwardDiff.Dual{ForwardDiff.Tag{DiffEqBase.OrdinaryDiffEqTag, Float64}, Float64, 1}}, ComponentVector{Float64, SubArray{Float64, 1, Vector{Float64}, Tuple{UnitRange{Int64}}, true}, Tuple{Axis{(p_net = ViewAxis(1:609, Axis(layer_1 = ViewAxis(1:48, Axis(weight = ViewAxis(1:32, ShapedAxis((16, 2))), bias = ViewAxis(33:48, ShapedAxis((16, 1))))), layer_2 = ViewAxis(49:320, Axis(weight = ViewAxis(1:256, ShapedAxis((16, 16))), bias = ViewAxis(257:272, ShapedAxis((16, 1))))), layer_3 = ViewAxis(321:592, Axis(weight = ViewAxis(1:256, ShapedAxis((16, 16))), bias = ViewAxis(257:272, ShapedAxis((16, 1))))), layer_4 = ViewAxis(593:609, Axis(weight = ViewAxis(1:16, ShapedAxis((1, 16))), bias = ViewAxis(17:17, ShapedAxis((1, 1))))))), ode_par = 610:669)}}}, Float64}}, FunctionWrappers.FunctionWrapper{Nothing, Tuple{Vector{ForwardDiff.Dual{ForwardDiff.Tag{DiffEqBase.OrdinaryDiffEqTag, Float64}, Float64, 1}}, Vector{Float64}, ComponentVector{Float64, SubArray{Float64, 1, Vector{Float64}, Tuple{UnitRange{Int64}}, true}, Tuple{Axis{(p_net = ViewAxis(1:609, Axis(layer_1 = ViewAxis(1:48, Axis(weight = ViewAxis(1:32, ShapedAxis((16, 2))), bias = ViewAxis(33:48, ShapedAxis((16, 1))))), layer_2 = ViewAxis(49:320, Axis(weight = ViewAxis(1:256, ShapedAxis((16, 16))), bias = ViewAxis(257:272, ShapedAxis((16, 1))))), layer_3 = ViewAxis(321:592, Axis(weight = ViewAxis(1:256, ShapedAxis((16, 16))), bias = ViewAxis(257:272, ShapedAxis((16, 1))))), layer_4 = ViewAxis(593:609, Axis(weight = ViewAxis(1:16, ShapedAxis((1, 16))), bias = ViewAxis(17:17, ShapedAxis((1, 1))))))), ode_par = 610:669)}}}, ForwardDiff.Dual{ForwardDiff.Tag{DiffEqBase.OrdinaryDiffEqTag, Float64}, Float64, 1}}}, FunctionWrappers.FunctionWrapper{Nothing, Tuple{Vector{ForwardDiff.Dual{ForwardDiff.Tag{DiffEqBase.OrdinaryDiffEqTag, Float64}, Float64, 1}}, Vector{ForwardDiff.Dual{ForwardDiff.Tag{DiffEqBase.OrdinaryDiffEqTag, Float64}, Float64, 1}}, ComponentVector{Float64, SubArray{Float64, 1, Vector{Float64}, Tuple{UnitRange{Int64}}, true}, Tuple{Axis{(p_net = ViewAxis(1:609, Axis(layer_1 = ViewAxis(1:48, Axis(weight = ViewAxis(1:32, ShapedAxis((16, 2))), bias = ViewAxis(33:48, ShapedAxis((16, 1))))), layer_2 = ViewAxis(49:320, Axis(weight = ViewAxis(1:256, ShapedAxis((16, 16))), bias = ViewAxis(257:272, ShapedAxis((16, 1))))), layer_3 = ViewAxis(321:592, Axis(weight = ViewAxis(1:256, ShapedAxis((16, 16))), bias = ViewAxis(257:272, ShapedAxis((16, 1))))), layer_4 = ViewAxis(593:609, Axis(weight = ViewAxis(1:16, ShapedAxis((1, 16))), bias = ViewAxis(17:17, ShapedAxis((1, 1))))))), ode_par = 610:669)}}}, ForwardDiff.Dual{ForwardDiff.Tag{DiffEqBase.OrdinaryDiffEqTag, Float64}, Float64, 1}}}}, false}, UniformScaling{Bool}, Nothing, Nothing, Nothing, Nothing, Nothing, Nothing, Nothing, Nothing, Nothing, Nothing, Nothing, Nothing, Nothing, Nothing, typeof(SciMLBase.DEFAULT_OBSERVED), Nothing, Nothing}, Vector{Vector{Float64}}, Vector{Float64}, Vector{Vector{Vector{Float64}}}, OrdinaryDiffEq.TRBDF2Cache{Vector{Float64}, Vector{Float64}, Vector{Float64}, OrdinaryDiffEq.TRBDF2Tableau{Float64, Float64}, OrdinaryDiffEq.NLSolver{NLNewton{Rational{Int64}, Rational{Int64}, Rational{Int64}, Rational{Int64}}, true, Vector{Float64}, Float64, Nothing, Float64, OrdinaryDiffEq.NLNewtonCache{Vector{Float64}, Float64, Float64, Vector{Float64}, Matrix{Float64}, Matrix{Float64}, SciMLBase.UJacobianWrapper{true, ODEFunction{true, SciMLBase.AutoSpecialize, FunctionWrappersWrappers.FunctionWrappersWrapper{Tuple{FunctionWrappers.FunctionWrapper{Nothing, Tuple{Vector{Float64}, Vector{Float64}, ComponentVector{Float64, SubArray{Float64, 1, Vector{Float64}, Tuple{UnitRange{Int64}}, true}, Tuple{Axis{(p_net = ViewAxis(1:609, Axis(layer_1 = ViewAxis(1:48, Axis(weight = ViewAxis(1:32, ShapedAxis((16, 2))), bias = ViewAxis(33:48, ShapedAxis((16, 1))))), layer_2 = ViewAxis(49:320, Axis(weight = ViewAxis(1:256, ShapedAxis((16, 16))), bias = ViewAxis(257:272, ShapedAxis((16, 1))))), layer_3 = ViewAxis(321:592, Axis(weight = ViewAxis(1:256, ShapedAxis((16, 16))), bias = ViewAxis(257:272, ShapedAxis((16, 1))))), layer_4 = ViewAxis(593:609, Axis(weight = ViewAxis(1:16, ShapedAxis((1, 16))), bias = ViewAxis(17:17, ShapedAxis((1, 1))))))), ode_par = 610:669)}}}, Float64}}, FunctionWrappers.FunctionWrapper{Nothing, Tuple{Vector{ForwardDiff.Dual{ForwardDiff.Tag{DiffEqBase.OrdinaryDiffEqTag, Float64}, Float64, 1}}, Vector{ForwardDiff.Dual{ForwardDiff.Tag{DiffEqBase.OrdinaryDiffEqTag, Float64}, Float64, 1}}, ComponentVector{Float64, SubArray{Float64, 1, Vector{Float64}, Tuple{UnitRange{Int64}}, true}, Tuple{Axis{(p_net = ViewAxis(1:609, Axis(layer_1 = ViewAxis(1:48, Axis(weight = ViewAxis(1:32, ShapedAxis((16, 2))), bias = ViewAxis(33:48, ShapedAxis((16, 1))))), layer_2 = ViewAxis(49:320, Axis(weight = ViewAxis(1:256, ShapedAxis((16, 16))), bias = ViewAxis(257:272, ShapedAxis((16, 1))))), layer_3 = ViewAxis(321:592, Axis(weight = ViewAxis(1:256, ShapedAxis((16, 16))), bias = ViewAxis(257:272, ShapedAxis((16, 1))))), layer_4 = ViewAxis(593:609, Axis(weight = ViewAxis(1:16, ShapedAxis((1, 16))), bias = ViewAxis(17:17, ShapedAxis((1, 1))))))), ode_par = 610:669)}}}, Float64}}, FunctionWrappers.FunctionWrapper{Nothing, Tuple{Vector{ForwardDiff.Dual{ForwardDiff.Tag{DiffEqBase.OrdinaryDiffEqTag, Float64}, Float64, 1}}, Vector{Float64}, ComponentVector{Float64, SubArray{Float64, 1, Vector{Float64}, Tuple{UnitRange{Int64}}, true}, Tuple{Axis{(p_net = ViewAxis(1:609, Axis(layer_1 = ViewAxis(1:48, Axis(weight = ViewAxis(1:32, ShapedAxis((16, 2))), bias = ViewAxis(33:48, ShapedAxis((16, 1))))), layer_2 = ViewAxis(49:320, Axis(weight = ViewAxis(1:256, ShapedAxis((16, 16))), bias = ViewAxis(257:272, ShapedAxis((16, 1))))), layer_3 = ViewAxis(321:592, Axis(weight = ViewAxis(1:256, ShapedAxis((16, 16))), bias = ViewAxis(257:272, ShapedAxis((16, 1))))), layer_4 = ViewAxis(593:609, Axis(weight = ViewAxis(1:16, ShapedAxis((1, 16))), bias = ViewAxis(17:17, ShapedAxis((1, 1))))))), ode_par = 610:669)}}}, ForwardDiff.Dual{ForwardDiff.Tag{DiffEqBase.OrdinaryDiffEqTag, Float64}, Float64, 1}}}, FunctionWrappers.FunctionWrapper{Nothing, Tuple{Vector{ForwardDiff.Dual{ForwardDiff.Tag{DiffEqBase.OrdinaryDiffEqTag, Float64}, Float64, 1}}, Vector{ForwardDiff.Dual{ForwardDiff.Tag{DiffEqBase.OrdinaryDiffEqTag, Float64}, Float64, 1}}, ComponentVector{Float64, SubArray{Float64, 1, Vector{Float64}, Tuple{UnitRange{Int64}}, true}, Tuple{Axis{(p_net = ViewAxis(1:609, Axis(layer_1 = ViewAxis(1:48, Axis(weight = ViewAxis(1:32, ShapedAxis((16, 2))), bias = ViewAxis(33:48, ShapedAxis((16, 1))))), layer_2 = ViewAxis(49:320, Axis(weight = ViewAxis(1:256, ShapedAxis((16, 16))), bias = ViewAxis(257:272, ShapedAxis((16, 1))))), layer_3 = ViewAxis(321:592, Axis(weight = ViewAxis(1:256, ShapedAxis((16, 16))), bias = ViewAxis(257:272, ShapedAxis((16, 1))))), layer_4 = ViewAxis(593:609, Axis(weight = ViewAxis(1:16, ShapedAxis((1, 16))), bias = ViewAxis(17:17, ShapedAxis((1, 1))))))), ode_par = 610:669)}}}, ForwardDiff.Dual{ForwardDiff.Tag{DiffEqBase.OrdinaryDiffEqTag, Float64}, Float64, 1}}}}, false}, UniformScaling{Bool}, Nothing, Nothing, Nothing, Nothing, Nothing, Nothing, Nothing, Nothing, Nothing, Nothing, Nothing, Nothing, Nothing, Nothing, typeof(SciMLBase.DEFAULT_OBSERVED), Nothing, Nothing}, Float64, ComponentVector{Float64, SubArray{Float64, 1, Vector{Float64}, Tuple{UnitRange{Int64}}, true}, Tuple{Axis{(p_net = ViewAxis(1:609, Axis(layer_1 = ViewAxis(1:48, Axis(weight = ViewAxis(1:32, ShapedAxis((16, 2))), bias = ViewAxis(33:48, ShapedAxis((16, 1))))), layer_2 = ViewAxis(49:320, Axis(weight = ViewAxis(1:256, ShapedAxis((16, 16))), bias = ViewAxis(257:272, ShapedAxis((16, 1))))), layer_3 = ViewAxis(321:592, Axis(weight = ViewAxis(1:256, ShapedAxis((16, 16))), bias = ViewAxis(257:272, ShapedAxis((16, 1))))), layer_4 = ViewAxis(593:609, Axis(weight = ViewAxis(1:16, ShapedAxis((1, 16))), bias = ViewAxis(17:17, ShapedAxis((1, 1))))))), ode_par = 610:669)}}}}, FiniteDiff.JacobianCache{Vector{Float64}, Vector{Float64}, Vector{Float64}, Vector{Float64}, UnitRange{Int64}, Nothing, Val{:forward}(), Float64}, LinearSolve.LinearCache{Matrix{Float64}, Vector{Float64}, Vector{Float64}, SciMLBase.NullParameters, LinearSolve.DefaultLinearSolver, LinearSolve.DefaultLinearSolverInit{LU{Float64, Matrix{Float64}, Vector{Int64}}, LinearAlgebra.QRCompactWY{Float64, Matrix{Float64}, Matrix{Float64}}, Nothing, Nothing, Nothing, Nothing, Nothing, Nothing, LU{Float64, Matrix{Float64}, Vector{Int64}}, Tuple{LU{Float64, Matrix{Float64}, Vector{Int64}}, Vector{Int64}}, Nothing, Nothing, Nothing, SVD{Float64, Float64, Matrix{Float64}, Vector{Float64}}, Cholesky{Float64, Matrix{Float64}}, Cholesky{Float64, Matrix{Float64}}, Tuple{LU{Float64, Matrix{Float64}, Vector{Int32}}, Base.RefValue{Int32}}, Tuple{LU{Float64, Matrix{Float64}, Vector{Int64}}, Base.RefValue{Int64}}, QRPivoted{Float64, Matrix{Float64}, Vector{Float64}, Vector{Int64}}}, LinearSolve.InvPreconditioner{Diagonal{Float64, Vector{Float64}}}, Diagonal{Float64, Vector{Float64}}, Float64, Bool}}}}}, SciMLBase.DEStats, Nothing}, ODEFunction{true, SciMLBase.AutoSpecialize, FunctionWrappersWrappers.FunctionWrappersWrapper{Tuple{FunctionWrappers.FunctionWrapper{Nothing, Tuple{Vector{Float64}, Vector{Float64}, ComponentVector{Float64, SubArray{Float64, 1, Vector{Float64}, Tuple{UnitRange{Int64}}, true}, Tuple{Axis{(p_net = ViewAxis(1:609, Axis(layer_1 = ViewAxis(1:48, Axis(weight = ViewAxis(1:32, ShapedAxis((16, 2))), bias = ViewAxis(33:48, ShapedAxis((16, 1))))), layer_2 = ViewAxis(49:320, Axis(weight = ViewAxis(1:256, ShapedAxis((16, 16))), bias = ViewAxis(257:272, ShapedAxis((16, 1))))), layer_3 = ViewAxis(321:592, Axis(weight = ViewAxis(1:256, ShapedAxis((16, 16))), bias = ViewAxis(257:272, ShapedAxis((16, 1))))), layer_4 = ViewAxis(593:609, Axis(weight = ViewAxis(1:16, ShapedAxis((1, 16))), bias = ViewAxis(17:17, ShapedAxis((1, 1))))))), ode_par = 610:669)}}}, Float64}}, FunctionWrappers.FunctionWrapper{Nothing, Tuple{Vector{ForwardDiff.Dual{ForwardDiff.Tag{DiffEqBase.OrdinaryDiffEqTag, Float64}, Float64, 1}}, Vector{ForwardDiff.Dual{ForwardDiff.Tag{DiffEqBase.OrdinaryDiffEqTag, Float64}, Float64, 1}}, ComponentVector{Float64, SubArray{Float64, 1, Vector{Float64}, Tuple{UnitRange{Int64}}, true}, Tuple{Axis{(p_net = ViewAxis(1:609, Axis(layer_1 = ViewAxis(1:48, Axis(weight = ViewAxis(1:32, ShapedAxis((16, 2))), bias = ViewAxis(33:48, ShapedAxis((16, 1))))), layer_2 = ViewAxis(49:320, Axis(weight = ViewAxis(1:256, ShapedAxis((16, 16))), bias = ViewAxis(257:272, ShapedAxis((16, 1))))), layer_3 = ViewAxis(321:592, Axis(weight = ViewAxis(1:256, ShapedAxis((16, 16))), bias = ViewAxis(257:272, ShapedAxis((16, 1))))), layer_4 = ViewAxis(593:609, Axis(weight = ViewAxis(1:16, ShapedAxis((1, 16))), bias = ViewAxis(17:17, ShapedAxis((1, 1))))))), ode_par = 610:669)}}}, Float64}}, FunctionWrappers.FunctionWrapper{Nothing, Tuple{Vector{ForwardDiff.Dual{ForwardDiff.Tag{DiffEqBase.OrdinaryDiffEqTag, Float64}, Float64, 1}}, Vector{Float64}, ComponentVector{Float64, SubArray{Float64, 1, Vector{Float64}, Tuple{UnitRange{Int64}}, true}, Tuple{Axis{(p_net = ViewAxis(1:609, Axis(layer_1 = ViewAxis(1:48, Axis(weight = ViewAxis(1:32, ShapedAxis((16, 2))), bias = ViewAxis(33:48, ShapedAxis((16, 1))))), layer_2 = ViewAxis(49:320, Axis(weight = ViewAxis(1:256, ShapedAxis((16, 16))), bias = ViewAxis(257:272, ShapedAxis((16, 1))))), layer_3 = ViewAxis(321:592, Axis(weight = ViewAxis(1:256, ShapedAxis((16, 16))), bias = ViewAxis(257:272, ShapedAxis((16, 1))))), layer_4 = ViewAxis(593:609, Axis(weight = ViewAxis(1:16, ShapedAxis((1, 16))), bias = ViewAxis(17:17, ShapedAxis((1, 1))))))), ode_par = 610:669)}}}, ForwardDiff.Dual{ForwardDiff.Tag{DiffEqBase.OrdinaryDiffEqTag, Float64}, Float64, 1}}}, FunctionWrappers.FunctionWrapper{Nothing, Tuple{Vector{ForwardDiff.Dual{ForwardDiff.Tag{DiffEqBase.OrdinaryDiffEqTag, Float64}, Float64, 1}}, Vector{ForwardDiff.Dual{ForwardDiff.Tag{DiffEqBase.OrdinaryDiffEqTag, Float64}, Float64, 1}}, ComponentVector{Float64, SubArray{Float64, 1, Vector{Float64}, Tuple{UnitRange{Int64}}, true}, Tuple{Axis{(p_net = ViewAxis(1:609, Axis(layer_1 = ViewAxis(1:48, Axis(weight = ViewAxis(1:32, ShapedAxis((16, 2))), bias = ViewAxis(33:48, ShapedAxis((16, 1))))), layer_2 = ViewAxis(49:320, Axis(weight = ViewAxis(1:256, ShapedAxis((16, 16))), bias = ViewAxis(257:272, ShapedAxis((16, 1))))), layer_3 = ViewAxis(321:592, Axis(weight = ViewAxis(1:256, ShapedAxis((16, 16))), bias = ViewAxis(257:272, ShapedAxis((16, 1))))), layer_4 = ViewAxis(593:609, Axis(weight = ViewAxis(1:16, ShapedAxis((1, 16))), bias = ViewAxis(17:17, ShapedAxis((1, 1))))))), ode_par = 610:669)}}}, ForwardDiff.Dual{ForwardDiff.Tag{DiffEqBase.OrdinaryDiffEqTag, Float64}, Float64, 1}}}}, false}, UniformScaling{Bool}, Nothing, Nothing, Nothing, Nothing, Nothing, Nothing, Nothing, Nothing, Nothing, Nothing, Nothing, Nothing, Nothing, Nothing, typeof(SciMLBase.DEFAULT_OBSERVED), Nothing, Nothing}}, UniformScaling{Bool}, Nothing, Nothing, Nothing, Nothing, Nothing, Nothing, Nothing, Nothing, Nothing, Nothing, Nothing, Nothing, Nothing, Nothing, typeof(SciMLBase.DEFAULT_OBSERVED), Nothing, Nothing}, Base.Pairs{Symbol, CallbackSet{Tuple{}, Tuple{DiscreteCallback{DiffEqCallbacks.var"#78#81"{Vector{Float64}}, DiffEqCallbacks.var"#79#82"{SciMLSensitivity.ReverseLossCallback{Vector{Float64}, Vector{Float64}, Vector{Float64}, Base.RefValue{Int64}, UniformScaling{Bool}, QuadratureAdjoint{0, true, Val{:central}, ReverseDiffVJP{true}}, SciMLSensitivity.var"#df_iip#308"{VectorOfArray{Float64, 2, Vector{Vector{Float64}}}, Colon}, Nothing, SciMLSensitivity.AdjointDiffCache{Nothing, Nothing, Nothing, Nothing, Nothing, Nothing, Nothing, Nothing, ReverseDiff.CompiledTape{ReverseDiff.GradientTape{SciMLSensitivity.var"#123#127"{ODEFunction{true, SciMLBase.AutoSpecialize, var"#f#27"{Chain{NamedTuple{(:layer_1, :layer_2, :layer_3, :layer_4), Tuple{Dense{true, typeof(gelu), typeof(my_glorot_uniform), typeof(my_glorot_uniform)}, Dense{true, typeof(gelu), typeof(my_glorot_uniform), typeof(my_glorot_uniform)}, Dense{true, typeof(gelu), typeof(my_glorot_uniform), typeof(my_glorot_uniform)}, Dense{true, typeof(identity), typeof(my_glorot_uniform), typeof(my_glorot_uniform)}}}, Nothing}, NamedTuple{(:layer_1, :layer_2, :layer_3, :layer_4), NTuple{4, NamedTuple{(), Tuple{}}}}, Vector{Float64}, Vector{Int64}, Vector{Int64}, Vector{Float64}}, UniformScaling{Bool}, Nothing, Nothing, Nothing, Nothing, Nothing, Nothing, Nothing, Nothing, Nothing, Nothing, Nothing, Nothing, Nothing, Nothing, typeof(SciMLBase.DEFAULT_OBSERVED), Nothing, Nothing}}, Tuple{ReverseDiff.TrackedArray{Float64, Float64, 1, Vector{Float64}, Vector{Float64}}, ReverseDiff.TrackedArray{Float64, Float64, 1, ComponentVector{Float64, Vector{Float64}, Tuple{Axis{(p_net = ViewAxis(1:609, Axis(layer_1 = ViewAxis(1:48, Axis(weight = ViewAxis(1:32, ShapedAxis((16, 2))), bias = ViewAxis(33:48, ShapedAxis((16, 1))))), layer_2 = ViewAxis(49:320, Axis(weight = ViewAxis(1:256, ShapedAxis((16, 16))), bias = ViewAxis(257:272, ShapedAxis((16, 1))))), layer_3 = ViewAxis(321:592, Axis(weight = ViewAxis(1:256, ShapedAxis((16, 16))), bias = ViewAxis(257:272, ShapedAxis((16, 1))))), layer_4 = ViewAxis(593:609, Axis(weight = ViewAxis(1:16, ShapedAxis((1, 16))), bias = ViewAxis(17:17, ShapedAxis((1, 1))))))), ode_par = 610:669)}}}, ComponentVector{Float64, Vector{Float64}, Tuple{Axis{(p_net = ViewAxis(1:609, Axis(layer_1 = ViewAxis(1:48, Axis(weight = ViewAxis(1:32, ShapedAxis((16, 2))), bias = ViewAxis(33:48, ShapedAxis((16, 1))))), layer_2 = ViewAxis(49:320, Axis(weight = ViewAxis(1:256, ShapedAxis((16, 16))), bias = ViewAxis(257:272, ShapedAxis((16, 1))))), layer_3 = ViewAxis(321:592, Axis(weight = ViewAxis(1:256, ShapedAxis((16, 16))), bias = ViewAxis(257:272, ShapedAxis((16, 1))))), layer_4 = ViewAxis(593:609, Axis(weight = ViewAxis(1:16, ShapedAxis((1, 16))), bias = ViewAxis(17:17, ShapedAxis((1, 1))))))), ode_par = 610:669)}}}}, ReverseDiff.TrackedArray{Float64, Float64, 1, Vector{Float64}, Vector{Float64}}}, Vector{ReverseDiff.TrackedReal{Float64, Float64, ReverseDiff.TrackedArray{Float64, Float64, 1, ComponentVector{Float64, Vector{Float64}, Tuple{Axis{(p_net = ViewAxis(1:609, Axis(layer_1 = ViewAxis(1:48, Axis(weight = ViewAxis(1:32, ShapedAxis((16, 2))), bias = ViewAxis(33:48, ShapedAxis((16, 1))))), layer_2 = ViewAxis(49:320, Axis(weight = ViewAxis(1:256, ShapedAxis((16, 16))), bias = ViewAxis(257:272, ShapedAxis((16, 1))))), layer_3 = ViewAxis(321:592, Axis(weight = ViewAxis(1:256, ShapedAxis((16, 16))), bias = ViewAxis(257:272, ShapedAxis((16, 1))))), layer_4 = ViewAxis(593:609, Axis(weight = ViewAxis(1:16, ShapedAxis((1, 16))), bias = ViewAxis(17:17, ShapedAxis((1, 1))))))), ode_par = 610:669)}}}, ComponentVector{Float64, Vector{Float64}, Tuple{Axis{(p_net = ViewAxis(1:609, Axis(layer_1 = ViewAxis(1:48, Axis(weight = ViewAxis(1:32, ShapedAxis((16, 2))), bias = ViewAxis(33:48, ShapedAxis((16, 1))))), layer_2 = ViewAxis(49:320, Axis(weight = ViewAxis(1:256, ShapedAxis((16, 16))), bias = ViewAxis(257:272, ShapedAxis((16, 1))))), layer_3 = ViewAxis(321:592, Axis(weight = ViewAxis(1:256, ShapedAxis((16, 16))), bias = ViewAxis(257:272, ShapedAxis((16, 1))))), layer_4 = ViewAxis(593:609, Axis(weight = ViewAxis(1:16, ShapedAxis((1, 16))), bias = ViewAxis(17:17, ShapedAxis((1, 1))))))), ode_par = 610:669)}}}}}}}}, Nothing, Nothing, Vector{Float64}, Nothing, Nothing, Base.OneTo{Int64}, UnitRange{Int64}, UniformScaling{Bool}}, ODEFunction{true, SciMLBase.AutoSpecialize, FunctionWrappersWrappers.FunctionWrappersWrapper{Tuple{FunctionWrappers.FunctionWrapper{Nothing, Tuple{Vector{Float64}, Vector{Float64}, ComponentVector{Float64, SubArray{Float64, 1, Vector{Float64}, Tuple{UnitRange{Int64}}, true}, Tuple{Axis{(p_net = ViewAxis(1:609, Axis(layer_1 = ViewAxis(1:48, Axis(weight = ViewAxis(1:32, ShapedAxis((16, 2))), bias = ViewAxis(33:48, ShapedAxis((16, 1))))), layer_2 = ViewAxis(49:320, Axis(weight = ViewAxis(1:256, ShapedAxis((16, 16))), bias = ViewAxis(257:272, ShapedAxis((16, 1))))), layer_3 = ViewAxis(321:592, Axis(weight = ViewAxis(1:256, ShapedAxis((16, 16))), bias = ViewAxis(257:272, ShapedAxis((16, 1))))), layer_4 = ViewAxis(593:609, Axis(weight = ViewAxis(1:16, ShapedAxis((1, 16))), bias = ViewAxis(17:17, ShapedAxis((1, 1))))))), ode_par = 610:669)}}}, Float64}}, FunctionWrappers.FunctionWrapper{Nothing, Tuple{Vector{ForwardDiff.Dual{ForwardDiff.Tag{DiffEqBase.OrdinaryDiffEqTag, Float64}, Float64, 1}}, Vector{ForwardDiff.Dual{ForwardDiff.Tag{DiffEqBase.OrdinaryDiffEqTag, Float64}, Float64, 1}}, ComponentVector{Float64, SubArray{Float64, 1, Vector{Float64}, Tuple{UnitRange{Int64}}, true}, Tuple{Axis{(p_net = ViewAxis(1:609, Axis(layer_1 = ViewAxis(1:48, Axis(weight = ViewAxis(1:32, ShapedAxis((16, 2))), bias = ViewAxis(33:48, ShapedAxis((16, 1))))), layer_2 = ViewAxis(49:320, Axis(weight = ViewAxis(1:256, ShapedAxis((16, 16))), bias = ViewAxis(257:272, ShapedAxis((16, 1))))), layer_3 = ViewAxis(321:592, Axis(weight = ViewAxis(1:256, ShapedAxis((16, 16))), bias = ViewAxis(257:272, ShapedAxis((16, 1))))), layer_4 = ViewAxis(593:609, Axis(weight = ViewAxis(1:16, ShapedAxis((1, 16))), bias = ViewAxis(17:17, ShapedAxis((1, 1))))))), ode_par = 610:669)}}}, Float64}}, FunctionWrappers.FunctionWrapper{Nothing, Tuple{Vector{ForwardDiff.Dual{ForwardDiff.Tag{DiffEqBase.OrdinaryDiffEqTag, Float64}, Float64, 1}}, Vector{Float64}, ComponentVector{Float64, SubArray{Float64, 1, Vector{Float64}, Tuple{UnitRange{Int64}}, true}, Tuple{Axis{(p_net = ViewAxis(1:609, Axis(layer_1 = ViewAxis(1:48, Axis(weight = ViewAxis(1:32, ShapedAxis((16, 2))), bias = ViewAxis(33:48, ShapedAxis((16, 1))))), layer_2 = ViewAxis(49:320, Axis(weight = ViewAxis(1:256, ShapedAxis((16, 16))), bias = ViewAxis(257:272, ShapedAxis((16, 1))))), layer_3 = ViewAxis(321:592, Axis(weight = ViewAxis(1:256, ShapedAxis((16, 16))), bias = ViewAxis(257:272, ShapedAxis((16, 1))))), layer_4 = ViewAxis(593:609, Axis(weight = ViewAxis(1:16, ShapedAxis((1, 16))), bias = ViewAxis(17:17, ShapedAxis((1, 1))))))), ode_par = 610:669)}}}, ForwardDiff.Dual{ForwardDiff.Tag{DiffEqBase.OrdinaryDiffEqTag, Float64}, Float64, 1}}}, FunctionWrappers.FunctionWrapper{Nothing, Tuple{Vector{ForwardDiff.Dual{ForwardDiff.Tag{DiffEqBase.OrdinaryDiffEqTag, Float64}, Float64, 1}}, Vector{ForwardDiff.Dual{ForwardDiff.Tag{DiffEqBase.OrdinaryDiffEqTag, Float64}, Float64, 1}}, ComponentVector{Float64, SubArray{Float64, 1, Vector{Float64}, Tuple{UnitRange{Int64}}, true}, Tuple{Axis{(p_net = ViewAxis(1:609, Axis(layer_1 = ViewAxis(1:48, Axis(weight = ViewAxis(1:32, ShapedAxis((16, 2))), bias = ViewAxis(33:48, ShapedAxis((16, 1))))), layer_2 = ViewAxis(49:320, Axis(weight = ViewAxis(1:256, ShapedAxis((16, 16))), bias = ViewAxis(257:272, ShapedAxis((16, 1))))), layer_3 = ViewAxis(321:592, Axis(weight = ViewAxis(1:256, ShapedAxis((16, 16))), bias = ViewAxis(257:272, ShapedAxis((16, 1))))), layer_4 = ViewAxis(593:609, Axis(weight = ViewAxis(1:16, ShapedAxis((1, 16))), bias = ViewAxis(17:17, ShapedAxis((1, 1))))))), ode_par = 610:669)}}}, ForwardDiff.Dual{ForwardDiff.Tag{DiffEqBase.OrdinaryDiffEqTag, Float64}, Float64, 1}}}}, false}, UniformScaling{Bool}, Nothing, Nothing, Nothing, Nothing, Nothing, Nothing, Nothing, Nothing, Nothing, Nothing, Nothing, Nothing, Nothing, Nothing, typeof(SciMLBase.DEFAULT_OBSERVED), Nothing, Nothing}, Nothing, Vector{Tuple{Vector{Float64}, Float64}}}}, DiffEqCallbacks.var"#80#83"{typeof(SciMLBase.INITIALIZE_DEFAULT), Bool, Vector{Float64}, SciMLSensitivity.ReverseLossCallback{Vector{Float64}, Vector{Float64}, Vector{Float64}, Base.RefValue{Int64}, UniformScaling{Bool}, QuadratureAdjoint{0, true, Val{:central}, ReverseDiffVJP{true}}, SciMLSensitivity.var"#df_iip#308"{VectorOfArray{Float64, 2, Vector{Vector{Float64}}}, Colon}, Nothing, SciMLSensitivity.AdjointDiffCache{Nothing, Nothing, Nothing, Nothing, Nothing, Nothing, Nothing, Nothing, ReverseDiff.CompiledTape{ReverseDiff.GradientTape{SciMLSensitivity.var"#123#127"{ODEFunction{true, SciMLBase.AutoSpecialize, var"#f#27"{Chain{NamedTuple{(:layer_1, :layer_2, :layer_3, :layer_4), Tuple{Dense{true, typeof(gelu), typeof(my_glorot_uniform), typeof(my_glorot_uniform)}, Dense{true, typeof(gelu), typeof(my_glorot_uniform), typeof(my_glorot_uniform)}, Dense{true, typeof(gelu), typeof(my_glorot_uniform), typeof(my_glorot_uniform)}, Dense{true, typeof(identity), typeof(my_glorot_uniform), typeof(my_glorot_uniform)}}}, Nothing}, NamedTuple{(:layer_1, :layer_2, :layer_3, :layer_4), NTuple{4, NamedTuple{(), Tuple{}}}}, Vector{Float64}, Vector{Int64}, Vector{Int64}, Vector{Float64}}, UniformScaling{Bool}, Nothing, Nothing, Nothing, Nothing, Nothing, Nothing, Nothing, Nothing, Nothing, Nothing, Nothing, Nothing, Nothing, Nothing, typeof(SciMLBase.DEFAULT_OBSERVED), Nothing, Nothing}}, Tuple{ReverseDiff.TrackedArray{Float64, Float64, 1, Vector{Float64}, Vector{Float64}}, ReverseDiff.TrackedArray{Float64, Float64, 1, ComponentVector{Float64, Vector{Float64}, Tuple{Axis{(p_net = ViewAxis(1:609, Axis(layer_1 = ViewAxis(1:48, Axis(weight = ViewAxis(1:32, ShapedAxis((16, 2))), bias = ViewAxis(33:48, ShapedAxis((16, 1))))), layer_2 = ViewAxis(49:320, Axis(weight = ViewAxis(1:256, ShapedAxis((16, 16))), bias = ViewAxis(257:272, ShapedAxis((16, 1))))), layer_3 = ViewAxis(321:592, Axis(weight = ViewAxis(1:256, ShapedAxis((16, 16))), bias = ViewAxis(257:272, ShapedAxis((16, 1))))), layer_4 = ViewAxis(593:609, Axis(weight = ViewAxis(1:16, ShapedAxis((1, 16))), bias = ViewAxis(17:17, ShapedAxis((1, 1))))))), ode_par = 610:669)}}}, ComponentVector{Float64, Vector{Float64}, Tuple{Axis{(p_net = ViewAxis(1:609, Axis(layer_1 = ViewAxis(1:48, Axis(weight = ViewAxis(1:32, ShapedAxis((16, 2))), bias = ViewAxis(33:48, ShapedAxis((16, 1))))), layer_2 = ViewAxis(49:320, Axis(weight = ViewAxis(1:256, ShapedAxis((16, 16))), bias = ViewAxis(257:272, ShapedAxis((16, 1))))), layer_3 = ViewAxis(321:592, Axis(weight = ViewAxis(1:256, ShapedAxis((16, 16))), bias = ViewAxis(257:272, ShapedAxis((16, 1))))), layer_4 = ViewAxis(593:609, Axis(weight = ViewAxis(1:16, ShapedAxis((1, 16))), bias = ViewAxis(17:17, ShapedAxis((1, 1))))))), ode_par = 610:669)}}}}, ReverseDiff.TrackedArray{Float64, Float64, 1, Vector{Float64}, Vector{Float64}}}, Vector{ReverseDiff.TrackedReal{Float64, Float64, ReverseDiff.TrackedArray{Float64, Float64, 1, ComponentVector{Float64, Vector{Float64}, Tuple{Axis{(p_net = ViewAxis(1:609, Axis(layer_1 = ViewAxis(1:48, Axis(weight = ViewAxis(1:32, ShapedAxis((16, 2))), bias = ViewAxis(33:48, ShapedAxis((16, 1))))), layer_2 = ViewAxis(49:320, Axis(weight = ViewAxis(1:256, ShapedAxis((16, 16))), bias = ViewAxis(257:272, ShapedAxis((16, 1))))), layer_3 = ViewAxis(321:592, Axis(weight = ViewAxis(1:256, ShapedAxis((16, 16))), bias = ViewAxis(257:272, ShapedAxis((16, 1))))), layer_4 = ViewAxis(593:609, Axis(weight = ViewAxis(1:16, ShapedAxis((1, 16))), bias = ViewAxis(17:17, ShapedAxis((1, 1))))))), ode_par = 610:669)}}}, ComponentVector{Float64, Vector{Float64}, Tuple{Axis{(p_net = ViewAxis(1:609, Axis(layer_1 = ViewAxis(1:48, Axis(weight = ViewAxis(1:32, ShapedAxis((16, 2))), bias = ViewAxis(33:48, ShapedAxis((16, 1))))), layer_2 = ViewAxis(49:320, Axis(weight = ViewAxis(1:256, ShapedAxis((16, 16))), bias = ViewAxis(257:272, ShapedAxis((16, 1))))), layer_3 = ViewAxis(321:592, Axis(weight = ViewAxis(1:256, ShapedAxis((16, 16))), bias = ViewAxis(257:272, ShapedAxis((16, 1))))), layer_4 = ViewAxis(593:609, Axis(weight = ViewAxis(1:16, ShapedAxis((1, 16))), bias = ViewAxis(17:17, ShapedAxis((1, 1))))))), ode_par = 610:669)}}}}}}}}, Nothing, Nothing, Vector{Float64}, Nothing, Nothing, Base.OneTo{Int64}, UnitRange{Int64}, UniformScaling{Bool}}, ODEFunction{true, SciMLBase.AutoSpecialize, FunctionWrappersWrappers.FunctionWrappersWrapper{Tuple{FunctionWrappers.FunctionWrapper{Nothing, Tuple{Vector{Float64}, Vector{Float64}, ComponentVector{Float64, SubArray{Float64, 1, Vector{Float64}, Tuple{UnitRange{Int64}}, true}, Tuple{Axis{(p_net = ViewAxis(1:609, Axis(layer_1 = ViewAxis(1:48, Axis(weight = ViewAxis(1:32, ShapedAxis((16, 2))), bias = ViewAxis(33:48, ShapedAxis((16, 1))))), layer_2 = ViewAxis(49:320, Axis(weight = ViewAxis(1:256, ShapedAxis((16, 16))), bias = ViewAxis(257:272, ShapedAxis((16, 1))))), layer_3 = ViewAxis(321:592, Axis(weight = ViewAxis(1:256, ShapedAxis((16, 16))), bias = ViewAxis(257:272, ShapedAxis((16, 1))))), layer_4 = ViewAxis(593:609, Axis(weight = ViewAxis(1:16, ShapedAxis((1, 16))), bias = ViewAxis(17:17, ShapedAxis((1, 1))))))), ode_par = 610:669)}}}, Float64}}, FunctionWrappers.FunctionWrapper{Nothing, Tuple{Vector{ForwardDiff.Dual{ForwardDiff.Tag{DiffEqBase.OrdinaryDiffEqTag, Float64}, Float64, 1}}, Vector{ForwardDiff.Dual{ForwardDiff.Tag{DiffEqBase.OrdinaryDiffEqTag, Float64}, Float64, 1}}, ComponentVector{Float64, SubArray{Float64, 1, Vector{Float64}, Tuple{UnitRange{Int64}}, true}, Tuple{Axis{(p_net = ViewAxis(1:609, Axis(layer_1 = ViewAxis(1:48, Axis(weight = ViewAxis(1:32, ShapedAxis((16, 2))), bias = ViewAxis(33:48, ShapedAxis((16, 1))))), layer_2 = ViewAxis(49:320, Axis(weight = ViewAxis(1:256, ShapedAxis((16, 16))), bias = ViewAxis(257:272, ShapedAxis((16, 1))))), layer_3 = ViewAxis(321:592, Axis(weight = ViewAxis(1:256, ShapedAxis((16, 16))), bias = ViewAxis(257:272, ShapedAxis((16, 1))))), layer_4 = ViewAxis(593:609, Axis(weight = ViewAxis(1:16, ShapedAxis((1, 16))), bias = ViewAxis(17:17, ShapedAxis((1, 1))))))), ode_par = 610:669)}}}, Float64}}, FunctionWrappers.FunctionWrapper{Nothing, Tuple{Vector{ForwardDiff.Dual{ForwardDiff.Tag{DiffEqBase.OrdinaryDiffEqTag, Float64}, Float64, 1}}, Vector{Float64}, ComponentVector{Float64, SubArray{Float64, 1, Vector{Float64}, Tuple{UnitRange{Int64}}, true}, Tuple{Axis{(p_net = ViewAxis(1:609, Axis(layer_1 = ViewAxis(1:48, Axis(weight = ViewAxis(1:32, ShapedAxis((16, 2))), bias = ViewAxis(33:48, ShapedAxis((16, 1))))), layer_2 = ViewAxis(49:320, Axis(weight = ViewAxis(1:256, ShapedAxis((16, 16))), bias = ViewAxis(257:272, ShapedAxis((16, 1))))), layer_3 = ViewAxis(321:592, Axis(weight = ViewAxis(1:256, ShapedAxis((16, 16))), bias = ViewAxis(257:272, ShapedAxis((16, 1))))), layer_4 = ViewAxis(593:609, Axis(weight = ViewAxis(1:16, ShapedAxis((1, 16))), bias = ViewAxis(17:17, ShapedAxis((1, 1))))))), ode_par = 610:669)}}}, ForwardDiff.Dual{ForwardDiff.Tag{DiffEqBase.OrdinaryDiffEqTag, Float64}, Float64, 1}}}, FunctionWrappers.FunctionWrapper{Nothing, Tuple{Vector{ForwardDiff.Dual{ForwardDiff.Tag{DiffEqBase.OrdinaryDiffEqTag, Float64}, Float64, 1}}, Vector{ForwardDiff.Dual{ForwardDiff.Tag{DiffEqBase.OrdinaryDiffEqTag, Float64}, Float64, 1}}, ComponentVector{Float64, SubArray{Float64, 1, Vector{Float64}, Tuple{UnitRange{Int64}}, true}, Tuple{Axis{(p_net = ViewAxis(1:609, Axis(layer_1 = ViewAxis(1:48, Axis(weight = ViewAxis(1:32, ShapedAxis((16, 2))), bias = ViewAxis(33:48, ShapedAxis((16, 1))))), layer_2 = ViewAxis(49:320, Axis(weight = ViewAxis(1:256, ShapedAxis((16, 16))), bias = ViewAxis(257:272, ShapedAxis((16, 1))))), layer_3 = ViewAxis(321:592, Axis(weight = ViewAxis(1:256, ShapedAxis((16, 16))), bias = ViewAxis(257:272, ShapedAxis((16, 1))))), layer_4 = ViewAxis(593:609, Axis(weight = ViewAxis(1:16, ShapedAxis((1, 16))), bias = ViewAxis(17:17, ShapedAxis((1, 1))))))), ode_par = 610:669)}}}, ForwardDiff.Dual{ForwardDiff.Tag{DiffEqBase.OrdinaryDiffEqTag, Float64}, Float64, 1}}}}, false}, UniformScaling{Bool}, Nothing, Nothing, Nothing, Nothing, Nothing, Nothing, Nothing, Nothing, Nothing, Nothing, Nothing, Nothing, Nothing, Nothing, typeof(SciMLBase.DEFAULT_OBSERVED), Nothing, Nothing}, Nothing, Vector{Tuple{Vector{Float64}, Float64}}}}, typeof(SciMLBase.FINALIZE_DEFAULT)}}}, Tuple{Symbol}, NamedTuple{(:callback,), Tuple{CallbackSet{Tuple{}, Tuple{DiscreteCallback{DiffEqCallbacks.var"#78#81"{Vector{Float64}}, DiffEqCallbacks.var"#79#82"{SciMLSensitivity.ReverseLossCallback{Vector{Float64}, Vector{Float64}, Vector{Float64}, Base.RefValue{Int64}, UniformScaling{Bool}, QuadratureAdjoint{0, true, Val{:central}, ReverseDiffVJP{true}}, SciMLSensitivity.var"#df_iip#308"{VectorOfArray{Float64, 2, Vector{Vector{Float64}}}, Colon}, Nothing, SciMLSensitivity.AdjointDiffCache{Nothing, Nothing, Nothing, Nothing, Nothing, Nothing, Nothing, Nothing, ReverseDiff.CompiledTape{ReverseDiff.GradientTape{SciMLSensitivity.var"#123#127"{ODEFunction{true, SciMLBase.AutoSpecialize, var"#f#27"{Chain{NamedTuple{(:layer_1, :layer_2, :layer_3, :layer_4), Tuple{Dense{true, typeof(gelu), typeof(my_glorot_uniform), typeof(my_glorot_uniform)}, Dense{true, typeof(gelu), typeof(my_glorot_uniform), typeof(my_glorot_uniform)}, Dense{true, typeof(gelu), typeof(my_glorot_uniform), typeof(my_glorot_uniform)}, Dense{true, typeof(identity), typeof(my_glorot_uniform), typeof(my_glorot_uniform)}}}, Nothing}, NamedTuple{(:layer_1, :layer_2, :layer_3, :layer_4), NTuple{4, NamedTuple{(), Tuple{}}}}, Vector{Float64}, Vector{Int64}, Vector{Int64}, Vector{Float64}}, UniformScaling{Bool}, Nothing, Nothing, Nothing, Nothing, Nothing, Nothing, Nothing, Nothing, Nothing, Nothing, Nothing, Nothing, Nothing, Nothing, typeof(SciMLBase.DEFAULT_OBSERVED), Nothing, Nothing}}, Tuple{ReverseDiff.TrackedArray{Float64, Float64, 1, Vector{Float64}, Vector{Float64}}, ReverseDiff.TrackedArray{Float64, Float64, 1, ComponentVector{Float64, Vector{Float64}, Tuple{Axis{(p_net = ViewAxis(1:609, Axis(layer_1 = ViewAxis(1:48, Axis(weight = ViewAxis(1:32, ShapedAxis((16, 2))), bias = ViewAxis(33:48, ShapedAxis((16, 1))))), layer_2 = ViewAxis(49:320, Axis(weight = ViewAxis(1:256, ShapedAxis((16, 16))), bias = ViewAxis(257:272, ShapedAxis((16, 1))))), layer_3 = ViewAxis(321:592, Axis(weight = ViewAxis(1:256, ShapedAxis((16, 16))), bias = ViewAxis(257:272, ShapedAxis((16, 1))))), layer_4 = ViewAxis(593:609, Axis(weight = ViewAxis(1:16, ShapedAxis((1, 16))), bias = ViewAxis(17:17, ShapedAxis((1, 1))))))), ode_par = 610:669)}}}, ComponentVector{Float64, Vector{Float64}, Tuple{Axis{(p_net = ViewAxis(1:609, Axis(layer_1 = ViewAxis(1:48, Axis(weight = ViewAxis(1:32, ShapedAxis((16, 2))), bias = ViewAxis(33:48, ShapedAxis((16, 1))))), layer_2 = ViewAxis(49:320, Axis(weight = ViewAxis(1:256, ShapedAxis((16, 16))), bias = ViewAxis(257:272, ShapedAxis((16, 1))))), layer_3 = ViewAxis(321:592, Axis(weight = ViewAxis(1:256, ShapedAxis((16, 16))), bias = ViewAxis(257:272, ShapedAxis((16, 1))))), layer_4 = ViewAxis(593:609, Axis(weight = ViewAxis(1:16, ShapedAxis((1, 16))), bias = ViewAxis(17:17, ShapedAxis((1, 1))))))), ode_par = 610:669)}}}}, ReverseDiff.TrackedArray{Float64, Float64, 1, Vector{Float64}, Vector{Float64}}}, Vector{ReverseDiff.TrackedReal{Float64, Float64, ReverseDiff.TrackedArray{Float64, Float64, 1, ComponentVector{Float64, Vector{Float64}, Tuple{Axis{(p_net = ViewAxis(1:609, Axis(layer_1 = ViewAxis(1:48, Axis(weight = ViewAxis(1:32, ShapedAxis((16, 2))), bias = ViewAxis(33:48, ShapedAxis((16, 1))))), layer_2 = ViewAxis(49:320, Axis(weight = ViewAxis(1:256, ShapedAxis((16, 16))), bias = ViewAxis(257:272, ShapedAxis((16, 1))))), layer_3 = ViewAxis(321:592, Axis(weight = ViewAxis(1:256, ShapedAxis((16, 16))), bias = ViewAxis(257:272, ShapedAxis((16, 1))))), layer_4 = ViewAxis(593:609, Axis(weight = ViewAxis(1:16, ShapedAxis((1, 16))), bias = ViewAxis(17:17, ShapedAxis((1, 1))))))), ode_par = 610:669)}}}, ComponentVector{Float64, Vector{Float64}, Tuple{Axis{(p_net = ViewAxis(1:609, Axis(layer_1 = ViewAxis(1:48, Axis(weight = ViewAxis(1:32, ShapedAxis((16, 2))), bias = ViewAxis(33:48, ShapedAxis((16, 1))))), layer_2 = ViewAxis(49:320, Axis(weight = ViewAxis(1:256, ShapedAxis((16, 16))), bias = ViewAxis(257:272, ShapedAxis((16, 1))))), layer_3 = ViewAxis(321:592, Axis(weight = ViewAxis(1:256, ShapedAxis((16, 16))), bias = ViewAxis(257:272, ShapedAxis((16, 1))))), layer_4 = ViewAxis(593:609, Axis(weight = ViewAxis(1:16, ShapedAxis((1, 16))), bias = ViewAxis(17:17, ShapedAxis((1, 1))))))), ode_par = 610:669)}}}}}}}}, Nothing, Nothing, Vector{Float64}, Nothing, Nothing, Base.OneTo{Int64}, UnitRange{Int64}, UniformScaling{Bool}}, ODEFunction{true, SciMLBase.AutoSpecialize, FunctionWrappersWrappers.FunctionWrappersWrapper{Tuple{FunctionWrappers.FunctionWrapper{Nothing, Tuple{Vector{Float64}, Vector{Float64}, ComponentVector{Float64, SubArray{Float64, 1, Vector{Float64}, Tuple{UnitRange{Int64}}, true}, Tuple{Axis{(p_net = ViewAxis(1:609, Axis(layer_1 = ViewAxis(1:48, Axis(weight = ViewAxis(1:32, ShapedAxis((16, 2))), bias = ViewAxis(33:48, ShapedAxis((16, 1))))), layer_2 = ViewAxis(49:320, Axis(weight = ViewAxis(1:256, ShapedAxis((16, 16))), bias = ViewAxis(257:272, ShapedAxis((16, 1))))), layer_3 = ViewAxis(321:592, Axis(weight = ViewAxis(1:256, ShapedAxis((16, 16))), bias = ViewAxis(257:272, ShapedAxis((16, 1))))), layer_4 = ViewAxis(593:609, Axis(weight = ViewAxis(1:16, ShapedAxis((1, 16))), bias = ViewAxis(17:17, ShapedAxis((1, 1))))))), ode_par = 610:669)}}}, Float64}}, FunctionWrappers.FunctionWrapper{Nothing, Tuple{Vector{ForwardDiff.Dual{ForwardDiff.Tag{DiffEqBase.OrdinaryDiffEqTag, Float64}, Float64, 1}}, Vector{ForwardDiff.Dual{ForwardDiff.Tag{DiffEqBase.OrdinaryDiffEqTag, Float64}, Float64, 1}}, ComponentVector{Float64, SubArray{Float64, 1, Vector{Float64}, Tuple{UnitRange{Int64}}, true}, Tuple{Axis{(p_net = ViewAxis(1:609, Axis(layer_1 = ViewAxis(1:48, Axis(weight = ViewAxis(1:32, ShapedAxis((16, 2))), bias = ViewAxis(33:48, ShapedAxis((16, 1))))), layer_2 = ViewAxis(49:320, Axis(weight = ViewAxis(1:256, ShapedAxis((16, 16))), bias = ViewAxis(257:272, ShapedAxis((16, 1))))), layer_3 = ViewAxis(321:592, Axis(weight = ViewAxis(1:256, ShapedAxis((16, 16))), bias = ViewAxis(257:272, ShapedAxis((16, 1))))), layer_4 = ViewAxis(593:609, Axis(weight = ViewAxis(1:16, ShapedAxis((1, 16))), bias = ViewAxis(17:17, ShapedAxis((1, 1))))))), ode_par = 610:669)}}}, Float64}}, FunctionWrappers.FunctionWrapper{Nothing, Tuple{Vector{ForwardDiff.Dual{ForwardDiff.Tag{DiffEqBase.OrdinaryDiffEqTag, Float64}, Float64, 1}}, Vector{Float64}, ComponentVector{Float64, SubArray{Float64, 1, Vector{Float64}, Tuple{UnitRange{Int64}}, true}, Tuple{Axis{(p_net = ViewAxis(1:609, Axis(layer_1 = ViewAxis(1:48, Axis(weight = ViewAxis(1:32, ShapedAxis((16, 2))), bias = ViewAxis(33:48, ShapedAxis((16, 1))))), layer_2 = ViewAxis(49:320, Axis(weight = ViewAxis(1:256, ShapedAxis((16, 16))), bias = ViewAxis(257:272, ShapedAxis((16, 1))))), layer_3 = ViewAxis(321:592, Axis(weight = ViewAxis(1:256, ShapedAxis((16, 16))), bias = ViewAxis(257:272, ShapedAxis((16, 1))))), layer_4 = ViewAxis(593:609, Axis(weight = ViewAxis(1:16, ShapedAxis((1, 16))), bias = ViewAxis(17:17, ShapedAxis((1, 1))))))), ode_par = 610:669)}}}, ForwardDiff.Dual{ForwardDiff.Tag{DiffEqBase.OrdinaryDiffEqTag, Float64}, Float64, 1}}}, FunctionWrappers.FunctionWrapper{Nothing, Tuple{Vector{ForwardDiff.Dual{ForwardDiff.Tag{DiffEqBase.OrdinaryDiffEqTag, Float64}, Float64, 1}}, Vector{ForwardDiff.Dual{ForwardDiff.Tag{DiffEqBase.OrdinaryDiffEqTag, Float64}, Float64, 1}}, ComponentVector{Float64, SubArray{Float64, 1, Vector{Float64}, Tuple{UnitRange{Int64}}, true}, Tuple{Axis{(p_net = ViewAxis(1:609, Axis(layer_1 = ViewAxis(1:48, Axis(weight = ViewAxis(1:32, ShapedAxis((16, 2))), bias = ViewAxis(33:48, ShapedAxis((16, 1))))), layer_2 = ViewAxis(49:320, Axis(weight = ViewAxis(1:256, ShapedAxis((16, 16))), bias = ViewAxis(257:272, ShapedAxis((16, 1))))), layer_3 = ViewAxis(321:592, Axis(weight = ViewAxis(1:256, ShapedAxis((16, 16))), bias = ViewAxis(257:272, ShapedAxis((16, 1))))), layer_4 = ViewAxis(593:609, Axis(weight = ViewAxis(1:16, ShapedAxis((1, 16))), bias = ViewAxis(17:17, ShapedAxis((1, 1))))))), ode_par = 610:669)}}}, ForwardDiff.Dual{ForwardDiff.Tag{DiffEqBase.OrdinaryDiffEqTag, Float64}, Float64, 1}}}}, false}, UniformScaling{Bool}, Nothing, Nothing, Nothing, Nothing, Nothing, Nothing, Nothing, Nothing, Nothing, Nothing, Nothing, Nothing, Nothing, Nothing, typeof(SciMLBase.DEFAULT_OBSERVED), Nothing, Nothing}, Nothing, Vector{Tuple{Vector{Float64}, Float64}}}}, DiffEqCallbacks.var"#80#83"{typeof(SciMLBase.INITIALIZE_DEFAULT), Bool, Vector{Float64}, SciMLSensitivity.ReverseLossCallback{Vector{Float64}, Vector{Float64}, Vector{Float64}, Base.RefValue{Int64}, UniformScaling{Bool}, QuadratureAdjoint{0, true, Val{:central}, ReverseDiffVJP{true}}, SciMLSensitivity.var"#df_iip#308"{VectorOfArray{Float64, 2, Vector{Vector{Float64}}}, Colon}, Nothing, SciMLSensitivity.AdjointDiffCache{Nothing, Nothing, Nothing, Nothing, Nothing, Nothing, Nothing, Nothing, ReverseDiff.CompiledTape{ReverseDiff.GradientTape{SciMLSensitivity.var"#123#127"{ODEFunction{true, SciMLBase.AutoSpecialize, var"#f#27"{Chain{NamedTuple{(:layer_1, :layer_2, :layer_3, :layer_4), Tuple{Dense{true, typeof(gelu), typeof(my_glorot_uniform), typeof(my_glorot_uniform)}, Dense{true, typeof(gelu), typeof(my_glorot_uniform), typeof(my_glorot_uniform)}, Dense{true, typeof(gelu), typeof(my_glorot_uniform), typeof(my_glorot_uniform)}, Dense{true, typeof(identity), typeof(my_glorot_uniform), typeof(my_glorot_uniform)}}}, Nothing}, NamedTuple{(:layer_1, :layer_2, :layer_3, :layer_4), NTuple{4, NamedTuple{(), Tuple{}}}}, Vector{Float64}, Vector{Int64}, Vector{Int64}, Vector{Float64}}, UniformScaling{Bool}, Nothing, Nothing, Nothing, Nothing, Nothing, Nothing, Nothing, Nothing, Nothing, Nothing, Nothing, Nothing, Nothing, Nothing, typeof(SciMLBase.DEFAULT_OBSERVED), Nothing, Nothing}}, Tuple{ReverseDiff.TrackedArray{Float64, Float64, 1, Vector{Float64}, Vector{Float64}}, ReverseDiff.TrackedArray{Float64, Float64, 1, ComponentVector{Float64, Vector{Float64}, Tuple{Axis{(p_net = ViewAxis(1:609, Axis(layer_1 = ViewAxis(1:48, Axis(weight = ViewAxis(1:32, ShapedAxis((16, 2))), bias = ViewAxis(33:48, ShapedAxis((16, 1))))), layer_2 = ViewAxis(49:320, Axis(weight = ViewAxis(1:256, ShapedAxis((16, 16))), bias = ViewAxis(257:272, ShapedAxis((16, 1))))), layer_3 = ViewAxis(321:592, Axis(weight = ViewAxis(1:256, ShapedAxis((16, 16))), bias = ViewAxis(257:272, ShapedAxis((16, 1))))), layer_4 = ViewAxis(593:609, Axis(weight = ViewAxis(1:16, ShapedAxis((1, 16))), bias = ViewAxis(17:17, ShapedAxis((1, 1))))))), ode_par = 610:669)}}}, ComponentVector{Float64, Vector{Float64}, Tuple{Axis{(p_net = ViewAxis(1:609, Axis(layer_1 = ViewAxis(1:48, Axis(weight = ViewAxis(1:32, ShapedAxis((16, 2))), bias = ViewAxis(33:48, ShapedAxis((16, 1))))), layer_2 = ViewAxis(49:320, Axis(weight = ViewAxis(1:256, ShapedAxis((16, 16))), bias = ViewAxis(257:272, ShapedAxis((16, 1))))), layer_3 = ViewAxis(321:592, Axis(weight = ViewAxis(1:256, ShapedAxis((16, 16))), bias = ViewAxis(257:272, ShapedAxis((16, 1))))), layer_4 = ViewAxis(593:609, Axis(weight = ViewAxis(1:16, ShapedAxis((1, 16))), bias = ViewAxis(17:17, ShapedAxis((1, 1))))))), ode_par = 610:669)}}}}, ReverseDiff.TrackedArray{Float64, Float64, 1, Vector{Float64}, Vector{Float64}}}, Vector{ReverseDiff.TrackedReal{Float64, Float64, ReverseDiff.TrackedArray{Float64, Float64, 1, ComponentVector{Float64, Vector{Float64}, Tuple{Axis{(p_net = ViewAxis(1:609, Axis(layer_1 = ViewAxis(1:48, Axis(weight = ViewAxis(1:32, ShapedAxis((16, 2))), bias = ViewAxis(33:48, ShapedAxis((16, 1))))), layer_2 = ViewAxis(49:320, Axis(weight = ViewAxis(1:256, ShapedAxis((16, 16))), bias = ViewAxis(257:272, ShapedAxis((16, 1))))), layer_3 = ViewAxis(321:592, Axis(weight = ViewAxis(1:256, ShapedAxis((16, 16))), bias = ViewAxis(257:272, ShapedAxis((16, 1))))), layer_4 = ViewAxis(593:609, Axis(weight = ViewAxis(1:16, ShapedAxis((1, 16))), bias = ViewAxis(17:17, ShapedAxis((1, 1))))))), ode_par = 610:669)}}}, ComponentVector{Float64, Vector{Float64}, Tuple{Axis{(p_net = ViewAxis(1:609, Axis(layer_1 = ViewAxis(1:48, Axis(weight = ViewAxis(1:32, ShapedAxis((16, 2))), bias = ViewAxis(33:48, ShapedAxis((16, 1))))), layer_2 = ViewAxis(49:320, Axis(weight = ViewAxis(1:256, ShapedAxis((16, 16))), bias = ViewAxis(257:272, ShapedAxis((16, 1))))), layer_3 = ViewAxis(321:592, Axis(weight = ViewAxis(1:256, ShapedAxis((16, 16))), bias = ViewAxis(257:272, ShapedAxis((16, 1))))), layer_4 = ViewAxis(593:609, Axis(weight = ViewAxis(1:16, ShapedAxis((1, 16))), bias = ViewAxis(17:17, ShapedAxis((1, 1))))))), ode_par = 610:669)}}}}}}}}, Nothing, Nothing, Vector{Float64}, Nothing, Nothing, Base.OneTo{Int64}, UnitRange{Int64}, UniformScaling{Bool}}, ODEFunction{true, SciMLBase.AutoSpecialize, FunctionWrappersWrappers.FunctionWrappersWrapper{Tuple{FunctionWrappers.FunctionWrapper{Nothing, Tuple{Vector{Float64}, Vector{Float64}, ComponentVector{Float64, SubArray{Float64, 1, Vector{Float64}, Tuple{UnitRange{Int64}}, true}, Tuple{Axis{(p_net = ViewAxis(1:609, Axis(layer_1 = ViewAxis(1:48, Axis(weight = ViewAxis(1:32, ShapedAxis((16, 2))), bias = ViewAxis(33:48, ShapedAxis((16, 1))))), layer_2 = ViewAxis(49:320, Axis(weight = ViewAxis(1:256, ShapedAxis((16, 16))), bias = ViewAxis(257:272, ShapedAxis((16, 1))))), layer_3 = ViewAxis(321:592, Axis(weight = ViewAxis(1:256, ShapedAxis((16, 16))), bias = ViewAxis(257:272, ShapedAxis((16, 1))))), layer_4 = ViewAxis(593:609, Axis(weight = ViewAxis(1:16, ShapedAxis((1, 16))), bias = ViewAxis(17:17, ShapedAxis((1, 1))))))), ode_par = 610:669)}}}, Float64}}, FunctionWrappers.FunctionWrapper{Nothing, Tuple{Vector{ForwardDiff.Dual{ForwardDiff.Tag{DiffEqBase.OrdinaryDiffEqTag, Float64}, Float64, 1}}, Vector{ForwardDiff.Dual{ForwardDiff.Tag{DiffEqBase.OrdinaryDiffEqTag, Float64}, Float64, 1}}, ComponentVector{Float64, SubArray{Float64, 1, Vector{Float64}, Tuple{UnitRange{Int64}}, true}, Tuple{Axis{(p_net = ViewAxis(1:609, Axis(layer_1 = ViewAxis(1:48, Axis(weight = ViewAxis(1:32, ShapedAxis((16, 2))), bias = ViewAxis(33:48, ShapedAxis((16, 1))))), layer_2 = ViewAxis(49:320, Axis(weight = ViewAxis(1:256, ShapedAxis((16, 16))), bias = ViewAxis(257:272, ShapedAxis((16, 1))))), layer_3 = ViewAxis(321:592, Axis(weight = ViewAxis(1:256, ShapedAxis((16, 16))), bias = ViewAxis(257:272, ShapedAxis((16, 1))))), layer_4 = ViewAxis(593:609, Axis(weight = ViewAxis(1:16, ShapedAxis((1, 16))), bias = ViewAxis(17:17, ShapedAxis((1, 1))))))), ode_par = 610:669)}}}, Float64}}, FunctionWrappers.FunctionWrapper{Nothing, Tuple{Vector{ForwardDiff.Dual{ForwardDiff.Tag{DiffEqBase.OrdinaryDiffEqTag, Float64}, Float64, 1}}, Vector{Float64}, ComponentVector{Float64, SubArray{Float64, 1, Vector{Float64}, Tuple{UnitRange{Int64}}, true}, Tuple{Axis{(p_net = ViewAxis(1:609, Axis(layer_1 = ViewAxis(1:48, Axis(weight = ViewAxis(1:32, ShapedAxis((16, 2))), bias = ViewAxis(33:48, ShapedAxis((16, 1))))), layer_2 = ViewAxis(49:320, Axis(weight = ViewAxis(1:256, ShapedAxis((16, 16))), bias = ViewAxis(257:272, ShapedAxis((16, 1))))), layer_3 = ViewAxis(321:592, Axis(weight = ViewAxis(1:256, ShapedAxis((16, 16))), bias = ViewAxis(257:272, ShapedAxis((16, 1))))), layer_4 = ViewAxis(593:609, Axis(weight = ViewAxis(1:16, ShapedAxis((1, 16))), bias = ViewAxis(17:17, ShapedAxis((1, 1))))))), ode_par = 610:669)}}}, ForwardDiff.Dual{ForwardDiff.Tag{DiffEqBase.OrdinaryDiffEqTag, Float64}, Float64, 1}}}, FunctionWrappers.FunctionWrapper{Nothing, Tuple{Vector{ForwardDiff.Dual{ForwardDiff.Tag{DiffEqBase.OrdinaryDiffEqTag, Float64}, Float64, 1}}, Vector{ForwardDiff.Dual{ForwardDiff.Tag{DiffEqBase.OrdinaryDiffEqTag, Float64}, Float64, 1}}, ComponentVector{Float64, SubArray{Float64, 1, Vector{Float64}, Tuple{UnitRange{Int64}}, true}, Tuple{Axis{(p_net = ViewAxis(1:609, Axis(layer_1 = ViewAxis(1:48, Axis(weight = ViewAxis(1:32, ShapedAxis((16, 2))), bias = ViewAxis(33:48, ShapedAxis((16, 1))))), layer_2 = ViewAxis(49:320, Axis(weight = ViewAxis(1:256, ShapedAxis((16, 16))), bias = ViewAxis(257:272, ShapedAxis((16, 1))))), layer_3 = ViewAxis(321:592, Axis(weight = ViewAxis(1:256, ShapedAxis((16, 16))), bias = ViewAxis(257:272, ShapedAxis((16, 1))))), layer_4 = ViewAxis(593:609, Axis(weight = ViewAxis(1:16, ShapedAxis((1, 16))), bias = ViewAxis(17:17, ShapedAxis((1, 1))))))), ode_par = 610:669)}}}, ForwardDiff.Dual{ForwardDiff.Tag{DiffEqBase.OrdinaryDiffEqTag, Float64}, Float64, 1}}}}, false}, UniformScaling{Bool}, Nothing, Nothing, Nothing, Nothing, Nothing, Nothing, Nothing, Nothing, Nothing, Nothing, Nothing, Nothing, Nothing, Nothing, typeof(SciMLBase.DEFAULT_OBSERVED), Nothing, Nothing}, Nothing, Vector{Tuple{Vector{Float64}, Float64}}}}, typeof(SciMLBase.FINALIZE_DEFAULT)}}}}}}, SciMLBase.StandardODEProblem}, TRBDF2{1, false, Nothing, NLNewton{Rational{Int64}, Rational{Int64}, Rational{Int64}, Rational{Int64}}, typeof(OrdinaryDiffEq.DEFAULT_PRECS), Val{:forward}, true, nothing}, OrdinaryDiffEq.InterpolationData{ODEFunction{true, true, SciMLSensitivity.ODEQuadratureAdjointSensitivityFunction{SciMLSensitivity.AdjointDiffCache{Nothing, Nothing, Nothing, Nothing, Nothing, Nothing, Nothing, Nothing, ReverseDiff.CompiledTape{ReverseDiff.GradientTape{SciMLSensitivity.var"#123#127"{ODEFunction{true, SciMLBase.AutoSpecialize, var"#f#27"{Chain{NamedTuple{(:layer_1, :layer_2, :layer_3, :layer_4), Tuple{Dense{true, typeof(gelu), typeof(my_glorot_uniform), typeof(my_glorot_uniform)}, Dense{true, typeof(gelu), typeof(my_glorot_uniform), typeof(my_glorot_uniform)}, Dense{true, typeof(gelu), typeof(my_glorot_uniform), typeof(my_glorot_uniform)}, Dense{true, typeof(identity), typeof(my_glorot_uniform), typeof(my_glorot_uniform)}}}, Nothing}, NamedTuple{(:layer_1, :layer_2, :layer_3, :layer_4), NTuple{4, NamedTuple{(), Tuple{}}}}, Vector{Float64}, Vector{Int64}, Vector{Int64}, Vector{Float64}}, UniformScaling{Bool}, Nothing, Nothing, Nothing, Nothing, Nothing, Nothing, Nothing, Nothing, Nothing, Nothing, Nothing, Nothing, Nothing, Nothing, typeof(SciMLBase.DEFAULT_OBSERVED), Nothing, Nothing}}, Tuple{ReverseDiff.TrackedArray{Float64, Float64, 1, Vector{Float64}, Vector{Float64}}, ReverseDiff.TrackedArray{Float64, Float64, 1, ComponentVector{Float64, Vector{Float64}, Tuple{Axis{(p_net = ViewAxis(1:609, Axis(layer_1 = ViewAxis(1:48, Axis(weight = ViewAxis(1:32, ShapedAxis((16, 2))), bias = ViewAxis(33:48, ShapedAxis((16, 1))))), layer_2 = ViewAxis(49:320, Axis(weight = ViewAxis(1:256, ShapedAxis((16, 16))), bias = ViewAxis(257:272, ShapedAxis((16, 1))))), layer_3 = ViewAxis(321:592, Axis(weight = ViewAxis(1:256, ShapedAxis((16, 16))), bias = ViewAxis(257:272, ShapedAxis((16, 1))))), layer_4 = ViewAxis(593:609, Axis(weight = ViewAxis(1:16, ShapedAxis((1, 16))), bias = ViewAxis(17:17, ShapedAxis((1, 1))))))), ode_par = 610:669)}}}, ComponentVector{Float64, Vector{Float64}, Tuple{Axis{(p_net = ViewAxis(1:609, Axis(layer_1 = ViewAxis(1:48, Axis(weight = ViewAxis(1:32, ShapedAxis((16, 2))), bias = ViewAxis(33:48, ShapedAxis((16, 1))))), layer_2 = ViewAxis(49:320, Axis(weight = ViewAxis(1:256, ShapedAxis((16, 16))), bias = ViewAxis(257:272, ShapedAxis((16, 1))))), layer_3 = ViewAxis(321:592, Axis(weight = ViewAxis(1:256, ShapedAxis((16, 16))), bias = ViewAxis(257:272, ShapedAxis((16, 1))))), layer_4 = ViewAxis(593:609, Axis(weight = ViewAxis(1:16, ShapedAxis((1, 16))), bias = ViewAxis(17:17, ShapedAxis((1, 1))))))), ode_par = 610:669)}}}}, ReverseDiff.TrackedArray{Float64, Float64, 1, Vector{Float64}, Vector{Float64}}}, Vector{ReverseDiff.TrackedReal{Float64, Float64, ReverseDiff.TrackedArray{Float64, Float64, 1, ComponentVector{Float64, Vector{Float64}, Tuple{Axis{(p_net = ViewAxis(1:609, Axis(layer_1 = ViewAxis(1:48, Axis(weight = ViewAxis(1:32, ShapedAxis((16, 2))), bias = ViewAxis(33:48, ShapedAxis((16, 1))))), layer_2 = ViewAxis(49:320, Axis(weight = ViewAxis(1:256, ShapedAxis((16, 16))), bias = ViewAxis(257:272, ShapedAxis((16, 1))))), layer_3 = ViewAxis(321:592, Axis(weight = ViewAxis(1:256, ShapedAxis((16, 16))), bias = ViewAxis(257:272, ShapedAxis((16, 1))))), layer_4 = ViewAxis(593:609, Axis(weight = ViewAxis(1:16, ShapedAxis((1, 16))), bias = ViewAxis(17:17, ShapedAxis((1, 1))))))), ode_par = 610:669)}}}, ComponentVector{Float64, Vector{Float64}, Tuple{Axis{(p_net = ViewAxis(1:609, Axis(layer_1 = ViewAxis(1:48, Axis(weight = ViewAxis(1:32, ShapedAxis((16, 2))), bias = ViewAxis(33:48, ShapedAxis((16, 1))))), layer_2 = ViewAxis(49:320, Axis(weight = ViewAxis(1:256, ShapedAxis((16, 16))), bias = ViewAxis(257:272, ShapedAxis((16, 1))))), layer_3 = ViewAxis(321:592, Axis(weight = ViewAxis(1:256, ShapedAxis((16, 16))), bias = ViewAxis(257:272, ShapedAxis((16, 1))))), layer_4 = ViewAxis(593:609, Axis(weight = ViewAxis(1:16, ShapedAxis((1, 16))), bias = ViewAxis(17:17, ShapedAxis((1, 1))))))), ode_par = 610:669)}}}}}}}}, Nothing, Nothing, Vector{Float64}, Nothing, Nothing, Base.OneTo{Int64}, UnitRange{Int64}, UniformScaling{Bool}}, QuadratureAdjoint{0, true, Val{:central}, ReverseDiffVJP{true}}, Vector{Float64}, ODESolution{Float64, 2, Vector{Vector{Float64}}, Nothing, Nothing, Vector{Float64}, Vector{Vector{Vector{Float64}}}, ODEProblem{Vector{Float64}, Tuple{Float64, Float64}, true, ComponentVector{Float64, SubArray{Float64, 1, Vector{Float64}, Tuple{UnitRange{Int64}}, true}, Tuple{Axis{(p_net = ViewAxis(1:609, Axis(layer_1 = ViewAxis(1:48, Axis(weight = ViewAxis(1:32, ShapedAxis((16, 2))), bias = ViewAxis(33:48, ShapedAxis((16, 1))))), layer_2 = ViewAxis(49:320, Axis(weight = ViewAxis(1:256, ShapedAxis((16, 16))), bias = ViewAxis(257:272, ShapedAxis((16, 1))))), layer_3 = ViewAxis(321:592, Axis(weight = ViewAxis(1:256, ShapedAxis((16, 16))), bias = ViewAxis(257:272, ShapedAxis((16, 1))))), layer_4 = ViewAxis(593:609, Axis(weight = ViewAxis(1:16, ShapedAxis((1, 16))), bias = ViewAxis(17:17, ShapedAxis((1, 1))))))), ode_par = 610:669)}}}, ODEFunction{true, SciMLBase.AutoSpecialize, FunctionWrappersWrappers.FunctionWrappersWrapper{Tuple{FunctionWrappers.FunctionWrapper{Nothing, Tuple{Vector{Float64}, Vector{Float64}, ComponentVector{Float64, SubArray{Float64, 1, Vector{Float64}, Tuple{UnitRange{Int64}}, true}, Tuple{Axis{(p_net = ViewAxis(1:609, Axis(layer_1 = ViewAxis(1:48, Axis(weight = ViewAxis(1:32, ShapedAxis((16, 2))), bias = ViewAxis(33:48, ShapedAxis((16, 1))))), layer_2 = ViewAxis(49:320, Axis(weight = ViewAxis(1:256, ShapedAxis((16, 16))), bias = ViewAxis(257:272, ShapedAxis((16, 1))))), layer_3 = ViewAxis(321:592, Axis(weight = ViewAxis(1:256, ShapedAxis((16, 16))), bias = ViewAxis(257:272, ShapedAxis((16, 1))))), layer_4 = ViewAxis(593:609, Axis(weight = ViewAxis(1:16, ShapedAxis((1, 16))), bias = ViewAxis(17:17, ShapedAxis((1, 1))))))), ode_par = 610:669)}}}, Float64}}, FunctionWrappers.FunctionWrapper{Nothing, Tuple{Vector{ForwardDiff.Dual{ForwardDiff.Tag{DiffEqBase.OrdinaryDiffEqTag, Float64}, Float64, 1}}, Vector{ForwardDiff.Dual{ForwardDiff.Tag{DiffEqBase.OrdinaryDiffEqTag, Float64}, Float64, 1}}, ComponentVector{Float64, SubArray{Float64, 1, Vector{Float64}, Tuple{UnitRange{Int64}}, true}, Tuple{Axis{(p_net = ViewAxis(1:609, Axis(layer_1 = ViewAxis(1:48, Axis(weight = ViewAxis(1:32, ShapedAxis((16, 2))), bias = ViewAxis(33:48, ShapedAxis((16, 1))))), layer_2 = ViewAxis(49:320, Axis(weight = ViewAxis(1:256, ShapedAxis((16, 16))), bias = ViewAxis(257:272, ShapedAxis((16, 1))))), layer_3 = ViewAxis(321:592, Axis(weight = ViewAxis(1:256, ShapedAxis((16, 16))), bias = ViewAxis(257:272, ShapedAxis((16, 1))))), layer_4 = ViewAxis(593:609, Axis(weight = ViewAxis(1:16, ShapedAxis((1, 16))), bias = ViewAxis(17:17, ShapedAxis((1, 1))))))), ode_par = 610:669)}}}, Float64}}, FunctionWrappers.FunctionWrapper{Nothing, Tuple{Vector{ForwardDiff.Dual{ForwardDiff.Tag{DiffEqBase.OrdinaryDiffEqTag, Float64}, Float64, 1}}, Vector{Float64}, ComponentVector{Float64, SubArray{Float64, 1, Vector{Float64}, Tuple{UnitRange{Int64}}, true}, Tuple{Axis{(p_net = ViewAxis(1:609, Axis(layer_1 = ViewAxis(1:48, Axis(weight = ViewAxis(1:32, ShapedAxis((16, 2))), bias = ViewAxis(33:48, ShapedAxis((16, 1))))), layer_2 = ViewAxis(49:320, Axis(weight = ViewAxis(1:256, ShapedAxis((16, 16))), bias = ViewAxis(257:272, ShapedAxis((16, 1))))), layer_3 = ViewAxis(321:592, Axis(weight = ViewAxis(1:256, ShapedAxis((16, 16))), bias = ViewAxis(257:272, ShapedAxis((16, 1))))), layer_4 = ViewAxis(593:609, Axis(weight = ViewAxis(1:16, ShapedAxis((1, 16))), bias = ViewAxis(17:17, ShapedAxis((1, 1))))))), ode_par = 610:669)}}}, ForwardDiff.Dual{ForwardDiff.Tag{DiffEqBase.OrdinaryDiffEqTag, Float64}, Float64, 1}}}, FunctionWrappers.FunctionWrapper{Nothing, Tuple{Vector{ForwardDiff.Dual{ForwardDiff.Tag{DiffEqBase.OrdinaryDiffEqTag, Float64}, Float64, 1}}, Vector{ForwardDiff.Dual{ForwardDiff.Tag{DiffEqBase.OrdinaryDiffEqTag, Float64}, Float64, 1}}, ComponentVector{Float64, SubArray{Float64, 1, Vector{Float64}, Tuple{UnitRange{Int64}}, true}, Tuple{Axis{(p_net = ViewAxis(1:609, Axis(layer_1 = ViewAxis(1:48, Axis(weight = ViewAxis(1:32, ShapedAxis((16, 2))), bias = ViewAxis(33:48, ShapedAxis((16, 1))))), layer_2 = ViewAxis(49:320, Axis(weight = ViewAxis(1:256, ShapedAxis((16, 16))), bias = ViewAxis(257:272, ShapedAxis((16, 1))))), layer_3 = ViewAxis(321:592, Axis(weight = ViewAxis(1:256, ShapedAxis((16, 16))), bias = ViewAxis(257:272, ShapedAxis((16, 1))))), layer_4 = ViewAxis(593:609, Axis(weight = ViewAxis(1:16, ShapedAxis((1, 16))), bias = ViewAxis(17:17, ShapedAxis((1, 1))))))), ode_par = 610:669)}}}, ForwardDiff.Dual{ForwardDiff.Tag{DiffEqBase.OrdinaryDiffEqTag, Float64}, Float64, 1}}}}, false}, UniformScaling{Bool}, Nothing, Nothing, Nothing, Nothing, Nothing, Nothing, Nothing, Nothing, Nothing, Nothing, Nothing, Nothing, Nothing, Nothing, typeof(SciMLBase.DEFAULT_OBSERVED), Nothing, Nothing}, Base.Pairs{Symbol, Union{}, Tuple{}, NamedTuple{(), Tuple{}}}, SciMLBase.StandardODEProblem}, TRBDF2{1, false, Nothing, NLNewton{Rational{Int64}, Rational{Int64}, Rational{Int64}, Rational{Int64}}, typeof(OrdinaryDiffEq.DEFAULT_PRECS), Val{:forward}, true, nothing}, OrdinaryDiffEq.InterpolationData{ODEFunction{true, SciMLBase.AutoSpecialize, FunctionWrappersWrappers.FunctionWrappersWrapper{Tuple{FunctionWrappers.FunctionWrapper{Nothing, Tuple{Vector{Float64}, Vector{Float64}, ComponentVector{Float64, SubArray{Float64, 1, Vector{Float64}, Tuple{UnitRange{Int64}}, true}, Tuple{Axis{(p_net = ViewAxis(1:609, Axis(layer_1 = ViewAxis(1:48, Axis(weight = ViewAxis(1:32, ShapedAxis((16, 2))), bias = ViewAxis(33:48, ShapedAxis((16, 1))))), layer_2 = ViewAxis(49:320, Axis(weight = ViewAxis(1:256, ShapedAxis((16, 16))), bias = ViewAxis(257:272, ShapedAxis((16, 1))))), layer_3 = ViewAxis(321:592, Axis(weight = ViewAxis(1:256, ShapedAxis((16, 16))), bias = ViewAxis(257:272, ShapedAxis((16, 1))))), layer_4 = ViewAxis(593:609, Axis(weight = ViewAxis(1:16, ShapedAxis((1, 16))), bias = ViewAxis(17:17, ShapedAxis((1, 1))))))), ode_par = 610:669)}}}, Float64}}, FunctionWrappers.FunctionWrapper{Nothing, Tuple{Vector{ForwardDiff.Dual{ForwardDiff.Tag{DiffEqBase.OrdinaryDiffEqTag, Float64}, Float64, 1}}, Vector{ForwardDiff.Dual{ForwardDiff.Tag{DiffEqBase.OrdinaryDiffEqTag, Float64}, Float64, 1}}, ComponentVector{Float64, SubArray{Float64, 1, Vector{Float64}, Tuple{UnitRange{Int64}}, true}, Tuple{Axis{(p_net = ViewAxis(1:609, Axis(layer_1 = ViewAxis(1:48, Axis(weight = ViewAxis(1:32, ShapedAxis((16, 2))), bias = ViewAxis(33:48, ShapedAxis((16, 1))))), layer_2 = ViewAxis(49:320, Axis(weight = ViewAxis(1:256, ShapedAxis((16, 16))), bias = ViewAxis(257:272, ShapedAxis((16, 1))))), layer_3 = ViewAxis(321:592, Axis(weight = ViewAxis(1:256, ShapedAxis((16, 16))), bias = ViewAxis(257:272, ShapedAxis((16, 1))))), layer_4 = ViewAxis(593:609, Axis(weight = ViewAxis(1:16, ShapedAxis((1, 16))), bias = ViewAxis(17:17, ShapedAxis((1, 1))))))), ode_par = 610:669)}}}, Float64}}, FunctionWrappers.FunctionWrapper{Nothing, Tuple{Vector{ForwardDiff.Dual{ForwardDiff.Tag{DiffEqBase.OrdinaryDiffEqTag, Float64}, Float64, 1}}, Vector{Float64}, ComponentVector{Float64, SubArray{Float64, 1, Vector{Float64}, Tuple{UnitRange{Int64}}, true}, Tuple{Axis{(p_net = ViewAxis(1:609, Axis(layer_1 = ViewAxis(1:48, Axis(weight = ViewAxis(1:32, ShapedAxis((16, 2))), bias = ViewAxis(33:48, ShapedAxis((16, 1))))), layer_2 = ViewAxis(49:320, Axis(weight = ViewAxis(1:256, ShapedAxis((16, 16))), bias = ViewAxis(257:272, ShapedAxis((16, 1))))), layer_3 = ViewAxis(321:592, Axis(weight = ViewAxis(1:256, ShapedAxis((16, 16))), bias = ViewAxis(257:272, ShapedAxis((16, 1))))), layer_4 = ViewAxis(593:609, Axis(weight = ViewAxis(1:16, ShapedAxis((1, 16))), bias = ViewAxis(17:17, ShapedAxis((1, 1))))))), ode_par = 610:669)}}}, ForwardDiff.Dual{ForwardDiff.Tag{DiffEqBase.OrdinaryDiffEqTag, Float64}, Float64, 1}}}, FunctionWrappers.FunctionWrapper{Nothing, Tuple{Vector{ForwardDiff.Dual{ForwardDiff.Tag{DiffEqBase.OrdinaryDiffEqTag, Float64}, Float64, 1}}, Vector{ForwardDiff.Dual{ForwardDiff.Tag{DiffEqBase.OrdinaryDiffEqTag, Float64}, Float64, 1}}, ComponentVector{Float64, SubArray{Float64, 1, Vector{Float64}, Tuple{UnitRange{Int64}}, true}, Tuple{Axis{(p_net = ViewAxis(1:609, Axis(layer_1 = ViewAxis(1:48, Axis(weight = ViewAxis(1:32, ShapedAxis((16, 2))), bias = ViewAxis(33:48, ShapedAxis((16, 1))))), layer_2 = ViewAxis(49:320, Axis(weight = ViewAxis(1:256, ShapedAxis((16, 16))), bias = ViewAxis(257:272, ShapedAxis((16, 1))))), layer_3 = ViewAxis(321:592, Axis(weight = ViewAxis(1:256, ShapedAxis((16, 16))), bias = ViewAxis(257:272, ShapedAxis((16, 1))))), layer_4 = ViewAxis(593:609, Axis(weight = ViewAxis(1:16, ShapedAxis((1, 16))), bias = ViewAxis(17:17, ShapedAxis((1, 1))))))), ode_par = 610:669)}}}, ForwardDiff.Dual{ForwardDiff.Tag{DiffEqBase.OrdinaryDiffEqTag, Float64}, Float64, 1}}}}, false}, UniformScaling{Bool}, Nothing, Nothing, Nothing, Nothing, Nothing, Nothing, Nothing, Nothing, Nothing, Nothing, Nothing, Nothing, Nothing, Nothing, typeof(SciMLBase.DEFAULT_OBSERVED), Nothing, Nothing}, Vector{Vector{Float64}}, Vector{Float64}, Vector{Vector{Vector{Float64}}}, OrdinaryDiffEq.TRBDF2Cache{Vector{Float64}, Vector{Float64}, Vector{Float64}, OrdinaryDiffEq.TRBDF2Tableau{Float64, Float64}, OrdinaryDiffEq.NLSolver{NLNewton{Rational{Int64}, Rational{Int64}, Rational{Int64}, Rational{Int64}}, true, Vector{Float64}, Float64, Nothing, Float64, OrdinaryDiffEq.NLNewtonCache{Vector{Float64}, Float64, Float64, Vector{Float64}, Matrix{Float64}, Matrix{Float64}, SciMLBase.UJacobianWrapper{true, ODEFunction{true, SciMLBase.AutoSpecialize, FunctionWrappersWrappers.FunctionWrappersWrapper{Tuple{FunctionWrappers.FunctionWrapper{Nothing, Tuple{Vector{Float64}, Vector{Float64}, ComponentVector{Float64, SubArray{Float64, 1, Vector{Float64}, Tuple{UnitRange{Int64}}, true}, Tuple{Axis{(p_net = ViewAxis(1:609, Axis(layer_1 = ViewAxis(1:48, Axis(weight = ViewAxis(1:32, ShapedAxis((16, 2))), bias = ViewAxis(33:48, ShapedAxis((16, 1))))), layer_2 = ViewAxis(49:320, Axis(weight = ViewAxis(1:256, ShapedAxis((16, 16))), bias = ViewAxis(257:272, ShapedAxis((16, 1))))), layer_3 = ViewAxis(321:592, Axis(weight = ViewAxis(1:256, ShapedAxis((16, 16))), bias = ViewAxis(257:272, ShapedAxis((16, 1))))), layer_4 = ViewAxis(593:609, Axis(weight = ViewAxis(1:16, ShapedAxis((1, 16))), bias = ViewAxis(17:17, ShapedAxis((1, 1))))))), ode_par = 610:669)}}}, Float64}}, FunctionWrappers.FunctionWrapper{Nothing, Tuple{Vector{ForwardDiff.Dual{ForwardDiff.Tag{DiffEqBase.OrdinaryDiffEqTag, Float64}, Float64, 1}}, Vector{ForwardDiff.Dual{ForwardDiff.Tag{DiffEqBase.OrdinaryDiffEqTag, Float64}, Float64, 1}}, ComponentVector{Float64, SubArray{Float64, 1, Vector{Float64}, Tuple{UnitRange{Int64}}, true}, Tuple{Axis{(p_net = ViewAxis(1:609, Axis(layer_1 = ViewAxis(1:48, Axis(weight = ViewAxis(1:32, ShapedAxis((16, 2))), bias = ViewAxis(33:48, ShapedAxis((16, 1))))), layer_2 = ViewAxis(49:320, Axis(weight = ViewAxis(1:256, ShapedAxis((16, 16))), bias = ViewAxis(257:272, ShapedAxis((16, 1))))), layer_3 = ViewAxis(321:592, Axis(weight = ViewAxis(1:256, ShapedAxis((16, 16))), bias = ViewAxis(257:272, ShapedAxis((16, 1))))), layer_4 = ViewAxis(593:609, Axis(weight = ViewAxis(1:16, ShapedAxis((1, 16))), bias = ViewAxis(17:17, ShapedAxis((1, 1))))))), ode_par = 610:669)}}}, Float64}}, FunctionWrappers.FunctionWrapper{Nothing, Tuple{Vector{ForwardDiff.Dual{ForwardDiff.Tag{DiffEqBase.OrdinaryDiffEqTag, Float64}, Float64, 1}}, Vector{Float64}, ComponentVector{Float64, SubArray{Float64, 1, Vector{Float64}, Tuple{UnitRange{Int64}}, true}, Tuple{Axis{(p_net = ViewAxis(1:609, Axis(layer_1 = ViewAxis(1:48, Axis(weight = ViewAxis(1:32, ShapedAxis((16, 2))), bias = ViewAxis(33:48, ShapedAxis((16, 1))))), layer_2 = ViewAxis(49:320, Axis(weight = ViewAxis(1:256, ShapedAxis((16, 16))), bias = ViewAxis(257:272, ShapedAxis((16, 1))))), layer_3 = ViewAxis(321:592, Axis(weight = ViewAxis(1:256, ShapedAxis((16, 16))), bias = ViewAxis(257:272, ShapedAxis((16, 1))))), layer_4 = ViewAxis(593:609, Axis(weight = ViewAxis(1:16, ShapedAxis((1, 16))), bias = ViewAxis(17:17, ShapedAxis((1, 1))))))), ode_par = 610:669)}}}, ForwardDiff.Dual{ForwardDiff.Tag{DiffEqBase.OrdinaryDiffEqTag, Float64}, Float64, 1}}}, FunctionWrappers.FunctionWrapper{Nothing, Tuple{Vector{ForwardDiff.Dual{ForwardDiff.Tag{DiffEqBase.OrdinaryDiffEqTag, Float64}, Float64, 1}}, Vector{ForwardDiff.Dual{ForwardDiff.Tag{DiffEqBase.OrdinaryDiffEqTag, Float64}, Float64, 1}}, ComponentVector{Float64, SubArray{Float64, 1, Vector{Float64}, Tuple{UnitRange{Int64}}, true}, Tuple{Axis{(p_net = ViewAxis(1:609, Axis(layer_1 = ViewAxis(1:48, Axis(weight = ViewAxis(1:32, ShapedAxis((16, 2))), bias = ViewAxis(33:48, ShapedAxis((16, 1))))), layer_2 = ViewAxis(49:320, Axis(weight = ViewAxis(1:256, ShapedAxis((16, 16))), bias = ViewAxis(257:272, ShapedAxis((16, 1))))), layer_3 = ViewAxis(321:592, Axis(weight = ViewAxis(1:256, ShapedAxis((16, 16))), bias = ViewAxis(257:272, ShapedAxis((16, 1))))), layer_4 = ViewAxis(593:609, Axis(weight = ViewAxis(1:16, ShapedAxis((1, 16))), bias = ViewAxis(17:17, ShapedAxis((1, 1))))))), ode_par = 610:669)}}}, ForwardDiff.Dual{ForwardDiff.Tag{DiffEqBase.OrdinaryDiffEqTag, Float64}, Float64, 1}}}}, false}, UniformScaling{Bool}, Nothing, Nothing, Nothing, Nothing, Nothing, Nothing, Nothing, Nothing, Nothing, Nothing, Nothing, Nothing, Nothing, Nothing, typeof(SciMLBase.DEFAULT_OBSERVED), Nothing, Nothing}, Float64, ComponentVector{Float64, SubArray{Float64, 1, Vector{Float64}, Tuple{UnitRange{Int64}}, true}, Tuple{Axis{(p_net = ViewAxis(1:609, Axis(layer_1 = ViewAxis(1:48, Axis(weight = ViewAxis(1:32, ShapedAxis((16, 2))), bias = ViewAxis(33:48, ShapedAxis((16, 1))))), layer_2 = ViewAxis(49:320, Axis(weight = ViewAxis(1:256, ShapedAxis((16, 16))), bias = ViewAxis(257:272, ShapedAxis((16, 1))))), layer_3 = ViewAxis(321:592, Axis(weight = ViewAxis(1:256, ShapedAxis((16, 16))), bias = ViewAxis(257:272, ShapedAxis((16, 1))))), layer_4 = ViewAxis(593:609, Axis(weight = ViewAxis(1:16, ShapedAxis((1, 16))), bias = ViewAxis(17:17, ShapedAxis((1, 1))))))), ode_par = 610:669)}}}}, FiniteDiff.JacobianCache{Vector{Float64}, Vector{Float64}, Vector{Float64}, Vector{Float64}, UnitRange{Int64}, Nothing, Val{:forward}(), Float64}, LinearSolve.LinearCache{Matrix{Float64}, Vector{Float64}, Vector{Float64}, SciMLBase.NullParameters, LinearSolve.DefaultLinearSolver, LinearSolve.DefaultLinearSolverInit{LU{Float64, Matrix{Float64}, Vector{Int64}}, LinearAlgebra.QRCompactWY{Float64, Matrix{Float64}, Matrix{Float64}}, Nothing, Nothing, Nothing, Nothing, Nothing, Nothing, LU{Float64, Matrix{Float64}, Vector{Int64}}, Tuple{LU{Float64, Matrix{Float64}, Vector{Int64}}, Vector{Int64}}, Nothing, Nothing, Nothing, SVD{Float64, Float64, Matrix{Float64}, Vector{Float64}}, Cholesky{Float64, Matrix{Float64}}, Cholesky{Float64, Matrix{Float64}}, Tuple{LU{Float64, Matrix{Float64}, Vector{Int32}}, Base.RefValue{Int32}}, Tuple{LU{Float64, Matrix{Float64}, Vector{Int64}}, Base.RefValue{Int64}}, QRPivoted{Float64, Matrix{Float64}, Vector{Float64}, Vector{Int64}}}, LinearSolve.InvPreconditioner{Diagonal{Float64, Vector{Float64}}}, Diagonal{Float64, Vector{Float64}}, Float64, Bool}}}}}, SciMLBase.DEStats, Nothing}, ODEFunction{true, SciMLBase.AutoSpecialize, FunctionWrappersWrappers.FunctionWrappersWrapper{Tuple{FunctionWrappers.FunctionWrapper{Nothing, Tuple{Vector{Float64}, Vector{Float64}, ComponentVector{Float64, SubArray{Float64, 1, Vector{Float64}, Tuple{UnitRange{Int64}}, true}, Tuple{Axis{(p_net = ViewAxis(1:609, Axis(layer_1 = ViewAxis(1:48, Axis(weight = ViewAxis(1:32, ShapedAxis((16, 2))), bias = ViewAxis(33:48, ShapedAxis((16, 1))))), layer_2 = ViewAxis(49:320, Axis(weight = ViewAxis(1:256, ShapedAxis((16, 16))), bias = ViewAxis(257:272, ShapedAxis((16, 1))))), layer_3 = ViewAxis(321:592, Axis(weight = ViewAxis(1:256, ShapedAxis((16, 16))), bias = ViewAxis(257:272, ShapedAxis((16, 1))))), layer_4 = ViewAxis(593:609, Axis(weight = ViewAxis(1:16, ShapedAxis((1, 16))), bias = ViewAxis(17:17, ShapedAxis((1, 1))))))), ode_par = 610:669)}}}, Float64}}, FunctionWrappers.FunctionWrapper{Nothing, Tuple{Vector{ForwardDiff.Dual{ForwardDiff.Tag{DiffEqBase.OrdinaryDiffEqTag, Float64}, Float64, 1}}, Vector{ForwardDiff.Dual{ForwardDiff.Tag{DiffEqBase.OrdinaryDiffEqTag, Float64}, Float64, 1}}, ComponentVector{Float64, SubArray{Float64, 1, Vector{Float64}, Tuple{UnitRange{Int64}}, true}, Tuple{Axis{(p_net = ViewAxis(1:609, Axis(layer_1 = ViewAxis(1:48, Axis(weight = ViewAxis(1:32, ShapedAxis((16, 2))), bias = ViewAxis(33:48, ShapedAxis((16, 1))))), layer_2 = ViewAxis(49:320, Axis(weight = ViewAxis(1:256, ShapedAxis((16, 16))), bias = ViewAxis(257:272, ShapedAxis((16, 1))))), layer_3 = ViewAxis(321:592, Axis(weight = ViewAxis(1:256, ShapedAxis((16, 16))), bias = ViewAxis(257:272, ShapedAxis((16, 1))))), layer_4 = ViewAxis(593:609, Axis(weight = ViewAxis(1:16, ShapedAxis((1, 16))), bias = ViewAxis(17:17, ShapedAxis((1, 1))))))), ode_par = 610:669)}}}, Float64}}, FunctionWrappers.FunctionWrapper{Nothing, Tuple{Vector{ForwardDiff.Dual{ForwardDiff.Tag{DiffEqBase.OrdinaryDiffEqTag, Float64}, Float64, 1}}, Vector{Float64}, ComponentVector{Float64, SubArray{Float64, 1, Vector{Float64}, Tuple{UnitRange{Int64}}, true}, Tuple{Axis{(p_net = ViewAxis(1:609, Axis(layer_1 = ViewAxis(1:48, Axis(weight = ViewAxis(1:32, ShapedAxis((16, 2))), bias = ViewAxis(33:48, ShapedAxis((16, 1))))), layer_2 = ViewAxis(49:320, Axis(weight = ViewAxis(1:256, ShapedAxis((16, 16))), bias = ViewAxis(257:272, ShapedAxis((16, 1))))), layer_3 = ViewAxis(321:592, Axis(weight = ViewAxis(1:256, ShapedAxis((16, 16))), bias = ViewAxis(257:272, ShapedAxis((16, 1))))), layer_4 = ViewAxis(593:609, Axis(weight = ViewAxis(1:16, ShapedAxis((1, 16))), bias = ViewAxis(17:17, ShapedAxis((1, 1))))))), ode_par = 610:669)}}}, ForwardDiff.Dual{ForwardDiff.Tag{DiffEqBase.OrdinaryDiffEqTag, Float64}, Float64, 1}}}, FunctionWrappers.FunctionWrapper{Nothing, Tuple{Vector{ForwardDiff.Dual{ForwardDiff.Tag{DiffEqBase.OrdinaryDiffEqTag, Float64}, Float64, 1}}, Vector{ForwardDiff.Dual{ForwardDiff.Tag{DiffEqBase.OrdinaryDiffEqTag, Float64}, Float64, 1}}, ComponentVector{Float64, SubArray{Float64, 1, Vector{Float64}, Tuple{UnitRange{Int64}}, true}, Tuple{Axis{(p_net = ViewAxis(1:609, Axis(layer_1 = ViewAxis(1:48, Axis(weight = ViewAxis(1:32, ShapedAxis((16, 2))), bias = ViewAxis(33:48, ShapedAxis((16, 1))))), layer_2 = ViewAxis(49:320, Axis(weight = ViewAxis(1:256, ShapedAxis((16, 16))), bias = ViewAxis(257:272, ShapedAxis((16, 1))))), layer_3 = ViewAxis(321:592, Axis(weight = ViewAxis(1:256, ShapedAxis((16, 16))), bias = ViewAxis(257:272, ShapedAxis((16, 1))))), layer_4 = ViewAxis(593:609, Axis(weight = ViewAxis(1:16, ShapedAxis((1, 16))), bias = ViewAxis(17:17, ShapedAxis((1, 1))))))), ode_par = 610:669)}}}, ForwardDiff.Dual{ForwardDiff.Tag{DiffEqBase.OrdinaryDiffEqTag, Float64}, Float64, 1}}}}, false}, UniformScaling{Bool}, Nothing, Nothing, Nothing, Nothing, Nothing, Nothing, Nothing, Nothing, Nothing, Nothing, Nothing, Nothing, Nothing, Nothing, typeof(SciMLBase.DEFAULT_OBSERVED), Nothing, Nothing}}, UniformScaling{Bool}, Nothing, Nothing, Nothing, Nothing, Nothing, Nothing, Nothing, Nothing, Nothing, Nothing, Nothing, Nothing, Nothing, Nothing, typeof(SciMLBase.DEFAULT_OBSERVED), Nothing, Nothing}, Vector{Vector{Float64}}, Vector{Float64}, Vector{Vector{Vector{Float64}}}, OrdinaryDiffEq.TRBDF2Cache{Vector{Float64}, Vector{Float64}, Vector{Float64}, OrdinaryDiffEq.TRBDF2Tableau{Float64, Float64}, OrdinaryDiffEq.NLSolver{NLNewton{Rational{Int64}, Rational{Int64}, Rational{Int64}, Rational{Int64}}, true, Vector{Float64}, Float64, Nothing, Float64, OrdinaryDiffEq.NLNewtonCache{Vector{Float64}, Float64, Float64, Vector{Float64}, Matrix{Float64}, Matrix{Float64}, SciMLBase.UJacobianWrapper{true, ODEFunction{true, true, SciMLSensitivity.ODEQuadratureAdjointSensitivityFunction{SciMLSensitivity.AdjointDiffCache{Nothing, Nothing, Nothing, Nothing, Nothing, Nothing, Nothing, Nothing, ReverseDiff.CompiledTape{ReverseDiff.GradientTape{SciMLSensitivity.var"#123#127"{ODEFunction{true, SciMLBase.AutoSpecialize, var"#f#27"{Chain{NamedTuple{(:layer_1, :layer_2, :layer_3, :layer_4), Tuple{Dense{true, typeof(gelu), typeof(my_glorot_uniform), typeof(my_glorot_uniform)}, Dense{true, typeof(gelu), typeof(my_glorot_uniform), typeof(my_glorot_uniform)}, Dense{true, typeof(gelu), typeof(my_glorot_uniform), typeof(my_glorot_uniform)}, Dense{true, typeof(identity), typeof(my_glorot_uniform), typeof(my_glorot_uniform)}}}, Nothing}, NamedTuple{(:layer_1, :layer_2, :layer_3, :layer_4), NTuple{4, NamedTuple{(), Tuple{}}}}, Vector{Float64}, Vector{Int64}, Vector{Int64}, Vector{Float64}}, UniformScaling{Bool}, Nothing, Nothing, Nothing, Nothing, Nothing, Nothing, Nothing, Nothing, Nothing, Nothing, Nothing, Nothing, Nothing, Nothing, typeof(SciMLBase.DEFAULT_OBSERVED), Nothing, Nothing}}, Tuple{ReverseDiff.TrackedArray{Float64, Float64, 1, Vector{Float64}, Vector{Float64}}, ReverseDiff.TrackedArray{Float64, Float64, 1, ComponentVector{Float64, Vector{Float64}, Tuple{Axis{(p_net = ViewAxis(1:609, Axis(layer_1 = ViewAxis(1:48, Axis(weight = ViewAxis(1:32, ShapedAxis((16, 2))), bias = ViewAxis(33:48, ShapedAxis((16, 1))))), layer_2 = ViewAxis(49:320, Axis(weight = ViewAxis(1:256, ShapedAxis((16, 16))), bias = ViewAxis(257:272, ShapedAxis((16, 1))))), layer_3 = ViewAxis(321:592, Axis(weight = ViewAxis(1:256, ShapedAxis((16, 16))), bias = ViewAxis(257:272, ShapedAxis((16, 1))))), layer_4 = ViewAxis(593:609, Axis(weight = ViewAxis(1:16, ShapedAxis((1, 16))), bias = ViewAxis(17:17, ShapedAxis((1, 1))))))), ode_par = 610:669)}}}, ComponentVector{Float64, Vector{Float64}, Tuple{Axis{(p_net = ViewAxis(1:609, Axis(layer_1 = ViewAxis(1:48, Axis(weight = ViewAxis(1:32, ShapedAxis((16, 2))), bias = ViewAxis(33:48, ShapedAxis((16, 1))))), layer_2 = ViewAxis(49:320, Axis(weight = ViewAxis(1:256, ShapedAxis((16, 16))), bias = ViewAxis(257:272, ShapedAxis((16, 1))))), layer_3 = ViewAxis(321:592, Axis(weight = ViewAxis(1:256, ShapedAxis((16, 16))), bias = ViewAxis(257:272, ShapedAxis((16, 1))))), layer_4 = ViewAxis(593:609, Axis(weight = ViewAxis(1:16, ShapedAxis((1, 16))), bias = ViewAxis(17:17, ShapedAxis((1, 1))))))), ode_par = 610:669)}}}}, ReverseDiff.TrackedArray{Float64, Float64, 1, Vector{Float64}, Vector{Float64}}}, Vector{ReverseDiff.TrackedReal{Float64, Float64, ReverseDiff.TrackedArray{Float64, Float64, 1, ComponentVector{Float64, Vector{Float64}, Tuple{Axis{(p_net = ViewAxis(1:609, Axis(layer_1 = ViewAxis(1:48, Axis(weight = ViewAxis(1:32, ShapedAxis((16, 2))), bias = ViewAxis(33:48, ShapedAxis((16, 1))))), layer_2 = ViewAxis(49:320, Axis(weight = ViewAxis(1:256, ShapedAxis((16, 16))), bias = ViewAxis(257:272, ShapedAxis((16, 1))))), layer_3 = ViewAxis(321:592, Axis(weight = ViewAxis(1:256, ShapedAxis((16, 16))), bias = ViewAxis(257:272, ShapedAxis((16, 1))))), layer_4 = ViewAxis(593:609, Axis(weight = ViewAxis(1:16, ShapedAxis((1, 16))), bias = ViewAxis(17:17, ShapedAxis((1, 1))))))), ode_par = 610:669)}}}, ComponentVector{Float64, Vector{Float64}, Tuple{Axis{(p_net = ViewAxis(1:609, Axis(layer_1 = ViewAxis(1:48, Axis(weight = ViewAxis(1:32, ShapedAxis((16, 2))), bias = ViewAxis(33:48, ShapedAxis((16, 1))))), layer_2 = ViewAxis(49:320, Axis(weight = ViewAxis(1:256, ShapedAxis((16, 16))), bias = ViewAxis(257:272, ShapedAxis((16, 1))))), layer_3 = ViewAxis(321:592, Axis(weight = ViewAxis(1:256, ShapedAxis((16, 16))), bias = ViewAxis(257:272, ShapedAxis((16, 1))))), layer_4 = ViewAxis(593:609, Axis(weight = ViewAxis(1:16, ShapedAxis((1, 16))), bias = ViewAxis(17:17, ShapedAxis((1, 1))))))), ode_par = 610:669)}}}}}}}}, Nothing, Nothing, Vector{Float64}, Nothing, Nothing, Base.OneTo{Int64}, UnitRange{Int64}, UniformScaling{Bool}}, QuadratureAdjoint{0, true, Val{:central}, ReverseDiffVJP{true}}, Vector{Float64}, ODESolution{Float64, 2, Vector{Vector{Float64}}, Nothing, Nothing, Vector{Float64}, Vector{Vector{Vector{Float64}}}, ODEProblem{Vector{Float64}, Tuple{Float64, Float64}, true, ComponentVector{Float64, SubArray{Float64, 1, Vector{Float64}, Tuple{UnitRange{Int64}}, true}, Tuple{Axis{(p_net = ViewAxis(1:609, Axis(layer_1 = ViewAxis(1:48, Axis(weight = ViewAxis(1:32, ShapedAxis((16, 2))), bias = ViewAxis(33:48, ShapedAxis((16, 1))))), layer_2 = ViewAxis(49:320, Axis(weight = ViewAxis(1:256, ShapedAxis((16, 16))), bias = ViewAxis(257:272, ShapedAxis((16, 1))))), layer_3 = ViewAxis(321:592, Axis(weight = ViewAxis(1:256, ShapedAxis((16, 16))), bias = ViewAxis(257:272, ShapedAxis((16, 1))))), layer_4 = ViewAxis(593:609, Axis(weight = ViewAxis(1:16, ShapedAxis((1, 16))), bias = ViewAxis(17:17, ShapedAxis((1, 1))))))), ode_par = 610:669)}}}, ODEFunction{true, SciMLBase.AutoSpecialize, FunctionWrappersWrappers.FunctionWrappersWrapper{Tuple{FunctionWrappers.FunctionWrapper{Nothing, Tuple{Vector{Float64}, Vector{Float64}, ComponentVector{Float64, SubArray{Float64, 1, Vector{Float64}, Tuple{UnitRange{Int64}}, true}, Tuple{Axis{(p_net = ViewAxis(1:609, Axis(layer_1 = ViewAxis(1:48, Axis(weight = ViewAxis(1:32, ShapedAxis((16, 2))), bias = ViewAxis(33:48, ShapedAxis((16, 1))))), layer_2 = ViewAxis(49:320, Axis(weight = ViewAxis(1:256, ShapedAxis((16, 16))), bias = ViewAxis(257:272, ShapedAxis((16, 1))))), layer_3 = ViewAxis(321:592, Axis(weight = ViewAxis(1:256, ShapedAxis((16, 16))), bias = ViewAxis(257:272, ShapedAxis((16, 1))))), layer_4 = ViewAxis(593:609, Axis(weight = ViewAxis(1:16, ShapedAxis((1, 16))), bias = ViewAxis(17:17, ShapedAxis((1, 1))))))), ode_par = 610:669)}}}, Float64}}, FunctionWrappers.FunctionWrapper{Nothing, Tuple{Vector{ForwardDiff.Dual{ForwardDiff.Tag{DiffEqBase.OrdinaryDiffEqTag, Float64}, Float64, 1}}, Vector{ForwardDiff.Dual{ForwardDiff.Tag{DiffEqBase.OrdinaryDiffEqTag, Float64}, Float64, 1}}, ComponentVector{Float64, SubArray{Float64, 1, Vector{Float64}, Tuple{UnitRange{Int64}}, true}, Tuple{Axis{(p_net = ViewAxis(1:609, Axis(layer_1 = ViewAxis(1:48, Axis(weight = ViewAxis(1:32, ShapedAxis((16, 2))), bias = ViewAxis(33:48, ShapedAxis((16, 1))))), layer_2 = ViewAxis(49:320, Axis(weight = ViewAxis(1:256, ShapedAxis((16, 16))), bias = ViewAxis(257:272, ShapedAxis((16, 1))))), layer_3 = ViewAxis(321:592, Axis(weight = ViewAxis(1:256, ShapedAxis((16, 16))), bias = ViewAxis(257:272, ShapedAxis((16, 1))))), layer_4 = ViewAxis(593:609, Axis(weight = ViewAxis(1:16, ShapedAxis((1, 16))), bias = ViewAxis(17:17, ShapedAxis((1, 1))))))), ode_par = 610:669)}}}, Float64}}, FunctionWrappers.FunctionWrapper{Nothing, Tuple{Vector{ForwardDiff.Dual{ForwardDiff.Tag{DiffEqBase.OrdinaryDiffEqTag, Float64}, Float64, 1}}, Vector{Float64}, ComponentVector{Float64, SubArray{Float64, 1, Vector{Float64}, Tuple{UnitRange{Int64}}, true}, Tuple{Axis{(p_net = ViewAxis(1:609, Axis(layer_1 = ViewAxis(1:48, Axis(weight = ViewAxis(1:32, ShapedAxis((16, 2))), bias = ViewAxis(33:48, ShapedAxis((16, 1))))), layer_2 = ViewAxis(49:320, Axis(weight = ViewAxis(1:256, ShapedAxis((16, 16))), bias = ViewAxis(257:272, ShapedAxis((16, 1))))), layer_3 = ViewAxis(321:592, Axis(weight = ViewAxis(1:256, ShapedAxis((16, 16))), bias = ViewAxis(257:272, ShapedAxis((16, 1))))), layer_4 = ViewAxis(593:609, Axis(weight = ViewAxis(1:16, ShapedAxis((1, 16))), bias = ViewAxis(17:17, ShapedAxis((1, 1))))))), ode_par = 610:669)}}}, ForwardDiff.Dual{ForwardDiff.Tag{DiffEqBase.OrdinaryDiffEqTag, Float64}, Float64, 1}}}, FunctionWrappers.FunctionWrapper{Nothing, Tuple{Vector{ForwardDiff.Dual{ForwardDiff.Tag{DiffEqBase.OrdinaryDiffEqTag, Float64}, Float64, 1}}, Vector{ForwardDiff.Dual{ForwardDiff.Tag{DiffEqBase.OrdinaryDiffEqTag, Float64}, Float64, 1}}, ComponentVector{Float64, SubArray{Float64, 1, Vector{Float64}, Tuple{UnitRange{Int64}}, true}, Tuple{Axis{(p_net = ViewAxis(1:609, Axis(layer_1 = ViewAxis(1:48, Axis(weight = ViewAxis(1:32, ShapedAxis((16, 2))), bias = ViewAxis(33:48, ShapedAxis((16, 1))))), layer_2 = ViewAxis(49:320, Axis(weight = ViewAxis(1:256, ShapedAxis((16, 16))), bias = ViewAxis(257:272, ShapedAxis((16, 1))))), layer_3 = ViewAxis(321:592, Axis(weight = ViewAxis(1:256, ShapedAxis((16, 16))), bias = ViewAxis(257:272, ShapedAxis((16, 1))))), layer_4 = ViewAxis(593:609, Axis(weight = ViewAxis(1:16, ShapedAxis((1, 16))), bias = ViewAxis(17:17, ShapedAxis((1, 1))))))), ode_par = 610:669)}}}, ForwardDiff.Dual{ForwardDiff.Tag{DiffEqBase.OrdinaryDiffEqTag, Float64}, Float64, 1}}}}, false}, UniformScaling{Bool}, Nothing, Nothing, Nothing, Nothing, Nothing, Nothing, Nothing, Nothing, Nothing, Nothing, Nothing, Nothing, Nothing, Nothing, typeof(SciMLBase.DEFAULT_OBSERVED), Nothing, Nothing}, Base.Pairs{Symbol, Union{}, Tuple{}, NamedTuple{(), Tuple{}}}, SciMLBase.StandardODEProblem}, TRBDF2{1, false, Nothing, NLNewton{Rational{Int64}, Rational{Int64}, Rational{Int64}, Rational{Int64}}, typeof(OrdinaryDiffEq.DEFAULT_PRECS), Val{:forward}, true, nothing}, OrdinaryDiffEq.InterpolationData{ODEFunction{true, SciMLBase.AutoSpecialize, FunctionWrappersWrappers.FunctionWrappersWrapper{Tuple{FunctionWrappers.FunctionWrapper{Nothing, Tuple{Vector{Float64}, Vector{Float64}, ComponentVector{Float64, SubArray{Float64, 1, Vector{Float64}, Tuple{UnitRange{Int64}}, true}, Tuple{Axis{(p_net = ViewAxis(1:609, Axis(layer_1 = ViewAxis(1:48, Axis(weight = ViewAxis(1:32, ShapedAxis((16, 2))), bias = ViewAxis(33:48, ShapedAxis((16, 1))))), layer_2 = ViewAxis(49:320, Axis(weight = ViewAxis(1:256, ShapedAxis((16, 16))), bias = ViewAxis(257:272, ShapedAxis((16, 1))))), layer_3 = ViewAxis(321:592, Axis(weight = ViewAxis(1:256, ShapedAxis((16, 16))), bias = ViewAxis(257:272, ShapedAxis((16, 1))))), layer_4 = ViewAxis(593:609, Axis(weight = ViewAxis(1:16, ShapedAxis((1, 16))), bias = ViewAxis(17:17, ShapedAxis((1, 1))))))), ode_par = 610:669)}}}, Float64}}, FunctionWrappers.FunctionWrapper{Nothing, Tuple{Vector{ForwardDiff.Dual{ForwardDiff.Tag{DiffEqBase.OrdinaryDiffEqTag, Float64}, Float64, 1}}, Vector{ForwardDiff.Dual{ForwardDiff.Tag{DiffEqBase.OrdinaryDiffEqTag, Float64}, Float64, 1}}, ComponentVector{Float64, SubArray{Float64, 1, Vector{Float64}, Tuple{UnitRange{Int64}}, true}, Tuple{Axis{(p_net = ViewAxis(1:609, Axis(layer_1 = ViewAxis(1:48, Axis(weight = ViewAxis(1:32, ShapedAxis((16, 2))), bias = ViewAxis(33:48, ShapedAxis((16, 1))))), layer_2 = ViewAxis(49:320, Axis(weight = ViewAxis(1:256, ShapedAxis((16, 16))), bias = ViewAxis(257:272, ShapedAxis((16, 1))))), layer_3 = ViewAxis(321:592, Axis(weight = ViewAxis(1:256, ShapedAxis((16, 16))), bias = ViewAxis(257:272, ShapedAxis((16, 1))))), layer_4 = ViewAxis(593:609, Axis(weight = ViewAxis(1:16, ShapedAxis((1, 16))), bias = ViewAxis(17:17, ShapedAxis((1, 1))))))), ode_par = 610:669)}}}, Float64}}, FunctionWrappers.FunctionWrapper{Nothing, Tuple{Vector{ForwardDiff.Dual{ForwardDiff.Tag{DiffEqBase.OrdinaryDiffEqTag, Float64}, Float64, 1}}, Vector{Float64}, ComponentVector{Float64, SubArray{Float64, 1, Vector{Float64}, Tuple{UnitRange{Int64}}, true}, Tuple{Axis{(p_net = ViewAxis(1:609, Axis(layer_1 = ViewAxis(1:48, Axis(weight = ViewAxis(1:32, ShapedAxis((16, 2))), bias = ViewAxis(33:48, ShapedAxis((16, 1))))), layer_2 = ViewAxis(49:320, Axis(weight = ViewAxis(1:256, ShapedAxis((16, 16))), bias = ViewAxis(257:272, ShapedAxis((16, 1))))), layer_3 = ViewAxis(321:592, Axis(weight = ViewAxis(1:256, ShapedAxis((16, 16))), bias = ViewAxis(257:272, ShapedAxis((16, 1))))), layer_4 = ViewAxis(593:609, Axis(weight = ViewAxis(1:16, ShapedAxis((1, 16))), bias = ViewAxis(17:17, ShapedAxis((1, 1))))))), ode_par = 610:669)}}}, ForwardDiff.Dual{ForwardDiff.Tag{DiffEqBase.OrdinaryDiffEqTag, Float64}, Float64, 1}}}, FunctionWrappers.FunctionWrapper{Nothing, Tuple{Vector{ForwardDiff.Dual{ForwardDiff.Tag{DiffEqBase.OrdinaryDiffEqTag, Float64}, Float64, 1}}, Vector{ForwardDiff.Dual{ForwardDiff.Tag{DiffEqBase.OrdinaryDiffEqTag, Float64}, Float64, 1}}, ComponentVector{Float64, SubArray{Float64, 1, Vector{Float64}, Tuple{UnitRange{Int64}}, true}, Tuple{Axis{(p_net = ViewAxis(1:609, Axis(layer_1 = ViewAxis(1:48, Axis(weight = ViewAxis(1:32, ShapedAxis((16, 2))), bias = ViewAxis(33:48, ShapedAxis((16, 1))))), layer_2 = ViewAxis(49:320, Axis(weight = ViewAxis(1:256, ShapedAxis((16, 16))), bias = ViewAxis(257:272, ShapedAxis((16, 1))))), layer_3 = ViewAxis(321:592, Axis(weight = ViewAxis(1:256, ShapedAxis((16, 16))), bias = ViewAxis(257:272, ShapedAxis((16, 1))))), layer_4 = ViewAxis(593:609, Axis(weight = ViewAxis(1:16, ShapedAxis((1, 16))), bias = ViewAxis(17:17, ShapedAxis((1, 1))))))), ode_par = 610:669)}}}, ForwardDiff.Dual{ForwardDiff.Tag{DiffEqBase.OrdinaryDiffEqTag, Float64}, Float64, 1}}}}, false}, UniformScaling{Bool}, Nothing, Nothing, Nothing, Nothing, Nothing, Nothing, Nothing, Nothing, Nothing, Nothing, Nothing, Nothing, Nothing, Nothing, typeof(SciMLBase.DEFAULT_OBSERVED), Nothing, Nothing}, Vector{Vector{Float64}}, Vector{Float64}, Vector{Vector{Vector{Float64}}}, OrdinaryDiffEq.TRBDF2Cache{Vector{Float64}, Vector{Float64}, Vector{Float64}, OrdinaryDiffEq.TRBDF2Tableau{Float64, Float64}, OrdinaryDiffEq.NLSolver{NLNewton{Rational{Int64}, Rational{Int64}, Rational{Int64}, Rational{Int64}}, true, Vector{Float64}, Float64, Nothing, Float64, OrdinaryDiffEq.NLNewtonCache{Vector{Float64}, Float64, Float64, Vector{Float64}, Matrix{Float64}, Matrix{Float64}, SciMLBase.UJacobianWrapper{true, ODEFunction{true, SciMLBase.AutoSpecialize, FunctionWrappersWrappers.FunctionWrappersWrapper{Tuple{FunctionWrappers.FunctionWrapper{Nothing, Tuple{Vector{Float64}, Vector{Float64}, ComponentVector{Float64, SubArray{Float64, 1, Vector{Float64}, Tuple{UnitRange{Int64}}, true}, Tuple{Axis{(p_net = ViewAxis(1:609, Axis(layer_1 = ViewAxis(1:48, Axis(weight = ViewAxis(1:32, ShapedAxis((16, 2))), bias = ViewAxis(33:48, ShapedAxis((16, 1))))), layer_2 = ViewAxis(49:320, Axis(weight = ViewAxis(1:256, ShapedAxis((16, 16))), bias = ViewAxis(257:272, ShapedAxis((16, 1))))), layer_3 = ViewAxis(321:592, Axis(weight = ViewAxis(1:256, ShapedAxis((16, 16))), bias = ViewAxis(257:272, ShapedAxis((16, 1))))), layer_4 = ViewAxis(593:609, Axis(weight = ViewAxis(1:16, ShapedAxis((1, 16))), bias = ViewAxis(17:17, ShapedAxis((1, 1))))))), ode_par = 610:669)}}}, Float64}}, FunctionWrappers.FunctionWrapper{Nothing, Tuple{Vector{ForwardDiff.Dual{ForwardDiff.Tag{DiffEqBase.OrdinaryDiffEqTag, Float64}, Float64, 1}}, Vector{ForwardDiff.Dual{ForwardDiff.Tag{DiffEqBase.OrdinaryDiffEqTag, Float64}, Float64, 1}}, ComponentVector{Float64, SubArray{Float64, 1, Vector{Float64}, Tuple{UnitRange{Int64}}, true}, Tuple{Axis{(p_net = ViewAxis(1:609, Axis(layer_1 = ViewAxis(1:48, Axis(weight = ViewAxis(1:32, ShapedAxis((16, 2))), bias = ViewAxis(33:48, ShapedAxis((16, 1))))), layer_2 = ViewAxis(49:320, Axis(weight = ViewAxis(1:256, ShapedAxis((16, 16))), bias = ViewAxis(257:272, ShapedAxis((16, 1))))), layer_3 = ViewAxis(321:592, Axis(weight = ViewAxis(1:256, ShapedAxis((16, 16))), bias = ViewAxis(257:272, ShapedAxis((16, 1))))), layer_4 = ViewAxis(593:609, Axis(weight = ViewAxis(1:16, ShapedAxis((1, 16))), bias = ViewAxis(17:17, ShapedAxis((1, 1))))))), ode_par = 610:669)}}}, Float64}}, FunctionWrappers.FunctionWrapper{Nothing, Tuple{Vector{ForwardDiff.Dual{ForwardDiff.Tag{DiffEqBase.OrdinaryDiffEqTag, Float64}, Float64, 1}}, Vector{Float64}, ComponentVector{Float64, SubArray{Float64, 1, Vector{Float64}, Tuple{UnitRange{Int64}}, true}, Tuple{Axis{(p_net = ViewAxis(1:609, Axis(layer_1 = ViewAxis(1:48, Axis(weight = ViewAxis(1:32, ShapedAxis((16, 2))), bias = ViewAxis(33:48, ShapedAxis((16, 1))))), layer_2 = ViewAxis(49:320, Axis(weight = ViewAxis(1:256, ShapedAxis((16, 16))), bias = ViewAxis(257:272, ShapedAxis((16, 1))))), layer_3 = ViewAxis(321:592, Axis(weight = ViewAxis(1:256, ShapedAxis((16, 16))), bias = ViewAxis(257:272, ShapedAxis((16, 1))))), layer_4 = ViewAxis(593:609, Axis(weight = ViewAxis(1:16, ShapedAxis((1, 16))), bias = ViewAxis(17:17, ShapedAxis((1, 1))))))), ode_par = 610:669)}}}, ForwardDiff.Dual{ForwardDiff.Tag{DiffEqBase.OrdinaryDiffEqTag, Float64}, Float64, 1}}}, FunctionWrappers.FunctionWrapper{Nothing, Tuple{Vector{ForwardDiff.Dual{ForwardDiff.Tag{DiffEqBase.OrdinaryDiffEqTag, Float64}, Float64, 1}}, Vector{ForwardDiff.Dual{ForwardDiff.Tag{DiffEqBase.OrdinaryDiffEqTag, Float64}, Float64, 1}}, ComponentVector{Float64, SubArray{Float64, 1, Vector{Float64}, Tuple{UnitRange{Int64}}, true}, Tuple{Axis{(p_net = ViewAxis(1:609, Axis(layer_1 = ViewAxis(1:48, Axis(weight = ViewAxis(1:32, ShapedAxis((16, 2))), bias = ViewAxis(33:48, ShapedAxis((16, 1))))), layer_2 = ViewAxis(49:320, Axis(weight = ViewAxis(1:256, ShapedAxis((16, 16))), bias = ViewAxis(257:272, ShapedAxis((16, 1))))), layer_3 = ViewAxis(321:592, Axis(weight = ViewAxis(1:256, ShapedAxis((16, 16))), bias = ViewAxis(257:272, ShapedAxis((16, 1))))), layer_4 = ViewAxis(593:609, Axis(weight = ViewAxis(1:16, ShapedAxis((1, 16))), bias = ViewAxis(17:17, ShapedAxis((1, 1))))))), ode_par = 610:669)}}}, ForwardDiff.Dual{ForwardDiff.Tag{DiffEqBase.OrdinaryDiffEqTag, Float64}, Float64, 1}}}}, false}, UniformScaling{Bool}, Nothing, Nothing, Nothing, Nothing, Nothing, Nothing, Nothing, Nothing, Nothing, Nothing, Nothing, Nothing, Nothing, Nothing, typeof(SciMLBase.DEFAULT_OBSERVED), Nothing, Nothing}, Float64, ComponentVector{Float64, SubArray{Float64, 1, Vector{Float64}, Tuple{UnitRange{Int64}}, true}, Tuple{Axis{(p_net = ViewAxis(1:609, Axis(layer_1 = ViewAxis(1:48, Axis(weight = ViewAxis(1:32, ShapedAxis((16, 2))), bias = ViewAxis(33:48, ShapedAxis((16, 1))))), layer_2 = ViewAxis(49:320, Axis(weight = ViewAxis(1:256, ShapedAxis((16, 16))), bias = ViewAxis(257:272, ShapedAxis((16, 1))))), layer_3 = ViewAxis(321:592, Axis(weight = ViewAxis(1:256, ShapedAxis((16, 16))), bias = ViewAxis(257:272, ShapedAxis((16, 1))))), layer_4 = ViewAxis(593:609, Axis(weight = ViewAxis(1:16, ShapedAxis((1, 16))), bias = ViewAxis(17:17, ShapedAxis((1, 1))))))), ode_par = 610:669)}}}}, FiniteDiff.JacobianCache{Vector{Float64}, Vector{Float64}, Vector{Float64}, Vector{Float64}, UnitRange{Int64}, Nothing, Val{:forward}(), Float64}, LinearSolve.LinearCache{Matrix{Float64}, Vector{Float64}, Vector{Float64}, SciMLBase.NullParameters, LinearSolve.DefaultLinearSolver, LinearSolve.DefaultLinearSolverInit{LU{Float64, Matrix{Float64}, Vector{Int64}}, LinearAlgebra.QRCompactWY{Float64, Matrix{Float64}, Matrix{Float64}}, Nothing, Nothing, Nothing, Nothing, Nothing, Nothing, LU{Float64, Matrix{Float64}, Vector{Int64}}, Tuple{LU{Float64, Matrix{Float64}, Vector{Int64}}, Vector{Int64}}, Nothing, Nothing, Nothing, SVD{Float64, Float64, Matrix{Float64}, Vector{Float64}}, Cholesky{Float64, Matrix{Float64}}, Cholesky{Float64, Matrix{Float64}}, Tuple{LU{Float64, Matrix{Float64}, Vector{Int32}}, Base.RefValue{Int32}}, Tuple{LU{Float64, Matrix{Float64}, Vector{Int64}}, Base.RefValue{Int64}}, QRPivoted{Float64, Matrix{Float64}, Vector{Float64}, Vector{Int64}}}, LinearSolve.InvPreconditioner{Diagonal{Float64, Vector{Float64}}}, Diagonal{Float64, Vector{Float64}}, Float64, Bool}}}}}, SciMLBase.DEStats, Nothing}, ODEFunction{true, SciMLBase.AutoSpecialize, FunctionWrappersWrappers.FunctionWrappersWrapper{Tuple{FunctionWrappers.FunctionWrapper{Nothing, Tuple{Vector{Float64}, Vector{Float64}, ComponentVector{Float64, SubArray{Float64, 1, Vector{Float64}, Tuple{UnitRange{Int64}}, true}, Tuple{Axis{(p_net = ViewAxis(1:609, Axis(layer_1 = ViewAxis(1:48, Axis(weight = ViewAxis(1:32, ShapedAxis((16, 2))), bias = ViewAxis(33:48, ShapedAxis((16, 1))))), layer_2 = ViewAxis(49:320, Axis(weight = ViewAxis(1:256, ShapedAxis((16, 16))), bias = ViewAxis(257:272, ShapedAxis((16, 1))))), layer_3 = ViewAxis(321:592, Axis(weight = ViewAxis(1:256, ShapedAxis((16, 16))), bias = ViewAxis(257:272, ShapedAxis((16, 1))))), layer_4 = ViewAxis(593:609, Axis(weight = ViewAxis(1:16, ShapedAxis((1, 16))), bias = ViewAxis(17:17, ShapedAxis((1, 1))))))), ode_par = 610:669)}}}, Float64}}, FunctionWrappers.FunctionWrapper{Nothing, Tuple{Vector{ForwardDiff.Dual{ForwardDiff.Tag{DiffEqBase.OrdinaryDiffEqTag, Float64}, Float64, 1}}, Vector{ForwardDiff.Dual{ForwardDiff.Tag{DiffEqBase.OrdinaryDiffEqTag, Float64}, Float64, 1}}, ComponentVector{Float64, SubArray{Float64, 1, Vector{Float64}, Tuple{UnitRange{Int64}}, true}, Tuple{Axis{(p_net = ViewAxis(1:609, Axis(layer_1 = ViewAxis(1:48, Axis(weight = ViewAxis(1:32, ShapedAxis((16, 2))), bias = ViewAxis(33:48, ShapedAxis((16, 1))))), layer_2 = ViewAxis(49:320, Axis(weight = ViewAxis(1:256, ShapedAxis((16, 16))), bias = ViewAxis(257:272, ShapedAxis((16, 1))))), layer_3 = ViewAxis(321:592, Axis(weight = ViewAxis(1:256, ShapedAxis((16, 16))), bias = ViewAxis(257:272, ShapedAxis((16, 1))))), layer_4 = ViewAxis(593:609, Axis(weight = ViewAxis(1:16, ShapedAxis((1, 16))), bias = ViewAxis(17:17, ShapedAxis((1, 1))))))), ode_par = 610:669)}}}, Float64}}, FunctionWrappers.FunctionWrapper{Nothing, Tuple{Vector{ForwardDiff.Dual{ForwardDiff.Tag{DiffEqBase.OrdinaryDiffEqTag, Float64}, Float64, 1}}, Vector{Float64}, ComponentVector{Float64, SubArray{Float64, 1, Vector{Float64}, Tuple{UnitRange{Int64}}, true}, Tuple{Axis{(p_net = ViewAxis(1:609, Axis(layer_1 = ViewAxis(1:48, Axis(weight = ViewAxis(1:32, ShapedAxis((16, 2))), bias = ViewAxis(33:48, ShapedAxis((16, 1))))), layer_2 = ViewAxis(49:320, Axis(weight = ViewAxis(1:256, ShapedAxis((16, 16))), bias = ViewAxis(257:272, ShapedAxis((16, 1))))), layer_3 = ViewAxis(321:592, Axis(weight = ViewAxis(1:256, ShapedAxis((16, 16))), bias = ViewAxis(257:272, ShapedAxis((16, 1))))), layer_4 = ViewAxis(593:609, Axis(weight = ViewAxis(1:16, ShapedAxis((1, 16))), bias = ViewAxis(17:17, ShapedAxis((1, 1))))))), ode_par = 610:669)}}}, ForwardDiff.Dual{ForwardDiff.Tag{DiffEqBase.OrdinaryDiffEqTag, Float64}, Float64, 1}}}, FunctionWrappers.FunctionWrapper{Nothing, Tuple{Vector{ForwardDiff.Dual{ForwardDiff.Tag{DiffEqBase.OrdinaryDiffEqTag, Float64}, Float64, 1}}, Vector{ForwardDiff.Dual{ForwardDiff.Tag{DiffEqBase.OrdinaryDiffEqTag, Float64}, Float64, 1}}, ComponentVector{Float64, SubArray{Float64, 1, Vector{Float64}, Tuple{UnitRange{Int64}}, true}, Tuple{Axis{(p_net = ViewAxis(1:609, Axis(layer_1 = ViewAxis(1:48, Axis(weight = ViewAxis(1:32, ShapedAxis((16, 2))), bias = ViewAxis(33:48, ShapedAxis((16, 1))))), layer_2 = ViewAxis(49:320, Axis(weight = ViewAxis(1:256, ShapedAxis((16, 16))), bias = ViewAxis(257:272, ShapedAxis((16, 1))))), layer_3 = ViewAxis(321:592, Axis(weight = ViewAxis(1:256, ShapedAxis((16, 16))), bias = ViewAxis(257:272, ShapedAxis((16, 1))))), layer_4 = ViewAxis(593:609, Axis(weight = ViewAxis(1:16, ShapedAxis((1, 16))), bias = ViewAxis(17:17, ShapedAxis((1, 1))))))), ode_par = 610:669)}}}, ForwardDiff.Dual{ForwardDiff.Tag{DiffEqBase.OrdinaryDiffEqTag, Float64}, Float64, 1}}}}, false}, UniformScaling{Bool}, Nothing, Nothing, Nothing, Nothing, Nothing, Nothing, Nothing, Nothing, Nothing, Nothing, Nothing, Nothing, Nothing, Nothing, typeof(SciMLBase.DEFAULT_OBSERVED), Nothing, Nothing}}, UniformScaling{Bool}, Nothing, Nothing, Nothing, Nothing, Nothing, Nothing, Nothing, Nothing, Nothing, Nothing, Nothing, Nothing, Nothing, Nothing, typeof(SciMLBase.DEFAULT_OBSERVED), Nothing, Nothing}, Float64, ComponentVector{Float64, SubArray{Float64, 1, Vector{Float64}, Tuple{UnitRange{Int64}}, true}, Tuple{Axis{(p_net = ViewAxis(1:609, Axis(layer_1 = ViewAxis(1:48, Axis(weight = ViewAxis(1:32, ShapedAxis((16, 2))), bias = ViewAxis(33:48, ShapedAxis((16, 1))))), layer_2 = ViewAxis(49:320, Axis(weight = ViewAxis(1:256, ShapedAxis((16, 16))), bias = ViewAxis(257:272, ShapedAxis((16, 1))))), layer_3 = ViewAxis(321:592, Axis(weight = ViewAxis(1:256, ShapedAxis((16, 16))), bias = ViewAxis(257:272, ShapedAxis((16, 1))))), layer_4 = ViewAxis(593:609, Axis(weight = ViewAxis(1:16, ShapedAxis((1, 16))), bias = ViewAxis(17:17, ShapedAxis((1, 1))))))), ode_par = 610:669)}}}}, FiniteDiff.JacobianCache{Vector{Float64}, Vector{Float64}, Vector{Float64}, Vector{Float64}, UnitRange{Int64}, Nothing, Val{:forward}(), Float64}, LinearSolve.LinearCache{Matrix{Float64}, Vector{Float64}, Vector{Float64}, SciMLBase.NullParameters, LinearSolve.DefaultLinearSolver, LinearSolve.DefaultLinearSolverInit{LU{Float64, Matrix{Float64}, Vector{Int64}}, LinearAlgebra.QRCompactWY{Float64, Matrix{Float64}, Matrix{Float64}}, Nothing, Nothing, Nothing, Nothing, Nothing, Nothing, LU{Float64, Matrix{Float64}, Vector{Int64}}, Tuple{LU{Float64, Matrix{Float64}, Vector{Int64}}, Vector{Int64}}, Nothing, Nothing, Nothing, SVD{Float64, Float64, Matrix{Float64}, Vector{Float64}}, Cholesky{Float64, Matrix{Float64}}, Cholesky{Float64, Matrix{Float64}}, Tuple{LU{Float64, Matrix{Float64}, Vector{Int32}}, Base.RefValue{Int32}}, Tuple{LU{Float64, Matrix{Float64}, Vector{Int64}}, Base.RefValue{Int64}}, QRPivoted{Float64, Matrix{Float64}, Vector{Float64}, Vector{Int64}}}, LinearSolve.InvPreconditioner{Diagonal{Float64, Vector{Float64}}}, Diagonal{Float64, Vector{Float64}}, Float64, Bool}}}}}, SciMLBase.DEStats, Nothing}, Nothing, ReverseDiff.CompiledTape{ReverseDiff.GradientTape{SciMLSensitivity.var"#214#220"{ODEFunction{true, SciMLBase.AutoSpecialize, var"#f#27"{Chain{NamedTuple{(:layer_1, :layer_2, :layer_3, :layer_4), Tuple{Dense{true, typeof(gelu), typeof(my_glorot_uniform), typeof(my_glorot_uniform)}, Dense{true, typeof(gelu), typeof(my_glorot_uniform), typeof(my_glorot_uniform)}, Dense{true, typeof(gelu), typeof(my_glorot_uniform), typeof(my_glorot_uniform)}, Dense{true, typeof(identity), typeof(my_glorot_uniform), typeof(my_glorot_uniform)}}}, Nothing}, NamedTuple{(:layer_1, :layer_2, :layer_3, :layer_4), NTuple{4, NamedTuple{(), Tuple{}}}}, Vector{Float64}, Vector{Int64}, Vector{Int64}, Vector{Float64}}, UniformScaling{Bool}, Nothing, Nothing, Nothing, Nothing, Nothing, Nothing, Nothing, Nothing, Nothing, Nothing, Nothing, Nothing, Nothing, Nothing, typeof(SciMLBase.DEFAULT_OBSERVED), Nothing, Nothing}}, Tuple{ReverseDiff.TrackedArray{Float64, Float64, 1, Vector{Float64}, Vector{Float64}}, ReverseDiff.TrackedArray{Float64, Float64, 1, ComponentVector{Float64, Vector{Float64}, Tuple{Axis{(p_net = ViewAxis(1:609, Axis(layer_1 = ViewAxis(1:48, Axis(weight = ViewAxis(1:32, ShapedAxis((16, 2))), bias = ViewAxis(33:48, ShapedAxis((16, 1))))), layer_2 = ViewAxis(49:320, Axis(weight = ViewAxis(1:256, ShapedAxis((16, 16))), bias = ViewAxis(257:272, ShapedAxis((16, 1))))), layer_3 = ViewAxis(321:592, Axis(weight = ViewAxis(1:256, ShapedAxis((16, 16))), bias = ViewAxis(257:272, ShapedAxis((16, 1))))), layer_4 = ViewAxis(593:609, Axis(weight = ViewAxis(1:16, ShapedAxis((1, 16))), bias = ViewAxis(17:17, ShapedAxis((1, 1))))))), ode_par = 610:669)}}}, ComponentVector{Float64, Vector{Float64}, Tuple{Axis{(p_net = ViewAxis(1:609, Axis(layer_1 = ViewAxis(1:48, Axis(weight = ViewAxis(1:32, ShapedAxis((16, 2))), bias = ViewAxis(33:48, ShapedAxis((16, 1))))), layer_2 = ViewAxis(49:320, Axis(weight = ViewAxis(1:256, ShapedAxis((16, 16))), bias = ViewAxis(257:272, ShapedAxis((16, 1))))), layer_3 = ViewAxis(321:592, Axis(weight = ViewAxis(1:256, ShapedAxis((16, 16))), bias = ViewAxis(257:272, ShapedAxis((16, 1))))), layer_4 = ViewAxis(593:609, Axis(weight = ViewAxis(1:16, ShapedAxis((1, 16))), bias = ViewAxis(17:17, ShapedAxis((1, 1))))))), ode_par = 610:669)}}}}, ReverseDiff.TrackedArray{Float64, Float64, 1, Vector{Float64}, Vector{Float64}}}, Vector{ReverseDiff.TrackedReal{Float64, Float64, ReverseDiff.TrackedArray{Float64, Float64, 1, ComponentVector{Float64, Vector{Float64}, Tuple{Axis{(p_net = ViewAxis(1:609, Axis(layer_1 = ViewAxis(1:48, Axis(weight = ViewAxis(1:32, ShapedAxis((16, 2))), bias = ViewAxis(33:48, ShapedAxis((16, 1))))), layer_2 = ViewAxis(49:320, Axis(weight = ViewAxis(1:256, ShapedAxis((16, 16))), bias = ViewAxis(257:272, ShapedAxis((16, 1))))), layer_3 = ViewAxis(321:592, Axis(weight = ViewAxis(1:256, ShapedAxis((16, 16))), bias = ViewAxis(257:272, ShapedAxis((16, 1))))), layer_4 = ViewAxis(593:609, Axis(weight = ViewAxis(1:16, ShapedAxis((1, 16))), bias = ViewAxis(17:17, ShapedAxis((1, 1))))))), ode_par = 610:669)}}}, ComponentVector{Float64, Vector{Float64}, Tuple{Axis{(p_net = ViewAxis(1:609, Axis(layer_1 = ViewAxis(1:48, Axis(weight = ViewAxis(1:32, ShapedAxis((16, 2))), bias = ViewAxis(33:48, ShapedAxis((16, 1))))), layer_2 = ViewAxis(49:320, Axis(weight = ViewAxis(1:256, ShapedAxis((16, 16))), bias = ViewAxis(257:272, ShapedAxis((16, 1))))), layer_3 = ViewAxis(321:592, Axis(weight = ViewAxis(1:256, ShapedAxis((16, 16))), bias = ViewAxis(257:272, ShapedAxis((16, 1))))), layer_4 = ViewAxis(593:609, Axis(weight = ViewAxis(1:16, ShapedAxis((1, 16))), bias = ViewAxis(17:17, ShapedAxis((1, 1))))))), ode_par = 610:669)}}}}}}}}, Nothing, Nothing, Nothing}, s::Tuple{Float64, Float64})
    @ QuadGK ~/.julia/packages/QuadGK/wnfvV/src/adapt.jl:189
  [7] #quadgk#49
    @ ~/.julia/packages/QuadGK/wnfvV/src/api.jl:82 [inlined]
  [8] _adjoint_sensitivities(sol::ODESolution{Float64, 2, Vector{Vector{Float64}}, Nothing, Nothing, Vector{Float64}, Vector{Vector{Vector{Float64}}}, ODEProblem{Vector{Float64}, Tuple{Float64, Float64}, true, ComponentVector{Float64, SubArray{Float64, 1, Vector{Float64}, Tuple{UnitRange{Int64}}, true}, Tuple{Axis{(p_net = ViewAxis(1:609, Axis(layer_1 = ViewAxis(1:48, Axis(weight = ViewAxis(1:32, ShapedAxis((16, 2))), bias = ViewAxis(33:48, ShapedAxis((16, 1))))), layer_2 = ViewAxis(49:320, Axis(weight = ViewAxis(1:256, ShapedAxis((16, 16))), bias = ViewAxis(257:272, ShapedAxis((16, 1))))), layer_3 = ViewAxis(321:592, Axis(weight = ViewAxis(1:256, ShapedAxis((16, 16))), bias = ViewAxis(257:272, ShapedAxis((16, 1))))), layer_4 = ViewAxis(593:609, Axis(weight = ViewAxis(1:16, ShapedAxis((1, 16))), bias = ViewAxis(17:17, ShapedAxis((1, 1))))))), ode_par = 610:669)}}}, ODEFunction{true, SciMLBase.AutoSpecialize, FunctionWrappersWrappers.FunctionWrappersWrapper{Tuple{FunctionWrappers.FunctionWrapper{Nothing, Tuple{Vector{Float64}, Vector{Float64}, ComponentVector{Float64, SubArray{Float64, 1, Vector{Float64}, Tuple{UnitRange{Int64}}, true}, Tuple{Axis{(p_net = ViewAxis(1:609, Axis(layer_1 = ViewAxis(1:48, Axis(weight = ViewAxis(1:32, ShapedAxis((16, 2))), bias = ViewAxis(33:48, ShapedAxis((16, 1))))), layer_2 = ViewAxis(49:320, Axis(weight = ViewAxis(1:256, ShapedAxis((16, 16))), bias = ViewAxis(257:272, ShapedAxis((16, 1))))), layer_3 = ViewAxis(321:592, Axis(weight = ViewAxis(1:256, ShapedAxis((16, 16))), bias = ViewAxis(257:272, ShapedAxis((16, 1))))), layer_4 = ViewAxis(593:609, Axis(weight = ViewAxis(1:16, ShapedAxis((1, 16))), bias = ViewAxis(17:17, ShapedAxis((1, 1))))))), ode_par = 610:669)}}}, Float64}}, FunctionWrappers.FunctionWrapper{Nothing, Tuple{Vector{ForwardDiff.Dual{ForwardDiff.Tag{DiffEqBase.OrdinaryDiffEqTag, Float64}, Float64, 1}}, Vector{ForwardDiff.Dual{ForwardDiff.Tag{DiffEqBase.OrdinaryDiffEqTag, Float64}, Float64, 1}}, ComponentVector{Float64, SubArray{Float64, 1, Vector{Float64}, Tuple{UnitRange{Int64}}, true}, Tuple{Axis{(p_net = ViewAxis(1:609, Axis(layer_1 = ViewAxis(1:48, Axis(weight = ViewAxis(1:32, ShapedAxis((16, 2))), bias = ViewAxis(33:48, ShapedAxis((16, 1))))), layer_2 = ViewAxis(49:320, Axis(weight = ViewAxis(1:256, ShapedAxis((16, 16))), bias = ViewAxis(257:272, ShapedAxis((16, 1))))), layer_3 = ViewAxis(321:592, Axis(weight = ViewAxis(1:256, ShapedAxis((16, 16))), bias = ViewAxis(257:272, ShapedAxis((16, 1))))), layer_4 = ViewAxis(593:609, Axis(weight = ViewAxis(1:16, ShapedAxis((1, 16))), bias = ViewAxis(17:17, ShapedAxis((1, 1))))))), ode_par = 610:669)}}}, Float64}}, FunctionWrappers.FunctionWrapper{Nothing, Tuple{Vector{ForwardDiff.Dual{ForwardDiff.Tag{DiffEqBase.OrdinaryDiffEqTag, Float64}, Float64, 1}}, Vector{Float64}, ComponentVector{Float64, SubArray{Float64, 1, Vector{Float64}, Tuple{UnitRange{Int64}}, true}, Tuple{Axis{(p_net = ViewAxis(1:609, Axis(layer_1 = ViewAxis(1:48, Axis(weight = ViewAxis(1:32, ShapedAxis((16, 2))), bias = ViewAxis(33:48, ShapedAxis((16, 1))))), layer_2 = ViewAxis(49:320, Axis(weight = ViewAxis(1:256, ShapedAxis((16, 16))), bias = ViewAxis(257:272, ShapedAxis((16, 1))))), layer_3 = ViewAxis(321:592, Axis(weight = ViewAxis(1:256, ShapedAxis((16, 16))), bias = ViewAxis(257:272, ShapedAxis((16, 1))))), layer_4 = ViewAxis(593:609, Axis(weight = ViewAxis(1:16, ShapedAxis((1, 16))), bias = ViewAxis(17:17, ShapedAxis((1, 1))))))), ode_par = 610:669)}}}, ForwardDiff.Dual{ForwardDiff.Tag{DiffEqBase.OrdinaryDiffEqTag, Float64}, Float64, 1}}}, FunctionWrappers.FunctionWrapper{Nothing, Tuple{Vector{ForwardDiff.Dual{ForwardDiff.Tag{DiffEqBase.OrdinaryDiffEqTag, Float64}, Float64, 1}}, Vector{ForwardDiff.Dual{ForwardDiff.Tag{DiffEqBase.OrdinaryDiffEqTag, Float64}, Float64, 1}}, ComponentVector{Float64, SubArray{Float64, 1, Vector{Float64}, Tuple{UnitRange{Int64}}, true}, Tuple{Axis{(p_net = ViewAxis(1:609, Axis(layer_1 = ViewAxis(1:48, Axis(weight = ViewAxis(1:32, ShapedAxis((16, 2))), bias = ViewAxis(33:48, ShapedAxis((16, 1))))), layer_2 = ViewAxis(49:320, Axis(weight = ViewAxis(1:256, ShapedAxis((16, 16))), bias = ViewAxis(257:272, ShapedAxis((16, 1))))), layer_3 = ViewAxis(321:592, Axis(weight = ViewAxis(1:256, ShapedAxis((16, 16))), bias = ViewAxis(257:272, ShapedAxis((16, 1))))), layer_4 = ViewAxis(593:609, Axis(weight = ViewAxis(1:16, ShapedAxis((1, 16))), bias = ViewAxis(17:17, ShapedAxis((1, 1))))))), ode_par = 610:669)}}}, ForwardDiff.Dual{ForwardDiff.Tag{DiffEqBase.OrdinaryDiffEqTag, Float64}, Float64, 1}}}}, false}, UniformScaling{Bool}, Nothing, Nothing, Nothing, Nothing, Nothing, Nothing, Nothing, Nothing, Nothing, Nothing, Nothing, Nothing, Nothing, Nothing, typeof(SciMLBase.DEFAULT_OBSERVED), Nothing, Nothing}, Base.Pairs{Symbol, Union{}, Tuple{}, NamedTuple{(), Tuple{}}}, SciMLBase.StandardODEProblem}, TRBDF2{1, false, Nothing, NLNewton{Rational{Int64}, Rational{Int64}, Rational{Int64}, Rational{Int64}}, typeof(OrdinaryDiffEq.DEFAULT_PRECS), Val{:forward}, true, nothing}, OrdinaryDiffEq.InterpolationData{ODEFunction{true, SciMLBase.AutoSpecialize, FunctionWrappersWrappers.FunctionWrappersWrapper{Tuple{FunctionWrappers.FunctionWrapper{Nothing, Tuple{Vector{Float64}, Vector{Float64}, ComponentVector{Float64, SubArray{Float64, 1, Vector{Float64}, Tuple{UnitRange{Int64}}, true}, Tuple{Axis{(p_net = ViewAxis(1:609, Axis(layer_1 = ViewAxis(1:48, Axis(weight = ViewAxis(1:32, ShapedAxis((16, 2))), bias = ViewAxis(33:48, ShapedAxis((16, 1))))), layer_2 = ViewAxis(49:320, Axis(weight = ViewAxis(1:256, ShapedAxis((16, 16))), bias = ViewAxis(257:272, ShapedAxis((16, 1))))), layer_3 = ViewAxis(321:592, Axis(weight = ViewAxis(1:256, ShapedAxis((16, 16))), bias = ViewAxis(257:272, ShapedAxis((16, 1))))), layer_4 = ViewAxis(593:609, Axis(weight = ViewAxis(1:16, ShapedAxis((1, 16))), bias = ViewAxis(17:17, ShapedAxis((1, 1))))))), ode_par = 610:669)}}}, Float64}}, FunctionWrappers.FunctionWrapper{Nothing, Tuple{Vector{ForwardDiff.Dual{ForwardDiff.Tag{DiffEqBase.OrdinaryDiffEqTag, Float64}, Float64, 1}}, Vector{ForwardDiff.Dual{ForwardDiff.Tag{DiffEqBase.OrdinaryDiffEqTag, Float64}, Float64, 1}}, ComponentVector{Float64, SubArray{Float64, 1, Vector{Float64}, Tuple{UnitRange{Int64}}, true}, Tuple{Axis{(p_net = ViewAxis(1:609, Axis(layer_1 = ViewAxis(1:48, Axis(weight = ViewAxis(1:32, ShapedAxis((16, 2))), bias = ViewAxis(33:48, ShapedAxis((16, 1))))), layer_2 = ViewAxis(49:320, Axis(weight = ViewAxis(1:256, ShapedAxis((16, 16))), bias = ViewAxis(257:272, ShapedAxis((16, 1))))), layer_3 = ViewAxis(321:592, Axis(weight = ViewAxis(1:256, ShapedAxis((16, 16))), bias = ViewAxis(257:272, ShapedAxis((16, 1))))), layer_4 = ViewAxis(593:609, Axis(weight = ViewAxis(1:16, ShapedAxis((1, 16))), bias = ViewAxis(17:17, ShapedAxis((1, 1))))))), ode_par = 610:669)}}}, Float64}}, FunctionWrappers.FunctionWrapper{Nothing, Tuple{Vector{ForwardDiff.Dual{ForwardDiff.Tag{DiffEqBase.OrdinaryDiffEqTag, Float64}, Float64, 1}}, Vector{Float64}, ComponentVector{Float64, SubArray{Float64, 1, Vector{Float64}, Tuple{UnitRange{Int64}}, true}, Tuple{Axis{(p_net = ViewAxis(1:609, Axis(layer_1 = ViewAxis(1:48, Axis(weight = ViewAxis(1:32, ShapedAxis((16, 2))), bias = ViewAxis(33:48, ShapedAxis((16, 1))))), layer_2 = ViewAxis(49:320, Axis(weight = ViewAxis(1:256, ShapedAxis((16, 16))), bias = ViewAxis(257:272, ShapedAxis((16, 1))))), layer_3 = ViewAxis(321:592, Axis(weight = ViewAxis(1:256, ShapedAxis((16, 16))), bias = ViewAxis(257:272, ShapedAxis((16, 1))))), layer_4 = ViewAxis(593:609, Axis(weight = ViewAxis(1:16, ShapedAxis((1, 16))), bias = ViewAxis(17:17, ShapedAxis((1, 1))))))), ode_par = 610:669)}}}, ForwardDiff.Dual{ForwardDiff.Tag{DiffEqBase.OrdinaryDiffEqTag, Float64}, Float64, 1}}}, FunctionWrappers.FunctionWrapper{Nothing, Tuple{Vector{ForwardDiff.Dual{ForwardDiff.Tag{DiffEqBase.OrdinaryDiffEqTag, Float64}, Float64, 1}}, Vector{ForwardDiff.Dual{ForwardDiff.Tag{DiffEqBase.OrdinaryDiffEqTag, Float64}, Float64, 1}}, ComponentVector{Float64, SubArray{Float64, 1, Vector{Float64}, Tuple{UnitRange{Int64}}, true}, Tuple{Axis{(p_net = ViewAxis(1:609, Axis(layer_1 = ViewAxis(1:48, Axis(weight = ViewAxis(1:32, ShapedAxis((16, 2))), bias = ViewAxis(33:48, ShapedAxis((16, 1))))), layer_2 = ViewAxis(49:320, Axis(weight = ViewAxis(1:256, ShapedAxis((16, 16))), bias = ViewAxis(257:272, ShapedAxis((16, 1))))), layer_3 = ViewAxis(321:592, Axis(weight = ViewAxis(1:256, ShapedAxis((16, 16))), bias = ViewAxis(257:272, ShapedAxis((16, 1))))), layer_4 = ViewAxis(593:609, Axis(weight = ViewAxis(1:16, ShapedAxis((1, 16))), bias = ViewAxis(17:17, ShapedAxis((1, 1))))))), ode_par = 610:669)}}}, ForwardDiff.Dual{ForwardDiff.Tag{DiffEqBase.OrdinaryDiffEqTag, Float64}, Float64, 1}}}}, false}, UniformScaling{Bool}, Nothing, Nothing, Nothing, Nothing, Nothing, Nothing, Nothing, Nothing, Nothing, Nothing, Nothing, Nothing, Nothing, Nothing, typeof(SciMLBase.DEFAULT_OBSERVED), Nothing, Nothing}, Vector{Vector{Float64}}, Vector{Float64}, Vector{Vector{Vector{Float64}}}, OrdinaryDiffEq.TRBDF2Cache{Vector{Float64}, Vector{Float64}, Vector{Float64}, OrdinaryDiffEq.TRBDF2Tableau{Float64, Float64}, OrdinaryDiffEq.NLSolver{NLNewton{Rational{Int64}, Rational{Int64}, Rational{Int64}, Rational{Int64}}, true, Vector{Float64}, Float64, Nothing, Float64, OrdinaryDiffEq.NLNewtonCache{Vector{Float64}, Float64, Float64, Vector{Float64}, Matrix{Float64}, Matrix{Float64}, SciMLBase.UJacobianWrapper{true, ODEFunction{true, SciMLBase.AutoSpecialize, FunctionWrappersWrappers.FunctionWrappersWrapper{Tuple{FunctionWrappers.FunctionWrapper{Nothing, Tuple{Vector{Float64}, Vector{Float64}, ComponentVector{Float64, SubArray{Float64, 1, Vector{Float64}, Tuple{UnitRange{Int64}}, true}, Tuple{Axis{(p_net = ViewAxis(1:609, Axis(layer_1 = ViewAxis(1:48, Axis(weight = ViewAxis(1:32, ShapedAxis((16, 2))), bias = ViewAxis(33:48, ShapedAxis((16, 1))))), layer_2 = ViewAxis(49:320, Axis(weight = ViewAxis(1:256, ShapedAxis((16, 16))), bias = ViewAxis(257:272, ShapedAxis((16, 1))))), layer_3 = ViewAxis(321:592, Axis(weight = ViewAxis(1:256, ShapedAxis((16, 16))), bias = ViewAxis(257:272, ShapedAxis((16, 1))))), layer_4 = ViewAxis(593:609, Axis(weight = ViewAxis(1:16, ShapedAxis((1, 16))), bias = ViewAxis(17:17, ShapedAxis((1, 1))))))), ode_par = 610:669)}}}, Float64}}, FunctionWrappers.FunctionWrapper{Nothing, Tuple{Vector{ForwardDiff.Dual{ForwardDiff.Tag{DiffEqBase.OrdinaryDiffEqTag, Float64}, Float64, 1}}, Vector{ForwardDiff.Dual{ForwardDiff.Tag{DiffEqBase.OrdinaryDiffEqTag, Float64}, Float64, 1}}, ComponentVector{Float64, SubArray{Float64, 1, Vector{Float64}, Tuple{UnitRange{Int64}}, true}, Tuple{Axis{(p_net = ViewAxis(1:609, Axis(layer_1 = ViewAxis(1:48, Axis(weight = ViewAxis(1:32, ShapedAxis((16, 2))), bias = ViewAxis(33:48, ShapedAxis((16, 1))))), layer_2 = ViewAxis(49:320, Axis(weight = ViewAxis(1:256, ShapedAxis((16, 16))), bias = ViewAxis(257:272, ShapedAxis((16, 1))))), layer_3 = ViewAxis(321:592, Axis(weight = ViewAxis(1:256, ShapedAxis((16, 16))), bias = ViewAxis(257:272, ShapedAxis((16, 1))))), layer_4 = ViewAxis(593:609, Axis(weight = ViewAxis(1:16, ShapedAxis((1, 16))), bias = ViewAxis(17:17, ShapedAxis((1, 1))))))), ode_par = 610:669)}}}, Float64}}, FunctionWrappers.FunctionWrapper{Nothing, Tuple{Vector{ForwardDiff.Dual{ForwardDiff.Tag{DiffEqBase.OrdinaryDiffEqTag, Float64}, Float64, 1}}, Vector{Float64}, ComponentVector{Float64, SubArray{Float64, 1, Vector{Float64}, Tuple{UnitRange{Int64}}, true}, Tuple{Axis{(p_net = ViewAxis(1:609, Axis(layer_1 = ViewAxis(1:48, Axis(weight = ViewAxis(1:32, ShapedAxis((16, 2))), bias = ViewAxis(33:48, ShapedAxis((16, 1))))), layer_2 = ViewAxis(49:320, Axis(weight = ViewAxis(1:256, ShapedAxis((16, 16))), bias = ViewAxis(257:272, ShapedAxis((16, 1))))), layer_3 = ViewAxis(321:592, Axis(weight = ViewAxis(1:256, ShapedAxis((16, 16))), bias = ViewAxis(257:272, ShapedAxis((16, 1))))), layer_4 = ViewAxis(593:609, Axis(weight = ViewAxis(1:16, ShapedAxis((1, 16))), bias = ViewAxis(17:17, ShapedAxis((1, 1))))))), ode_par = 610:669)}}}, ForwardDiff.Dual{ForwardDiff.Tag{DiffEqBase.OrdinaryDiffEqTag, Float64}, Float64, 1}}}, FunctionWrappers.FunctionWrapper{Nothing, Tuple{Vector{ForwardDiff.Dual{ForwardDiff.Tag{DiffEqBase.OrdinaryDiffEqTag, Float64}, Float64, 1}}, Vector{ForwardDiff.Dual{ForwardDiff.Tag{DiffEqBase.OrdinaryDiffEqTag, Float64}, Float64, 1}}, ComponentVector{Float64, SubArray{Float64, 1, Vector{Float64}, Tuple{UnitRange{Int64}}, true}, Tuple{Axis{(p_net = ViewAxis(1:609, Axis(layer_1 = ViewAxis(1:48, Axis(weight = ViewAxis(1:32, ShapedAxis((16, 2))), bias = ViewAxis(33:48, ShapedAxis((16, 1))))), layer_2 = ViewAxis(49:320, Axis(weight = ViewAxis(1:256, ShapedAxis((16, 16))), bias = ViewAxis(257:272, ShapedAxis((16, 1))))), layer_3 = ViewAxis(321:592, Axis(weight = ViewAxis(1:256, ShapedAxis((16, 16))), bias = ViewAxis(257:272, ShapedAxis((16, 1))))), layer_4 = ViewAxis(593:609, Axis(weight = ViewAxis(1:16, ShapedAxis((1, 16))), bias = ViewAxis(17:17, ShapedAxis((1, 1))))))), ode_par = 610:669)}}}, ForwardDiff.Dual{ForwardDiff.Tag{DiffEqBase.OrdinaryDiffEqTag, Float64}, Float64, 1}}}}, false}, UniformScaling{Bool}, Nothing, Nothing, Nothing, Nothing, Nothing, Nothing, Nothing, Nothing, Nothing, Nothing, Nothing, Nothing, Nothing, Nothing, typeof(SciMLBase.DEFAULT_OBSERVED), Nothing, Nothing}, Float64, ComponentVector{Float64, SubArray{Float64, 1, Vector{Float64}, Tuple{UnitRange{Int64}}, true}, Tuple{Axis{(p_net = ViewAxis(1:609, Axis(layer_1 = ViewAxis(1:48, Axis(weight = ViewAxis(1:32, ShapedAxis((16, 2))), bias = ViewAxis(33:48, ShapedAxis((16, 1))))), layer_2 = ViewAxis(49:320, Axis(weight = ViewAxis(1:256, ShapedAxis((16, 16))), bias = ViewAxis(257:272, ShapedAxis((16, 1))))), layer_3 = ViewAxis(321:592, Axis(weight = ViewAxis(1:256, ShapedAxis((16, 16))), bias = ViewAxis(257:272, ShapedAxis((16, 1))))), layer_4 = ViewAxis(593:609, Axis(weight = ViewAxis(1:16, ShapedAxis((1, 16))), bias = ViewAxis(17:17, ShapedAxis((1, 1))))))), ode_par = 610:669)}}}}, FiniteDiff.JacobianCache{Vector{Float64}, Vector{Float64}, Vector{Float64}, Vector{Float64}, UnitRange{Int64}, Nothing, Val{:forward}(), Float64}, LinearSolve.LinearCache{Matrix{Float64}, Vector{Float64}, Vector{Float64}, SciMLBase.NullParameters, LinearSolve.DefaultLinearSolver, LinearSolve.DefaultLinearSolverInit{LU{Float64, Matrix{Float64}, Vector{Int64}}, LinearAlgebra.QRCompactWY{Float64, Matrix{Float64}, Matrix{Float64}}, Nothing, Nothing, Nothing, Nothing, Nothing, Nothing, LU{Float64, Matrix{Float64}, Vector{Int64}}, Tuple{LU{Float64, Matrix{Float64}, Vector{Int64}}, Vector{Int64}}, Nothing, Nothing, Nothing, SVD{Float64, Float64, Matrix{Float64}, Vector{Float64}}, Cholesky{Float64, Matrix{Float64}}, Cholesky{Float64, Matrix{Float64}}, Tuple{LU{Float64, Matrix{Float64}, Vector{Int32}}, Base.RefValue{Int32}}, Tuple{LU{Float64, Matrix{Float64}, Vector{Int64}}, Base.RefValue{Int64}}, QRPivoted{Float64, Matrix{Float64}, Vector{Float64}, Vector{Int64}}}, LinearSolve.InvPreconditioner{Diagonal{Float64, Vector{Float64}}}, Diagonal{Float64, Vector{Float64}}, Float64, Bool}}}}}, SciMLBase.DEStats, Nothing}, sensealg::QuadratureAdjoint{0, true, Val{:central}, ReverseDiffVJP{true}}, alg::TRBDF2{0, false, Nothing, NLNewton{Rational{Int64}, Rational{Int64}, Rational{Int64}, Rational{Int64}}, typeof(OrdinaryDiffEq.DEFAULT_PRECS), Val{:forward}, true, nothing}; t::Vector{Float64}, dgdu_discrete::Function, dgdp_discrete::Nothing, dgdu_continuous::Nothing, dgdp_continuous::Nothing, g::Nothing, abstol::Float64, reltol::Float64, callback::Nothing, kwargs::Base.Pairs{Symbol, Any, Tuple{Symbol, Symbol}, NamedTuple{(:verbose, :unstable_check), Tuple{Bool, var"#unstable_check#36"}}})
    @ SciMLSensitivity ~/.julia/packages/SciMLSensitivity/4Ah3r/src/quadrature_adjoint.jl:378
  [9] _adjoint_sensitivities
    @ ~/.julia/packages/SciMLSensitivity/4Ah3r/src/quadrature_adjoint.jl:319 [inlined]
 [10] #adjoint_sensitivities#63
    @ ~/.julia/packages/SciMLSensitivity/4Ah3r/src/sensitivity_interface.jl:386 [inlined]
 [11] (::SciMLSensitivity.var"#adjoint_sensitivity_backpass#307"{Base.Pairs{Symbol, Any, NTuple{4, Symbol}, NamedTuple{(:abstol, :reltol, :unstable_check, :verbose), Tuple{Float64, Float64, var"#unstable_check#36", Bool}}}, TRBDF2{0, false, Nothing, NLNewton{Rational{Int64}, Rational{Int64}, Rational{Int64}, Rational{Int64}}, typeof(OrdinaryDiffEq.DEFAULT_PRECS), Val{:forward}, true, nothing}, QuadratureAdjoint{0, true, Val{:central}, ReverseDiffVJP{true}}, Vector{Float64}, ComponentVector{Float64, SubArray{Float64, 1, Vector{Float64}, Tuple{UnitRange{Int64}}, true}, Tuple{Axis{(p_net = ViewAxis(1:609, Axis(layer_1 = ViewAxis(1:48, Axis(weight = ViewAxis(1:32, ShapedAxis((16, 2))), bias = ViewAxis(33:48, ShapedAxis((16, 1))))), layer_2 = ViewAxis(49:320, Axis(weight = ViewAxis(1:256, ShapedAxis((16, 16))), bias = ViewAxis(257:272, ShapedAxis((16, 1))))), layer_3 = ViewAxis(321:592, Axis(weight = ViewAxis(1:256, ShapedAxis((16, 16))), bias = ViewAxis(257:272, ShapedAxis((16, 1))))), layer_4 = ViewAxis(593:609, Axis(weight = ViewAxis(1:16, ShapedAxis((1, 16))), bias = ViewAxis(17:17, ShapedAxis((1, 1))))))), ode_par = 610:669)}}}, SciMLBase.ChainRulesOriginator, Tuple{}, Colon, NamedTuple{(:abstol, :reltol, :unstable_check, :verbose), Tuple{Float64, Float64, var"#unstable_check#36", Bool}}})(Δ::VectorOfArray{Float64, 2, Vector{Vector{Float64}}})
    @ SciMLSensitivity ~/.julia/packages/SciMLSensitivity/4Ah3r/src/concrete_solve.jl:535
 [12] ZBack
    @ ~/.julia/packages/Zygote/zowwZ/src/compiler/chainrules.jl:212 [inlined]
 [13] (::Zygote.var"#kw_zpullback#56"{SciMLSensitivity.var"#adjoint_sensitivity_backpass#307"{Base.Pairs{Symbol, Any, NTuple{4, Symbol}, NamedTuple{(:abstol, :reltol, :unstable_check, :verbose), Tuple{Float64, Float64, var"#unstable_check#36", Bool}}}, TRBDF2{0, false, Nothing, NLNewton{Rational{Int64}, Rational{Int64}, Rational{Int64}, Rational{Int64}}, typeof(OrdinaryDiffEq.DEFAULT_PRECS), Val{:forward}, true, nothing}, QuadratureAdjoint{0, true, Val{:central}, ReverseDiffVJP{true}}, Vector{Float64}, ComponentVector{Float64, SubArray{Float64, 1, Vector{Float64}, Tuple{UnitRange{Int64}}, true}, Tuple{Axis{(p_net = ViewAxis(1:609, Axis(layer_1 = ViewAxis(1:48, Axis(weight = ViewAxis(1:32, ShapedAxis((16, 2))), bias = ViewAxis(33:48, ShapedAxis((16, 1))))), layer_2 = ViewAxis(49:320, Axis(weight = ViewAxis(1:256, ShapedAxis((16, 16))), bias = ViewAxis(257:272, ShapedAxis((16, 1))))), layer_3 = ViewAxis(321:592, Axis(weight = ViewAxis(1:256, ShapedAxis((16, 16))), bias = ViewAxis(257:272, ShapedAxis((16, 1))))), layer_4 = ViewAxis(593:609, Axis(weight = ViewAxis(1:16, ShapedAxis((1, 16))), bias = ViewAxis(17:17, ShapedAxis((1, 1))))))), ode_par = 610:669)}}}, SciMLBase.ChainRulesOriginator, Tuple{}, Colon, NamedTuple{(:abstol, :reltol, :unstable_check, :verbose), Tuple{Float64, Float64, var"#unstable_check#36", Bool}}}})(dy::VectorOfArray{Float64, 2, Vector{Vector{Float64}}})
    @ Zygote ~/.julia/packages/Zygote/zowwZ/src/compiler/chainrules.jl:238
 [14] #295
    @ ~/.julia/packages/Zygote/zowwZ/src/lib/lib.jl:205 [inlined]
 [15] (::Zygote.var"#2173#back#297"{Zygote.var"#295#296"{Tuple{NTuple{6, Nothing}, Tuple{Nothing}}, Zygote.var"#kw_zpullback#56"{SciMLSensitivity.var"#adjoint_sensitivity_backpass#307"{Base.Pairs{Symbol, Any, NTuple{4, Symbol}, NamedTuple{(:abstol, :reltol, :unstable_check, :verbose), Tuple{Float64, Float64, var"#unstable_check#36", Bool}}}, TRBDF2{0, false, Nothing, NLNewton{Rational{Int64}, Rational{Int64}, Rational{Int64}, Rational{Int64}}, typeof(OrdinaryDiffEq.DEFAULT_PRECS), Val{:forward}, true, nothing}, QuadratureAdjoint{0, true, Val{:central}, ReverseDiffVJP{true}}, Vector{Float64}, ComponentVector{Float64, SubArray{Float64, 1, Vector{Float64}, Tuple{UnitRange{Int64}}, true}, Tuple{Axis{(p_net = ViewAxis(1:609, Axis(layer_1 = ViewAxis(1:48, Axis(weight = ViewAxis(1:32, ShapedAxis((16, 2))), bias = ViewAxis(33:48, ShapedAxis((16, 1))))), layer_2 = ViewAxis(49:320, Axis(weight = ViewAxis(1:256, ShapedAxis((16, 16))), bias = ViewAxis(257:272, ShapedAxis((16, 1))))), layer_3 = ViewAxis(321:592, Axis(weight = ViewAxis(1:256, ShapedAxis((16, 16))), bias = ViewAxis(257:272, ShapedAxis((16, 1))))), layer_4 = ViewAxis(593:609, Axis(weight = ViewAxis(1:16, ShapedAxis((1, 16))), bias = ViewAxis(17:17, ShapedAxis((1, 1))))))), ode_par = 610:669)}}}, SciMLBase.ChainRulesOriginator, Tuple{}, Colon, NamedTuple{(:abstol, :reltol, :unstable_check, :verbose), Tuple{Float64, Float64, var"#unstable_check#36", Bool}}}}}})(Δ::VectorOfArray{Float64, 2, Vector{Vector{Float64}}})
    @ Zygote ~/.julia/packages/ZygoteRules/fKghs/src/adjoint.jl:73
 [16] Pullback
    @ ~/.julia/packages/DiffEqBase/7s9cb/src/solve.jl:980 [inlined]
 [17] (::Zygote.Pullback{Tuple{DiffEqBase.var"##solve#40", QuadratureAdjoint{0, true, Val{:central}, ReverseDiffVJP{true}}, Nothing, ComponentVector{Float64, SubArray{Float64, 1, Vector{Float64}, Tuple{UnitRange{Int64}}, true}, Tuple{Axis{(p_net = ViewAxis(1:609, Axis(layer_1 = ViewAxis(1:48, Axis(weight = ViewAxis(1:32, ShapedAxis((16, 2))), bias = ViewAxis(33:48, ShapedAxis((16, 1))))), layer_2 = ViewAxis(49:320, Axis(weight = ViewAxis(1:256, ShapedAxis((16, 16))), bias = ViewAxis(257:272, ShapedAxis((16, 1))))), layer_3 = ViewAxis(321:592, Axis(weight = ViewAxis(1:256, ShapedAxis((16, 16))), bias = ViewAxis(257:272, ShapedAxis((16, 1))))), layer_4 = ViewAxis(593:609, Axis(weight = ViewAxis(1:16, ShapedAxis((1, 16))), bias = ViewAxis(17:17, ShapedAxis((1, 1))))))), ode_par = 610:669)}}}, Val{true}, Base.Pairs{Symbol, Any, NTuple{5, Symbol}, NamedTuple{(:saveat, :abstol, :reltol, :unstable_check, :verbose), Tuple{Vector{Float64}, Float64, Float64, var"#unstable_check#36", Bool}}}, typeof(solve), ODEProblem{Vector{Float64}, Tuple{Float64, Float64}, true, SciMLBase.NullParameters, ODEFunction{true, SciMLBase.AutoSpecialize, var"#f#27"{Chain{NamedTuple{(:layer_1, :layer_2, :layer_3, :layer_4), Tuple{Dense{true, typeof(gelu), typeof(my_glorot_uniform), typeof(my_glorot_uniform)}, Dense{true, typeof(gelu), typeof(my_glorot_uniform), typeof(my_glorot_uniform)}, Dense{true, typeof(gelu), typeof(my_glorot_uniform), typeof(my_glorot_uniform)}, Dense{true, typeof(identity), typeof(my_glorot_uniform), typeof(my_glorot_uniform)}}}, Nothing}, NamedTuple{(:layer_1, :layer_2, :layer_3, :layer_4), NTuple{4, NamedTuple{(), Tuple{}}}}, Vector{Float64}, Vector{Int64}, Vector{Int64}, Vector{Float64}}, UniformScaling{Bool}, Nothing, Nothing, Nothing, Nothing, Nothing, Nothing, Nothing, Nothing, Nothing, Nothing, Nothing, Nothing, Nothing, Nothing, typeof(SciMLBase.DEFAULT_OBSERVED), Nothing, Nothing}, Base.Pairs{Symbol, Union{}, Tuple{}, NamedTuple{(), Tuple{}}}, SciMLBase.StandardODEProblem}, TRBDF2{0, false, Nothing, NLNewton{Rational{Int64}, Rational{Int64}, Rational{Int64}, Rational{Int64}}, typeof(OrdinaryDiffEq.DEFAULT_PRECS), Val{:forward}, true, nothing}}, Any})(Δ::VectorOfArray{Float64, 2, Vector{Vector{Float64}}})
    @ Zygote ~/.julia/packages/Zygote/zowwZ/src/compiler/interface2.jl:0
 [18] #295
    @ ~/.julia/packages/Zygote/zowwZ/src/lib/lib.jl:205 [inlined]
 [19] (::Zygote.var"#2173#back#297"{Zygote.var"#295#296"{Tuple{NTuple{7, Nothing}, Tuple{Nothing}}, Zygote.Pullback{Tuple{DiffEqBase.var"##solve#40", QuadratureAdjoint{0, true, Val{:central}, ReverseDiffVJP{true}}, Nothing, ComponentVector{Float64, SubArray{Float64, 1, Vector{Float64}, Tuple{UnitRange{Int64}}, true}, Tuple{Axis{(p_net = ViewAxis(1:609, Axis(layer_1 = ViewAxis(1:48, Axis(weight = ViewAxis(1:32, ShapedAxis((16, 2))), bias = ViewAxis(33:48, ShapedAxis((16, 1))))), layer_2 = ViewAxis(49:320, Axis(weight = ViewAxis(1:256, ShapedAxis((16, 16))), bias = ViewAxis(257:272, ShapedAxis((16, 1))))), layer_3 = ViewAxis(321:592, Axis(weight = ViewAxis(1:256, ShapedAxis((16, 16))), bias = ViewAxis(257:272, ShapedAxis((16, 1))))), layer_4 = ViewAxis(593:609, Axis(weight = ViewAxis(1:16, ShapedAxis((1, 16))), bias = ViewAxis(17:17, ShapedAxis((1, 1))))))), ode_par = 610:669)}}}, Val{true}, Base.Pairs{Symbol, Any, NTuple{5, Symbol}, NamedTuple{(:saveat, :abstol, :reltol, :unstable_check, :verbose), Tuple{Vector{Float64}, Float64, Float64, var"#unstable_check#36", Bool}}}, typeof(solve), ODEProblem{Vector{Float64}, Tuple{Float64, Float64}, true, SciMLBase.NullParameters, ODEFunction{true, SciMLBase.AutoSpecialize, var"#f#27"{Chain{NamedTuple{(:layer_1, :layer_2, :layer_3, :layer_4), Tuple{Dense{true, typeof(gelu), typeof(my_glorot_uniform), typeof(my_glorot_uniform)}, Dense{true, typeof(gelu), typeof(my_glorot_uniform), typeof(my_glorot_uniform)}, Dense{true, typeof(gelu), typeof(my_glorot_uniform), typeof(my_glorot_uniform)}, Dense{true, typeof(identity), typeof(my_glorot_uniform), typeof(my_glorot_uniform)}}}, Nothing}, NamedTuple{(:layer_1, :layer_2, :layer_3, :layer_4), NTuple{4, NamedTuple{(), Tuple{}}}}, Vector{Float64}, Vector{Int64}, Vector{Int64}, Vector{Float64}}, UniformScaling{Bool}, Nothing, Nothing, Nothing, Nothing, Nothing, Nothing, Nothing, Nothing, Nothing, Nothing, Nothing, Nothing, Nothing, Nothing, typeof(SciMLBase.DEFAULT_OBSERVED), Nothing, Nothing}, Base.Pairs{Symbol, Union{}, Tuple{}, NamedTuple{(), Tuple{}}}, SciMLBase.StandardODEProblem}, TRBDF2{0, false, Nothing, NLNewton{Rational{Int64}, Rational{Int64}, Rational{Int64}, Rational{Int64}}, typeof(OrdinaryDiffEq.DEFAULT_PRECS), Val{:forward}, true, nothing}}, Any}}})(Δ::VectorOfArray{Float64, 2, Vector{Vector{Float64}}})
    @ Zygote ~/.julia/packages/ZygoteRules/fKghs/src/adjoint.jl:73
 [20] Pullback
    @ ~/.julia/packages/DiffEqBase/7s9cb/src/solve.jl:970 [inlined]
 [21] (::Zygote.Pullback{Tuple{typeof(Core.kwcall), NamedTuple{(:p, :saveat, :abstol, :reltol, :sensealg, :unstable_check, :verbose), Tuple{ComponentVector{Float64, SubArray{Float64, 1, Vector{Float64}, Tuple{UnitRange{Int64}}, true}, Tuple{Axis{(p_net = ViewAxis(1:609, Axis(layer_1 = ViewAxis(1:48, Axis(weight = ViewAxis(1:32, ShapedAxis((16, 2))), bias = ViewAxis(33:48, ShapedAxis((16, 1))))), layer_2 = ViewAxis(49:320, Axis(weight = ViewAxis(1:256, ShapedAxis((16, 16))), bias = ViewAxis(257:272, ShapedAxis((16, 1))))), layer_3 = ViewAxis(321:592, Axis(weight = ViewAxis(1:256, ShapedAxis((16, 16))), bias = ViewAxis(257:272, ShapedAxis((16, 1))))), layer_4 = ViewAxis(593:609, Axis(weight = ViewAxis(1:16, ShapedAxis((1, 16))), bias = ViewAxis(17:17, ShapedAxis((1, 1))))))), ode_par = 610:669)}}}, Vector{Float64}, Float64, Float64, QuadratureAdjoint{0, true, Val{:central}, ReverseDiffVJP{true}}, var"#unstable_check#36", Bool}}, typeof(solve), ODEProblem{Vector{Float64}, Tuple{Float64, Float64}, true, SciMLBase.NullParameters, ODEFunction{true, SciMLBase.AutoSpecialize, var"#f#27"{Chain{NamedTuple{(:layer_1, :layer_2, :layer_3, :layer_4), Tuple{Dense{true, typeof(gelu), typeof(my_glorot_uniform), typeof(my_glorot_uniform)}, Dense{true, typeof(gelu), typeof(my_glorot_uniform), typeof(my_glorot_uniform)}, Dense{true, typeof(gelu), typeof(my_glorot_uniform), typeof(my_glorot_uniform)}, Dense{true, typeof(identity), typeof(my_glorot_uniform), typeof(my_glorot_uniform)}}}, Nothing}, NamedTuple{(:layer_1, :layer_2, :layer_3, :layer_4), NTuple{4, NamedTuple{(), Tuple{}}}}, Vector{Float64}, Vector{Int64}, Vector{Int64}, Vector{Float64}}, UniformScaling{Bool}, Nothing, Nothing, Nothing, Nothing, Nothing, Nothing, Nothing, Nothing, Nothing, Nothing, Nothing, Nothing, Nothing, Nothing, typeof(SciMLBase.DEFAULT_OBSERVED), Nothing, Nothing}, Base.Pairs{Symbol, Union{}, Tuple{}, NamedTuple{(), Tuple{}}}, SciMLBase.StandardODEProblem}, TRBDF2{0, false, Nothing, NLNewton{Rational{Int64}, Rational{Int64}, Rational{Int64}, Rational{Int64}}, typeof(OrdinaryDiffEq.DEFAULT_PRECS), Val{:forward}, true, nothing}}, Any})(Δ::VectorOfArray{Float64, 2, Vector{Vector{Float64}}})
    @ Zygote ~/.julia/packages/Zygote/zowwZ/src/compiler/interface2.jl:0
 [22] Pullback
    @ /projects/vanaja_lab/satya/PathwayML/step2a_hyperparameter_tuning/tpe_mapk_hnode_00.jl:130 [inlined]
 [23] (::Zygote.Pullback{Tuple{var"#loss_fn#37"{var"#unstable_check#36", ODEProblem{Vector{Float64}, Tuple{Float64, Float64}, true, SciMLBase.NullParameters, ODEFunction{true, SciMLBase.AutoSpecialize, var"#f#27"{Chain{NamedTuple{(:layer_1, :layer_2, :layer_3, :layer_4), Tuple{Dense{true, typeof(gelu), typeof(my_glorot_uniform), typeof(my_glorot_uniform)}, Dense{true, typeof(gelu), typeof(my_glorot_uniform), typeof(my_glorot_uniform)}, Dense{true, typeof(gelu), typeof(my_glorot_uniform), typeof(my_glorot_uniform)}, Dense{true, typeof(identity), typeof(my_glorot_uniform), typeof(my_glorot_uniform)}}}, Nothing}, NamedTuple{(:layer_1, :layer_2, :layer_3, :layer_4), NTuple{4, NamedTuple{(), Tuple{}}}}, Vector{Float64}, Vector{Int64}, Vector{Int64}, Vector{Float64}}, UniformScaling{Bool}, Nothing, Nothing, Nothing, Nothing, Nothing, Nothing, Nothing, Nothing, Nothing, Nothing, Nothing, Nothing, Nothing, Nothing, typeof(SciMLBase.DEFAULT_OBSERVED), Nothing, Nothing}, Base.Pairs{Symbol, Union{}, Tuple{}, NamedTuple{(), Tuple{}}}, SciMLBase.StandardODEProblem}, Float64}, ComponentVector{Float64, Vector{Float64}, Tuple{Axis{(p = ViewAxis(1:669, Axis(p_net = ViewAxis(1:609, Axis(layer_1 = ViewAxis(1:48, Axis(weight = ViewAxis(1:32, ShapedAxis((16, 2))), bias = ViewAxis(33:48, ShapedAxis((16, 1))))), layer_2 = ViewAxis(49:320, Axis(weight = ViewAxis(1:256, ShapedAxis((16, 16))), bias = ViewAxis(257:272, ShapedAxis((16, 1))))), layer_3 = ViewAxis(321:592, Axis(weight = ViewAxis(1:256, ShapedAxis((16, 16))), bias = ViewAxis(257:272, ShapedAxis((16, 1))))), layer_4 = ViewAxis(593:609, Axis(weight = ViewAxis(1:16, ShapedAxis((1, 16))), bias = ViewAxis(17:17, ShapedAxis((1, 1))))))), ode_par = 610:669)),)}}}}, Any})(Δ::Float64)
    @ Zygote ~/.julia/packages/Zygote/zowwZ/src/compiler/interface2.jl:0
 [24] Pullback
    @ /projects/vanaja_lab/satya/PathwayML/step2a_hyperparameter_tuning/tpe_mapk_hnode_00.jl:186 [inlined]
 [25] (::Zygote.Pullback{Tuple{var"#33#39"{var"#loss_fn#37"{var"#unstable_check#36", ODEProblem{Vector{Float64}, Tuple{Float64, Float64}, true, SciMLBase.NullParameters, ODEFunction{true, SciMLBase.AutoSpecialize, var"#f#27"{Chain{NamedTuple{(:layer_1, :layer_2, :layer_3, :layer_4), Tuple{Dense{true, typeof(gelu), typeof(my_glorot_uniform), typeof(my_glorot_uniform)}, Dense{true, typeof(gelu), typeof(my_glorot_uniform), typeof(my_glorot_uniform)}, Dense{true, typeof(gelu), typeof(my_glorot_uniform), typeof(my_glorot_uniform)}, Dense{true, typeof(identity), typeof(my_glorot_uniform), typeof(my_glorot_uniform)}}}, Nothing}, NamedTuple{(:layer_1, :layer_2, :layer_3, :layer_4), NTuple{4, NamedTuple{(), Tuple{}}}}, Vector{Float64}, Vector{Int64}, Vector{Int64}, Vector{Float64}}, UniformScaling{Bool}, Nothing, Nothing, Nothing, Nothing, Nothing, Nothing, Nothing, Nothing, Nothing, Nothing, Nothing, Nothing, Nothing, Nothing, typeof(SciMLBase.DEFAULT_OBSERVED), Nothing, Nothing}, Base.Pairs{Symbol, Union{}, Tuple{}, NamedTuple{(), Tuple{}}}, SciMLBase.StandardODEProblem}, Float64}}, ComponentVector{Float64, Vector{Float64}, Tuple{Axis{(p = ViewAxis(1:669, Axis(p_net = ViewAxis(1:609, Axis(layer_1 = ViewAxis(1:48, Axis(weight = ViewAxis(1:32, ShapedAxis((16, 2))), bias = ViewAxis(33:48, ShapedAxis((16, 1))))), layer_2 = ViewAxis(49:320, Axis(weight = ViewAxis(1:256, ShapedAxis((16, 16))), bias = ViewAxis(257:272, ShapedAxis((16, 1))))), layer_3 = ViewAxis(321:592, Axis(weight = ViewAxis(1:256, ShapedAxis((16, 16))), bias = ViewAxis(257:272, ShapedAxis((16, 1))))), layer_4 = ViewAxis(593:609, Axis(weight = ViewAxis(1:16, ShapedAxis((1, 16))), bias = ViewAxis(17:17, ShapedAxis((1, 1))))))), ode_par = 610:669)),)}}}, SciMLBase.NullParameters}, Tuple{Zygote.Pullback{Tuple{var"#loss_fn#37"{var"#unstable_check#36", ODEProblem{Vector{Float64}, Tuple{Float64, Float64}, true, SciMLBase.NullParameters, ODEFunction{true, SciMLBase.AutoSpecialize, var"#f#27"{Chain{NamedTuple{(:layer_1, :layer_2, :layer_3, :layer_4), Tuple{Dense{true, typeof(gelu), typeof(my_glorot_uniform), typeof(my_glorot_uniform)}, Dense{true, typeof(gelu), typeof(my_glorot_uniform), typeof(my_glorot_uniform)}, Dense{true, typeof(gelu), typeof(my_glorot_uniform), typeof(my_glorot_uniform)}, Dense{true, typeof(identity), typeof(my_glorot_uniform), typeof(my_glorot_uniform)}}}, Nothing}, NamedTuple{(:layer_1, :layer_2, :layer_3, :layer_4), NTuple{4, NamedTuple{(), Tuple{}}}}, Vector{Float64}, Vector{Int64}, Vector{Int64}, Vector{Float64}}, UniformScaling{Bool}, Nothing, Nothing, Nothing, Nothing, Nothing, Nothing, Nothing, Nothing, Nothing, Nothing, Nothing, Nothing, Nothing, Nothing, typeof(SciMLBase.DEFAULT_OBSERVED), Nothing, Nothing}, Base.Pairs{Symbol, Union{}, Tuple{}, NamedTuple{(), Tuple{}}}, SciMLBase.StandardODEProblem}, Float64}, ComponentVector{Float64, Vector{Float64}, Tuple{Axis{(p = ViewAxis(1:669, Axis(p_net = ViewAxis(1:609, Axis(layer_1 = ViewAxis(1:48, Axis(weight = ViewAxis(1:32, ShapedAxis((16, 2))), bias = ViewAxis(33:48, ShapedAxis((16, 1))))), layer_2 = ViewAxis(49:320, Axis(weight = ViewAxis(1:256, ShapedAxis((16, 16))), bias = ViewAxis(257:272, ShapedAxis((16, 1))))), layer_3 = ViewAxis(321:592, Axis(weight = ViewAxis(1:256, ShapedAxis((16, 16))), bias = ViewAxis(257:272, ShapedAxis((16, 1))))), layer_4 = ViewAxis(593:609, Axis(weight = ViewAxis(1:16, ShapedAxis((1, 16))), bias = ViewAxis(17:17, ShapedAxis((1, 1))))))), ode_par = 610:669)),)}}}}, Any}, Zygote.var"#2184#back#307"{Zygote.var"#back#306"{:loss_fn, Zygote.Context{false}, var"#33#39"{var"#loss_fn#37"{var"#unstable_check#36", ODEProblem{Vector{Float64}, Tuple{Float64, Float64}, true, SciMLBase.NullParameters, ODEFunction{true, SciMLBase.AutoSpecialize, var"#f#27"{Chain{NamedTuple{(:layer_1, :layer_2, :layer_3, :layer_4), Tuple{Dense{true, typeof(gelu), typeof(my_glorot_uniform), typeof(my_glorot_uniform)}, Dense{true, typeof(gelu), typeof(my_glorot_uniform), typeof(my_glorot_uniform)}, Dense{true, typeof(gelu), typeof(my_glorot_uniform), typeof(my_glorot_uniform)}, Dense{true, typeof(identity), typeof(my_glorot_uniform), typeof(my_glorot_uniform)}}}, Nothing}, NamedTuple{(:layer_1, :layer_2, :layer_3, :layer_4), NTuple{4, NamedTuple{(), Tuple{}}}}, Vector{Float64}, Vector{Int64}, Vector{Int64}, Vector{Float64}}, UniformScaling{Bool}, Nothing, Nothing, Nothing, Nothing, Nothing, Nothing, Nothing, Nothing, Nothing, Nothing, Nothing, Nothing, Nothing, Nothing, typeof(SciMLBase.DEFAULT_OBSERVED), Nothing, Nothing}, Base.Pairs{Symbol, Union{}, Tuple{}, NamedTuple{(), Tuple{}}}, SciMLBase.StandardODEProblem}, Float64}}, var"#loss_fn#37"{var"#unstable_check#36", ODEProblem{Vector{Float64}, Tuple{Float64, Float64}, true, SciMLBase.NullParameters, ODEFunction{true, SciMLBase.AutoSpecialize, var"#f#27"{Chain{NamedTuple{(:layer_1, :layer_2, :layer_3, :layer_4), Tuple{Dense{true, typeof(gelu), typeof(my_glorot_uniform), typeof(my_glorot_uniform)}, Dense{true, typeof(gelu), typeof(my_glorot_uniform), typeof(my_glorot_uniform)}, Dense{true, typeof(gelu), typeof(my_glorot_uniform), typeof(my_glorot_uniform)}, Dense{true, typeof(identity), typeof(my_glorot_uniform), typeof(my_glorot_uniform)}}}, Nothing}, NamedTuple{(:layer_1, :layer_2, :layer_3, :layer_4), NTuple{4, NamedTuple{(), Tuple{}}}}, Vector{Float64}, Vector{Int64}, Vector{Int64}, Vector{Float64}}, UniformScaling{Bool}, Nothing, Nothing, Nothing, Nothing, Nothing, Nothing, Nothing, Nothing, Nothing, Nothing, Nothing, Nothing, Nothing, Nothing, typeof(SciMLBase.DEFAULT_OBSERVED), Nothing, Nothing}, Base.Pairs{Symbol, Union{}, Tuple{}, NamedTuple{(), Tuple{}}}, SciMLBase.StandardODEProblem}, Float64}}}}})(Δ::Float64)
    @ Zygote ~/.julia/packages/Zygote/zowwZ/src/compiler/interface2.jl:0
 [26] #295
    @ ~/.julia/packages/Zygote/zowwZ/src/lib/lib.jl:205 [inlined]
 [27] #2173#back
    @ ~/.julia/packages/ZygoteRules/fKghs/src/adjoint.jl:73 [inlined]
 [28] Pullback
    @ ~/.julia/packages/SciMLBase/8XHkk/src/scimlfunctions.jl:3933 [inlined]
 [29] (::Zygote.Pullback{Tuple{OptimizationFunction{true, AutoZygote, var"#33#39"{var"#loss_fn#37"{var"#unstable_check#36", ODEProblem{Vector{Float64}, Tuple{Float64, Float64}, true, SciMLBase.NullParameters, ODEFunction{true, SciMLBase.AutoSpecialize, var"#f#27"{Chain{NamedTuple{(:layer_1, :layer_2, :layer_3, :layer_4), Tuple{Dense{true, typeof(gelu), typeof(my_glorot_uniform), typeof(my_glorot_uniform)}, Dense{true, typeof(gelu), typeof(my_glorot_uniform), typeof(my_glorot_uniform)}, Dense{true, typeof(gelu), typeof(my_glorot_uniform), typeof(my_glorot_uniform)}, Dense{true, typeof(identity), typeof(my_glorot_uniform), typeof(my_glorot_uniform)}}}, Nothing}, NamedTuple{(:layer_1, :layer_2, :layer_3, :layer_4), NTuple{4, NamedTuple{(), Tuple{}}}}, Vector{Float64}, Vector{Int64}, Vector{Int64}, Vector{Float64}}, UniformScaling{Bool}, Nothing, Nothing, Nothing, Nothing, Nothing, Nothing, Nothing, Nothing, Nothing, Nothing, Nothing, Nothing, Nothing, Nothing, typeof(SciMLBase.DEFAULT_OBSERVED), Nothing, Nothing}, Base.Pairs{Symbol, Union{}, Tuple{}, NamedTuple{(), Tuple{}}}, SciMLBase.StandardODEProblem}, Float64}}, Nothing, Nothing, Nothing, Nothing, Nothing, Nothing, Nothing, Nothing, Nothing, Nothing, Nothing, typeof(SciMLBase.DEFAULT_OBSERVED_NO_TIME), Nothing, Nothing, Nothing, Nothing, Nothing, Nothing, Nothing, Nothing, Nothing}, ComponentVector{Float64, Vector{Float64}, Tuple{Axis{(p = ViewAxis(1:669, Axis(p_net = ViewAxis(1:609, Axis(layer_1 = ViewAxis(1:48, Axis(weight = ViewAxis(1:32, ShapedAxis((16, 2))), bias = ViewAxis(33:48, ShapedAxis((16, 1))))), layer_2 = ViewAxis(49:320, Axis(weight = ViewAxis(1:256, ShapedAxis((16, 16))), bias = ViewAxis(257:272, ShapedAxis((16, 1))))), layer_3 = ViewAxis(321:592, Axis(weight = ViewAxis(1:256, ShapedAxis((16, 16))), bias = ViewAxis(257:272, ShapedAxis((16, 1))))), layer_4 = ViewAxis(593:609, Axis(weight = ViewAxis(1:16, ShapedAxis((1, 16))), bias = ViewAxis(17:17, ShapedAxis((1, 1))))))), ode_par = 610:669)),)}}}, SciMLBase.NullParameters}, Tuple{Zygote.var"#2184#back#307"{Zygote.var"#back#306"{:f, Zygote.Context{false}, OptimizationFunction{true, AutoZygote, var"#33#39"{var"#loss_fn#37"{var"#unstable_check#36", ODEProblem{Vector{Float64}, Tuple{Float64, Float64}, true, SciMLBase.NullParameters, ODEFunction{true, SciMLBase.AutoSpecialize, var"#f#27"{Chain{NamedTuple{(:layer_1, :layer_2, :layer_3, :layer_4), Tuple{Dense{true, typeof(gelu), typeof(my_glorot_uniform), typeof(my_glorot_uniform)}, Dense{true, typeof(gelu), typeof(my_glorot_uniform), typeof(my_glorot_uniform)}, Dense{true, typeof(gelu), typeof(my_glorot_uniform), typeof(my_glorot_uniform)}, Dense{true, typeof(identity), typeof(my_glorot_uniform), typeof(my_glorot_uniform)}}}, Nothing}, NamedTuple{(:layer_1, :layer_2, :layer_3, :layer_4), NTuple{4, NamedTuple{(), Tuple{}}}}, Vector{Float64}, Vector{Int64}, Vector{Int64}, Vector{Float64}}, UniformScaling{Bool}, Nothing, Nothing, Nothing, Nothing, Nothing, Nothing, Nothing, Nothing, Nothing, Nothing, Nothing, Nothing, Nothing, Nothing, typeof(SciMLBase.DEFAULT_OBSERVED), Nothing, Nothing}, Base.Pairs{Symbol, Union{}, Tuple{}, NamedTuple{(), Tuple{}}}, SciMLBase.StandardODEProblem}, Float64}}, Nothing, Nothing, Nothing, Nothing, Nothing, Nothing, Nothing, Nothing, Nothing, Nothing, Nothing, typeof(SciMLBase.DEFAULT_OBSERVED_NO_TIME), Nothing, Nothing, Nothing, Nothing, Nothing, Nothing, Nothing, Nothing, Nothing}, var"#33#39"{var"#loss_fn#37"{var"#unstable_check#36", ODEProblem{Vector{Float64}, Tuple{Float64, Float64}, true, SciMLBase.NullParameters, ODEFunction{true, SciMLBase.AutoSpecialize, var"#f#27"{Chain{NamedTuple{(:layer_1, :layer_2, :layer_3, :layer_4), Tuple{Dense{true, typeof(gelu), typeof(my_glorot_uniform), typeof(my_glorot_uniform)}, Dense{true, typeof(gelu), typeof(my_glorot_uniform), typeof(my_glorot_uniform)}, Dense{true, typeof(gelu), typeof(my_glorot_uniform), typeof(my_glorot_uniform)}, Dense{true, typeof(identity), typeof(my_glorot_uniform), typeof(my_glorot_uniform)}}}, Nothing}, NamedTuple{(:layer_1, :layer_2, :layer_3, :layer_4), NTuple{4, NamedTuple{(), Tuple{}}}}, Vector{Float64}, Vector{Int64}, Vector{Int64}, Vector{Float64}}, UniformScaling{Bool}, Nothing, Nothing, Nothing, Nothing, Nothing, Nothing, Nothing, Nothing, Nothing, Nothing, Nothing, Nothing, Nothing, Nothing, typeof(SciMLBase.DEFAULT_OBSERVED), Nothing, Nothing}, Base.Pairs{Symbol, Union{}, Tuple{}, NamedTuple{(), Tuple{}}}, SciMLBase.StandardODEProblem}, Float64}}}}, Zygote.var"#2173#back#297"{Zygote.var"#295#296"{Tuple{Tuple{Nothing, Nothing}}, Zygote.Pullback{Tuple{var"#33#39"{var"#loss_fn#37"{var"#unstable_check#36", ODEProblem{Vector{Float64}, Tuple{Float64, Float64}, true, SciMLBase.NullParameters, ODEFunction{true, SciMLBase.AutoSpecialize, var"#f#27"{Chain{NamedTuple{(:layer_1, :layer_2, :layer_3, :layer_4), Tuple{Dense{true, typeof(gelu), typeof(my_glorot_uniform), typeof(my_glorot_uniform)}, Dense{true, typeof(gelu), typeof(my_glorot_uniform), typeof(my_glorot_uniform)}, Dense{true, typeof(gelu), typeof(my_glorot_uniform), typeof(my_glorot_uniform)}, Dense{true, typeof(identity), typeof(my_glorot_uniform), typeof(my_glorot_uniform)}}}, Nothing}, NamedTuple{(:layer_1, :layer_2, :layer_3, :layer_4), NTuple{4, NamedTuple{(), Tuple{}}}}, Vector{Float64}, Vector{Int64}, Vector{Int64}, Vector{Float64}}, UniformScaling{Bool}, Nothing, Nothing, Nothing, Nothing, Nothing, Nothing, Nothing, Nothing, Nothing, Nothing, Nothing, Nothing, Nothing, Nothing, typeof(SciMLBase.DEFAULT_OBSERVED), Nothing, Nothing}, Base.Pairs{Symbol, Union{}, Tuple{}, NamedTuple{(), Tuple{}}}, SciMLBase.StandardODEProblem}, Float64}}, ComponentVector{Float64, Vector{Float64}, Tuple{Axis{(p = ViewAxis(1:669, Axis(p_net = ViewAxis(1:609, Axis(layer_1 = ViewAxis(1:48, Axis(weight = ViewAxis(1:32, ShapedAxis((16, 2))), bias = ViewAxis(33:48, ShapedAxis((16, 1))))), layer_2 = ViewAxis(49:320, Axis(weight = ViewAxis(1:256, ShapedAxis((16, 16))), bias = ViewAxis(257:272, ShapedAxis((16, 1))))), layer_3 = ViewAxis(321:592, Axis(weight = ViewAxis(1:256, ShapedAxis((16, 16))), bias = ViewAxis(257:272, ShapedAxis((16, 1))))), layer_4 = ViewAxis(593:609, Axis(weight = ViewAxis(1:16, ShapedAxis((1, 16))), bias = ViewAxis(17:17, ShapedAxis((1, 1))))))), ode_par = 610:669)),)}}}, SciMLBase.NullParameters}, Tuple{Zygote.Pullback{Tuple{var"#loss_fn#37"{var"#unstable_check#36", ODEProblem{Vector{Float64}, Tuple{Float64, Float64}, true, SciMLBase.NullParameters, ODEFunction{true, SciMLBase.AutoSpecialize, var"#f#27"{Chain{NamedTuple{(:layer_1, :layer_2, :layer_3, :layer_4), Tuple{Dense{true, typeof(gelu), typeof(my_glorot_uniform), typeof(my_glorot_uniform)}, Dense{true, typeof(gelu), typeof(my_glorot_uniform), typeof(my_glorot_uniform)}, Dense{true, typeof(gelu), typeof(my_glorot_uniform), typeof(my_glorot_uniform)}, Dense{true, typeof(identity), typeof(my_glorot_uniform), typeof(my_glorot_uniform)}}}, Nothing}, NamedTuple{(:layer_1, :layer_2, :layer_3, :layer_4), NTuple{4, NamedTuple{(), Tuple{}}}}, Vector{Float64}, Vector{Int64}, Vector{Int64}, Vector{Float64}}, UniformScaling{Bool}, Nothing, Nothing, Nothing, Nothing, Nothing, Nothing, Nothing, Nothing, Nothing, Nothing, Nothing, Nothing, Nothing, Nothing, typeof(SciMLBase.DEFAULT_OBSERVED), Nothing, Nothing}, Base.Pairs{Symbol, Union{}, Tuple{}, NamedTuple{(), Tuple{}}}, SciMLBase.StandardODEProblem}, Float64}, ComponentVector{Float64, Vector{Float64}, Tuple{Axis{(p = ViewAxis(1:669, Axis(p_net = ViewAxis(1:609, Axis(layer_1 = ViewAxis(1:48, Axis(weight = ViewAxis(1:32, ShapedAxis((16, 2))), bias = ViewAxis(33:48, ShapedAxis((16, 1))))), layer_2 = ViewAxis(49:320, Axis(weight = ViewAxis(1:256, ShapedAxis((16, 16))), bias = ViewAxis(257:272, ShapedAxis((16, 1))))), layer_3 = ViewAxis(321:592, Axis(weight = ViewAxis(1:256, ShapedAxis((16, 16))), bias = ViewAxis(257:272, ShapedAxis((16, 1))))), layer_4 = ViewAxis(593:609, Axis(weight = ViewAxis(1:16, ShapedAxis((1, 16))), bias = ViewAxis(17:17, ShapedAxis((1, 1))))))), ode_par = 610:669)),)}}}}, Any}, Zygote.var"#2184#back#307"{Zygote.var"#back#306"{:loss_fn, Zygote.Context{false}, var"#33#39"{var"#loss_fn#37"{var"#unstable_check#36", ODEProblem{Vector{Float64}, Tuple{Float64, Float64}, true, SciMLBase.NullParameters, ODEFunction{true, SciMLBase.AutoSpecialize, var"#f#27"{Chain{NamedTuple{(:layer_1, :layer_2, :layer_3, :layer_4), Tuple{Dense{true, typeof(gelu), typeof(my_glorot_uniform), typeof(my_glorot_uniform)}, Dense{true, typeof(gelu), typeof(my_glorot_uniform), typeof(my_glorot_uniform)}, Dense{true, typeof(gelu), typeof(my_glorot_uniform), typeof(my_glorot_uniform)}, Dense{true, typeof(identity), typeof(my_glorot_uniform), typeof(my_glorot_uniform)}}}, Nothing}, NamedTuple{(:layer_1, :layer_2, :layer_3, :layer_4), NTuple{4, NamedTuple{(), Tuple{}}}}, Vector{Float64}, Vector{Int64}, Vector{Int64}, Vector{Float64}}, UniformScaling{Bool}, Nothing, Nothing, Nothing, Nothing, Nothing, Nothing, Nothing, Nothing, Nothing, Nothing, Nothing, Nothing, Nothing, Nothing, typeof(SciMLBase.DEFAULT_OBSERVED), Nothing, Nothing}, Base.Pairs{Symbol, Union{}, Tuple{}, NamedTuple{(), Tuple{}}}, SciMLBase.StandardODEProblem}, Float64}}, var"#loss_fn#37"{var"#unstable_check#36", ODEProblem{Vector{Float64}, Tuple{Float64, Float64}, true, SciMLBase.NullParameters, ODEFunction{true, SciMLBase.AutoSpecialize, var"#f#27"{Chain{NamedTuple{(:layer_1, :layer_2, :layer_3, :layer_4), Tuple{Dense{true, typeof(gelu), typeof(my_glorot_uniform), typeof(my_glorot_uniform)}, Dense{true, typeof(gelu), typeof(my_glorot_uniform), typeof(my_glorot_uniform)}, Dense{true, typeof(gelu), typeof(my_glorot_uniform), typeof(my_glorot_uniform)}, Dense{true, typeof(identity), typeof(my_glorot_uniform), typeof(my_glorot_uniform)}}}, Nothing}, NamedTuple{(:layer_1, :layer_2, :layer_3, :layer_4), NTuple{4, NamedTuple{(), Tuple{}}}}, Vector{Float64}, Vector{Int64}, Vector{Int64}, Vector{Float64}}, UniformScaling{Bool}, Nothing, Nothing, Nothing, Nothing, Nothing, Nothing, Nothing, Nothing, Nothing, Nothing, Nothing, Nothing, Nothing, Nothing, typeof(SciMLBase.DEFAULT_OBSERVED), Nothing, Nothing}, Base.Pairs{Symbol, Union{}, Tuple{}, NamedTuple{(), Tuple{}}}, SciMLBase.StandardODEProblem}, Float64}}}}}}}}})(Δ::Float64)
    @ Zygote ~/.julia/packages/Zygote/zowwZ/src/compiler/interface2.jl:0
 [30] #295
    @ ~/.julia/packages/Zygote/zowwZ/src/lib/lib.jl:205 [inlined]
 [31] (::Zygote.var"#2173#back#297"{Zygote.var"#295#296"{Tuple{Tuple{Nothing, Nothing}, Tuple{}}, Zygote.Pullback{Tuple{OptimizationFunction{true, AutoZygote, var"#33#39"{var"#loss_fn#37"{var"#unstable_check#36", ODEProblem{Vector{Float64}, Tuple{Float64, Float64}, true, SciMLBase.NullParameters, ODEFunction{true, SciMLBase.AutoSpecialize, var"#f#27"{Chain{NamedTuple{(:layer_1, :layer_2, :layer_3, :layer_4), Tuple{Dense{true, typeof(gelu), typeof(my_glorot_uniform), typeof(my_glorot_uniform)}, Dense{true, typeof(gelu), typeof(my_glorot_uniform), typeof(my_glorot_uniform)}, Dense{true, typeof(gelu), typeof(my_glorot_uniform), typeof(my_glorot_uniform)}, Dense{true, typeof(identity), typeof(my_glorot_uniform), typeof(my_glorot_uniform)}}}, Nothing}, NamedTuple{(:layer_1, :layer_2, :layer_3, :layer_4), NTuple{4, NamedTuple{(), Tuple{}}}}, Vector{Float64}, Vector{Int64}, Vector{Int64}, Vector{Float64}}, UniformScaling{Bool}, Nothing, Nothing, Nothing, Nothing, Nothing, Nothing, Nothing, Nothing, Nothing, Nothing, Nothing, Nothing, Nothing, Nothing, typeof(SciMLBase.DEFAULT_OBSERVED), Nothing, Nothing}, Base.Pairs{Symbol, Union{}, Tuple{}, NamedTuple{(), Tuple{}}}, SciMLBase.StandardODEProblem}, Float64}}, Nothing, Nothing, Nothing, Nothing, Nothing, Nothing, Nothing, Nothing, Nothing, Nothing, Nothing, typeof(SciMLBase.DEFAULT_OBSERVED_NO_TIME), Nothing, Nothing, Nothing, Nothing, Nothing, Nothing, Nothing, Nothing, Nothing}, ComponentVector{Float64, Vector{Float64}, Tuple{Axis{(p = ViewAxis(1:669, Axis(p_net = ViewAxis(1:609, Axis(layer_1 = ViewAxis(1:48, Axis(weight = ViewAxis(1:32, ShapedAxis((16, 2))), bias = ViewAxis(33:48, ShapedAxis((16, 1))))), layer_2 = ViewAxis(49:320, Axis(weight = ViewAxis(1:256, ShapedAxis((16, 16))), bias = ViewAxis(257:272, ShapedAxis((16, 1))))), layer_3 = ViewAxis(321:592, Axis(weight = ViewAxis(1:256, ShapedAxis((16, 16))), bias = ViewAxis(257:272, ShapedAxis((16, 1))))), layer_4 = ViewAxis(593:609, Axis(weight = ViewAxis(1:16, ShapedAxis((1, 16))), bias = ViewAxis(17:17, ShapedAxis((1, 1))))))), ode_par = 610:669)),)}}}, SciMLBase.NullParameters}, Tuple{Zygote.var"#2184#back#307"{Zygote.var"#back#306"{:f, Zygote.Context{false}, OptimizationFunction{true, AutoZygote, var"#33#39"{var"#loss_fn#37"{var"#unstable_check#36", ODEProblem{Vector{Float64}, Tuple{Float64, Float64}, true, SciMLBase.NullParameters, ODEFunction{true, SciMLBase.AutoSpecialize, var"#f#27"{Chain{NamedTuple{(:layer_1, :layer_2, :layer_3, :layer_4), Tuple{Dense{true, typeof(gelu), typeof(my_glorot_uniform), typeof(my_glorot_uniform)}, Dense{true, typeof(gelu), typeof(my_glorot_uniform), typeof(my_glorot_uniform)}, Dense{true, typeof(gelu), typeof(my_glorot_uniform), typeof(my_glorot_uniform)}, Dense{true, typeof(identity), typeof(my_glorot_uniform), typeof(my_glorot_uniform)}}}, Nothing}, NamedTuple{(:layer_1, :layer_2, :layer_3, :layer_4), NTuple{4, NamedTuple{(), Tuple{}}}}, Vector{Float64}, Vector{Int64}, Vector{Int64}, Vector{Float64}}, UniformScaling{Bool}, Nothing, Nothing, Nothing, Nothing, Nothing, Nothing, Nothing, Nothing, Nothing, Nothing, Nothing, Nothing, Nothing, Nothing, typeof(SciMLBase.DEFAULT_OBSERVED), Nothing, Nothing}, Base.Pairs{Symbol, Union{}, Tuple{}, NamedTuple{(), Tuple{}}}, SciMLBase.StandardODEProblem}, Float64}}, Nothing, Nothing, Nothing, Nothing, Nothing, Nothing, Nothing, Nothing, Nothing, Nothing, Nothing, typeof(SciMLBase.DEFAULT_OBSERVED_NO_TIME), Nothing, Nothing, Nothing, Nothing, Nothing, Nothing, Nothing, Nothing, Nothing}, var"#33#39"{var"#loss_fn#37"{var"#unstable_check#36", ODEProblem{Vector{Float64}, Tuple{Float64, Float64}, true, SciMLBase.NullParameters, ODEFunction{true, SciMLBase.AutoSpecialize, var"#f#27"{Chain{NamedTuple{(:layer_1, :layer_2, :layer_3, :layer_4), Tuple{Dense{true, typeof(gelu), typeof(my_glorot_uniform), typeof(my_glorot_uniform)}, Dense{true, typeof(gelu), typeof(my_glorot_uniform), typeof(my_glorot_uniform)}, Dense{true, typeof(gelu), typeof(my_glorot_uniform), typeof(my_glorot_uniform)}, Dense{true, typeof(identity), typeof(my_glorot_uniform), typeof(my_glorot_uniform)}}}, Nothing}, NamedTuple{(:layer_1, :layer_2, :layer_3, :layer_4), NTuple{4, NamedTuple{(), Tuple{}}}}, Vector{Float64}, Vector{Int64}, Vector{Int64}, Vector{Float64}}, UniformScaling{Bool}, Nothing, Nothing, Nothing, Nothing, Nothing, Nothing, Nothing, Nothing, Nothing, Nothing, Nothing, Nothing, Nothing, Nothing, typeof(SciMLBase.DEFAULT_OBSERVED), Nothing, Nothing}, Base.Pairs{Symbol, Union{}, Tuple{}, NamedTuple{(), Tuple{}}}, SciMLBase.StandardODEProblem}, Float64}}}}, Zygote.var"#2173#back#297"{Zygote.var"#295#296"{Tuple{Tuple{Nothing, Nothing}}, Zygote.Pullback{Tuple{var"#33#39"{var"#loss_fn#37"{var"#unstable_check#36", ODEProblem{Vector{Float64}, Tuple{Float64, Float64}, true, SciMLBase.NullParameters, ODEFunction{true, SciMLBase.AutoSpecialize, var"#f#27"{Chain{NamedTuple{(:layer_1, :layer_2, :layer_3, :layer_4), Tuple{Dense{true, typeof(gelu), typeof(my_glorot_uniform), typeof(my_glorot_uniform)}, Dense{true, typeof(gelu), typeof(my_glorot_uniform), typeof(my_glorot_uniform)}, Dense{true, typeof(gelu), typeof(my_glorot_uniform), typeof(my_glorot_uniform)}, Dense{true, typeof(identity), typeof(my_glorot_uniform), typeof(my_glorot_uniform)}}}, Nothing}, NamedTuple{(:layer_1, :layer_2, :layer_3, :layer_4), NTuple{4, NamedTuple{(), Tuple{}}}}, Vector{Float64}, Vector{Int64}, Vector{Int64}, Vector{Float64}}, UniformScaling{Bool}, Nothing, Nothing, Nothing, Nothing, Nothing, Nothing, Nothing, Nothing, Nothing, Nothing, Nothing, Nothing, Nothing, Nothing, typeof(SciMLBase.DEFAULT_OBSERVED), Nothing, Nothing}, Base.Pairs{Symbol, Union{}, Tuple{}, NamedTuple{(), Tuple{}}}, SciMLBase.StandardODEProblem}, Float64}}, ComponentVector{Float64, Vector{Float64}, Tuple{Axis{(p = ViewAxis(1:669, Axis(p_net = ViewAxis(1:609, Axis(layer_1 = ViewAxis(1:48, Axis(weight = ViewAxis(1:32, ShapedAxis((16, 2))), bias = ViewAxis(33:48, ShapedAxis((16, 1))))), layer_2 = ViewAxis(49:320, Axis(weight = ViewAxis(1:256, ShapedAxis((16, 16))), bias = ViewAxis(257:272, ShapedAxis((16, 1))))), layer_3 = ViewAxis(321:592, Axis(weight = ViewAxis(1:256, ShapedAxis((16, 16))), bias = ViewAxis(257:272, ShapedAxis((16, 1))))), layer_4 = ViewAxis(593:609, Axis(weight = ViewAxis(1:16, ShapedAxis((1, 16))), bias = ViewAxis(17:17, ShapedAxis((1, 1))))))), ode_par = 610:669)),)}}}, SciMLBase.NullParameters}, Tuple{Zygote.Pullback{Tuple{var"#loss_fn#37"{var"#unstable_check#36", ODEProblem{Vector{Float64}, Tuple{Float64, Float64}, true, SciMLBase.NullParameters, ODEFunction{true, SciMLBase.AutoSpecialize, var"#f#27"{Chain{NamedTuple{(:layer_1, :layer_2, :layer_3, :layer_4), Tuple{Dense{true, typeof(gelu), typeof(my_glorot_uniform), typeof(my_glorot_uniform)}, Dense{true, typeof(gelu), typeof(my_glorot_uniform), typeof(my_glorot_uniform)}, Dense{true, typeof(gelu), typeof(my_glorot_uniform), typeof(my_glorot_uniform)}, Dense{true, typeof(identity), typeof(my_glorot_uniform), typeof(my_glorot_uniform)}}}, Nothing}, NamedTuple{(:layer_1, :layer_2, :layer_3, :layer_4), NTuple{4, NamedTuple{(), Tuple{}}}}, Vector{Float64}, Vector{Int64}, Vector{Int64}, Vector{Float64}}, UniformScaling{Bool}, Nothing, Nothing, Nothing, Nothing, Nothing, Nothing, Nothing, Nothing, Nothing, Nothing, Nothing, Nothing, Nothing, Nothing, typeof(SciMLBase.DEFAULT_OBSERVED), Nothing, Nothing}, Base.Pairs{Symbol, Union{}, Tuple{}, NamedTuple{(), Tuple{}}}, SciMLBase.StandardODEProblem}, Float64}, ComponentVector{Float64, Vector{Float64}, Tuple{Axis{(p = ViewAxis(1:669, Axis(p_net = ViewAxis(1:609, Axis(layer_1 = ViewAxis(1:48, Axis(weight = ViewAxis(1:32, ShapedAxis((16, 2))), bias = ViewAxis(33:48, ShapedAxis((16, 1))))), layer_2 = ViewAxis(49:320, Axis(weight = ViewAxis(1:256, ShapedAxis((16, 16))), bias = ViewAxis(257:272, ShapedAxis((16, 1))))), layer_3 = ViewAxis(321:592, Axis(weight = ViewAxis(1:256, ShapedAxis((16, 16))), bias = ViewAxis(257:272, ShapedAxis((16, 1))))), layer_4 = ViewAxis(593:609, Axis(weight = ViewAxis(1:16, ShapedAxis((1, 16))), bias = ViewAxis(17:17, ShapedAxis((1, 1))))))), ode_par = 610:669)),)}}}}, Any}, Zygote.var"#2184#back#307"{Zygote.var"#back#306"{:loss_fn, Zygote.Context{false}, var"#33#39"{var"#loss_fn#37"{var"#unstable_check#36", ODEProblem{Vector{Float64}, Tuple{Float64, Float64}, true, SciMLBase.NullParameters, ODEFunction{true, SciMLBase.AutoSpecialize, var"#f#27"{Chain{NamedTuple{(:layer_1, :layer_2, :layer_3, :layer_4), Tuple{Dense{true, typeof(gelu), typeof(my_glorot_uniform), typeof(my_glorot_uniform)}, Dense{true, typeof(gelu), typeof(my_glorot_uniform), typeof(my_glorot_uniform)}, Dense{true, typeof(gelu), typeof(my_glorot_uniform), typeof(my_glorot_uniform)}, Dense{true, typeof(identity), typeof(my_glorot_uniform), typeof(my_glorot_uniform)}}}, Nothing}, NamedTuple{(:layer_1, :layer_2, :layer_3, :layer_4), NTuple{4, NamedTuple{(), Tuple{}}}}, Vector{Float64}, Vector{Int64}, Vector{Int64}, Vector{Float64}}, UniformScaling{Bool}, Nothing, Nothing, Nothing, Nothing, Nothing, Nothing, Nothing, Nothing, Nothing, Nothing, Nothing, Nothing, Nothing, Nothing, typeof(SciMLBase.DEFAULT_OBSERVED), Nothing, Nothing}, Base.Pairs{Symbol, Union{}, Tuple{}, NamedTuple{(), Tuple{}}}, SciMLBase.StandardODEProblem}, Float64}}, var"#loss_fn#37"{var"#unstable_check#36", ODEProblem{Vector{Float64}, Tuple{Float64, Float64}, true, SciMLBase.NullParameters, ODEFunction{true, SciMLBase.AutoSpecialize, var"#f#27"{Chain{NamedTuple{(:layer_1, :layer_2, :layer_3, :layer_4), Tuple{Dense{true, typeof(gelu), typeof(my_glorot_uniform), typeof(my_glorot_uniform)}, Dense{true, typeof(gelu), typeof(my_glorot_uniform), typeof(my_glorot_uniform)}, Dense{true, typeof(gelu), typeof(my_glorot_uniform), typeof(my_glorot_uniform)}, Dense{true, typeof(identity), typeof(my_glorot_uniform), typeof(my_glorot_uniform)}}}, Nothing}, NamedTuple{(:layer_1, :layer_2, :layer_3, :layer_4), NTuple{4, NamedTuple{(), Tuple{}}}}, Vector{Float64}, Vector{Int64}, Vector{Int64}, Vector{Float64}}, UniformScaling{Bool}, Nothing, Nothing, Nothing, Nothing, Nothing, Nothing, Nothing, Nothing, Nothing, Nothing, Nothing, Nothing, Nothing, Nothing, typeof(SciMLBase.DEFAULT_OBSERVED), Nothing, Nothing}, Base.Pairs{Symbol, Union{}, Tuple{}, NamedTuple{(), Tuple{}}}, SciMLBase.StandardODEProblem}, Float64}}}}}}}}}}})(Δ::Float64)
    @ Zygote ~/.julia/packages/ZygoteRules/fKghs/src/adjoint.jl:73
 [32] Pullback
    @ ~/.julia/packages/Optimization/fPVIW/ext/OptimizationZygoteExt.jl:88 [inlined]
 [33] (::Zygote.Pullback{Tuple{OptimizationZygoteExt.var"#37#55"{OptimizationFunction{true, AutoZygote, var"#33#39"{var"#loss_fn#37"{var"#unstable_check#36", ODEProblem{Vector{Float64}, Tuple{Float64, Float64}, true, SciMLBase.NullParameters, ODEFunction{true, SciMLBase.AutoSpecialize, var"#f#27"{Chain{NamedTuple{(:layer_1, :layer_2, :layer_3, :layer_4), Tuple{Dense{true, typeof(gelu), typeof(my_glorot_uniform), typeof(my_glorot_uniform)}, Dense{true, typeof(gelu), typeof(my_glorot_uniform), typeof(my_glorot_uniform)}, Dense{true, typeof(gelu), typeof(my_glorot_uniform), typeof(my_glorot_uniform)}, Dense{true, typeof(identity), typeof(my_glorot_uniform), typeof(my_glorot_uniform)}}}, Nothing}, NamedTuple{(:layer_1, :layer_2, :layer_3, :layer_4), NTuple{4, NamedTuple{(), Tuple{}}}}, Vector{Float64}, Vector{Int64}, Vector{Int64}, Vector{Float64}}, UniformScaling{Bool}, Nothing, Nothing, Nothing, Nothing, Nothing, Nothing, Nothing, Nothing, Nothing, Nothing, Nothing, Nothing, Nothing, Nothing, typeof(SciMLBase.DEFAULT_OBSERVED), Nothing, Nothing}, Base.Pairs{Symbol, Union{}, Tuple{}, NamedTuple{(), Tuple{}}}, SciMLBase.StandardODEProblem}, Float64}}, Nothing, Nothing, Nothing, Nothing, Nothing, Nothing, Nothing, Nothing, Nothing, Nothing, Nothing, typeof(SciMLBase.DEFAULT_OBSERVED_NO_TIME), Nothing, Nothing, Nothing, Nothing, Nothing, Nothing, Nothing, Nothing, Nothing}, Optimization.ReInitCache{ComponentVector{Float64, Vector{Float64}, Tuple{Axis{(p = ViewAxis(1:669, Axis(p_net = ViewAxis(1:609, Axis(layer_1 = ViewAxis(1:48, Axis(weight = ViewAxis(1:32, ShapedAxis((16, 2))), bias = ViewAxis(33:48, ShapedAxis((16, 1))))), layer_2 = ViewAxis(49:320, Axis(weight = ViewAxis(1:256, ShapedAxis((16, 16))), bias = ViewAxis(257:272, ShapedAxis((16, 1))))), layer_3 = ViewAxis(321:592, Axis(weight = ViewAxis(1:256, ShapedAxis((16, 16))), bias = ViewAxis(257:272, ShapedAxis((16, 1))))), layer_4 = ViewAxis(593:609, Axis(weight = ViewAxis(1:16, ShapedAxis((1, 16))), bias = ViewAxis(17:17, ShapedAxis((1, 1))))))), ode_par = 610:669)),)}}}, SciMLBase.NullParameters}}, ComponentVector{Float64, Vector{Float64}, Tuple{Axis{(p = ViewAxis(1:669, Axis(p_net = ViewAxis(1:609, Axis(layer_1 = ViewAxis(1:48, Axis(weight = ViewAxis(1:32, ShapedAxis((16, 2))), bias = ViewAxis(33:48, ShapedAxis((16, 1))))), layer_2 = ViewAxis(49:320, Axis(weight = ViewAxis(1:256, ShapedAxis((16, 16))), bias = ViewAxis(257:272, ShapedAxis((16, 1))))), layer_3 = ViewAxis(321:592, Axis(weight = ViewAxis(1:256, ShapedAxis((16, 16))), bias = ViewAxis(257:272, ShapedAxis((16, 1))))), layer_4 = ViewAxis(593:609, Axis(weight = ViewAxis(1:16, ShapedAxis((1, 16))), bias = ViewAxis(17:17, ShapedAxis((1, 1))))))), ode_par = 610:669)),)}}}}, Tuple{Zygote.Pullback{Tuple{typeof(Zygote.literal_getindex), Float64, Val{1}}, Tuple{Zygote.Pullback{Tuple{typeof(getindex), Float64, Int64}, Any}}}, Zygote.var"#2017#back#208"{typeof(identity)}, Zygote.var"#2184#back#307"{Zygote.var"#back#306"{:cache, Zygote.Context{false}, OptimizationZygoteExt.var"#37#55"{OptimizationFunction{true, AutoZygote, var"#33#39"{var"#loss_fn#37"{var"#unstable_check#36", ODEProblem{Vector{Float64}, Tuple{Float64, Float64}, true, SciMLBase.NullParameters, ODEFunction{true, SciMLBase.AutoSpecialize, var"#f#27"{Chain{NamedTuple{(:layer_1, :layer_2, :layer_3, :layer_4), Tuple{Dense{true, typeof(gelu), typeof(my_glorot_uniform), typeof(my_glorot_uniform)}, Dense{true, typeof(gelu), typeof(my_glorot_uniform), typeof(my_glorot_uniform)}, Dense{true, typeof(gelu), typeof(my_glorot_uniform), typeof(my_glorot_uniform)}, Dense{true, typeof(identity), typeof(my_glorot_uniform), typeof(my_glorot_uniform)}}}, Nothing}, NamedTuple{(:layer_1, :layer_2, :layer_3, :layer_4), NTuple{4, NamedTuple{(), Tuple{}}}}, Vector{Float64}, Vector{Int64}, Vector{Int64}, Vector{Float64}}, UniformScaling{Bool}, Nothing, Nothing, Nothing, Nothing, Nothing, Nothing, Nothing, Nothing, Nothing, Nothing, Nothing, Nothing, Nothing, Nothing, typeof(SciMLBase.DEFAULT_OBSERVED), Nothing, Nothing}, Base.Pairs{Symbol, Union{}, Tuple{}, NamedTuple{(), Tuple{}}}, SciMLBase.StandardODEProblem}, Float64}}, Nothing, Nothing, Nothing, Nothing, Nothing, Nothing, Nothing, Nothing, Nothing, Nothing, Nothing, typeof(SciMLBase.DEFAULT_OBSERVED_NO_TIME), Nothing, Nothing, Nothing, Nothing, Nothing, Nothing, Nothing, Nothing, Nothing}, Optimization.ReInitCache{ComponentVector{Float64, Vector{Float64}, Tuple{Axis{(p = ViewAxis(1:669, Axis(p_net = ViewAxis(1:609, Axis(layer_1 = ViewAxis(1:48, Axis(weight = ViewAxis(1:32, ShapedAxis((16, 2))), bias = ViewAxis(33:48, ShapedAxis((16, 1))))), layer_2 = ViewAxis(49:320, Axis(weight = ViewAxis(1:256, ShapedAxis((16, 16))), bias = ViewAxis(257:272, ShapedAxis((16, 1))))), layer_3 = ViewAxis(321:592, Axis(weight = ViewAxis(1:256, ShapedAxis((16, 16))), bias = ViewAxis(257:272, ShapedAxis((16, 1))))), layer_4 = ViewAxis(593:609, Axis(weight = ViewAxis(1:16, ShapedAxis((1, 16))), bias = ViewAxis(17:17, ShapedAxis((1, 1))))))), ode_par = 610:669)),)}}}, SciMLBase.NullParameters}}, Optimization.ReInitCache{ComponentVector{Float64, Vector{Float64}, Tuple{Axis{(p = ViewAxis(1:669, Axis(p_net = ViewAxis(1:609, Axis(layer_1 = ViewAxis(1:48, Axis(weight = ViewAxis(1:32, ShapedAxis((16, 2))), bias = ViewAxis(33:48, ShapedAxis((16, 1))))), layer_2 = ViewAxis(49:320, Axis(weight = ViewAxis(1:256, ShapedAxis((16, 16))), bias = ViewAxis(257:272, ShapedAxis((16, 1))))), layer_3 = ViewAxis(321:592, Axis(weight = ViewAxis(1:256, ShapedAxis((16, 16))), bias = ViewAxis(257:272, ShapedAxis((16, 1))))), layer_4 = ViewAxis(593:609, Axis(weight = ViewAxis(1:16, ShapedAxis((1, 16))), bias = ViewAxis(17:17, ShapedAxis((1, 1))))))), ode_par = 610:669)),)}}}, SciMLBase.NullParameters}}}, Zygote.var"#2184#back#307"{Zygote.var"#back#306"{:f, Zygote.Context{false}, OptimizationZygoteExt.var"#37#55"{OptimizationFunction{true, AutoZygote, var"#33#39"{var"#loss_fn#37"{var"#unstable_check#36", ODEProblem{Vector{Float64}, Tuple{Float64, Float64}, true, SciMLBase.NullParameters, ODEFunction{true, SciMLBase.AutoSpecialize, var"#f#27"{Chain{NamedTuple{(:layer_1, :layer_2, :layer_3, :layer_4), Tuple{Dense{true, typeof(gelu), typeof(my_glorot_uniform), typeof(my_glorot_uniform)}, Dense{true, typeof(gelu), typeof(my_glorot_uniform), typeof(my_glorot_uniform)}, Dense{true, typeof(gelu), typeof(my_glorot_uniform), typeof(my_glorot_uniform)}, Dense{true, typeof(identity), typeof(my_glorot_uniform), typeof(my_glorot_uniform)}}}, Nothing}, NamedTuple{(:layer_1, :layer_2, :layer_3, :layer_4), NTuple{4, NamedTuple{(), Tuple{}}}}, Vector{Float64}, Vector{Int64}, Vector{Int64}, Vector{Float64}}, UniformScaling{Bool}, Nothing, Nothing, Nothing, Nothing, Nothing, Nothing, Nothing, Nothing, Nothing, Nothing, Nothing, Nothing, Nothing, Nothing, typeof(SciMLBase.DEFAULT_OBSERVED), Nothing, Nothing}, Base.Pairs{Symbol, Union{}, Tuple{}, NamedTuple{(), Tuple{}}}, SciMLBase.StandardODEProblem}, Float64}}, Nothing, Nothing, Nothing, Nothing, Nothing, Nothing, Nothing, Nothing, Nothing, Nothing, Nothing, typeof(SciMLBase.DEFAULT_OBSERVED_NO_TIME), Nothing, Nothing, Nothing, Nothing, Nothing, Nothing, Nothing, Nothing, Nothing}, Optimization.ReInitCache{ComponentVector{Float64, Vector{Float64}, Tuple{Axis{(p = ViewAxis(1:669, Axis(p_net = ViewAxis(1:609, Axis(layer_1 = ViewAxis(1:48, Axis(weight = ViewAxis(1:32, ShapedAxis((16, 2))), bias = ViewAxis(33:48, ShapedAxis((16, 1))))), layer_2 = ViewAxis(49:320, Axis(weight = ViewAxis(1:256, ShapedAxis((16, 16))), bias = ViewAxis(257:272, ShapedAxis((16, 1))))), layer_3 = ViewAxis(321:592, Axis(weight = ViewAxis(1:256, ShapedAxis((16, 16))), bias = ViewAxis(257:272, ShapedAxis((16, 1))))), layer_4 = ViewAxis(593:609, Axis(weight = ViewAxis(1:16, ShapedAxis((1, 16))), bias = ViewAxis(17:17, ShapedAxis((1, 1))))))), ode_par = 610:669)),)}}}, SciMLBase.NullParameters}}, OptimizationFunction{true, AutoZygote, var"#33#39"{var"#loss_fn#37"{var"#unstable_check#36", ODEProblem{Vector{Float64}, Tuple{Float64, Float64}, true, SciMLBase.NullParameters, ODEFunction{true, SciMLBase.AutoSpecialize, var"#f#27"{Chain{NamedTuple{(:layer_1, :layer_2, :layer_3, :layer_4), Tuple{Dense{true, typeof(gelu), typeof(my_glorot_uniform), typeof(my_glorot_uniform)}, Dense{true, typeof(gelu), typeof(my_glorot_uniform), typeof(my_glorot_uniform)}, Dense{true, typeof(gelu), typeof(my_glorot_uniform), typeof(my_glorot_uniform)}, Dense{true, typeof(identity), typeof(my_glorot_uniform), typeof(my_glorot_uniform)}}}, Nothing}, NamedTuple{(:layer_1, :layer_2, :layer_3, :layer_4), NTuple{4, NamedTuple{(), Tuple{}}}}, Vector{Float64}, Vector{Int64}, Vector{Int64}, Vector{Float64}}, UniformScaling{Bool}, Nothing, Nothing, Nothing, Nothing, Nothing, Nothing, Nothing, Nothing, Nothing, Nothing, Nothing, Nothing, Nothing, Nothing, typeof(SciMLBase.DEFAULT_OBSERVED), Nothing, Nothing}, Base.Pairs{Symbol, Union{}, Tuple{}, NamedTuple{(), Tuple{}}}, SciMLBase.StandardODEProblem}, Float64}}, Nothing, Nothing, Nothing, Nothing, Nothing, Nothing, Nothing, Nothing, Nothing, Nothing, Nothing, typeof(SciMLBase.DEFAULT_OBSERVED_NO_TIME), Nothing, Nothing, Nothing, Nothing, Nothing, Nothing, Nothing, Nothing, Nothing}}}, Zygote.var"#2173#back#297"{Zygote.var"#295#296"{Tuple{Tuple{Nothing, Nothing}, Tuple{}}, Zygote.Pullback{Tuple{OptimizationFunction{true, AutoZygote, var"#33#39"{var"#loss_fn#37"{var"#unstable_check#36", ODEProblem{Vector{Float64}, Tuple{Float64, Float64}, true, SciMLBase.NullParameters, ODEFunction{true, SciMLBase.AutoSpecialize, var"#f#27"{Chain{NamedTuple{(:layer_1, :layer_2, :layer_3, :layer_4), Tuple{Dense{true, typeof(gelu), typeof(my_glorot_uniform), typeof(my_glorot_uniform)}, Dense{true, typeof(gelu), typeof(my_glorot_uniform), typeof(my_glorot_uniform)}, Dense{true, typeof(gelu), typeof(my_glorot_uniform), typeof(my_glorot_uniform)}, Dense{true, typeof(identity), typeof(my_glorot_uniform), typeof(my_glorot_uniform)}}}, Nothing}, NamedTuple{(:layer_1, :layer_2, :layer_3, :layer_4), NTuple{4, NamedTuple{(), Tuple{}}}}, Vector{Float64}, Vector{Int64}, Vector{Int64}, Vector{Float64}}, UniformScaling{Bool}, Nothing, Nothing, Nothing, Nothing, Nothing, Nothing, Nothing, Nothing, Nothing, Nothing, Nothing, Nothing, Nothing, Nothing, typeof(SciMLBase.DEFAULT_OBSERVED), Nothing, Nothing}, Base.Pairs{Symbol, Union{}, Tuple{}, NamedTuple{(), Tuple{}}}, SciMLBase.StandardODEProblem}, Float64}}, Nothing, Nothing, Nothing, Nothing, Nothing, Nothing, Nothing, Nothing, Nothing, Nothing, Nothing, typeof(SciMLBase.DEFAULT_OBSERVED_NO_TIME), Nothing, Nothing, Nothing, Nothing, Nothing, Nothing, Nothing, Nothing, Nothing}, ComponentVector{Float64, Vector{Float64}, Tuple{Axis{(p = ViewAxis(1:669, Axis(p_net = ViewAxis(1:609, Axis(layer_1 = ViewAxis(1:48, Axis(weight = ViewAxis(1:32, ShapedAxis((16, 2))), bias = ViewAxis(33:48, ShapedAxis((16, 1))))), layer_2 = ViewAxis(49:320, Axis(weight = ViewAxis(1:256, ShapedAxis((16, 16))), bias = ViewAxis(257:272, ShapedAxis((16, 1))))), layer_3 = ViewAxis(321:592, Axis(weight = ViewAxis(1:256, ShapedAxis((16, 16))), bias = ViewAxis(257:272, ShapedAxis((16, 1))))), layer_4 = ViewAxis(593:609, Axis(weight = ViewAxis(1:16, ShapedAxis((1, 16))), bias = ViewAxis(17:17, ShapedAxis((1, 1))))))), ode_par = 610:669)),)}}}, SciMLBase.NullParameters}, Tuple{Zygote.var"#2184#back#307"{Zygote.var"#back#306"{:f, Zygote.Context{false}, OptimizationFunction{true, AutoZygote, var"#33#39"{var"#loss_fn#37"{var"#unstable_check#36", ODEProblem{Vector{Float64}, Tuple{Float64, Float64}, true, SciMLBase.NullParameters, ODEFunction{true, SciMLBase.AutoSpecialize, var"#f#27"{Chain{NamedTuple{(:layer_1, :layer_2, :layer_3, :layer_4), Tuple{Dense{true, typeof(gelu), typeof(my_glorot_uniform), typeof(my_glorot_uniform)}, Dense{true, typeof(gelu), typeof(my_glorot_uniform), typeof(my_glorot_uniform)}, Dense{true, typeof(gelu), typeof(my_glorot_uniform), typeof(my_glorot_uniform)}, Dense{true, typeof(identity), typeof(my_glorot_uniform), typeof(my_glorot_uniform)}}}, Nothing}, NamedTuple{(:layer_1, :layer_2, :layer_3, :layer_4), NTuple{4, NamedTuple{(), Tuple{}}}}, Vector{Float64}, Vector{Int64}, Vector{Int64}, Vector{Float64}}, UniformScaling{Bool}, Nothing, Nothing, Nothing, Nothing, Nothing, Nothing, Nothing, Nothing, Nothing, Nothing, Nothing, Nothing, Nothing, Nothing, typeof(SciMLBase.DEFAULT_OBSERVED), Nothing, Nothing}, Base.Pairs{Symbol, Union{}, Tuple{}, NamedTuple{(), Tuple{}}}, SciMLBase.StandardODEProblem}, Float64}}, Nothing, Nothing, Nothing, Nothing, Nothing, Nothing, Nothing, Nothing, Nothing, Nothing, Nothing, typeof(SciMLBase.DEFAULT_OBSERVED_NO_TIME), Nothing, Nothing, Nothing, Nothing, Nothing, Nothing, Nothing, Nothing, Nothing}, var"#33#39"{var"#loss_fn#37"{var"#unstable_check#36", ODEProblem{Vector{Float64}, Tuple{Float64, Float64}, true, SciMLBase.NullParameters, ODEFunction{true, SciMLBase.AutoSpecialize, var"#f#27"{Chain{NamedTuple{(:layer_1, :layer_2, :layer_3, :layer_4), Tuple{Dense{true, typeof(gelu), typeof(my_glorot_uniform), typeof(my_glorot_uniform)}, Dense{true, typeof(gelu), typeof(my_glorot_uniform), typeof(my_glorot_uniform)}, Dense{true, typeof(gelu), typeof(my_glorot_uniform), typeof(my_glorot_uniform)}, Dense{true, typeof(identity), typeof(my_glorot_uniform), typeof(my_glorot_uniform)}}}, Nothing}, NamedTuple{(:layer_1, :layer_2, :layer_3, :layer_4), NTuple{4, NamedTuple{(), Tuple{}}}}, Vector{Float64}, Vector{Int64}, Vector{Int64}, Vector{Float64}}, UniformScaling{Bool}, Nothing, Nothing, Nothing, Nothing, Nothing, Nothing, Nothing, Nothing, Nothing, Nothing, Nothing, Nothing, Nothing, Nothing, typeof(SciMLBase.DEFAULT_OBSERVED), Nothing, Nothing}, Base.Pairs{Symbol, Union{}, Tuple{}, NamedTuple{(), Tuple{}}}, SciMLBase.StandardODEProblem}, Float64}}}}, Zygote.var"#2173#back#297"{Zygote.var"#295#296"{Tuple{Tuple{Nothing, Nothing}}, Zygote.Pullback{Tuple{var"#33#39"{var"#loss_fn#37"{var"#unstable_check#36", ODEProblem{Vector{Float64}, Tuple{Float64, Float64}, true, SciMLBase.NullParameters, ODEFunction{true, SciMLBase.AutoSpecialize, var"#f#27"{Chain{NamedTuple{(:layer_1, :layer_2, :layer_3, :layer_4), Tuple{Dense{true, typeof(gelu), typeof(my_glorot_uniform), typeof(my_glorot_uniform)}, Dense{true, typeof(gelu), typeof(my_glorot_uniform), typeof(my_glorot_uniform)}, Dense{true, typeof(gelu), typeof(my_glorot_uniform), typeof(my_glorot_uniform)}, Dense{true, typeof(identity), typeof(my_glorot_uniform), typeof(my_glorot_uniform)}}}, Nothing}, NamedTuple{(:layer_1, :layer_2, :layer_3, :layer_4), NTuple{4, NamedTuple{(), Tuple{}}}}, Vector{Float64}, Vector{Int64}, Vector{Int64}, Vector{Float64}}, UniformScaling{Bool}, Nothing, Nothing, Nothing, Nothing, Nothing, Nothing, Nothing, Nothing, Nothing, Nothing, Nothing, Nothing, Nothing, Nothing, typeof(SciMLBase.DEFAULT_OBSERVED), Nothing, Nothing}, Base.Pairs{Symbol, Union{}, Tuple{}, NamedTuple{(), Tuple{}}}, SciMLBase.StandardODEProblem}, Float64}}, ComponentVector{Float64, Vector{Float64}, Tuple{Axis{(p = ViewAxis(1:669, Axis(p_net = ViewAxis(1:609, Axis(layer_1 = ViewAxis(1:48, Axis(weight = ViewAxis(1:32, ShapedAxis((16, 2))), bias = ViewAxis(33:48, ShapedAxis((16, 1))))), layer_2 = ViewAxis(49:320, Axis(weight = ViewAxis(1:256, ShapedAxis((16, 16))), bias = ViewAxis(257:272, ShapedAxis((16, 1))))), layer_3 = ViewAxis(321:592, Axis(weight = ViewAxis(1:256, ShapedAxis((16, 16))), bias = ViewAxis(257:272, ShapedAxis((16, 1))))), layer_4 = ViewAxis(593:609, Axis(weight = ViewAxis(1:16, ShapedAxis((1, 16))), bias = ViewAxis(17:17, ShapedAxis((1, 1))))))), ode_par = 610:669)),)}}}, SciMLBase.NullParameters}, Tuple{Zygote.Pullback{Tuple{var"#loss_fn#37"{var"#unstable_check#36", ODEProblem{Vector{Float64}, Tuple{Float64, Float64}, true, SciMLBase.NullParameters, ODEFunction{true, SciMLBase.AutoSpecialize, var"#f#27"{Chain{NamedTuple{(:layer_1, :layer_2, :layer_3, :layer_4), Tuple{Dense{true, typeof(gelu), typeof(my_glorot_uniform), typeof(my_glorot_uniform)}, Dense{true, typeof(gelu), typeof(my_glorot_uniform), typeof(my_glorot_uniform)}, Dense{true, typeof(gelu), typeof(my_glorot_uniform), typeof(my_glorot_uniform)}, Dense{true, typeof(identity), typeof(my_glorot_uniform), typeof(my_glorot_uniform)}}}, Nothing}, NamedTuple{(:layer_1, :layer_2, :layer_3, :layer_4), NTuple{4, NamedTuple{(), Tuple{}}}}, Vector{Float64}, Vector{Int64}, Vector{Int64}, Vector{Float64}}, UniformScaling{Bool}, Nothing, Nothing, Nothing, Nothing, Nothing, Nothing, Nothing, Nothing, Nothing, Nothing, Nothing, Nothing, Nothing, Nothing, typeof(SciMLBase.DEFAULT_OBSERVED), Nothing, Nothing}, Base.Pairs{Symbol, Union{}, Tuple{}, NamedTuple{(), Tuple{}}}, SciMLBase.StandardODEProblem}, Float64}, ComponentVector{Float64, Vector{Float64}, Tuple{Axis{(p = ViewAxis(1:669, Axis(p_net = ViewAxis(1:609, Axis(layer_1 = ViewAxis(1:48, Axis(weight = ViewAxis(1:32, ShapedAxis((16, 2))), bias = ViewAxis(33:48, ShapedAxis((16, 1))))), layer_2 = ViewAxis(49:320, Axis(weight = ViewAxis(1:256, ShapedAxis((16, 16))), bias = ViewAxis(257:272, ShapedAxis((16, 1))))), layer_3 = ViewAxis(321:592, Axis(weight = ViewAxis(1:256, ShapedAxis((16, 16))), bias = ViewAxis(257:272, ShapedAxis((16, 1))))), layer_4 = ViewAxis(593:609, Axis(weight = ViewAxis(1:16, ShapedAxis((1, 16))), bias = ViewAxis(17:17, ShapedAxis((1, 1))))))), ode_par = 610:669)),)}}}}, Any}, Zygote.var"#2184#back#307"{Zygote.var"#back#306"{:loss_fn, Zygote.Context{false}, var"#33#39"{var"#loss_fn#37"{var"#unstable_check#36", ODEProblem{Vector{Float64}, Tuple{Float64, Float64}, true, SciMLBase.NullParameters, ODEFunction{true, SciMLBase.AutoSpecialize, var"#f#27"{Chain{NamedTuple{(:layer_1, :layer_2, :layer_3, :layer_4), Tuple{Dense{true, typeof(gelu), typeof(my_glorot_uniform), typeof(my_glorot_uniform)}, Dense{true, typeof(gelu), typeof(my_glorot_uniform), typeof(my_glorot_uniform)}, Dense{true, typeof(gelu), typeof(my_glorot_uniform), typeof(my_glorot_uniform)}, Dense{true, typeof(identity), typeof(my_glorot_uniform), typeof(my_glorot_uniform)}}}, Nothing}, NamedTuple{(:layer_1, :layer_2, :layer_3, :layer_4), NTuple{4, NamedTuple{(), Tuple{}}}}, Vector{Float64}, Vector{Int64}, Vector{Int64}, Vector{Float64}}, UniformScaling{Bool}, Nothing, Nothing, Nothing, Nothing, Nothing, Nothing, Nothing, Nothing, Nothing, Nothing, Nothing, Nothing, Nothing, Nothing, typeof(SciMLBase.DEFAULT_OBSERVED), Nothing, Nothing}, Base.Pairs{Symbol, Union{}, Tuple{}, NamedTuple{(), Tuple{}}}, SciMLBase.StandardODEProblem}, Float64}}, var"#loss_fn#37"{var"#unstable_check#36", ODEProblem{Vector{Float64}, Tuple{Float64, Float64}, true, SciMLBase.NullParameters, ODEFunction{true, SciMLBase.AutoSpecialize, var"#f#27"{Chain{NamedTuple{(:layer_1, :layer_2, :layer_3, :layer_4), Tuple{Dense{true, typeof(gelu), typeof(my_glorot_uniform), typeof(my_glorot_uniform)}, Dense{true, typeof(gelu), typeof(my_glorot_uniform), typeof(my_glorot_uniform)}, Dense{true, typeof(gelu), typeof(my_glorot_uniform), typeof(my_glorot_uniform)}, Dense{true, typeof(identity), typeof(my_glorot_uniform), typeof(my_glorot_uniform)}}}, Nothing}, NamedTuple{(:layer_1, :layer_2, :layer_3, :layer_4), NTuple{4, NamedTuple{(), Tuple{}}}}, Vector{Float64}, Vector{Int64}, Vector{Int64}, Vector{Float64}}, UniformScaling{Bool}, Nothing, Nothing, Nothing, Nothing, Nothing, Nothing, Nothing, Nothing, Nothing, Nothing, Nothing, Nothing, Nothing, Nothing, typeof(SciMLBase.DEFAULT_OBSERVED), Nothing, Nothing}, Base.Pairs{Symbol, Union{}, Tuple{}, NamedTuple{(), Tuple{}}}, SciMLBase.StandardODEProblem}, Float64}}}}}}}}}}}, Zygote.var"#2184#back#307"{Zygote.var"#back#306"{:p, Zygote.Context{false}, Optimization.ReInitCache{ComponentVector{Float64, Vector{Float64}, Tuple{Axis{(p = ViewAxis(1:669, Axis(p_net = ViewAxis(1:609, Axis(layer_1 = ViewAxis(1:48, Axis(weight = ViewAxis(1:32, ShapedAxis((16, 2))), bias = ViewAxis(33:48, ShapedAxis((16, 1))))), layer_2 = ViewAxis(49:320, Axis(weight = ViewAxis(1:256, ShapedAxis((16, 16))), bias = ViewAxis(257:272, ShapedAxis((16, 1))))), layer_3 = ViewAxis(321:592, Axis(weight = ViewAxis(1:256, ShapedAxis((16, 16))), bias = ViewAxis(257:272, ShapedAxis((16, 1))))), layer_4 = ViewAxis(593:609, Axis(weight = ViewAxis(1:16, ShapedAxis((1, 16))), bias = ViewAxis(17:17, ShapedAxis((1, 1))))))), ode_par = 610:669)),)}}}, SciMLBase.NullParameters}, SciMLBase.NullParameters}}}})(Δ::Float64)
    @ Zygote ~/.julia/packages/Zygote/zowwZ/src/compiler/interface2.jl:0
 [34] #295
    @ ~/.julia/packages/Zygote/zowwZ/src/lib/lib.jl:205 [inlined]
 [35] #2173#back
    @ ~/.julia/packages/ZygoteRules/fKghs/src/adjoint.jl:73 [inlined]
 [36] Pullback
    @ ~/.julia/packages/Optimization/fPVIW/ext/OptimizationZygoteExt.jl:91 [inlined]
 [37] (::Zygote.Pullback{Tuple{OptimizationZygoteExt.var"#39#57"{Tuple{}, OptimizationZygoteExt.var"#37#55"{OptimizationFunction{true, AutoZygote, var"#33#39"{var"#loss_fn#37"{var"#unstable_check#36", ODEProblem{Vector{Float64}, Tuple{Float64, Float64}, true, SciMLBase.NullParameters, ODEFunction{true, SciMLBase.AutoSpecialize, var"#f#27"{Chain{NamedTuple{(:layer_1, :layer_2, :layer_3, :layer_4), Tuple{Dense{true, typeof(gelu), typeof(my_glorot_uniform), typeof(my_glorot_uniform)}, Dense{true, typeof(gelu), typeof(my_glorot_uniform), typeof(my_glorot_uniform)}, Dense{true, typeof(gelu), typeof(my_glorot_uniform), typeof(my_glorot_uniform)}, Dense{true, typeof(identity), typeof(my_glorot_uniform), typeof(my_glorot_uniform)}}}, Nothing}, NamedTuple{(:layer_1, :layer_2, :layer_3, :layer_4), NTuple{4, NamedTuple{(), Tuple{}}}}, Vector{Float64}, Vector{Int64}, Vector{Int64}, Vector{Float64}}, UniformScaling{Bool}, Nothing, Nothing, Nothing, Nothing, Nothing, Nothing, Nothing, Nothing, Nothing, Nothing, Nothing, Nothing, Nothing, Nothing, typeof(SciMLBase.DEFAULT_OBSERVED), Nothing, Nothing}, Base.Pairs{Symbol, Union{}, Tuple{}, NamedTuple{(), Tuple{}}}, SciMLBase.StandardODEProblem}, Float64}}, Nothing, Nothing, Nothing, Nothing, Nothing, Nothing, Nothing, Nothing, Nothing, Nothing, Nothing, typeof(SciMLBase.DEFAULT_OBSERVED_NO_TIME), Nothing, Nothing, Nothing, Nothing, Nothing, Nothing, Nothing, Nothing, Nothing}, Optimization.ReInitCache{ComponentVector{Float64, Vector{Float64}, Tuple{Axis{(p = ViewAxis(1:669, Axis(p_net = ViewAxis(1:609, Axis(layer_1 = ViewAxis(1:48, Axis(weight = ViewAxis(1:32, ShapedAxis((16, 2))), bias = ViewAxis(33:48, ShapedAxis((16, 1))))), layer_2 = ViewAxis(49:320, Axis(weight = ViewAxis(1:256, ShapedAxis((16, 16))), bias = ViewAxis(257:272, ShapedAxis((16, 1))))), layer_3 = ViewAxis(321:592, Axis(weight = ViewAxis(1:256, ShapedAxis((16, 16))), bias = ViewAxis(257:272, ShapedAxis((16, 1))))), layer_4 = ViewAxis(593:609, Axis(weight = ViewAxis(1:16, ShapedAxis((1, 16))), bias = ViewAxis(17:17, ShapedAxis((1, 1))))))), ode_par = 610:669)),)}}}, SciMLBase.NullParameters}}}, ComponentVector{Float64, Vector{Float64}, Tuple{Axis{(p = ViewAxis(1:669, Axis(p_net = ViewAxis(1:609, Axis(layer_1 = ViewAxis(1:48, Axis(weight = ViewAxis(1:32, ShapedAxis((16, 2))), bias = ViewAxis(33:48, ShapedAxis((16, 1))))), layer_2 = ViewAxis(49:320, Axis(weight = ViewAxis(1:256, ShapedAxis((16, 16))), bias = ViewAxis(257:272, ShapedAxis((16, 1))))), layer_3 = ViewAxis(321:592, Axis(weight = ViewAxis(1:256, ShapedAxis((16, 16))), bias = ViewAxis(257:272, ShapedAxis((16, 1))))), layer_4 = ViewAxis(593:609, Axis(weight = ViewAxis(1:16, ShapedAxis((1, 16))), bias = ViewAxis(17:17, ShapedAxis((1, 1))))))), ode_par = 610:669)),)}}}}, Tuple{Zygote.var"#2173#back#297"{Zygote.var"#295#296"{Tuple{Tuple{Nothing}, Tuple{}}, Zygote.Pullback{Tuple{OptimizationZygoteExt.var"#37#55"{OptimizationFunction{true, AutoZygote, var"#33#39"{var"#loss_fn#37"{var"#unstable_check#36", ODEProblem{Vector{Float64}, Tuple{Float64, Float64}, true, SciMLBase.NullParameters, ODEFunction{true, SciMLBase.AutoSpecialize, var"#f#27"{Chain{NamedTuple{(:layer_1, :layer_2, :layer_3, :layer_4), Tuple{Dense{true, typeof(gelu), typeof(my_glorot_uniform), typeof(my_glorot_uniform)}, Dense{true, typeof(gelu), typeof(my_glorot_uniform), typeof(my_glorot_uniform)}, Dense{true, typeof(gelu), typeof(my_glorot_uniform), typeof(my_glorot_uniform)}, Dense{true, typeof(identity), typeof(my_glorot_uniform), typeof(my_glorot_uniform)}}}, Nothing}, NamedTuple{(:layer_1, :layer_2, :layer_3, :layer_4), NTuple{4, NamedTuple{(), Tuple{}}}}, Vector{Float64}, Vector{Int64}, Vector{Int64}, Vector{Float64}}, UniformScaling{Bool}, Nothing, Nothing, Nothing, Nothing, Nothing, Nothing, Nothing, Nothing, Nothing, Nothing, Nothing, Nothing, Nothing, Nothing, typeof(SciMLBase.DEFAULT_OBSERVED), Nothing, Nothing}, Base.Pairs{Symbol, Union{}, Tuple{}, NamedTuple{(), Tuple{}}}, SciMLBase.StandardODEProblem}, Float64}}, Nothing, Nothing, Nothing, Nothing, Nothing, Nothing, Nothing, Nothing, Nothing, Nothing, Nothing, typeof(SciMLBase.DEFAULT_OBSERVED_NO_TIME), Nothing, Nothing, Nothing, Nothing, Nothing, Nothing, Nothing, Nothing, Nothing}, Optimization.ReInitCache{ComponentVector{Float64, Vector{Float64}, Tuple{Axis{(p = ViewAxis(1:669, Axis(p_net = ViewAxis(1:609, Axis(layer_1 = ViewAxis(1:48, Axis(weight = ViewAxis(1:32, ShapedAxis((16, 2))), bias = ViewAxis(33:48, ShapedAxis((16, 1))))), layer_2 = ViewAxis(49:320, Axis(weight = ViewAxis(1:256, ShapedAxis((16, 16))), bias = ViewAxis(257:272, ShapedAxis((16, 1))))), layer_3 = ViewAxis(321:592, Axis(weight = ViewAxis(1:256, ShapedAxis((16, 16))), bias = ViewAxis(257:272, ShapedAxis((16, 1))))), layer_4 = ViewAxis(593:609, Axis(weight = ViewAxis(1:16, ShapedAxis((1, 16))), bias = ViewAxis(17:17, ShapedAxis((1, 1))))))), ode_par = 610:669)),)}}}, SciMLBase.NullParameters}}, ComponentVector{Float64, Vector{Float64}, Tuple{Axis{(p = ViewAxis(1:669, Axis(p_net = ViewAxis(1:609, Axis(layer_1 = ViewAxis(1:48, Axis(weight = ViewAxis(1:32, ShapedAxis((16, 2))), bias = ViewAxis(33:48, ShapedAxis((16, 1))))), layer_2 = ViewAxis(49:320, Axis(weight = ViewAxis(1:256, ShapedAxis((16, 16))), bias = ViewAxis(257:272, ShapedAxis((16, 1))))), layer_3 = ViewAxis(321:592, Axis(weight = ViewAxis(1:256, ShapedAxis((16, 16))), bias = ViewAxis(257:272, ShapedAxis((16, 1))))), layer_4 = ViewAxis(593:609, Axis(weight = ViewAxis(1:16, ShapedAxis((1, 16))), bias = ViewAxis(17:17, ShapedAxis((1, 1))))))), ode_par = 610:669)),)}}}}, Tuple{Zygote.Pullback{Tuple{typeof(Zygote.literal_getindex), Float64, Val{1}}, Tuple{Zygote.Pullback{Tuple{typeof(getindex), Float64, Int64}, Any}}}, Zygote.var"#2017#back#208"{typeof(identity)}, Zygote.var"#2184#back#307"{Zygote.var"#back#306"{:cache, Zygote.Context{false}, OptimizationZygoteExt.var"#37#55"{OptimizationFunction{true, AutoZygote, var"#33#39"{var"#loss_fn#37"{var"#unstable_check#36", ODEProblem{Vector{Float64}, Tuple{Float64, Float64}, true, SciMLBase.NullParameters, ODEFunction{true, SciMLBase.AutoSpecialize, var"#f#27"{Chain{NamedTuple{(:layer_1, :layer_2, :layer_3, :layer_4), Tuple{Dense{true, typeof(gelu), typeof(my_glorot_uniform), typeof(my_glorot_uniform)}, Dense{true, typeof(gelu), typeof(my_glorot_uniform), typeof(my_glorot_uniform)}, Dense{true, typeof(gelu), typeof(my_glorot_uniform), typeof(my_glorot_uniform)}, Dense{true, typeof(identity), typeof(my_glorot_uniform), typeof(my_glorot_uniform)}}}, Nothing}, NamedTuple{(:layer_1, :layer_2, :layer_3, :layer_4), NTuple{4, NamedTuple{(), Tuple{}}}}, Vector{Float64}, Vector{Int64}, Vector{Int64}, Vector{Float64}}, UniformScaling{Bool}, Nothing, Nothing, Nothing, Nothing, Nothing, Nothing, Nothing, Nothing, Nothing, Nothing, Nothing, Nothing, Nothing, Nothing, typeof(SciMLBase.DEFAULT_OBSERVED), Nothing, Nothing}, Base.Pairs{Symbol, Union{}, Tuple{}, NamedTuple{(), Tuple{}}}, SciMLBase.StandardODEProblem}, Float64}}, Nothing, Nothing, Nothing, Nothing, Nothing, Nothing, Nothing, Nothing, Nothing, Nothing, Nothing, typeof(SciMLBase.DEFAULT_OBSERVED_NO_TIME), Nothing, Nothing, Nothing, Nothing, Nothing, Nothing, Nothing, Nothing, Nothing}, Optimization.ReInitCache{ComponentVector{Float64, Vector{Float64}, Tuple{Axis{(p = ViewAxis(1:669, Axis(p_net = ViewAxis(1:609, Axis(layer_1 = ViewAxis(1:48, Axis(weight = ViewAxis(1:32, ShapedAxis((16, 2))), bias = ViewAxis(33:48, ShapedAxis((16, 1))))), layer_2 = ViewAxis(49:320, Axis(weight = ViewAxis(1:256, ShapedAxis((16, 16))), bias = ViewAxis(257:272, ShapedAxis((16, 1))))), layer_3 = ViewAxis(321:592, Axis(weight = ViewAxis(1:256, ShapedAxis((16, 16))), bias = ViewAxis(257:272, ShapedAxis((16, 1))))), layer_4 = ViewAxis(593:609, Axis(weight = ViewAxis(1:16, ShapedAxis((1, 16))), bias = ViewAxis(17:17, ShapedAxis((1, 1))))))), ode_par = 610:669)),)}}}, SciMLBase.NullParameters}}, Optimization.ReInitCache{ComponentVector{Float64, Vector{Float64}, Tuple{Axis{(p = ViewAxis(1:669, Axis(p_net = ViewAxis(1:609, Axis(layer_1 = ViewAxis(1:48, Axis(weight = ViewAxis(1:32, ShapedAxis((16, 2))), bias = ViewAxis(33:48, ShapedAxis((16, 1))))), layer_2 = ViewAxis(49:320, Axis(weight = ViewAxis(1:256, ShapedAxis((16, 16))), bias = ViewAxis(257:272, ShapedAxis((16, 1))))), layer_3 = ViewAxis(321:592, Axis(weight = ViewAxis(1:256, ShapedAxis((16, 16))), bias = ViewAxis(257:272, ShapedAxis((16, 1))))), layer_4 = ViewAxis(593:609, Axis(weight = ViewAxis(1:16, ShapedAxis((1, 16))), bias = ViewAxis(17:17, ShapedAxis((1, 1))))))), ode_par = 610:669)),)}}}, SciMLBase.NullParameters}}}, Zygote.var"#2184#back#307"{Zygote.var"#back#306"{:f, Zygote.Context{false}, OptimizationZygoteExt.var"#37#55"{OptimizationFunction{true, AutoZygote, var"#33#39"{var"#loss_fn#37"{var"#unstable_check#36", ODEProblem{Vector{Float64}, Tuple{Float64, Float64}, true, SciMLBase.NullParameters, ODEFunction{true, SciMLBase.AutoSpecialize, var"#f#27"{Chain{NamedTuple{(:layer_1, :layer_2, :layer_3, :layer_4), Tuple{Dense{true, typeof(gelu), typeof(my_glorot_uniform), typeof(my_glorot_uniform)}, Dense{true, typeof(gelu), typeof(my_glorot_uniform), typeof(my_glorot_uniform)}, Dense{true, typeof(gelu), typeof(my_glorot_uniform), typeof(my_glorot_uniform)}, Dense{true, typeof(identity), typeof(my_glorot_uniform), typeof(my_glorot_uniform)}}}, Nothing}, NamedTuple{(:layer_1, :layer_2, :layer_3, :layer_4), NTuple{4, NamedTuple{(), Tuple{}}}}, Vector{Float64}, Vector{Int64}, Vector{Int64}, Vector{Float64}}, UniformScaling{Bool}, Nothing, Nothing, Nothing, Nothing, Nothing, Nothing, Nothing, Nothing, Nothing, Nothing, Nothing, Nothing, Nothing, Nothing, typeof(SciMLBase.DEFAULT_OBSERVED), Nothing, Nothing}, Base.Pairs{Symbol, Union{}, Tuple{}, NamedTuple{(), Tuple{}}}, SciMLBase.StandardODEProblem}, Float64}}, Nothing, Nothing, Nothing, Nothing, Nothing, Nothing, Nothing, Nothing, Nothing, Nothing, Nothing, typeof(SciMLBase.DEFAULT_OBSERVED_NO_TIME), Nothing, Nothing, Nothing, Nothing, Nothing, Nothing, Nothing, Nothing, Nothing}, Optimization.ReInitCache{ComponentVector{Float64, Vector{Float64}, Tuple{Axis{(p = ViewAxis(1:669, Axis(p_net = ViewAxis(1:609, Axis(layer_1 = ViewAxis(1:48, Axis(weight = ViewAxis(1:32, ShapedAxis((16, 2))), bias = ViewAxis(33:48, ShapedAxis((16, 1))))), layer_2 = ViewAxis(49:320, Axis(weight = ViewAxis(1:256, ShapedAxis((16, 16))), bias = ViewAxis(257:272, ShapedAxis((16, 1))))), layer_3 = ViewAxis(321:592, Axis(weight = ViewAxis(1:256, ShapedAxis((16, 16))), bias = ViewAxis(257:272, ShapedAxis((16, 1))))), layer_4 = ViewAxis(593:609, Axis(weight = ViewAxis(1:16, ShapedAxis((1, 16))), bias = ViewAxis(17:17, ShapedAxis((1, 1))))))), ode_par = 610:669)),)}}}, SciMLBase.NullParameters}}, OptimizationFunction{true, AutoZygote, var"#33#39"{var"#loss_fn#37"{var"#unstable_check#36", ODEProblem{Vector{Float64}, Tuple{Float64, Float64}, true, SciMLBase.NullParameters, ODEFunction{true, SciMLBase.AutoSpecialize, var"#f#27"{Chain{NamedTuple{(:layer_1, :layer_2, :layer_3, :layer_4), Tuple{Dense{true, typeof(gelu), typeof(my_glorot_uniform), typeof(my_glorot_uniform)}, Dense{true, typeof(gelu), typeof(my_glorot_uniform), typeof(my_glorot_uniform)}, Dense{true, typeof(gelu), typeof(my_glorot_uniform), typeof(my_glorot_uniform)}, Dense{true, typeof(identity), typeof(my_glorot_uniform), typeof(my_glorot_uniform)}}}, Nothing}, NamedTuple{(:layer_1, :layer_2, :layer_3, :layer_4), NTuple{4, NamedTuple{(), Tuple{}}}}, Vector{Float64}, Vector{Int64}, Vector{Int64}, Vector{Float64}}, UniformScaling{Bool}, Nothing, Nothing, Nothing, Nothing, Nothing, Nothing, Nothing, Nothing, Nothing, Nothing, Nothing, Nothing, Nothing, Nothing, typeof(SciMLBase.DEFAULT_OBSERVED), Nothing, Nothing}, Base.Pairs{Symbol, Union{}, Tuple{}, NamedTuple{(), Tuple{}}}, SciMLBase.StandardODEProblem}, Float64}}, Nothing, Nothing, Nothing, Nothing, Nothing, Nothing, Nothing, Nothing, Nothing, Nothing, Nothing, typeof(SciMLBase.DEFAULT_OBSERVED_NO_TIME), Nothing, Nothing, Nothing, Nothing, Nothing, Nothing, Nothing, Nothing, Nothing}}}, Zygote.var"#2173#back#297"{Zygote.var"#295#296"{Tuple{Tuple{Nothing, Nothing}, Tuple{}}, Zygote.Pullback{Tuple{OptimizationFunction{true, AutoZygote, var"#33#39"{var"#loss_fn#37"{var"#unstable_check#36", ODEProblem{Vector{Float64}, Tuple{Float64, Float64}, true, SciMLBase.NullParameters, ODEFunction{true, SciMLBase.AutoSpecialize, var"#f#27"{Chain{NamedTuple{(:layer_1, :layer_2, :layer_3, :layer_4), Tuple{Dense{true, typeof(gelu), typeof(my_glorot_uniform), typeof(my_glorot_uniform)}, Dense{true, typeof(gelu), typeof(my_glorot_uniform), typeof(my_glorot_uniform)}, Dense{true, typeof(gelu), typeof(my_glorot_uniform), typeof(my_glorot_uniform)}, Dense{true, typeof(identity), typeof(my_glorot_uniform), typeof(my_glorot_uniform)}}}, Nothing}, NamedTuple{(:layer_1, :layer_2, :layer_3, :layer_4), NTuple{4, NamedTuple{(), Tuple{}}}}, Vector{Float64}, Vector{Int64}, Vector{Int64}, Vector{Float64}}, UniformScaling{Bool}, Nothing, Nothing, Nothing, Nothing, Nothing, Nothing, Nothing, Nothing, Nothing, Nothing, Nothing, Nothing, Nothing, Nothing, typeof(SciMLBase.DEFAULT_OBSERVED), Nothing, Nothing}, Base.Pairs{Symbol, Union{}, Tuple{}, NamedTuple{(), Tuple{}}}, SciMLBase.StandardODEProblem}, Float64}}, Nothing, Nothing, Nothing, Nothing, Nothing, Nothing, Nothing, Nothing, Nothing, Nothing, Nothing, typeof(SciMLBase.DEFAULT_OBSERVED_NO_TIME), Nothing, Nothing, Nothing, Nothing, Nothing, Nothing, Nothing, Nothing, Nothing}, ComponentVector{Float64, Vector{Float64}, Tuple{Axis{(p = ViewAxis(1:669, Axis(p_net = ViewAxis(1:609, Axis(layer_1 = ViewAxis(1:48, Axis(weight = ViewAxis(1:32, ShapedAxis((16, 2))), bias = ViewAxis(33:48, ShapedAxis((16, 1))))), layer_2 = ViewAxis(49:320, Axis(weight = ViewAxis(1:256, ShapedAxis((16, 16))), bias = ViewAxis(257:272, ShapedAxis((16, 1))))), layer_3 = ViewAxis(321:592, Axis(weight = ViewAxis(1:256, ShapedAxis((16, 16))), bias = ViewAxis(257:272, ShapedAxis((16, 1))))), layer_4 = ViewAxis(593:609, Axis(weight = ViewAxis(1:16, ShapedAxis((1, 16))), bias = ViewAxis(17:17, ShapedAxis((1, 1))))))), ode_par = 610:669)),)}}}, SciMLBase.NullParameters}, Tuple{Zygote.var"#2184#back#307"{Zygote.var"#back#306"{:f, Zygote.Context{false}, OptimizationFunction{true, AutoZygote, var"#33#39"{var"#loss_fn#37"{var"#unstable_check#36", ODEProblem{Vector{Float64}, Tuple{Float64, Float64}, true, SciMLBase.NullParameters, ODEFunction{true, SciMLBase.AutoSpecialize, var"#f#27"{Chain{NamedTuple{(:layer_1, :layer_2, :layer_3, :layer_4), Tuple{Dense{true, typeof(gelu), typeof(my_glorot_uniform), typeof(my_glorot_uniform)}, Dense{true, typeof(gelu), typeof(my_glorot_uniform), typeof(my_glorot_uniform)}, Dense{true, typeof(gelu), typeof(my_glorot_uniform), typeof(my_glorot_uniform)}, Dense{true, typeof(identity), typeof(my_glorot_uniform), typeof(my_glorot_uniform)}}}, Nothing}, NamedTuple{(:layer_1, :layer_2, :layer_3, :layer_4), NTuple{4, NamedTuple{(), Tuple{}}}}, Vector{Float64}, Vector{Int64}, Vector{Int64}, Vector{Float64}}, UniformScaling{Bool}, Nothing, Nothing, Nothing, Nothing, Nothing, Nothing, Nothing, Nothing, Nothing, Nothing, Nothing, Nothing, Nothing, Nothing, typeof(SciMLBase.DEFAULT_OBSERVED), Nothing, Nothing}, Base.Pairs{Symbol, Union{}, Tuple{}, NamedTuple{(), Tuple{}}}, SciMLBase.StandardODEProblem}, Float64}}, Nothing, Nothing, Nothing, Nothing, Nothing, Nothing, Nothing, Nothing, Nothing, Nothing, Nothing, typeof(SciMLBase.DEFAULT_OBSERVED_NO_TIME), Nothing, Nothing, Nothing, Nothing, Nothing, Nothing, Nothing, Nothing, Nothing}, var"#33#39"{var"#loss_fn#37"{var"#unstable_check#36", ODEProblem{Vector{Float64}, Tuple{Float64, Float64}, true, SciMLBase.NullParameters, ODEFunction{true, SciMLBase.AutoSpecialize, var"#f#27"{Chain{NamedTuple{(:layer_1, :layer_2, :layer_3, :layer_4), Tuple{Dense{true, typeof(gelu), typeof(my_glorot_uniform), typeof(my_glorot_uniform)}, Dense{true, typeof(gelu), typeof(my_glorot_uniform), typeof(my_glorot_uniform)}, Dense{true, typeof(gelu), typeof(my_glorot_uniform), typeof(my_glorot_uniform)}, Dense{true, typeof(identity), typeof(my_glorot_uniform), typeof(my_glorot_uniform)}}}, Nothing}, NamedTuple{(:layer_1, :layer_2, :layer_3, :layer_4), NTuple{4, NamedTuple{(), Tuple{}}}}, Vector{Float64}, Vector{Int64}, Vector{Int64}, Vector{Float64}}, UniformScaling{Bool}, Nothing, Nothing, Nothing, Nothing, Nothing, Nothing, Nothing, Nothing, Nothing, Nothing, Nothing, Nothing, Nothing, Nothing, typeof(SciMLBase.DEFAULT_OBSERVED), Nothing, Nothing}, Base.Pairs{Symbol, Union{}, Tuple{}, NamedTuple{(), Tuple{}}}, SciMLBase.StandardODEProblem}, Float64}}}}, Zygote.var"#2173#back#297"{Zygote.var"#295#296"{Tuple{Tuple{Nothing, Nothing}}, Zygote.Pullback{Tuple{var"#33#39"{var"#loss_fn#37"{var"#unstable_check#36", ODEProblem{Vector{Float64}, Tuple{Float64, Float64}, true, SciMLBase.NullParameters, ODEFunction{true, SciMLBase.AutoSpecialize, var"#f#27"{Chain{NamedTuple{(:layer_1, :layer_2, :layer_3, :layer_4), Tuple{Dense{true, typeof(gelu), typeof(my_glorot_uniform), typeof(my_glorot_uniform)}, Dense{true, typeof(gelu), typeof(my_glorot_uniform), typeof(my_glorot_uniform)}, Dense{true, typeof(gelu), typeof(my_glorot_uniform), typeof(my_glorot_uniform)}, Dense{true, typeof(identity), typeof(my_glorot_uniform), typeof(my_glorot_uniform)}}}, Nothing}, NamedTuple{(:layer_1, :layer_2, :layer_3, :layer_4), NTuple{4, NamedTuple{(), Tuple{}}}}, Vector{Float64}, Vector{Int64}, Vector{Int64}, Vector{Float64}}, UniformScaling{Bool}, Nothing, Nothing, Nothing, Nothing, Nothing, Nothing, Nothing, Nothing, Nothing, Nothing, Nothing, Nothing, Nothing, Nothing, typeof(SciMLBase.DEFAULT_OBSERVED), Nothing, Nothing}, Base.Pairs{Symbol, Union{}, Tuple{}, NamedTuple{(), Tuple{}}}, SciMLBase.StandardODEProblem}, Float64}}, ComponentVector{Float64, Vector{Float64}, Tuple{Axis{(p = ViewAxis(1:669, Axis(p_net = ViewAxis(1:609, Axis(layer_1 = ViewAxis(1:48, Axis(weight = ViewAxis(1:32, ShapedAxis((16, 2))), bias = ViewAxis(33:48, ShapedAxis((16, 1))))), layer_2 = ViewAxis(49:320, Axis(weight = ViewAxis(1:256, ShapedAxis((16, 16))), bias = ViewAxis(257:272, ShapedAxis((16, 1))))), layer_3 = ViewAxis(321:592, Axis(weight = ViewAxis(1:256, ShapedAxis((16, 16))), bias = ViewAxis(257:272, ShapedAxis((16, 1))))), layer_4 = ViewAxis(593:609, Axis(weight = ViewAxis(1:16, ShapedAxis((1, 16))), bias = ViewAxis(17:17, ShapedAxis((1, 1))))))), ode_par = 610:669)),)}}}, SciMLBase.NullParameters}, Tuple{Zygote.Pullback{Tuple{var"#loss_fn#37"{var"#unstable_check#36", ODEProblem{Vector{Float64}, Tuple{Float64, Float64}, true, SciMLBase.NullParameters, ODEFunction{true, SciMLBase.AutoSpecialize, var"#f#27"{Chain{NamedTuple{(:layer_1, :layer_2, :layer_3, :layer_4), Tuple{Dense{true, typeof(gelu), typeof(my_glorot_uniform), typeof(my_glorot_uniform)}, Dense{true, typeof(gelu), typeof(my_glorot_uniform), typeof(my_glorot_uniform)}, Dense{true, typeof(gelu), typeof(my_glorot_uniform), typeof(my_glorot_uniform)}, Dense{true, typeof(identity), typeof(my_glorot_uniform), typeof(my_glorot_uniform)}}}, Nothing}, NamedTuple{(:layer_1, :layer_2, :layer_3, :layer_4), NTuple{4, NamedTuple{(), Tuple{}}}}, Vector{Float64}, Vector{Int64}, Vector{Int64}, Vector{Float64}}, UniformScaling{Bool}, Nothing, Nothing, Nothing, Nothing, Nothing, Nothing, Nothing, Nothing, Nothing, Nothing, Nothing, Nothing, Nothing, Nothing, typeof(SciMLBase.DEFAULT_OBSERVED), Nothing, Nothing}, Base.Pairs{Symbol, Union{}, Tuple{}, NamedTuple{(), Tuple{}}}, SciMLBase.StandardODEProblem}, Float64}, ComponentVector{Float64, Vector{Float64}, Tuple{Axis{(p = ViewAxis(1:669, Axis(p_net = ViewAxis(1:609, Axis(layer_1 = ViewAxis(1:48, Axis(weight = ViewAxis(1:32, ShapedAxis((16, 2))), bias = ViewAxis(33:48, ShapedAxis((16, 1))))), layer_2 = ViewAxis(49:320, Axis(weight = ViewAxis(1:256, ShapedAxis((16, 16))), bias = ViewAxis(257:272, ShapedAxis((16, 1))))), layer_3 = ViewAxis(321:592, Axis(weight = ViewAxis(1:256, ShapedAxis((16, 16))), bias = ViewAxis(257:272, ShapedAxis((16, 1))))), layer_4 = ViewAxis(593:609, Axis(weight = ViewAxis(1:16, ShapedAxis((1, 16))), bias = ViewAxis(17:17, ShapedAxis((1, 1))))))), ode_par = 610:669)),)}}}}, Any}, Zygote.var"#2184#back#307"{Zygote.var"#back#306"{:loss_fn, Zygote.Context{false}, var"#33#39"{var"#loss_fn#37"{var"#unstable_check#36", ODEProblem{Vector{Float64}, Tuple{Float64, Float64}, true, SciMLBase.NullParameters, ODEFunction{true, SciMLBase.AutoSpecialize, var"#f#27"{Chain{NamedTuple{(:layer_1, :layer_2, :layer_3, :layer_4), Tuple{Dense{true, typeof(gelu), typeof(my_glorot_uniform), typeof(my_glorot_uniform)}, Dense{true, typeof(gelu), typeof(my_glorot_uniform), typeof(my_glorot_uniform)}, Dense{true, typeof(gelu), typeof(my_glorot_uniform), typeof(my_glorot_uniform)}, Dense{true, typeof(identity), typeof(my_glorot_uniform), typeof(my_glorot_uniform)}}}, Nothing}, NamedTuple{(:layer_1, :layer_2, :layer_3, :layer_4), NTuple{4, NamedTuple{(), Tuple{}}}}, Vector{Float64}, Vector{Int64}, Vector{Int64}, Vector{Float64}}, UniformScaling{Bool}, Nothing, Nothing, Nothing, Nothing, Nothing, Nothing, Nothing, Nothing, Nothing, Nothing, Nothing, Nothing, Nothing, Nothing, typeof(SciMLBase.DEFAULT_OBSERVED), Nothing, Nothing}, Base.Pairs{Symbol, Union{}, Tuple{}, NamedTuple{(), Tuple{}}}, SciMLBase.StandardODEProblem}, Float64}}, var"#loss_fn#37"{var"#unstable_check#36", ODEProblem{Vector{Float64}, Tuple{Float64, Float64}, true, SciMLBase.NullParameters, ODEFunction{true, SciMLBase.AutoSpecialize, var"#f#27"{Chain{NamedTuple{(:layer_1, :layer_2, :layer_3, :layer_4), Tuple{Dense{true, typeof(gelu), typeof(my_glorot_uniform), typeof(my_glorot_uniform)}, Dense{true, typeof(gelu), typeof(my_glorot_uniform), typeof(my_glorot_uniform)}, Dense{true, typeof(gelu), typeof(my_glorot_uniform), typeof(my_glorot_uniform)}, Dense{true, typeof(identity), typeof(my_glorot_uniform), typeof(my_glorot_uniform)}}}, Nothing}, NamedTuple{(:layer_1, :layer_2, :layer_3, :layer_4), NTuple{4, NamedTuple{(), Tuple{}}}}, Vector{Float64}, Vector{Int64}, Vector{Int64}, Vector{Float64}}, UniformScaling{Bool}, Nothing, Nothing, Nothing, Nothing, Nothing, Nothing, Nothing, Nothing, Nothing, Nothing, Nothing, Nothing, Nothing, Nothing, typeof(SciMLBase.DEFAULT_OBSERVED), Nothing, Nothing}, Base.Pairs{Symbol, Union{}, Tuple{}, NamedTuple{(), Tuple{}}}, SciMLBase.StandardODEProblem}, Float64}}}}}}}}}}}, Zygote.var"#2184#back#307"{Zygote.var"#back#306"{:p, Zygote.Context{false}, Optimization.ReInitCache{ComponentVector{Float64, Vector{Float64}, Tuple{Axis{(p = ViewAxis(1:669, Axis(p_net = ViewAxis(1:609, Axis(layer_1 = ViewAxis(1:48, Axis(weight = ViewAxis(1:32, ShapedAxis((16, 2))), bias = ViewAxis(33:48, ShapedAxis((16, 1))))), layer_2 = ViewAxis(49:320, Axis(weight = ViewAxis(1:256, ShapedAxis((16, 16))), bias = ViewAxis(257:272, ShapedAxis((16, 1))))), layer_3 = ViewAxis(321:592, Axis(weight = ViewAxis(1:256, ShapedAxis((16, 16))), bias = ViewAxis(257:272, ShapedAxis((16, 1))))), layer_4 = ViewAxis(593:609, Axis(weight = ViewAxis(1:16, ShapedAxis((1, 16))), bias = ViewAxis(17:17, ShapedAxis((1, 1))))))), ode_par = 610:669)),)}}}, SciMLBase.NullParameters}, SciMLBase.NullParameters}}}}}}, Zygote.var"#2184#back#307"{Zygote.var"#back#306"{:_f, Zygote.Context{false}, OptimizationZygoteExt.var"#39#57"{Tuple{}, OptimizationZygoteExt.var"#37#55"{OptimizationFunction{true, AutoZygote, var"#33#39"{var"#loss_fn#37"{var"#unstable_check#36", ODEProblem{Vector{Float64}, Tuple{Float64, Float64}, true, SciMLBase.NullParameters, ODEFunction{true, SciMLBase.AutoSpecialize, var"#f#27"{Chain{NamedTuple{(:layer_1, :layer_2, :layer_3, :layer_4), Tuple{Dense{true, typeof(gelu), typeof(my_glorot_uniform), typeof(my_glorot_uniform)}, Dense{true, typeof(gelu), typeof(my_glorot_uniform), typeof(my_glorot_uniform)}, Dense{true, typeof(gelu), typeof(my_glorot_uniform), typeof(my_glorot_uniform)}, Dense{true, typeof(identity), typeof(my_glorot_uniform), typeof(my_glorot_uniform)}}}, Nothing}, NamedTuple{(:layer_1, :layer_2, :layer_3, :layer_4), NTuple{4, NamedTuple{(), Tuple{}}}}, Vector{Float64}, Vector{Int64}, Vector{Int64}, Vector{Float64}}, UniformScaling{Bool}, Nothing, Nothing, Nothing, Nothing, Nothing, Nothing, Nothing, Nothing, Nothing, Nothing, Nothing, Nothing, Nothing, Nothing, typeof(SciMLBase.DEFAULT_OBSERVED), Nothing, Nothing}, Base.Pairs{Symbol, Union{}, Tuple{}, NamedTuple{(), Tuple{}}}, SciMLBase.StandardODEProblem}, Float64}}, Nothing, Nothing, Nothing, Nothing, Nothing, Nothing, Nothing, Nothing, Nothing, Nothing, Nothing, typeof(SciMLBase.DEFAULT_OBSERVED_NO_TIME), Nothing, Nothing, Nothing, Nothing, Nothing, Nothing, Nothing, Nothing, Nothing}, Optimization.ReInitCache{ComponentVector{Float64, Vector{Float64}, Tuple{Axis{(p = ViewAxis(1:669, Axis(p_net = ViewAxis(1:609, Axis(layer_1 = ViewAxis(1:48, Axis(weight = ViewAxis(1:32, ShapedAxis((16, 2))), bias = ViewAxis(33:48, ShapedAxis((16, 1))))), layer_2 = ViewAxis(49:320, Axis(weight = ViewAxis(1:256, ShapedAxis((16, 16))), bias = ViewAxis(257:272, ShapedAxis((16, 1))))), layer_3 = ViewAxis(321:592, Axis(weight = ViewAxis(1:256, ShapedAxis((16, 16))), bias = ViewAxis(257:272, ShapedAxis((16, 1))))), layer_4 = ViewAxis(593:609, Axis(weight = ViewAxis(1:16, ShapedAxis((1, 16))), bias = ViewAxis(17:17, ShapedAxis((1, 1))))))), ode_par = 610:669)),)}}}, SciMLBase.NullParameters}}}, OptimizationZygoteExt.var"#37#55"{OptimizationFunction{true, AutoZygote, var"#33#39"{var"#loss_fn#37"{var"#unstable_check#36", ODEProblem{Vector{Float64}, Tuple{Float64, Float64}, true, SciMLBase.NullParameters, ODEFunction{true, SciMLBase.AutoSpecialize, var"#f#27"{Chain{NamedTuple{(:layer_1, :layer_2, :layer_3, :layer_4), Tuple{Dense{true, typeof(gelu), typeof(my_glorot_uniform), typeof(my_glorot_uniform)}, Dense{true, typeof(gelu), typeof(my_glorot_uniform), typeof(my_glorot_uniform)}, Dense{true, typeof(gelu), typeof(my_glorot_uniform), typeof(my_glorot_uniform)}, Dense{true, typeof(identity), typeof(my_glorot_uniform), typeof(my_glorot_uniform)}}}, Nothing}, NamedTuple{(:layer_1, :layer_2, :layer_3, :layer_4), NTuple{4, NamedTuple{(), Tuple{}}}}, Vector{Float64}, Vector{Int64}, Vector{Int64}, Vector{Float64}}, UniformScaling{Bool}, Nothing, Nothing, Nothing, Nothing, Nothing, Nothing, Nothing, Nothing, Nothing, Nothing, Nothing, Nothing, Nothing, Nothing, typeof(SciMLBase.DEFAULT_OBSERVED), Nothing, Nothing}, Base.Pairs{Symbol, Union{}, Tuple{}, NamedTuple{(), Tuple{}}}, SciMLBase.StandardODEProblem}, Float64}}, Nothing, Nothing, Nothing, Nothing, Nothing, Nothing, Nothing, Nothing, Nothing, Nothing, Nothing, typeof(SciMLBase.DEFAULT_OBSERVED_NO_TIME), Nothing, Nothing, Nothing, Nothing, Nothing, Nothing, Nothing, Nothing, Nothing}, Optimization.ReInitCache{ComponentVector{Float64, Vector{Float64}, Tuple{Axis{(p = ViewAxis(1:669, Axis(p_net = ViewAxis(1:609, Axis(layer_1 = ViewAxis(1:48, Axis(weight = ViewAxis(1:32, ShapedAxis((16, 2))), bias = ViewAxis(33:48, ShapedAxis((16, 1))))), layer_2 = ViewAxis(49:320, Axis(weight = ViewAxis(1:256, ShapedAxis((16, 16))), bias = ViewAxis(257:272, ShapedAxis((16, 1))))), layer_3 = ViewAxis(321:592, Axis(weight = ViewAxis(1:256, ShapedAxis((16, 16))), bias = ViewAxis(257:272, ShapedAxis((16, 1))))), layer_4 = ViewAxis(593:609, Axis(weight = ViewAxis(1:16, ShapedAxis((1, 16))), bias = ViewAxis(17:17, ShapedAxis((1, 1))))))), ode_par = 610:669)),)}}}, SciMLBase.NullParameters}}}}, Zygote.var"#2184#back#307"{Zygote.var"#back#306"{:args, Zygote.Context{false}, OptimizationZygoteExt.var"#39#57"{Tuple{}, OptimizationZygoteExt.var"#37#55"{OptimizationFunction{true, AutoZygote, var"#33#39"{var"#loss_fn#37"{var"#unstable_check#36", ODEProblem{Vector{Float64}, Tuple{Float64, Float64}, true, SciMLBase.NullParameters, ODEFunction{true, SciMLBase.AutoSpecialize, var"#f#27"{Chain{NamedTuple{(:layer_1, :layer_2, :layer_3, :layer_4), Tuple{Dense{true, typeof(gelu), typeof(my_glorot_uniform), typeof(my_glorot_uniform)}, Dense{true, typeof(gelu), typeof(my_glorot_uniform), typeof(my_glorot_uniform)}, Dense{true, typeof(gelu), typeof(my_glorot_uniform), typeof(my_glorot_uniform)}, Dense{true, typeof(identity), typeof(my_glorot_uniform), typeof(my_glorot_uniform)}}}, Nothing}, NamedTuple{(:layer_1, :layer_2, :layer_3, :layer_4), NTuple{4, NamedTuple{(), Tuple{}}}}, Vector{Float64}, Vector{Int64}, Vector{Int64}, Vector{Float64}}, UniformScaling{Bool}, Nothing, Nothing, Nothing, Nothing, Nothing, Nothing, Nothing, Nothing, Nothing, Nothing, Nothing, Nothing, Nothing, Nothing, typeof(SciMLBase.DEFAULT_OBSERVED), Nothing, Nothing}, Base.Pairs{Symbol, Union{}, Tuple{}, NamedTuple{(), Tuple{}}}, SciMLBase.StandardODEProblem}, Float64}}, Nothing, Nothing, Nothing, Nothing, Nothing, Nothing, Nothing, Nothing, Nothing, Nothing, Nothing, typeof(SciMLBase.DEFAULT_OBSERVED_NO_TIME), Nothing, Nothing, Nothing, Nothing, Nothing, Nothing, Nothing, Nothing, Nothing}, Optimization.ReInitCache{ComponentVector{Float64, Vector{Float64}, Tuple{Axis{(p = ViewAxis(1:669, Axis(p_net = ViewAxis(1:609, Axis(layer_1 = ViewAxis(1:48, Axis(weight = ViewAxis(1:32, ShapedAxis((16, 2))), bias = ViewAxis(33:48, ShapedAxis((16, 1))))), layer_2 = ViewAxis(49:320, Axis(weight = ViewAxis(1:256, ShapedAxis((16, 16))), bias = ViewAxis(257:272, ShapedAxis((16, 1))))), layer_3 = ViewAxis(321:592, Axis(weight = ViewAxis(1:256, ShapedAxis((16, 16))), bias = ViewAxis(257:272, ShapedAxis((16, 1))))), layer_4 = ViewAxis(593:609, Axis(weight = ViewAxis(1:16, ShapedAxis((1, 16))), bias = ViewAxis(17:17, ShapedAxis((1, 1))))))), ode_par = 610:669)),)}}}, SciMLBase.NullParameters}}}, Tuple{}}}, Zygote.var"#2017#back#208"{typeof(identity)}}})(Δ::Float64)
    @ Zygote ~/.julia/packages/Zygote/zowwZ/src/compiler/interface2.jl:0
 [38] (::Zygote.var"#78#79"{Zygote.Pullback{Tuple{OptimizationZygoteExt.var"#39#57"{Tuple{}, OptimizationZygoteExt.var"#37#55"{OptimizationFunction{true, AutoZygote, var"#33#39"{var"#loss_fn#37"{var"#unstable_check#36", ODEProblem{Vector{Float64}, Tuple{Float64, Float64}, true, SciMLBase.NullParameters, ODEFunction{true, SciMLBase.AutoSpecialize, var"#f#27"{Chain{NamedTuple{(:layer_1, :layer_2, :layer_3, :layer_4), Tuple{Dense{true, typeof(gelu), typeof(my_glorot_uniform), typeof(my_glorot_uniform)}, Dense{true, typeof(gelu), typeof(my_glorot_uniform), typeof(my_glorot_uniform)}, Dense{true, typeof(gelu), typeof(my_glorot_uniform), typeof(my_glorot_uniform)}, Dense{true, typeof(identity), typeof(my_glorot_uniform), typeof(my_glorot_uniform)}}}, Nothing}, NamedTuple{(:layer_1, :layer_2, :layer_3, :layer_4), NTuple{4, NamedTuple{(), Tuple{}}}}, Vector{Float64}, Vector{Int64}, Vector{Int64}, Vector{Float64}}, UniformScaling{Bool}, Nothing, Nothing, Nothing, Nothing, Nothing, Nothing, Nothing, Nothing, Nothing, Nothing, Nothing, Nothing, Nothing, Nothing, typeof(SciMLBase.DEFAULT_OBSERVED), Nothing, Nothing}, Base.Pairs{Symbol, Union{}, Tuple{}, NamedTuple{(), Tuple{}}}, SciMLBase.StandardODEProblem}, Float64}}, Nothing, Nothing, Nothing, Nothing, Nothing, Nothing, Nothing, Nothing, Nothing, Nothing, Nothing, typeof(SciMLBase.DEFAULT_OBSERVED_NO_TIME), Nothing, Nothing, Nothing, Nothing, Nothing, Nothing, Nothing, Nothing, Nothing}, Optimization.ReInitCache{ComponentVector{Float64, Vector{Float64}, Tuple{Axis{(p = ViewAxis(1:669, Axis(p_net = ViewAxis(1:609, Axis(layer_1 = ViewAxis(1:48, Axis(weight = ViewAxis(1:32, ShapedAxis((16, 2))), bias = ViewAxis(33:48, ShapedAxis((16, 1))))), layer_2 = ViewAxis(49:320, Axis(weight = ViewAxis(1:256, ShapedAxis((16, 16))), bias = ViewAxis(257:272, ShapedAxis((16, 1))))), layer_3 = ViewAxis(321:592, Axis(weight = ViewAxis(1:256, ShapedAxis((16, 16))), bias = ViewAxis(257:272, ShapedAxis((16, 1))))), layer_4 = ViewAxis(593:609, Axis(weight = ViewAxis(1:16, ShapedAxis((1, 16))), bias = ViewAxis(17:17, ShapedAxis((1, 1))))))), ode_par = 610:669)),)}}}, SciMLBase.NullParameters}}}, ComponentVector{Float64, Vector{Float64}, Tuple{Axis{(p = ViewAxis(1:669, Axis(p_net = ViewAxis(1:609, Axis(layer_1 = ViewAxis(1:48, Axis(weight = ViewAxis(1:32, ShapedAxis((16, 2))), bias = ViewAxis(33:48, ShapedAxis((16, 1))))), layer_2 = ViewAxis(49:320, Axis(weight = ViewAxis(1:256, ShapedAxis((16, 16))), bias = ViewAxis(257:272, ShapedAxis((16, 1))))), layer_3 = ViewAxis(321:592, Axis(weight = ViewAxis(1:256, ShapedAxis((16, 16))), bias = ViewAxis(257:272, ShapedAxis((16, 1))))), layer_4 = ViewAxis(593:609, Axis(weight = ViewAxis(1:16, ShapedAxis((1, 16))), bias = ViewAxis(17:17, ShapedAxis((1, 1))))))), ode_par = 610:669)),)}}}}, Tuple{Zygote.var"#2173#back#297"{Zygote.var"#295#296"{Tuple{Tuple{Nothing}, Tuple{}}, Zygote.Pullback{Tuple{OptimizationZygoteExt.var"#37#55"{OptimizationFunction{true, AutoZygote, var"#33#39"{var"#loss_fn#37"{var"#unstable_check#36", ODEProblem{Vector{Float64}, Tuple{Float64, Float64}, true, SciMLBase.NullParameters, ODEFunction{true, SciMLBase.AutoSpecialize, var"#f#27"{Chain{NamedTuple{(:layer_1, :layer_2, :layer_3, :layer_4), Tuple{Dense{true, typeof(gelu), typeof(my_glorot_uniform), typeof(my_glorot_uniform)}, Dense{true, typeof(gelu), typeof(my_glorot_uniform), typeof(my_glorot_uniform)}, Dense{true, typeof(gelu), typeof(my_glorot_uniform), typeof(my_glorot_uniform)}, Dense{true, typeof(identity), typeof(my_glorot_uniform), typeof(my_glorot_uniform)}}}, Nothing}, NamedTuple{(:layer_1, :layer_2, :layer_3, :layer_4), NTuple{4, NamedTuple{(), Tuple{}}}}, Vector{Float64}, Vector{Int64}, Vector{Int64}, Vector{Float64}}, UniformScaling{Bool}, Nothing, Nothing, Nothing, Nothing, Nothing, Nothing, Nothing, Nothing, Nothing, Nothing, Nothing, Nothing, Nothing, Nothing, typeof(SciMLBase.DEFAULT_OBSERVED), Nothing, Nothing}, Base.Pairs{Symbol, Union{}, Tuple{}, NamedTuple{(), Tuple{}}}, SciMLBase.StandardODEProblem}, Float64}}, Nothing, Nothing, Nothing, Nothing, Nothing, Nothing, Nothing, Nothing, Nothing, Nothing, Nothing, typeof(SciMLBase.DEFAULT_OBSERVED_NO_TIME), Nothing, Nothing, Nothing, Nothing, Nothing, Nothing, Nothing, Nothing, Nothing}, Optimization.ReInitCache{ComponentVector{Float64, Vector{Float64}, Tuple{Axis{(p = ViewAxis(1:669, Axis(p_net = ViewAxis(1:609, Axis(layer_1 = ViewAxis(1:48, Axis(weight = ViewAxis(1:32, ShapedAxis((16, 2))), bias = ViewAxis(33:48, ShapedAxis((16, 1))))), layer_2 = ViewAxis(49:320, Axis(weight = ViewAxis(1:256, ShapedAxis((16, 16))), bias = ViewAxis(257:272, ShapedAxis((16, 1))))), layer_3 = ViewAxis(321:592, Axis(weight = ViewAxis(1:256, ShapedAxis((16, 16))), bias = ViewAxis(257:272, ShapedAxis((16, 1))))), layer_4 = ViewAxis(593:609, Axis(weight = ViewAxis(1:16, ShapedAxis((1, 16))), bias = ViewAxis(17:17, ShapedAxis((1, 1))))))), ode_par = 610:669)),)}}}, SciMLBase.NullParameters}}, ComponentVector{Float64, Vector{Float64}, Tuple{Axis{(p = ViewAxis(1:669, Axis(p_net = ViewAxis(1:609, Axis(layer_1 = ViewAxis(1:48, Axis(weight = ViewAxis(1:32, ShapedAxis((16, 2))), bias = ViewAxis(33:48, ShapedAxis((16, 1))))), layer_2 = ViewAxis(49:320, Axis(weight = ViewAxis(1:256, ShapedAxis((16, 16))), bias = ViewAxis(257:272, ShapedAxis((16, 1))))), layer_3 = ViewAxis(321:592, Axis(weight = ViewAxis(1:256, ShapedAxis((16, 16))), bias = ViewAxis(257:272, ShapedAxis((16, 1))))), layer_4 = ViewAxis(593:609, Axis(weight = ViewAxis(1:16, ShapedAxis((1, 16))), bias = ViewAxis(17:17, ShapedAxis((1, 1))))))), ode_par = 610:669)),)}}}}, Tuple{Zygote.Pullback{Tuple{typeof(Zygote.literal_getindex), Float64, Val{1}}, Tuple{Zygote.Pullback{Tuple{typeof(getindex), Float64, Int64}, Any}}}, Zygote.var"#2017#back#208"{typeof(identity)}, Zygote.var"#2184#back#307"{Zygote.var"#back#306"{:cache, Zygote.Context{false}, OptimizationZygoteExt.var"#37#55"{OptimizationFunction{true, AutoZygote, var"#33#39"{var"#loss_fn#37"{var"#unstable_check#36", ODEProblem{Vector{Float64}, Tuple{Float64, Float64}, true, SciMLBase.NullParameters, ODEFunction{true, SciMLBase.AutoSpecialize, var"#f#27"{Chain{NamedTuple{(:layer_1, :layer_2, :layer_3, :layer_4), Tuple{Dense{true, typeof(gelu), typeof(my_glorot_uniform), typeof(my_glorot_uniform)}, Dense{true, typeof(gelu), typeof(my_glorot_uniform), typeof(my_glorot_uniform)}, Dense{true, typeof(gelu), typeof(my_glorot_uniform), typeof(my_glorot_uniform)}, Dense{true, typeof(identity), typeof(my_glorot_uniform), typeof(my_glorot_uniform)}}}, Nothing}, NamedTuple{(:layer_1, :layer_2, :layer_3, :layer_4), NTuple{4, NamedTuple{(), Tuple{}}}}, Vector{Float64}, Vector{Int64}, Vector{Int64}, Vector{Float64}}, UniformScaling{Bool}, Nothing, Nothing, Nothing, Nothing, Nothing, Nothing, Nothing, Nothing, Nothing, Nothing, Nothing, Nothing, Nothing, Nothing, typeof(SciMLBase.DEFAULT_OBSERVED), Nothing, Nothing}, Base.Pairs{Symbol, Union{}, Tuple{}, NamedTuple{(), Tuple{}}}, SciMLBase.StandardODEProblem}, Float64}}, Nothing, Nothing, Nothing, Nothing, Nothing, Nothing, Nothing, Nothing, Nothing, Nothing, Nothing, typeof(SciMLBase.DEFAULT_OBSERVED_NO_TIME), Nothing, Nothing, Nothing, Nothing, Nothing, Nothing, Nothing, Nothing, Nothing}, Optimization.ReInitCache{ComponentVector{Float64, Vector{Float64}, Tuple{Axis{(p = ViewAxis(1:669, Axis(p_net = ViewAxis(1:609, Axis(layer_1 = ViewAxis(1:48, Axis(weight = ViewAxis(1:32, ShapedAxis((16, 2))), bias = ViewAxis(33:48, ShapedAxis((16, 1))))), layer_2 = ViewAxis(49:320, Axis(weight = ViewAxis(1:256, ShapedAxis((16, 16))), bias = ViewAxis(257:272, ShapedAxis((16, 1))))), layer_3 = ViewAxis(321:592, Axis(weight = ViewAxis(1:256, ShapedAxis((16, 16))), bias = ViewAxis(257:272, ShapedAxis((16, 1))))), layer_4 = ViewAxis(593:609, Axis(weight = ViewAxis(1:16, ShapedAxis((1, 16))), bias = ViewAxis(17:17, ShapedAxis((1, 1))))))), ode_par = 610:669)),)}}}, SciMLBase.NullParameters}}, Optimization.ReInitCache{ComponentVector{Float64, Vector{Float64}, Tuple{Axis{(p = ViewAxis(1:669, Axis(p_net = ViewAxis(1:609, Axis(layer_1 = ViewAxis(1:48, Axis(weight = ViewAxis(1:32, ShapedAxis((16, 2))), bias = ViewAxis(33:48, ShapedAxis((16, 1))))), layer_2 = ViewAxis(49:320, Axis(weight = ViewAxis(1:256, ShapedAxis((16, 16))), bias = ViewAxis(257:272, ShapedAxis((16, 1))))), layer_3 = ViewAxis(321:592, Axis(weight = ViewAxis(1:256, ShapedAxis((16, 16))), bias = ViewAxis(257:272, ShapedAxis((16, 1))))), layer_4 = ViewAxis(593:609, Axis(weight = ViewAxis(1:16, ShapedAxis((1, 16))), bias = ViewAxis(17:17, ShapedAxis((1, 1))))))), ode_par = 610:669)),)}}}, SciMLBase.NullParameters}}}, Zygote.var"#2184#back#307"{Zygote.var"#back#306"{:f, Zygote.Context{false}, OptimizationZygoteExt.var"#37#55"{OptimizationFunction{true, AutoZygote, var"#33#39"{var"#loss_fn#37"{var"#unstable_check#36", ODEProblem{Vector{Float64}, Tuple{Float64, Float64}, true, SciMLBase.NullParameters, ODEFunction{true, SciMLBase.AutoSpecialize, var"#f#27"{Chain{NamedTuple{(:layer_1, :layer_2, :layer_3, :layer_4), Tuple{Dense{true, typeof(gelu), typeof(my_glorot_uniform), typeof(my_glorot_uniform)}, Dense{true, typeof(gelu), typeof(my_glorot_uniform), typeof(my_glorot_uniform)}, Dense{true, typeof(gelu), typeof(my_glorot_uniform), typeof(my_glorot_uniform)}, Dense{true, typeof(identity), typeof(my_glorot_uniform), typeof(my_glorot_uniform)}}}, Nothing}, NamedTuple{(:layer_1, :layer_2, :layer_3, :layer_4), NTuple{4, NamedTuple{(), Tuple{}}}}, Vector{Float64}, Vector{Int64}, Vector{Int64}, Vector{Float64}}, UniformScaling{Bool}, Nothing, Nothing, Nothing, Nothing, Nothing, Nothing, Nothing, Nothing, Nothing, Nothing, Nothing, Nothing, Nothing, Nothing, typeof(SciMLBase.DEFAULT_OBSERVED), Nothing, Nothing}, Base.Pairs{Symbol, Union{}, Tuple{}, NamedTuple{(), Tuple{}}}, SciMLBase.StandardODEProblem}, Float64}}, Nothing, Nothing, Nothing, Nothing, Nothing, Nothing, Nothing, Nothing, Nothing, Nothing, Nothing, typeof(SciMLBase.DEFAULT_OBSERVED_NO_TIME), Nothing, Nothing, Nothing, Nothing, Nothing, Nothing, Nothing, Nothing, Nothing}, Optimization.ReInitCache{ComponentVector{Float64, Vector{Float64}, Tuple{Axis{(p = ViewAxis(1:669, Axis(p_net = ViewAxis(1:609, Axis(layer_1 = ViewAxis(1:48, Axis(weight = ViewAxis(1:32, ShapedAxis((16, 2))), bias = ViewAxis(33:48, ShapedAxis((16, 1))))), layer_2 = ViewAxis(49:320, Axis(weight = ViewAxis(1:256, ShapedAxis((16, 16))), bias = ViewAxis(257:272, ShapedAxis((16, 1))))), layer_3 = ViewAxis(321:592, Axis(weight = ViewAxis(1:256, ShapedAxis((16, 16))), bias = ViewAxis(257:272, ShapedAxis((16, 1))))), layer_4 = ViewAxis(593:609, Axis(weight = ViewAxis(1:16, ShapedAxis((1, 16))), bias = ViewAxis(17:17, ShapedAxis((1, 1))))))), ode_par = 610:669)),)}}}, SciMLBase.NullParameters}}, OptimizationFunction{true, AutoZygote, var"#33#39"{var"#loss_fn#37"{var"#unstable_check#36", ODEProblem{Vector{Float64}, Tuple{Float64, Float64}, true, SciMLBase.NullParameters, ODEFunction{true, SciMLBase.AutoSpecialize, var"#f#27"{Chain{NamedTuple{(:layer_1, :layer_2, :layer_3, :layer_4), Tuple{Dense{true, typeof(gelu), typeof(my_glorot_uniform), typeof(my_glorot_uniform)}, Dense{true, typeof(gelu), typeof(my_glorot_uniform), typeof(my_glorot_uniform)}, Dense{true, typeof(gelu), typeof(my_glorot_uniform), typeof(my_glorot_uniform)}, Dense{true, typeof(identity), typeof(my_glorot_uniform), typeof(my_glorot_uniform)}}}, Nothing}, NamedTuple{(:layer_1, :layer_2, :layer_3, :layer_4), NTuple{4, NamedTuple{(), Tuple{}}}}, Vector{Float64}, Vector{Int64}, Vector{Int64}, Vector{Float64}}, UniformScaling{Bool}, Nothing, Nothing, Nothing, Nothing, Nothing, Nothing, Nothing, Nothing, Nothing, Nothing, Nothing, Nothing, Nothing, Nothing, typeof(SciMLBase.DEFAULT_OBSERVED), Nothing, Nothing}, Base.Pairs{Symbol, Union{}, Tuple{}, NamedTuple{(), Tuple{}}}, SciMLBase.StandardODEProblem}, Float64}}, Nothing, Nothing, Nothing, Nothing, Nothing, Nothing, Nothing, Nothing, Nothing, Nothing, Nothing, typeof(SciMLBase.DEFAULT_OBSERVED_NO_TIME), Nothing, Nothing, Nothing, Nothing, Nothing, Nothing, Nothing, Nothing, Nothing}}}, Zygote.var"#2173#back#297"{Zygote.var"#295#296"{Tuple{Tuple{Nothing, Nothing}, Tuple{}}, Zygote.Pullback{Tuple{OptimizationFunction{true, AutoZygote, var"#33#39"{var"#loss_fn#37"{var"#unstable_check#36", ODEProblem{Vector{Float64}, Tuple{Float64, Float64}, true, SciMLBase.NullParameters, ODEFunction{true, SciMLBase.AutoSpecialize, var"#f#27"{Chain{NamedTuple{(:layer_1, :layer_2, :layer_3, :layer_4), Tuple{Dense{true, typeof(gelu), typeof(my_glorot_uniform), typeof(my_glorot_uniform)}, Dense{true, typeof(gelu), typeof(my_glorot_uniform), typeof(my_glorot_uniform)}, Dense{true, typeof(gelu), typeof(my_glorot_uniform), typeof(my_glorot_uniform)}, Dense{true, typeof(identity), typeof(my_glorot_uniform), typeof(my_glorot_uniform)}}}, Nothing}, NamedTuple{(:layer_1, :layer_2, :layer_3, :layer_4), NTuple{4, NamedTuple{(), Tuple{}}}}, Vector{Float64}, Vector{Int64}, Vector{Int64}, Vector{Float64}}, UniformScaling{Bool}, Nothing, Nothing, Nothing, Nothing, Nothing, Nothing, Nothing, Nothing, Nothing, Nothing, Nothing, Nothing, Nothing, Nothing, typeof(SciMLBase.DEFAULT_OBSERVED), Nothing, Nothing}, Base.Pairs{Symbol, Union{}, Tuple{}, NamedTuple{(), Tuple{}}}, SciMLBase.StandardODEProblem}, Float64}}, Nothing, Nothing, Nothing, Nothing, Nothing, Nothing, Nothing, Nothing, Nothing, Nothing, Nothing, typeof(SciMLBase.DEFAULT_OBSERVED_NO_TIME), Nothing, Nothing, Nothing, Nothing, Nothing, Nothing, Nothing, Nothing, Nothing}, ComponentVector{Float64, Vector{Float64}, Tuple{Axis{(p = ViewAxis(1:669, Axis(p_net = ViewAxis(1:609, Axis(layer_1 = ViewAxis(1:48, Axis(weight = ViewAxis(1:32, ShapedAxis((16, 2))), bias = ViewAxis(33:48, ShapedAxis((16, 1))))), layer_2 = ViewAxis(49:320, Axis(weight = ViewAxis(1:256, ShapedAxis((16, 16))), bias = ViewAxis(257:272, ShapedAxis((16, 1))))), layer_3 = ViewAxis(321:592, Axis(weight = ViewAxis(1:256, ShapedAxis((16, 16))), bias = ViewAxis(257:272, ShapedAxis((16, 1))))), layer_4 = ViewAxis(593:609, Axis(weight = ViewAxis(1:16, ShapedAxis((1, 16))), bias = ViewAxis(17:17, ShapedAxis((1, 1))))))), ode_par = 610:669)),)}}}, SciMLBase.NullParameters}, Tuple{Zygote.var"#2184#back#307"{Zygote.var"#back#306"{:f, Zygote.Context{false}, OptimizationFunction{true, AutoZygote, var"#33#39"{var"#loss_fn#37"{var"#unstable_check#36", ODEProblem{Vector{Float64}, Tuple{Float64, Float64}, true, SciMLBase.NullParameters, ODEFunction{true, SciMLBase.AutoSpecialize, var"#f#27"{Chain{NamedTuple{(:layer_1, :layer_2, :layer_3, :layer_4), Tuple{Dense{true, typeof(gelu), typeof(my_glorot_uniform), typeof(my_glorot_uniform)}, Dense{true, typeof(gelu), typeof(my_glorot_uniform), typeof(my_glorot_uniform)}, Dense{true, typeof(gelu), typeof(my_glorot_uniform), typeof(my_glorot_uniform)}, Dense{true, typeof(identity), typeof(my_glorot_uniform), typeof(my_glorot_uniform)}}}, Nothing}, NamedTuple{(:layer_1, :layer_2, :layer_3, :layer_4), NTuple{4, NamedTuple{(), Tuple{}}}}, Vector{Float64}, Vector{Int64}, Vector{Int64}, Vector{Float64}}, UniformScaling{Bool}, Nothing, Nothing, Nothing, Nothing, Nothing, Nothing, Nothing, Nothing, Nothing, Nothing, Nothing, Nothing, Nothing, Nothing, typeof(SciMLBase.DEFAULT_OBSERVED), Nothing, Nothing}, Base.Pairs{Symbol, Union{}, Tuple{}, NamedTuple{(), Tuple{}}}, SciMLBase.StandardODEProblem}, Float64}}, Nothing, Nothing, Nothing, Nothing, Nothing, Nothing, Nothing, Nothing, Nothing, Nothing, Nothing, typeof(SciMLBase.DEFAULT_OBSERVED_NO_TIME), Nothing, Nothing, Nothing, Nothing, Nothing, Nothing, Nothing, Nothing, Nothing}, var"#33#39"{var"#loss_fn#37"{var"#unstable_check#36", ODEProblem{Vector{Float64}, Tuple{Float64, Float64}, true, SciMLBase.NullParameters, ODEFunction{true, SciMLBase.AutoSpecialize, var"#f#27"{Chain{NamedTuple{(:layer_1, :layer_2, :layer_3, :layer_4), Tuple{Dense{true, typeof(gelu), typeof(my_glorot_uniform), typeof(my_glorot_uniform)}, Dense{true, typeof(gelu), typeof(my_glorot_uniform), typeof(my_glorot_uniform)}, Dense{true, typeof(gelu), typeof(my_glorot_uniform), typeof(my_glorot_uniform)}, Dense{true, typeof(identity), typeof(my_glorot_uniform), typeof(my_glorot_uniform)}}}, Nothing}, NamedTuple{(:layer_1, :layer_2, :layer_3, :layer_4), NTuple{4, NamedTuple{(), Tuple{}}}}, Vector{Float64}, Vector{Int64}, Vector{Int64}, Vector{Float64}}, UniformScaling{Bool}, Nothing, Nothing, Nothing, Nothing, Nothing, Nothing, Nothing, Nothing, Nothing, Nothing, Nothing, Nothing, Nothing, Nothing, typeof(SciMLBase.DEFAULT_OBSERVED), Nothing, Nothing}, Base.Pairs{Symbol, Union{}, Tuple{}, NamedTuple{(), Tuple{}}}, SciMLBase.StandardODEProblem}, Float64}}}}, Zygote.var"#2173#back#297"{Zygote.var"#295#296"{Tuple{Tuple{Nothing, Nothing}}, Zygote.Pullback{Tuple{var"#33#39"{var"#loss_fn#37"{var"#unstable_check#36", ODEProblem{Vector{Float64}, Tuple{Float64, Float64}, true, SciMLBase.NullParameters, ODEFunction{true, SciMLBase.AutoSpecialize, var"#f#27"{Chain{NamedTuple{(:layer_1, :layer_2, :layer_3, :layer_4), Tuple{Dense{true, typeof(gelu), typeof(my_glorot_uniform), typeof(my_glorot_uniform)}, Dense{true, typeof(gelu), typeof(my_glorot_uniform), typeof(my_glorot_uniform)}, Dense{true, typeof(gelu), typeof(my_glorot_uniform), typeof(my_glorot_uniform)}, Dense{true, typeof(identity), typeof(my_glorot_uniform), typeof(my_glorot_uniform)}}}, Nothing}, NamedTuple{(:layer_1, :layer_2, :layer_3, :layer_4), NTuple{4, NamedTuple{(), Tuple{}}}}, Vector{Float64}, Vector{Int64}, Vector{Int64}, Vector{Float64}}, UniformScaling{Bool}, Nothing, Nothing, Nothing, Nothing, Nothing, Nothing, Nothing, Nothing, Nothing, Nothing, Nothing, Nothing, Nothing, Nothing, typeof(SciMLBase.DEFAULT_OBSERVED), Nothing, Nothing}, Base.Pairs{Symbol, Union{}, Tuple{}, NamedTuple{(), Tuple{}}}, SciMLBase.StandardODEProblem}, Float64}}, ComponentVector{Float64, Vector{Float64}, Tuple{Axis{(p = ViewAxis(1:669, Axis(p_net = ViewAxis(1:609, Axis(layer_1 = ViewAxis(1:48, Axis(weight = ViewAxis(1:32, ShapedAxis((16, 2))), bias = ViewAxis(33:48, ShapedAxis((16, 1))))), layer_2 = ViewAxis(49:320, Axis(weight = ViewAxis(1:256, ShapedAxis((16, 16))), bias = ViewAxis(257:272, ShapedAxis((16, 1))))), layer_3 = ViewAxis(321:592, Axis(weight = ViewAxis(1:256, ShapedAxis((16, 16))), bias = ViewAxis(257:272, ShapedAxis((16, 1))))), layer_4 = ViewAxis(593:609, Axis(weight = ViewAxis(1:16, ShapedAxis((1, 16))), bias = ViewAxis(17:17, ShapedAxis((1, 1))))))), ode_par = 610:669)),)}}}, SciMLBase.NullParameters}, Tuple{Zygote.Pullback{Tuple{var"#loss_fn#37"{var"#unstable_check#36", ODEProblem{Vector{Float64}, Tuple{Float64, Float64}, true, SciMLBase.NullParameters, ODEFunction{true, SciMLBase.AutoSpecialize, var"#f#27"{Chain{NamedTuple{(:layer_1, :layer_2, :layer_3, :layer_4), Tuple{Dense{true, typeof(gelu), typeof(my_glorot_uniform), typeof(my_glorot_uniform)}, Dense{true, typeof(gelu), typeof(my_glorot_uniform), typeof(my_glorot_uniform)}, Dense{true, typeof(gelu), typeof(my_glorot_uniform), typeof(my_glorot_uniform)}, Dense{true, typeof(identity), typeof(my_glorot_uniform), typeof(my_glorot_uniform)}}}, Nothing}, NamedTuple{(:layer_1, :layer_2, :layer_3, :layer_4), NTuple{4, NamedTuple{(), Tuple{}}}}, Vector{Float64}, Vector{Int64}, Vector{Int64}, Vector{Float64}}, UniformScaling{Bool}, Nothing, Nothing, Nothing, Nothing, Nothing, Nothing, Nothing, Nothing, Nothing, Nothing, Nothing, Nothing, Nothing, Nothing, typeof(SciMLBase.DEFAULT_OBSERVED), Nothing, Nothing}, Base.Pairs{Symbol, Union{}, Tuple{}, NamedTuple{(), Tuple{}}}, SciMLBase.StandardODEProblem}, Float64}, ComponentVector{Float64, Vector{Float64}, Tuple{Axis{(p = ViewAxis(1:669, Axis(p_net = ViewAxis(1:609, Axis(layer_1 = ViewAxis(1:48, Axis(weight = ViewAxis(1:32, ShapedAxis((16, 2))), bias = ViewAxis(33:48, ShapedAxis((16, 1))))), layer_2 = ViewAxis(49:320, Axis(weight = ViewAxis(1:256, ShapedAxis((16, 16))), bias = ViewAxis(257:272, ShapedAxis((16, 1))))), layer_3 = ViewAxis(321:592, Axis(weight = ViewAxis(1:256, ShapedAxis((16, 16))), bias = ViewAxis(257:272, ShapedAxis((16, 1))))), layer_4 = ViewAxis(593:609, Axis(weight = ViewAxis(1:16, ShapedAxis((1, 16))), bias = ViewAxis(17:17, ShapedAxis((1, 1))))))), ode_par = 610:669)),)}}}}, Any}, Zygote.var"#2184#back#307"{Zygote.var"#back#306"{:loss_fn, Zygote.Context{false}, var"#33#39"{var"#loss_fn#37"{var"#unstable_check#36", ODEProblem{Vector{Float64}, Tuple{Float64, Float64}, true, SciMLBase.NullParameters, ODEFunction{true, SciMLBase.AutoSpecialize, var"#f#27"{Chain{NamedTuple{(:layer_1, :layer_2, :layer_3, :layer_4), Tuple{Dense{true, typeof(gelu), typeof(my_glorot_uniform), typeof(my_glorot_uniform)}, Dense{true, typeof(gelu), typeof(my_glorot_uniform), typeof(my_glorot_uniform)}, Dense{true, typeof(gelu), typeof(my_glorot_uniform), typeof(my_glorot_uniform)}, Dense{true, typeof(identity), typeof(my_glorot_uniform), typeof(my_glorot_uniform)}}}, Nothing}, NamedTuple{(:layer_1, :layer_2, :layer_3, :layer_4), NTuple{4, NamedTuple{(), Tuple{}}}}, Vector{Float64}, Vector{Int64}, Vector{Int64}, Vector{Float64}}, UniformScaling{Bool}, Nothing, Nothing, Nothing, Nothing, Nothing, Nothing, Nothing, Nothing, Nothing, Nothing, Nothing, Nothing, Nothing, Nothing, typeof(SciMLBase.DEFAULT_OBSERVED), Nothing, Nothing}, Base.Pairs{Symbol, Union{}, Tuple{}, NamedTuple{(), Tuple{}}}, SciMLBase.StandardODEProblem}, Float64}}, var"#loss_fn#37"{var"#unstable_check#36", ODEProblem{Vector{Float64}, Tuple{Float64, Float64}, true, SciMLBase.NullParameters, ODEFunction{true, SciMLBase.AutoSpecialize, var"#f#27"{Chain{NamedTuple{(:layer_1, :layer_2, :layer_3, :layer_4), Tuple{Dense{true, typeof(gelu), typeof(my_glorot_uniform), typeof(my_glorot_uniform)}, Dense{true, typeof(gelu), typeof(my_glorot_uniform), typeof(my_glorot_uniform)}, Dense{true, typeof(gelu), typeof(my_glorot_uniform), typeof(my_glorot_uniform)}, Dense{true, typeof(identity), typeof(my_glorot_uniform), typeof(my_glorot_uniform)}}}, Nothing}, NamedTuple{(:layer_1, :layer_2, :layer_3, :layer_4), NTuple{4, NamedTuple{(), Tuple{}}}}, Vector{Float64}, Vector{Int64}, Vector{Int64}, Vector{Float64}}, UniformScaling{Bool}, Nothing, Nothing, Nothing, Nothing, Nothing, Nothing, Nothing, Nothing, Nothing, Nothing, Nothing, Nothing, Nothing, Nothing, typeof(SciMLBase.DEFAULT_OBSERVED), Nothing, Nothing}, Base.Pairs{Symbol, Union{}, Tuple{}, NamedTuple{(), Tuple{}}}, SciMLBase.StandardODEProblem}, Float64}}}}}}}}}}}, Zygote.var"#2184#back#307"{Zygote.var"#back#306"{:p, Zygote.Context{false}, Optimization.ReInitCache{ComponentVector{Float64, Vector{Float64}, Tuple{Axis{(p = ViewAxis(1:669, Axis(p_net = ViewAxis(1:609, Axis(layer_1 = ViewAxis(1:48, Axis(weight = ViewAxis(1:32, ShapedAxis((16, 2))), bias = ViewAxis(33:48, ShapedAxis((16, 1))))), layer_2 = ViewAxis(49:320, Axis(weight = ViewAxis(1:256, ShapedAxis((16, 16))), bias = ViewAxis(257:272, ShapedAxis((16, 1))))), layer_3 = ViewAxis(321:592, Axis(weight = ViewAxis(1:256, ShapedAxis((16, 16))), bias = ViewAxis(257:272, ShapedAxis((16, 1))))), layer_4 = ViewAxis(593:609, Axis(weight = ViewAxis(1:16, ShapedAxis((1, 16))), bias = ViewAxis(17:17, ShapedAxis((1, 1))))))), ode_par = 610:669)),)}}}, SciMLBase.NullParameters}, SciMLBase.NullParameters}}}}}}, Zygote.var"#2184#back#307"{Zygote.var"#back#306"{:_f, Zygote.Context{false}, OptimizationZygoteExt.var"#39#57"{Tuple{}, OptimizationZygoteExt.var"#37#55"{OptimizationFunction{true, AutoZygote, var"#33#39"{var"#loss_fn#37"{var"#unstable_check#36", ODEProblem{Vector{Float64}, Tuple{Float64, Float64}, true, SciMLBase.NullParameters, ODEFunction{true, SciMLBase.AutoSpecialize, var"#f#27"{Chain{NamedTuple{(:layer_1, :layer_2, :layer_3, :layer_4), Tuple{Dense{true, typeof(gelu), typeof(my_glorot_uniform), typeof(my_glorot_uniform)}, Dense{true, typeof(gelu), typeof(my_glorot_uniform), typeof(my_glorot_uniform)}, Dense{true, typeof(gelu), typeof(my_glorot_uniform), typeof(my_glorot_uniform)}, Dense{true, typeof(identity), typeof(my_glorot_uniform), typeof(my_glorot_uniform)}}}, Nothing}, NamedTuple{(:layer_1, :layer_2, :layer_3, :layer_4), NTuple{4, NamedTuple{(), Tuple{}}}}, Vector{Float64}, Vector{Int64}, Vector{Int64}, Vector{Float64}}, UniformScaling{Bool}, Nothing, Nothing, Nothing, Nothing, Nothing, Nothing, Nothing, Nothing, Nothing, Nothing, Nothing, Nothing, Nothing, Nothing, typeof(SciMLBase.DEFAULT_OBSERVED), Nothing, Nothing}, Base.Pairs{Symbol, Union{}, Tuple{}, NamedTuple{(), Tuple{}}}, SciMLBase.StandardODEProblem}, Float64}}, Nothing, Nothing, Nothing, Nothing, Nothing, Nothing, Nothing, Nothing, Nothing, Nothing, Nothing, typeof(SciMLBase.DEFAULT_OBSERVED_NO_TIME), Nothing, Nothing, Nothing, Nothing, Nothing, Nothing, Nothing, Nothing, Nothing}, Optimization.ReInitCache{ComponentVector{Float64, Vector{Float64}, Tuple{Axis{(p = ViewAxis(1:669, Axis(p_net = ViewAxis(1:609, Axis(layer_1 = ViewAxis(1:48, Axis(weight = ViewAxis(1:32, ShapedAxis((16, 2))), bias = ViewAxis(33:48, ShapedAxis((16, 1))))), layer_2 = ViewAxis(49:320, Axis(weight = ViewAxis(1:256, ShapedAxis((16, 16))), bias = ViewAxis(257:272, ShapedAxis((16, 1))))), layer_3 = ViewAxis(321:592, Axis(weight = ViewAxis(1:256, ShapedAxis((16, 16))), bias = ViewAxis(257:272, ShapedAxis((16, 1))))), layer_4 = ViewAxis(593:609, Axis(weight = ViewAxis(1:16, ShapedAxis((1, 16))), bias = ViewAxis(17:17, ShapedAxis((1, 1))))))), ode_par = 610:669)),)}}}, SciMLBase.NullParameters}}}, OptimizationZygoteExt.var"#37#55"{OptimizationFunction{true, AutoZygote, var"#33#39"{var"#loss_fn#37"{var"#unstable_check#36", ODEProblem{Vector{Float64}, Tuple{Float64, Float64}, true, SciMLBase.NullParameters, ODEFunction{true, SciMLBase.AutoSpecialize, var"#f#27"{Chain{NamedTuple{(:layer_1, :layer_2, :layer_3, :layer_4), Tuple{Dense{true, typeof(gelu), typeof(my_glorot_uniform), typeof(my_glorot_uniform)}, Dense{true, typeof(gelu), typeof(my_glorot_uniform), typeof(my_glorot_uniform)}, Dense{true, typeof(gelu), typeof(my_glorot_uniform), typeof(my_glorot_uniform)}, Dense{true, typeof(identity), typeof(my_glorot_uniform), typeof(my_glorot_uniform)}}}, Nothing}, NamedTuple{(:layer_1, :layer_2, :layer_3, :layer_4), NTuple{4, NamedTuple{(), Tuple{}}}}, Vector{Float64}, Vector{Int64}, Vector{Int64}, Vector{Float64}}, UniformScaling{Bool}, Nothing, Nothing, Nothing, Nothing, Nothing, Nothing, Nothing, Nothing, Nothing, Nothing, Nothing, Nothing, Nothing, Nothing, typeof(SciMLBase.DEFAULT_OBSERVED), Nothing, Nothing}, Base.Pairs{Symbol, Union{}, Tuple{}, NamedTuple{(), Tuple{}}}, SciMLBase.StandardODEProblem}, Float64}}, Nothing, Nothing, Nothing, Nothing, Nothing, Nothing, Nothing, Nothing, Nothing, Nothing, Nothing, typeof(SciMLBase.DEFAULT_OBSERVED_NO_TIME), Nothing, Nothing, Nothing, Nothing, Nothing, Nothing, Nothing, Nothing, Nothing}, Optimization.ReInitCache{ComponentVector{Float64, Vector{Float64}, Tuple{Axis{(p = ViewAxis(1:669, Axis(p_net = ViewAxis(1:609, Axis(layer_1 = ViewAxis(1:48, Axis(weight = ViewAxis(1:32, ShapedAxis((16, 2))), bias = ViewAxis(33:48, ShapedAxis((16, 1))))), layer_2 = ViewAxis(49:320, Axis(weight = ViewAxis(1:256, ShapedAxis((16, 16))), bias = ViewAxis(257:272, ShapedAxis((16, 1))))), layer_3 = ViewAxis(321:592, Axis(weight = ViewAxis(1:256, ShapedAxis((16, 16))), bias = ViewAxis(257:272, ShapedAxis((16, 1))))), layer_4 = ViewAxis(593:609, Axis(weight = ViewAxis(1:16, ShapedAxis((1, 16))), bias = ViewAxis(17:17, ShapedAxis((1, 1))))))), ode_par = 610:669)),)}}}, SciMLBase.NullParameters}}}}, Zygote.var"#2184#back#307"{Zygote.var"#back#306"{:args, Zygote.Context{false}, OptimizationZygoteExt.var"#39#57"{Tuple{}, OptimizationZygoteExt.var"#37#55"{OptimizationFunction{true, AutoZygote, var"#33#39"{var"#loss_fn#37"{var"#unstable_check#36", ODEProblem{Vector{Float64}, Tuple{Float64, Float64}, true, SciMLBase.NullParameters, ODEFunction{true, SciMLBase.AutoSpecialize, var"#f#27"{Chain{NamedTuple{(:layer_1, :layer_2, :layer_3, :layer_4), Tuple{Dense{true, typeof(gelu), typeof(my_glorot_uniform), typeof(my_glorot_uniform)}, Dense{true, typeof(gelu), typeof(my_glorot_uniform), typeof(my_glorot_uniform)}, Dense{true, typeof(gelu), typeof(my_glorot_uniform), typeof(my_glorot_uniform)}, Dense{true, typeof(identity), typeof(my_glorot_uniform), typeof(my_glorot_uniform)}}}, Nothing}, NamedTuple{(:layer_1, :layer_2, :layer_3, :layer_4), NTuple{4, NamedTuple{(), Tuple{}}}}, Vector{Float64}, Vector{Int64}, Vector{Int64}, Vector{Float64}}, UniformScaling{Bool}, Nothing, Nothing, Nothing, Nothing, Nothing, Nothing, Nothing, Nothing, Nothing, Nothing, Nothing, Nothing, Nothing, Nothing, typeof(SciMLBase.DEFAULT_OBSERVED), Nothing, Nothing}, Base.Pairs{Symbol, Union{}, Tuple{}, NamedTuple{(), Tuple{}}}, SciMLBase.StandardODEProblem}, Float64}}, Nothing, Nothing, Nothing, Nothing, Nothing, Nothing, Nothing, Nothing, Nothing, Nothing, Nothing, typeof(SciMLBase.DEFAULT_OBSERVED_NO_TIME), Nothing, Nothing, Nothing, Nothing, Nothing, Nothing, Nothing, Nothing, Nothing}, Optimization.ReInitCache{ComponentVector{Float64, Vector{Float64}, Tuple{Axis{(p = ViewAxis(1:669, Axis(p_net = ViewAxis(1:609, Axis(layer_1 = ViewAxis(1:48, Axis(weight = ViewAxis(1:32, ShapedAxis((16, 2))), bias = ViewAxis(33:48, ShapedAxis((16, 1))))), layer_2 = ViewAxis(49:320, Axis(weight = ViewAxis(1:256, ShapedAxis((16, 16))), bias = ViewAxis(257:272, ShapedAxis((16, 1))))), layer_3 = ViewAxis(321:592, Axis(weight = ViewAxis(1:256, ShapedAxis((16, 16))), bias = ViewAxis(257:272, ShapedAxis((16, 1))))), layer_4 = ViewAxis(593:609, Axis(weight = ViewAxis(1:16, ShapedAxis((1, 16))), bias = ViewAxis(17:17, ShapedAxis((1, 1))))))), ode_par = 610:669)),)}}}, SciMLBase.NullParameters}}}, Tuple{}}}, Zygote.var"#2017#back#208"{typeof(identity)}}}})(Δ::Float64)
    @ Zygote ~/.julia/packages/Zygote/zowwZ/src/compiler/interface.jl:91
 [39] gradient(f::Function, args::ComponentVector{Float64, Vector{Float64}, Tuple{Axis{(p = ViewAxis(1:669, Axis(p_net = ViewAxis(1:609, Axis(layer_1 = ViewAxis(1:48, Axis(weight = ViewAxis(1:32, ShapedAxis((16, 2))), bias = ViewAxis(33:48, ShapedAxis((16, 1))))), layer_2 = ViewAxis(49:320, Axis(weight = ViewAxis(1:256, ShapedAxis((16, 16))), bias = ViewAxis(257:272, ShapedAxis((16, 1))))), layer_3 = ViewAxis(321:592, Axis(weight = ViewAxis(1:256, ShapedAxis((16, 16))), bias = ViewAxis(257:272, ShapedAxis((16, 1))))), layer_4 = ViewAxis(593:609, Axis(weight = ViewAxis(1:16, ShapedAxis((1, 16))), bias = ViewAxis(17:17, ShapedAxis((1, 1))))))), ode_par = 610:669)),)}}})
    @ Zygote ~/.julia/packages/Zygote/zowwZ/src/compiler/interface.jl:148
 [40] (::OptimizationZygoteExt.var"#38#56"{OptimizationZygoteExt.var"#37#55"{OptimizationFunction{true, AutoZygote, var"#33#39"{var"#loss_fn#37"{var"#unstable_check#36", ODEProblem{Vector{Float64}, Tuple{Float64, Float64}, true, SciMLBase.NullParameters, ODEFunction{true, SciMLBase.AutoSpecialize, var"#f#27"{Chain{NamedTuple{(:layer_1, :layer_2, :layer_3, :layer_4), Tuple{Dense{true, typeof(gelu), typeof(my_glorot_uniform), typeof(my_glorot_uniform)}, Dense{true, typeof(gelu), typeof(my_glorot_uniform), typeof(my_glorot_uniform)}, Dense{true, typeof(gelu), typeof(my_glorot_uniform), typeof(my_glorot_uniform)}, Dense{true, typeof(identity), typeof(my_glorot_uniform), typeof(my_glorot_uniform)}}}, Nothing}, NamedTuple{(:layer_1, :layer_2, :layer_3, :layer_4), NTuple{4, NamedTuple{(), Tuple{}}}}, Vector{Float64}, Vector{Int64}, Vector{Int64}, Vector{Float64}}, UniformScaling{Bool}, Nothing, Nothing, Nothing, Nothing, Nothing, Nothing, Nothing, Nothing, Nothing, Nothing, Nothing, Nothing, Nothing, Nothing, typeof(SciMLBase.DEFAULT_OBSERVED), Nothing, Nothing}, Base.Pairs{Symbol, Union{}, Tuple{}, NamedTuple{(), Tuple{}}}, SciMLBase.StandardODEProblem}, Float64}}, Nothing, Nothing, Nothing, Nothing, Nothing, Nothing, Nothing, Nothing, Nothing, Nothing, Nothing, typeof(SciMLBase.DEFAULT_OBSERVED_NO_TIME), Nothing, Nothing, Nothing, Nothing, Nothing, Nothing, Nothing, Nothing, Nothing}, Optimization.ReInitCache{ComponentVector{Float64, Vector{Float64}, Tuple{Axis{(p = ViewAxis(1:669, Axis(p_net = ViewAxis(1:609, Axis(layer_1 = ViewAxis(1:48, Axis(weight = ViewAxis(1:32, ShapedAxis((16, 2))), bias = ViewAxis(33:48, ShapedAxis((16, 1))))), layer_2 = ViewAxis(49:320, Axis(weight = ViewAxis(1:256, ShapedAxis((16, 16))), bias = ViewAxis(257:272, ShapedAxis((16, 1))))), layer_3 = ViewAxis(321:592, Axis(weight = ViewAxis(1:256, ShapedAxis((16, 16))), bias = ViewAxis(257:272, ShapedAxis((16, 1))))), layer_4 = ViewAxis(593:609, Axis(weight = ViewAxis(1:16, ShapedAxis((1, 16))), bias = ViewAxis(17:17, ShapedAxis((1, 1))))))), ode_par = 610:669)),)}}}, SciMLBase.NullParameters}}})(::ComponentVector{Float64, Vector{Float64}, Tuple{Axis{(p = ViewAxis(1:669, Axis(p_net = ViewAxis(1:609, Axis(layer_1 = ViewAxis(1:48, Axis(weight = ViewAxis(1:32, ShapedAxis((16, 2))), bias = ViewAxis(33:48, ShapedAxis((16, 1))))), layer_2 = ViewAxis(49:320, Axis(weight = ViewAxis(1:256, ShapedAxis((16, 16))), bias = ViewAxis(257:272, ShapedAxis((16, 1))))), layer_3 = ViewAxis(321:592, Axis(weight = ViewAxis(1:256, ShapedAxis((16, 16))), bias = ViewAxis(257:272, ShapedAxis((16, 1))))), layer_4 = ViewAxis(593:609, Axis(weight = ViewAxis(1:16, ShapedAxis((1, 16))), bias = ViewAxis(17:17, ShapedAxis((1, 1))))))), ode_par = 610:669)),)}}}, ::ComponentVector{Float64, Vector{Float64}, Tuple{Axis{(p = ViewAxis(1:669, Axis(p_net = ViewAxis(1:609, Axis(layer_1 = ViewAxis(1:48, Axis(weight = ViewAxis(1:32, ShapedAxis((16, 2))), bias = ViewAxis(33:48, ShapedAxis((16, 1))))), layer_2 = ViewAxis(49:320, Axis(weight = ViewAxis(1:256, ShapedAxis((16, 16))), bias = ViewAxis(257:272, ShapedAxis((16, 1))))), layer_3 = ViewAxis(321:592, Axis(weight = ViewAxis(1:256, ShapedAxis((16, 16))), bias = ViewAxis(257:272, ShapedAxis((16, 1))))), layer_4 = ViewAxis(593:609, Axis(weight = ViewAxis(1:16, ShapedAxis((1, 16))), bias = ViewAxis(17:17, ShapedAxis((1, 1))))))), ode_par = 610:669)),)}}})
    @ OptimizationZygoteExt ~/.julia/packages/Optimization/fPVIW/ext/OptimizationZygoteExt.jl:91
 [41] macro expansion
    @ ~/.julia/packages/OptimizationOptimisers/hZdKg/src/OptimizationOptimisers.jl:65 [inlined]
 [42] macro expansion
    @ ~/.julia/packages/Optimization/fPVIW/src/utils.jl:41 [inlined]
 [43] __solve(cache::OptimizationCache{OptimizationFunction{true, AutoZygote, var"#33#39"{var"#loss_fn#37"{var"#unstable_check#36", ODEProblem{Vector{Float64}, Tuple{Float64, Float64}, true, SciMLBase.NullParameters, ODEFunction{true, SciMLBase.AutoSpecialize, var"#f#27"{Chain{NamedTuple{(:layer_1, :layer_2, :layer_3, :layer_4), Tuple{Dense{true, typeof(gelu), typeof(my_glorot_uniform), typeof(my_glorot_uniform)}, Dense{true, typeof(gelu), typeof(my_glorot_uniform), typeof(my_glorot_uniform)}, Dense{true, typeof(gelu), typeof(my_glorot_uniform), typeof(my_glorot_uniform)}, Dense{true, typeof(identity), typeof(my_glorot_uniform), typeof(my_glorot_uniform)}}}, Nothing}, NamedTuple{(:layer_1, :layer_2, :layer_3, :layer_4), NTuple{4, NamedTuple{(), Tuple{}}}}, Vector{Float64}, Vector{Int64}, Vector{Int64}, Vector{Float64}}, UniformScaling{Bool}, Nothing, Nothing, Nothing, Nothing, Nothing, Nothing, Nothing, Nothing, Nothing, Nothing, Nothing, Nothing, Nothing, Nothing, typeof(SciMLBase.DEFAULT_OBSERVED), Nothing, Nothing}, Base.Pairs{Symbol, Union{}, Tuple{}, NamedTuple{(), Tuple{}}}, SciMLBase.StandardODEProblem}, Float64}}, OptimizationZygoteExt.var"#38#56"{OptimizationZygoteExt.var"#37#55"{OptimizationFunction{true, AutoZygote, var"#33#39"{var"#loss_fn#37"{var"#unstable_check#36", ODEProblem{Vector{Float64}, Tuple{Float64, Float64}, true, SciMLBase.NullParameters, ODEFunction{true, SciMLBase.AutoSpecialize, var"#f#27"{Chain{NamedTuple{(:layer_1, :layer_2, :layer_3, :layer_4), Tuple{Dense{true, typeof(gelu), typeof(my_glorot_uniform), typeof(my_glorot_uniform)}, Dense{true, typeof(gelu), typeof(my_glorot_uniform), typeof(my_glorot_uniform)}, Dense{true, typeof(gelu), typeof(my_glorot_uniform), typeof(my_glorot_uniform)}, Dense{true, typeof(identity), typeof(my_glorot_uniform), typeof(my_glorot_uniform)}}}, Nothing}, NamedTuple{(:layer_1, :layer_2, :layer_3, :layer_4), NTuple{4, NamedTuple{(), Tuple{}}}}, Vector{Float64}, Vector{Int64}, Vector{Int64}, Vector{Float64}}, UniformScaling{Bool}, Nothing, Nothing, Nothing, Nothing, Nothing, Nothing, Nothing, Nothing, Nothing, Nothing, Nothing, Nothing, Nothing, Nothing, typeof(SciMLBase.DEFAULT_OBSERVED), Nothing, Nothing}, Base.Pairs{Symbol, Union{}, Tuple{}, NamedTuple{(), Tuple{}}}, SciMLBase.StandardODEProblem}, Float64}}, Nothing, Nothing, Nothing, Nothing, Nothing, Nothing, Nothing, Nothing, Nothing, Nothing, Nothing, typeof(SciMLBase.DEFAULT_OBSERVED_NO_TIME), Nothing, Nothing, Nothing, Nothing, Nothing, Nothing, Nothing, Nothing, Nothing}, Optimization.ReInitCache{ComponentVector{Float64, Vector{Float64}, Tuple{Axis{(p = ViewAxis(1:669, Axis(p_net = ViewAxis(1:609, Axis(layer_1 = ViewAxis(1:48, Axis(weight = ViewAxis(1:32, ShapedAxis((16, 2))), bias = ViewAxis(33:48, ShapedAxis((16, 1))))), layer_2 = ViewAxis(49:320, Axis(weight = ViewAxis(1:256, ShapedAxis((16, 16))), bias = ViewAxis(257:272, ShapedAxis((16, 1))))), layer_3 = ViewAxis(321:592, Axis(weight = ViewAxis(1:256, ShapedAxis((16, 16))), bias = ViewAxis(257:272, ShapedAxis((16, 1))))), layer_4 = ViewAxis(593:609, Axis(weight = ViewAxis(1:16, ShapedAxis((1, 16))), bias = ViewAxis(17:17, ShapedAxis((1, 1))))))), ode_par = 610:669)),)}}}, SciMLBase.NullParameters}}}, OptimizationZygoteExt.var"#41#59"{OptimizationZygoteExt.var"#37#55"{OptimizationFunction{true, AutoZygote, var"#33#39"{var"#loss_fn#37"{var"#unstable_check#36", ODEProblem{Vector{Float64}, Tuple{Float64, Float64}, true, SciMLBase.NullParameters, ODEFunction{true, SciMLBase.AutoSpecialize, var"#f#27"{Chain{NamedTuple{(:layer_1, :layer_2, :layer_3, :layer_4), Tuple{Dense{true, typeof(gelu), typeof(my_glorot_uniform), typeof(my_glorot_uniform)}, Dense{true, typeof(gelu), typeof(my_glorot_uniform), typeof(my_glorot_uniform)}, Dense{true, typeof(gelu), typeof(my_glorot_uniform), typeof(my_glorot_uniform)}, Dense{true, typeof(identity), typeof(my_glorot_uniform), typeof(my_glorot_uniform)}}}, Nothing}, NamedTuple{(:layer_1, :layer_2, :layer_3, :layer_4), NTuple{4, NamedTuple{(), Tuple{}}}}, Vector{Float64}, Vector{Int64}, Vector{Int64}, Vector{Float64}}, UniformScaling{Bool}, Nothing, Nothing, Nothing, Nothing, Nothing, Nothing, Nothing, Nothing, Nothing, Nothing, Nothing, Nothing, Nothing, Nothing, typeof(SciMLBase.DEFAULT_OBSERVED), Nothing, Nothing}, Base.Pairs{Symbol, Union{}, Tuple{}, NamedTuple{(), Tuple{}}}, SciMLBase.StandardODEProblem}, Float64}}, Nothing, Nothing, Nothing, Nothing, Nothing, Nothing, Nothing, Nothing, Nothing, Nothing, Nothing, typeof(SciMLBase.DEFAULT_OBSERVED_NO_TIME), Nothing, Nothing, Nothing, Nothing, Nothing, Nothing, Nothing, Nothing, Nothing}, Optimization.ReInitCache{ComponentVector{Float64, Vector{Float64}, Tuple{Axis{(p = ViewAxis(1:669, Axis(p_net = ViewAxis(1:609, Axis(layer_1 = ViewAxis(1:48, Axis(weight = ViewAxis(1:32, ShapedAxis((16, 2))), bias = ViewAxis(33:48, ShapedAxis((16, 1))))), layer_2 = ViewAxis(49:320, Axis(weight = ViewAxis(1:256, ShapedAxis((16, 16))), bias = ViewAxis(257:272, ShapedAxis((16, 1))))), layer_3 = ViewAxis(321:592, Axis(weight = ViewAxis(1:256, ShapedAxis((16, 16))), bias = ViewAxis(257:272, ShapedAxis((16, 1))))), layer_4 = ViewAxis(593:609, Axis(weight = ViewAxis(1:16, ShapedAxis((1, 16))), bias = ViewAxis(17:17, ShapedAxis((1, 1))))))), ode_par = 610:669)),)}}}, SciMLBase.NullParameters}}}, OptimizationZygoteExt.var"#45#63", Nothing, OptimizationZygoteExt.var"#49#67"{OptimizationFunction{true, AutoZygote, var"#33#39"{var"#loss_fn#37"{var"#unstable_check#36", ODEProblem{Vector{Float64}, Tuple{Float64, Float64}, true, SciMLBase.NullParameters, ODEFunction{true, SciMLBase.AutoSpecialize, var"#f#27"{Chain{NamedTuple{(:layer_1, :layer_2, :layer_3, :layer_4), Tuple{Dense{true, typeof(gelu), typeof(my_glorot_uniform), typeof(my_glorot_uniform)}, Dense{true, typeof(gelu), typeof(my_glorot_uniform), typeof(my_glorot_uniform)}, Dense{true, typeof(gelu), typeof(my_glorot_uniform), typeof(my_glorot_uniform)}, Dense{true, typeof(identity), typeof(my_glorot_uniform), typeof(my_glorot_uniform)}}}, Nothing}, NamedTuple{(:layer_1, :layer_2, :layer_3, :layer_4), NTuple{4, NamedTuple{(), Tuple{}}}}, Vector{Float64}, Vector{Int64}, Vector{Int64}, Vector{Float64}}, UniformScaling{Bool}, Nothing, Nothing, Nothing, Nothing, Nothing, Nothing, Nothing, Nothing, Nothing, Nothing, Nothing, Nothing, Nothing, Nothing, typeof(SciMLBase.DEFAULT_OBSERVED), Nothing, Nothing}, Base.Pairs{Symbol, Union{}, Tuple{}, NamedTuple{(), Tuple{}}}, SciMLBase.StandardODEProblem}, Float64}}, Nothing, Nothing, Nothing, Nothing, Nothing, Nothing, Nothing, Nothing, Nothing, Nothing, Nothing, typeof(SciMLBase.DEFAULT_OBSERVED_NO_TIME), Nothing, Nothing, Nothing, Nothing, Nothing, Nothing, Nothing, Nothing, Nothing}, Optimization.ReInitCache{ComponentVector{Float64, Vector{Float64}, Tuple{Axis{(p = ViewAxis(1:669, Axis(p_net = ViewAxis(1:609, Axis(layer_1 = ViewAxis(1:48, Axis(weight = ViewAxis(1:32, ShapedAxis((16, 2))), bias = ViewAxis(33:48, ShapedAxis((16, 1))))), layer_2 = ViewAxis(49:320, Axis(weight = ViewAxis(1:256, ShapedAxis((16, 16))), bias = ViewAxis(257:272, ShapedAxis((16, 1))))), layer_3 = ViewAxis(321:592, Axis(weight = ViewAxis(1:256, ShapedAxis((16, 16))), bias = ViewAxis(257:272, ShapedAxis((16, 1))))), layer_4 = ViewAxis(593:609, Axis(weight = ViewAxis(1:16, ShapedAxis((1, 16))), bias = ViewAxis(17:17, ShapedAxis((1, 1))))))), ode_par = 610:669)),)}}}, SciMLBase.NullParameters}}, OptimizationZygoteExt.var"#53#71"{OptimizationFunction{true, AutoZygote, var"#33#39"{var"#loss_fn#37"{var"#unstable_check#36", ODEProblem{Vector{Float64}, Tuple{Float64, Float64}, true, SciMLBase.NullParameters, ODEFunction{true, SciMLBase.AutoSpecialize, var"#f#27"{Chain{NamedTuple{(:layer_1, :layer_2, :layer_3, :layer_4), Tuple{Dense{true, typeof(gelu), typeof(my_glorot_uniform), typeof(my_glorot_uniform)}, Dense{true, typeof(gelu), typeof(my_glorot_uniform), typeof(my_glorot_uniform)}, Dense{true, typeof(gelu), typeof(my_glorot_uniform), typeof(my_glorot_uniform)}, Dense{true, typeof(identity), typeof(my_glorot_uniform), typeof(my_glorot_uniform)}}}, Nothing}, NamedTuple{(:layer_1, :layer_2, :layer_3, :layer_4), NTuple{4, NamedTuple{(), Tuple{}}}}, Vector{Float64}, Vector{Int64}, Vector{Int64}, Vector{Float64}}, UniformScaling{Bool}, Nothing, Nothing, Nothing, Nothing, Nothing, Nothing, Nothing, Nothing, Nothing, Nothing, Nothing, Nothing, Nothing, Nothing, typeof(SciMLBase.DEFAULT_OBSERVED), Nothing, Nothing}, Base.Pairs{Symbol, Union{}, Tuple{}, NamedTuple{(), Tuple{}}}, SciMLBase.StandardODEProblem}, Float64}}, Nothing, Nothing, Nothing, Nothing, Nothing, Nothing, Nothing, Nothing, Nothing, Nothing, Nothing, typeof(SciMLBase.DEFAULT_OBSERVED_NO_TIME), Nothing, Nothing, Nothing, Nothing, Nothing, Nothing, Nothing, Nothing, Nothing}, Optimization.ReInitCache{ComponentVector{Float64, Vector{Float64}, Tuple{Axis{(p = ViewAxis(1:669, Axis(p_net = ViewAxis(1:609, Axis(layer_1 = ViewAxis(1:48, Axis(weight = ViewAxis(1:32, ShapedAxis((16, 2))), bias = ViewAxis(33:48, ShapedAxis((16, 1))))), layer_2 = ViewAxis(49:320, Axis(weight = ViewAxis(1:256, ShapedAxis((16, 16))), bias = ViewAxis(257:272, ShapedAxis((16, 1))))), layer_3 = ViewAxis(321:592, Axis(weight = ViewAxis(1:256, ShapedAxis((16, 16))), bias = ViewAxis(257:272, ShapedAxis((16, 1))))), layer_4 = ViewAxis(593:609, Axis(weight = ViewAxis(1:16, ShapedAxis((1, 16))), bias = ViewAxis(17:17, ShapedAxis((1, 1))))))), ode_par = 610:669)),)}}}, SciMLBase.NullParameters}}, Nothing, Nothing, Nothing, Nothing, Nothing, typeof(SciMLBase.DEFAULT_OBSERVED_NO_TIME), Nothing, Nothing, Nothing, Nothing, Nothing, Nothing, Nothing, Nothing, Nothing}, Optimization.ReInitCache{ComponentVector{Float64, Vector{Float64}, Tuple{Axis{(p = ViewAxis(1:669, Axis(p_net = ViewAxis(1:609, Axis(layer_1 = ViewAxis(1:48, Axis(weight = ViewAxis(1:32, ShapedAxis((16, 2))), bias = ViewAxis(33:48, ShapedAxis((16, 1))))), layer_2 = ViewAxis(49:320, Axis(weight = ViewAxis(1:256, ShapedAxis((16, 16))), bias = ViewAxis(257:272, ShapedAxis((16, 1))))), layer_3 = ViewAxis(321:592, Axis(weight = ViewAxis(1:256, ShapedAxis((16, 16))), bias = ViewAxis(257:272, ShapedAxis((16, 1))))), layer_4 = ViewAxis(593:609, Axis(weight = ViewAxis(1:16, ShapedAxis((1, 16))), bias = ViewAxis(17:17, ShapedAxis((1, 1))))))), ode_par = 610:669)),)}}}, SciMLBase.NullParameters}, Nothing, Nothing, Nothing, Nothing, Nothing, Optimisers.Adam{Float64}, Base.Iterators.Cycle{Tuple{Optimization.NullData}}, Bool, var"#34#40"{Vector{Bool}, Vector{Float64}, Vector{Int64}, var"#callback#38"{Base.RefValue{Float64}, Base.RefValue{Any}, Float64}}})
    @ OptimizationOptimisers ~/.julia/packages/OptimizationOptimisers/hZdKg/src/OptimizationOptimisers.jl:63
 [44] solve!(cache::OptimizationCache{OptimizationFunction{true, AutoZygote, var"#33#39"{var"#loss_fn#37"{var"#unstable_check#36", ODEProblem{Vector{Float64}, Tuple{Float64, Float64}, true, SciMLBase.NullParameters, ODEFunction{true, SciMLBase.AutoSpecialize, var"#f#27"{Chain{NamedTuple{(:layer_1, :layer_2, :layer_3, :layer_4), Tuple{Dense{true, typeof(gelu), typeof(my_glorot_uniform), typeof(my_glorot_uniform)}, Dense{true, typeof(gelu), typeof(my_glorot_uniform), typeof(my_glorot_uniform)}, Dense{true, typeof(gelu), typeof(my_glorot_uniform), typeof(my_glorot_uniform)}, Dense{true, typeof(identity), typeof(my_glorot_uniform), typeof(my_glorot_uniform)}}}, Nothing}, NamedTuple{(:layer_1, :layer_2, :layer_3, :layer_4), NTuple{4, NamedTuple{(), Tuple{}}}}, Vector{Float64}, Vector{Int64}, Vector{Int64}, Vector{Float64}}, UniformScaling{Bool}, Nothing, Nothing, Nothing, Nothing, Nothing, Nothing, Nothing, Nothing, Nothing, Nothing, Nothing, Nothing, Nothing, Nothing, typeof(SciMLBase.DEFAULT_OBSERVED), Nothing, Nothing}, Base.Pairs{Symbol, Union{}, Tuple{}, NamedTuple{(), Tuple{}}}, SciMLBase.StandardODEProblem}, Float64}}, OptimizationZygoteExt.var"#38#56"{OptimizationZygoteExt.var"#37#55"{OptimizationFunction{true, AutoZygote, var"#33#39"{var"#loss_fn#37"{var"#unstable_check#36", ODEProblem{Vector{Float64}, Tuple{Float64, Float64}, true, SciMLBase.NullParameters, ODEFunction{true, SciMLBase.AutoSpecialize, var"#f#27"{Chain{NamedTuple{(:layer_1, :layer_2, :layer_3, :layer_4), Tuple{Dense{true, typeof(gelu), typeof(my_glorot_uniform), typeof(my_glorot_uniform)}, Dense{true, typeof(gelu), typeof(my_glorot_uniform), typeof(my_glorot_uniform)}, Dense{true, typeof(gelu), typeof(my_glorot_uniform), typeof(my_glorot_uniform)}, Dense{true, typeof(identity), typeof(my_glorot_uniform), typeof(my_glorot_uniform)}}}, Nothing}, NamedTuple{(:layer_1, :layer_2, :layer_3, :layer_4), NTuple{4, NamedTuple{(), Tuple{}}}}, Vector{Float64}, Vector{Int64}, Vector{Int64}, Vector{Float64}}, UniformScaling{Bool}, Nothing, Nothing, Nothing, Nothing, Nothing, Nothing, Nothing, Nothing, Nothing, Nothing, Nothing, Nothing, Nothing, Nothing, typeof(SciMLBase.DEFAULT_OBSERVED), Nothing, Nothing}, Base.Pairs{Symbol, Union{}, Tuple{}, NamedTuple{(), Tuple{}}}, SciMLBase.StandardODEProblem}, Float64}}, Nothing, Nothing, Nothing, Nothing, Nothing, Nothing, Nothing, Nothing, Nothing, Nothing, Nothing, typeof(SciMLBase.DEFAULT_OBSERVED_NO_TIME), Nothing, Nothing, Nothing, Nothing, Nothing, Nothing, Nothing, Nothing, Nothing}, Optimization.ReInitCache{ComponentVector{Float64, Vector{Float64}, Tuple{Axis{(p = ViewAxis(1:669, Axis(p_net = ViewAxis(1:609, Axis(layer_1 = ViewAxis(1:48, Axis(weight = ViewAxis(1:32, ShapedAxis((16, 2))), bias = ViewAxis(33:48, ShapedAxis((16, 1))))), layer_2 = ViewAxis(49:320, Axis(weight = ViewAxis(1:256, ShapedAxis((16, 16))), bias = ViewAxis(257:272, ShapedAxis((16, 1))))), layer_3 = ViewAxis(321:592, Axis(weight = ViewAxis(1:256, ShapedAxis((16, 16))), bias = ViewAxis(257:272, ShapedAxis((16, 1))))), layer_4 = ViewAxis(593:609, Axis(weight = ViewAxis(1:16, ShapedAxis((1, 16))), bias = ViewAxis(17:17, ShapedAxis((1, 1))))))), ode_par = 610:669)),)}}}, SciMLBase.NullParameters}}}, OptimizationZygoteExt.var"#41#59"{OptimizationZygoteExt.var"#37#55"{OptimizationFunction{true, AutoZygote, var"#33#39"{var"#loss_fn#37"{var"#unstable_check#36", ODEProblem{Vector{Float64}, Tuple{Float64, Float64}, true, SciMLBase.NullParameters, ODEFunction{true, SciMLBase.AutoSpecialize, var"#f#27"{Chain{NamedTuple{(:layer_1, :layer_2, :layer_3, :layer_4), Tuple{Dense{true, typeof(gelu), typeof(my_glorot_uniform), typeof(my_glorot_uniform)}, Dense{true, typeof(gelu), typeof(my_glorot_uniform), typeof(my_glorot_uniform)}, Dense{true, typeof(gelu), typeof(my_glorot_uniform), typeof(my_glorot_uniform)}, Dense{true, typeof(identity), typeof(my_glorot_uniform), typeof(my_glorot_uniform)}}}, Nothing}, NamedTuple{(:layer_1, :layer_2, :layer_3, :layer_4), NTuple{4, NamedTuple{(), Tuple{}}}}, Vector{Float64}, Vector{Int64}, Vector{Int64}, Vector{Float64}}, UniformScaling{Bool}, Nothing, Nothing, Nothing, Nothing, Nothing, Nothing, Nothing, Nothing, Nothing, Nothing, Nothing, Nothing, Nothing, Nothing, typeof(SciMLBase.DEFAULT_OBSERVED), Nothing, Nothing}, Base.Pairs{Symbol, Union{}, Tuple{}, NamedTuple{(), Tuple{}}}, SciMLBase.StandardODEProblem}, Float64}}, Nothing, Nothing, Nothing, Nothing, Nothing, Nothing, Nothing, Nothing, Nothing, Nothing, Nothing, typeof(SciMLBase.DEFAULT_OBSERVED_NO_TIME), Nothing, Nothing, Nothing, Nothing, Nothing, Nothing, Nothing, Nothing, Nothing}, Optimization.ReInitCache{ComponentVector{Float64, Vector{Float64}, Tuple{Axis{(p = ViewAxis(1:669, Axis(p_net = ViewAxis(1:609, Axis(layer_1 = ViewAxis(1:48, Axis(weight = ViewAxis(1:32, ShapedAxis((16, 2))), bias = ViewAxis(33:48, ShapedAxis((16, 1))))), layer_2 = ViewAxis(49:320, Axis(weight = ViewAxis(1:256, ShapedAxis((16, 16))), bias = ViewAxis(257:272, ShapedAxis((16, 1))))), layer_3 = ViewAxis(321:592, Axis(weight = ViewAxis(1:256, ShapedAxis((16, 16))), bias = ViewAxis(257:272, ShapedAxis((16, 1))))), layer_4 = ViewAxis(593:609, Axis(weight = ViewAxis(1:16, ShapedAxis((1, 16))), bias = ViewAxis(17:17, ShapedAxis((1, 1))))))), ode_par = 610:669)),)}}}, SciMLBase.NullParameters}}}, OptimizationZygoteExt.var"#45#63", Nothing, OptimizationZygoteExt.var"#49#67"{OptimizationFunction{true, AutoZygote, var"#33#39"{var"#loss_fn#37"{var"#unstable_check#36", ODEProblem{Vector{Float64}, Tuple{Float64, Float64}, true, SciMLBase.NullParameters, ODEFunction{true, SciMLBase.AutoSpecialize, var"#f#27"{Chain{NamedTuple{(:layer_1, :layer_2, :layer_3, :layer_4), Tuple{Dense{true, typeof(gelu), typeof(my_glorot_uniform), typeof(my_glorot_uniform)}, Dense{true, typeof(gelu), typeof(my_glorot_uniform), typeof(my_glorot_uniform)}, Dense{true, typeof(gelu), typeof(my_glorot_uniform), typeof(my_glorot_uniform)}, Dense{true, typeof(identity), typeof(my_glorot_uniform), typeof(my_glorot_uniform)}}}, Nothing}, NamedTuple{(:layer_1, :layer_2, :layer_3, :layer_4), NTuple{4, NamedTuple{(), Tuple{}}}}, Vector{Float64}, Vector{Int64}, Vector{Int64}, Vector{Float64}}, UniformScaling{Bool}, Nothing, Nothing, Nothing, Nothing, Nothing, Nothing, Nothing, Nothing, Nothing, Nothing, Nothing, Nothing, Nothing, Nothing, typeof(SciMLBase.DEFAULT_OBSERVED), Nothing, Nothing}, Base.Pairs{Symbol, Union{}, Tuple{}, NamedTuple{(), Tuple{}}}, SciMLBase.StandardODEProblem}, Float64}}, Nothing, Nothing, Nothing, Nothing, Nothing, Nothing, Nothing, Nothing, Nothing, Nothing, Nothing, typeof(SciMLBase.DEFAULT_OBSERVED_NO_TIME), Nothing, Nothing, Nothing, Nothing, Nothing, Nothing, Nothing, Nothing, Nothing}, Optimization.ReInitCache{ComponentVector{Float64, Vector{Float64}, Tuple{Axis{(p = ViewAxis(1:669, Axis(p_net = ViewAxis(1:609, Axis(layer_1 = ViewAxis(1:48, Axis(weight = ViewAxis(1:32, ShapedAxis((16, 2))), bias = ViewAxis(33:48, ShapedAxis((16, 1))))), layer_2 = ViewAxis(49:320, Axis(weight = ViewAxis(1:256, ShapedAxis((16, 16))), bias = ViewAxis(257:272, ShapedAxis((16, 1))))), layer_3 = ViewAxis(321:592, Axis(weight = ViewAxis(1:256, ShapedAxis((16, 16))), bias = ViewAxis(257:272, ShapedAxis((16, 1))))), layer_4 = ViewAxis(593:609, Axis(weight = ViewAxis(1:16, ShapedAxis((1, 16))), bias = ViewAxis(17:17, ShapedAxis((1, 1))))))), ode_par = 610:669)),)}}}, SciMLBase.NullParameters}}, OptimizationZygoteExt.var"#53#71"{OptimizationFunction{true, AutoZygote, var"#33#39"{var"#loss_fn#37"{var"#unstable_check#36", ODEProblem{Vector{Float64}, Tuple{Float64, Float64}, true, SciMLBase.NullParameters, ODEFunction{true, SciMLBase.AutoSpecialize, var"#f#27"{Chain{NamedTuple{(:layer_1, :layer_2, :layer_3, :layer_4), Tuple{Dense{true, typeof(gelu), typeof(my_glorot_uniform), typeof(my_glorot_uniform)}, Dense{true, typeof(gelu), typeof(my_glorot_uniform), typeof(my_glorot_uniform)}, Dense{true, typeof(gelu), typeof(my_glorot_uniform), typeof(my_glorot_uniform)}, Dense{true, typeof(identity), typeof(my_glorot_uniform), typeof(my_glorot_uniform)}}}, Nothing}, NamedTuple{(:layer_1, :layer_2, :layer_3, :layer_4), NTuple{4, NamedTuple{(), Tuple{}}}}, Vector{Float64}, Vector{Int64}, Vector{Int64}, Vector{Float64}}, UniformScaling{Bool}, Nothing, Nothing, Nothing, Nothing, Nothing, Nothing, Nothing, Nothing, Nothing, Nothing, Nothing, Nothing, Nothing, Nothing, typeof(SciMLBase.DEFAULT_OBSERVED), Nothing, Nothing}, Base.Pairs{Symbol, Union{}, Tuple{}, NamedTuple{(), Tuple{}}}, SciMLBase.StandardODEProblem}, Float64}}, Nothing, Nothing, Nothing, Nothing, Nothing, Nothing, Nothing, Nothing, Nothing, Nothing, Nothing, typeof(SciMLBase.DEFAULT_OBSERVED_NO_TIME), Nothing, Nothing, Nothing, Nothing, Nothing, Nothing, Nothing, Nothing, Nothing}, Optimization.ReInitCache{ComponentVector{Float64, Vector{Float64}, Tuple{Axis{(p = ViewAxis(1:669, Axis(p_net = ViewAxis(1:609, Axis(layer_1 = ViewAxis(1:48, Axis(weight = ViewAxis(1:32, ShapedAxis((16, 2))), bias = ViewAxis(33:48, ShapedAxis((16, 1))))), layer_2 = ViewAxis(49:320, Axis(weight = ViewAxis(1:256, ShapedAxis((16, 16))), bias = ViewAxis(257:272, ShapedAxis((16, 1))))), layer_3 = ViewAxis(321:592, Axis(weight = ViewAxis(1:256, ShapedAxis((16, 16))), bias = ViewAxis(257:272, ShapedAxis((16, 1))))), layer_4 = ViewAxis(593:609, Axis(weight = ViewAxis(1:16, ShapedAxis((1, 16))), bias = ViewAxis(17:17, ShapedAxis((1, 1))))))), ode_par = 610:669)),)}}}, SciMLBase.NullParameters}}, Nothing, Nothing, Nothing, Nothing, Nothing, typeof(SciMLBase.DEFAULT_OBSERVED_NO_TIME), Nothing, Nothing, Nothing, Nothing, Nothing, Nothing, Nothing, Nothing, Nothing}, Optimization.ReInitCache{ComponentVector{Float64, Vector{Float64}, Tuple{Axis{(p = ViewAxis(1:669, Axis(p_net = ViewAxis(1:609, Axis(layer_1 = ViewAxis(1:48, Axis(weight = ViewAxis(1:32, ShapedAxis((16, 2))), bias = ViewAxis(33:48, ShapedAxis((16, 1))))), layer_2 = ViewAxis(49:320, Axis(weight = ViewAxis(1:256, ShapedAxis((16, 16))), bias = ViewAxis(257:272, ShapedAxis((16, 1))))), layer_3 = ViewAxis(321:592, Axis(weight = ViewAxis(1:256, ShapedAxis((16, 16))), bias = ViewAxis(257:272, ShapedAxis((16, 1))))), layer_4 = ViewAxis(593:609, Axis(weight = ViewAxis(1:16, ShapedAxis((1, 16))), bias = ViewAxis(17:17, ShapedAxis((1, 1))))))), ode_par = 610:669)),)}}}, SciMLBase.NullParameters}, Nothing, Nothing, Nothing, Nothing, Nothing, Optimisers.Adam{Float64}, Base.Iterators.Cycle{Tuple{Optimization.NullData}}, Bool, var"#34#40"{Vector{Bool}, Vector{Float64}, Vector{Int64}, var"#callback#38"{Base.RefValue{Float64}, Base.RefValue{Any}, Float64}}})
    @ SciMLBase ~/.julia/packages/SciMLBase/8XHkk/src/solve.jl:177
 [45] solve(::OptimizationProblem{true, OptimizationFunction{true, AutoZygote, var"#33#39"{var"#loss_fn#37"{var"#unstable_check#36", ODEProblem{Vector{Float64}, Tuple{Float64, Float64}, true, SciMLBase.NullParameters, ODEFunction{true, SciMLBase.AutoSpecialize, var"#f#27"{Chain{NamedTuple{(:layer_1, :layer_2, :layer_3, :layer_4), Tuple{Dense{true, typeof(gelu), typeof(my_glorot_uniform), typeof(my_glorot_uniform)}, Dense{true, typeof(gelu), typeof(my_glorot_uniform), typeof(my_glorot_uniform)}, Dense{true, typeof(gelu), typeof(my_glorot_uniform), typeof(my_glorot_uniform)}, Dense{true, typeof(identity), typeof(my_glorot_uniform), typeof(my_glorot_uniform)}}}, Nothing}, NamedTuple{(:layer_1, :layer_2, :layer_3, :layer_4), NTuple{4, NamedTuple{(), Tuple{}}}}, Vector{Float64}, Vector{Int64}, Vector{Int64}, Vector{Float64}}, UniformScaling{Bool}, Nothing, Nothing, Nothing, Nothing, Nothing, Nothing, Nothing, Nothing, Nothing, Nothing, Nothing, Nothing, Nothing, Nothing, typeof(SciMLBase.DEFAULT_OBSERVED), Nothing, Nothing}, Base.Pairs{Symbol, Union{}, Tuple{}, NamedTuple{(), Tuple{}}}, SciMLBase.StandardODEProblem}, Float64}}, Nothing, Nothing, Nothing, Nothing, Nothing, Nothing, Nothing, Nothing, Nothing, Nothing, Nothing, typeof(SciMLBase.DEFAULT_OBSERVED_NO_TIME), Nothing, Nothing, Nothing, Nothing, Nothing, Nothing, Nothing, Nothing, Nothing}, ComponentVector{Float64, Vector{Float64}, Tuple{Axis{(p = ViewAxis(1:669, Axis(p_net = ViewAxis(1:609, Axis(layer_1 = ViewAxis(1:48, Axis(weight = ViewAxis(1:32, ShapedAxis((16, 2))), bias = ViewAxis(33:48, ShapedAxis((16, 1))))), layer_2 = ViewAxis(49:320, Axis(weight = ViewAxis(1:256, ShapedAxis((16, 16))), bias = ViewAxis(257:272, ShapedAxis((16, 1))))), layer_3 = ViewAxis(321:592, Axis(weight = ViewAxis(1:256, ShapedAxis((16, 16))), bias = ViewAxis(257:272, ShapedAxis((16, 1))))), layer_4 = ViewAxis(593:609, Axis(weight = ViewAxis(1:16, ShapedAxis((1, 16))), bias = ViewAxis(17:17, ShapedAxis((1, 1))))))), ode_par = 610:669)),)}}}, SciMLBase.NullParameters, Nothing, Nothing, Nothing, Nothing, Nothing, Nothing, Base.Pairs{Symbol, Union{}, Tuple{}, NamedTuple{(), Tuple{}}}}, ::Optimisers.Adam{Float64}; kwargs::Base.Pairs{Symbol, Any, Tuple{Symbol, Symbol}, NamedTuple{(:callback, :maxiters), Tuple{var"#34#40"{Vector{Bool}, Vector{Float64}, Vector{Int64}, var"#callback#38"{Base.RefValue{Float64}, Base.RefValue{Any}, Float64}}, Int64}}})
    @ SciMLBase ~/.julia/packages/SciMLBase/8XHkk/src/solve.jl:94
 [46] objective(trial::PyObject)
    @ Main /projects/vanaja_lab/satya/PathwayML/step2a_hyperparameter_tuning/tpe_mapk_hnode_00.jl:191
 [47] top-level scope
    @ /projects/vanaja_lab/satya/PathwayML/step2a_hyperparameter_tuning/tpe_mapk_hnode_00.jl:216
in expression starting at /projects/vanaja_lab/satya/PathwayML/step2a_hyperparameter_tuning/tpe_mapk_hnode_00.jl:214
Epoch: 278 - Loss: 194.7162751870685
Epoch: 279 - Loss: 194.6599811024217
Epoch: 280 - Loss: 194.60320345937606
Epoch: 281 - Loss: 194.54593679658336
Epoch: 282 - Loss: 194.48817421460973
Epoch: 283 - Loss: 194.42990966428107
Epoch: 284 - Loss: 194.37113710943495
Epoch: 285 - Loss: 194.3118498875693
Epoch: 286 - Loss: 194.25204202484753
Epoch: 287 - Loss: 194.19170640988833
Epoch: 288 - Loss: 194.1308368795253
Epoch: 289 - Loss: 194.06942695956005
Epoch: 290 - Loss: 194.00747030087282
Epoch: 291 - Loss: 193.9449601488788
Epoch: 292 - Loss: 193.88188977576306
Epoch: 293 - Loss: 193.81825248881796
Epoch: 294 - Loss: 193.75404218175407
Epoch: 295 - Loss: 193.68925103985327
Epoch: 296 - Loss: 193.6238730108789
Epoch: 297 - Loss: 193.55790144602926
Epoch: 298 - Loss: 193.49132983109018
Epoch: 299 - Loss: 193.42259297152927
Epoch: 300 - Loss: 193.35182809715968
Epoch: 1 - Loss: 195.07096012233202
Epoch: 2 - Loss: 195.04337174359952
Epoch: 3 - Loss: 195.01592282646826
Epoch: 4 - Loss: 194.9886040327731
Epoch: 5 - Loss: 194.96145068921234
Epoch: 6 - Loss: 194.93444903756807
Epoch: 7 - Loss: 194.90759823696695
Epoch: 8 - Loss: 194.8808975279083
Epoch: 9 - Loss: 194.85435036023964
Epoch: 10 - Loss: 194.82795858484013
Epoch: 11 - Loss: 194.8017218471363
Epoch: 12 - Loss: 194.77564236915646
Epoch: 13 - Loss: 194.74971150001156
Epoch: 14 - Loss: 194.72395381073704
Epoch: 15 - Loss: 194.6983621004276
Epoch: 16 - Loss: 194.67291593609082
Epoch: 17 - Loss: 194.6476290116272
Epoch: 18 - Loss: 194.62250109085255
Epoch: 19 - Loss: 194.59753274794306
Epoch: 20 - Loss: 194.5727231799033
Epoch: 21 - Loss: 194.54808067446012
Epoch: 22 - Loss: 194.5235926311628
Epoch: 23 - Loss: 194.49924967827715
Epoch: 24 - Loss: 194.47508652863132
Epoch: 25 - Loss: 194.4510745004521
Epoch: 26 - Loss: 194.4272205098958
Epoch: 27 - Loss: 194.4035067165428
Epoch: 28 - Loss: 194.37996386543094
Epoch: 29 - Loss: 194.35657629477234
Epoch: 30 - Loss: 194.33334178010375
Epoch: 31 - Loss: 194.31027587387294
Epoch: 32 - Loss: 194.28734957124132
Epoch: 33 - Loss: 194.26459635820325
Epoch: 34 - Loss: 194.24197875334482
Epoch: 35 - Loss: 194.21951406664277
Epoch: 36 - Loss: 194.19719996794134
Epoch: 37 - Loss: 194.17503423394507
Epoch: 38 - Loss: 194.15302527543372
Epoch: 39 - Loss: 194.13115206678268
Epoch: 40 - Loss: 194.1094259007947
Epoch: 41 - Loss: 194.08784680966744
Epoch: 42 - Loss: 194.06643537856908
Epoch: 43 - Loss: 194.04513631472545
Epoch: 44 - Loss: 194.02398336445995
Epoch: 45 - Loss: 194.00297025874983
Epoch: 46 - Loss: 193.9820951502148
Epoch: 47 - Loss: 193.9613523852394
Epoch: 48 - Loss: 193.9407414092046
Epoch: 49 - Loss: 193.92025447728219
Epoch: 50 - Loss: 193.89991779807252
Epoch: 51 - Loss: 193.8797145219512
Epoch: 52 - Loss: 193.85963387222915
Epoch: 53 - Loss: 193.83969584458353
Epoch: 54 - Loss: 193.81987951776821
Epoch: 55 - Loss: 193.80019375430606
Epoch: 56 - Loss: 193.7806284670623
Epoch: 57 - Loss: 193.76118924822305
Epoch: 58 - Loss: 193.7418724037786
Epoch: 59 - Loss: 193.72267110903599
Epoch: 60 - Loss: 193.7035951898275
Epoch: 61 - Loss: 193.6846381762211
Epoch: 62 - Loss: 193.66579961929386
Epoch: 63 - Loss: 193.6470766220116
Epoch: 64 - Loss: 193.6284685327197
Epoch: 65 - Loss: 193.6099742010343
Epoch: 66 - Loss: 193.5915968806682
Epoch: 67 - Loss: 193.5733431900265
Epoch: 68 - Loss: 193.55518424218783
Epoch: 69 - Loss: 193.5371346653353
Epoch: 70 - Loss: 193.51919379684063
Epoch: 71 - Loss: 193.50135591535545
Epoch: 72 - Loss: 193.48362841376735
Epoch: 73 - Loss: 193.46600514330663
Epoch: 74 - Loss: 193.44846477480158
Epoch: 75 - Loss: 193.43104834644686
Epoch: 76 - Loss: 193.4137338359453
Epoch: 77 - Loss: 193.39651968212468
Epoch: 78 - Loss: 193.37940507210843
Epoch: 79 - Loss: 193.36239553227028
Epoch: 80 - Loss: 193.34548106069207
Epoch: 81 - Loss: 193.32865295556235
Epoch: 82 - Loss: 193.31192953907166
Epoch: 83 - Loss: 193.2952951156089
Epoch: 84 - Loss: 193.27878001121078
Epoch: 85 - Loss: 193.26232933214197
Epoch: 86 - Loss: 193.24595957098646
Epoch: 87 - Loss: 193.2296938520643
Epoch: 88 - Loss: 193.21350898664596
Epoch: 89 - Loss: 193.19742393018225
Epoch: 90 - Loss: 193.181425699148
Epoch: 91 - Loss: 193.1655162951462
Epoch: 92 - Loss: 193.14968874410025
Epoch: 93 - Loss: 193.1339489544585
Epoch: 94 - Loss: 193.1182932847923
Epoch: 95 - Loss: 193.10272812898563
Epoch: 96 - Loss: 193.08725249868132
Epoch: 97 - Loss: 193.07183899775873
Epoch: 98 - Loss: 193.05650652774125
Epoch: 99 - Loss: 193.04125365691277
Epoch: 100 - Loss: 193.02608855363286
Epoch: 101 - Loss: 193.01100216722386
Epoch: 102 - Loss: 192.99599309064618
Epoch: 103 - Loss: 192.98106218309124
Epoch: 104 - Loss: 192.96620769083893
Epoch: 105 - Loss: 192.95142891652395
Epoch: 106 - Loss: 192.93672565685137
Epoch: 107 - Loss: 192.92209594157262
Epoch: 108 - Loss: 192.90754004968053
Epoch: 109 - Loss: 192.89306291470336
Epoch: 110 - Loss: 192.87864711622646
Epoch: 111 - Loss: 192.8643139597119
Epoch: 112 - Loss: 192.85004534663722
Epoch: 113 - Loss: 192.83584758056168
Epoch: 114 - Loss: 192.8217143959196
Epoch: 115 - Loss: 192.80765519275312
Epoch: 116 - Loss: 192.7936641607901
Epoch: 117 - Loss: 192.77974095792052
Epoch: 118 - Loss: 192.76588378594641
Epoch: 119 - Loss: 192.7520939412234
Epoch: 120 - Loss: 192.73836915259213
Epoch: 121 - Loss: 192.7247105307937
Epoch: 122 - Loss: 192.7111155754755
Epoch: 123 - Loss: 192.6975847347279
Epoch: 124 - Loss: 192.68411841453533
Epoch: 125 - Loss: 192.6707147795822
Epoch: 126 - Loss: 192.65738417067666
Epoch: 127 - Loss: 192.64410358106196
Epoch: 128 - Loss: 192.630870120837
Epoch: 129 - Loss: 192.61772679596774
Epoch: 130 - Loss: 192.60461556901265
Epoch: 131 - Loss: 192.59158901301808
Epoch: 132 - Loss: 192.57859638167315
Epoch: 133 - Loss: 192.56567531551312
Epoch: 134 - Loss: 192.55282856481531
Epoch: 135 - Loss: 192.54000887601765
Epoch: 136 - Loss: 192.52725933960167
Epoch: 137 - Loss: 192.51456867289485
Epoch: 138 - Loss: 192.5019492608133
Epoch: 139 - Loss: 192.4893523903673
Epoch: 140 - Loss: 192.4768293731969
Epoch: 141 - Loss: 192.46435802806405
Epoch: 142 - Loss: 192.45194130781786
Epoch: 143 - Loss: 192.439578204672
Epoch: 144 - Loss: 192.42726857176362
Epoch: 145 - Loss: 192.41501246495582
Epoch: 146 - Loss: 192.4028044585305
Epoch: 147 - Loss: 192.39065386853352
Epoch: 148 - Loss: 192.378552252018
Epoch: 149 - Loss: 192.3664991531147
Epoch: 150 - Loss: 192.35449813989794
Epoch: 151 - Loss: 192.34254743593016
Epoch: 152 - Loss: 192.3306474905803
Epoch: 153 - Loss: 192.31879848684605
Epoch: 154 - Loss: 192.30699562377652
Epoch: 155 - Loss: 192.29524094749175
Epoch: 156 - Loss: 192.2835353614432
Epoch: 157 - Loss: 192.2718782690711
Epoch: 158 - Loss: 192.26026825656348
Epoch: 159 - Loss: 192.24870513860205
Epoch: 160 - Loss: 192.2371898345249
Epoch: 161 - Loss: 192.22571971625788
Epoch: 162 - Loss: 192.2142949875763
Epoch: 163 - Loss: 192.2029160083896
Epoch: 164 - Loss: 192.19157555683825
Epoch: 165 - Loss: 192.18028678381702
Epoch: 166 - Loss: 192.1690406173438
Epoch: 167 - Loss: 192.15783803353034
Epoch: 168 - Loss: 192.14667855681836
Epoch: 169 - Loss: 192.13556171109303
Epoch: 170 - Loss: 192.12449086085735
Epoch: 171 - Loss: 192.11346484634873
Epoch: 172 - Loss: 192.1024786298835
Epoch: 173 - Loss: 192.0915294679445
Epoch: 174 - Loss: 192.08062776046506
Epoch: 175 - Loss: 192.06977404518733
Epoch: 176 - Loss: 192.05894362865882
Epoch: 177 - Loss: 192.04817517240176
Epoch: 178 - Loss: 192.03742919026772
Epoch: 179 - Loss: 192.02673043358908
Epoch: 180 - Loss: 192.01607197592534
Epoch: 181 - Loss: 192.00545267987076
Epoch: 182 - Loss: 191.99487228840408
Epoch: 183 - Loss: 191.98433039516942
Epoch: 184 - Loss: 191.9738270067683
Epoch: 185 - Loss: 191.96337074700276
Epoch: 186 - Loss: 191.95294680535162
Epoch: 187 - Loss: 191.9425576312748
Epoch: 188 - Loss: 191.93220553741298
Epoch: 189 - Loss: 191.92189116491932
Epoch: 190 - Loss: 191.9116134280119
Epoch: 191 - Loss: 191.90137205104446
Epoch: 192 - Loss: 191.89116702689276
Epoch: 193 - Loss: 191.88100107143765
Epoch: 194 - Loss: 191.87085418274467
Epoch: 195 - Loss: 191.86075740435095
Epoch: 196 - Loss: 191.8506982334256
Epoch: 197 - Loss: 191.84067080467202
Epoch: 198 - Loss: 191.83067884898114
Epoch: 199 - Loss: 191.82071904682056
Epoch: 200 - Loss: 191.8107950048717
Epoch: 201 - Loss: 191.80090527251892
Epoch: 202 - Loss: 191.79104883388698
Epoch: 203 - Loss: 191.7812268501716
Epoch: 204 - Loss: 191.77143758588673
Epoch: 205 - Loss: 191.76168255119987
Epoch: 206 - Loss: 191.7519582445941
Epoch: 207 - Loss: 191.74226661890657
Epoch: 208 - Loss: 191.73260815192504
Epoch: 209 - Loss: 191.72297403862467
Epoch: 210 - Loss: 191.71337889602447
Epoch: 211 - Loss: 191.703813844521
Epoch: 212 - Loss: 191.69428177077793
Epoch: 213 - Loss: 191.68478145147824
Epoch: 214 - Loss: 191.67531129094854
Epoch: 215 - Loss: 191.66588275278332
Epoch: 216 - Loss: 191.65647387938284
Epoch: 217 - Loss: 191.6470933071528
Epoch: 218 - Loss: 191.63774507382337
Epoch: 219 - Loss: 191.6284293372302
Epoch: 220 - Loss: 191.61914083117858
Epoch: 221 - Loss: 191.60987368273905
Epoch: 222 - Loss: 191.600645508191
Epoch: 223 - Loss: 191.5914476671583
Epoch: 224 - Loss: 191.58227487137037
Epoch: 225 - Loss: 191.57313096394466
Epoch: 226 - Loss: 191.56401579785216
Epoch: 227 - Loss: 191.55492978259696
Epoch: 228 - Loss: 191.5458718528216
Epoch: 229 - Loss: 191.53684207132144
Epoch: 230 - Loss: 191.52783928453294
Epoch: 231 - Loss: 191.51886411468493
Epoch: 232 - Loss: 191.50991639039842
Epoch: 233 - Loss: 191.50099659045628
Epoch: 234 - Loss: 191.4921025804085
Epoch: 235 - Loss: 191.48323416964217
Epoch: 236 - Loss: 191.47439094710415
Epoch: 237 - Loss: 191.4655779075957
Epoch: 238 - Loss: 191.45679624735544
Epoch: 239 - Loss: 191.44803223690067
Epoch: 240 - Loss: 191.43929679520164
Epoch: 241 - Loss: 191.43058948160922
Epoch: 242 - Loss: 191.42190515846698
Epoch: 243 - Loss: 191.41324604538607
Epoch: 244 - Loss: 191.40460833289706
Epoch: 245 - Loss: 191.39599974125423
Epoch: 246 - Loss: 191.38741606883292
Epoch: 247 - Loss: 191.3788559356261
Epoch: 248 - Loss: 191.37032144586075
Epoch: 249 - Loss: 191.36181221199186
Epoch: 250 - Loss: 191.35333067818547
Epoch: 251 - Loss: 191.34486890023476
Epoch: 252 - Loss: 191.33643085771442
Epoch: 253 - Loss: 191.3280165360647
Epoch: 254 - Loss: 191.3196292435498
Epoch: 255 - Loss: 191.31126228457205
Epoch: 256 - Loss: 191.30291871528507
Epoch: 257 - Loss: 191.29459823445606
Epoch: 258 - Loss: 191.28630096260514
Epoch: 259 - Loss: 191.27802643567293
Epoch: 260 - Loss: 191.26977505966806
Epoch: 261 - Loss: 191.2615463303045
Epoch: 262 - Loss: 191.25334031741428
Epoch: 263 - Loss: 191.2451566809503
Epoch: 264 - Loss: 191.2369950255386
Epoch: 265 - Loss: 191.22885527152462
Epoch: 266 - Loss: 191.2207374906805
Epoch: 267 - Loss: 191.21264149824347
Epoch: 268 - Loss: 191.20456713049856
Epoch: 269 - Loss: 191.19651314696932
Epoch: 270 - Loss: 191.18848438526595
Epoch: 271 - Loss: 191.18047342147412
Epoch: 272 - Loss: 191.1724828584464
Epoch: 273 - Loss: 191.1645133574637
Epoch: 274 - Loss: 191.15656471989575
Epoch: 275 - Loss: 191.14863805136832
Epoch: 276 - Loss: 191.1407322950029
Epoch: 277 - Loss: 191.1328466042723
Epoch: 278 - Loss: 191.12498043782946
Epoch: 279 - Loss: 191.11713597714737
Epoch: 280 - Loss: 191.1093108783117
Epoch: 281 - Loss: 191.10150555770673
Epoch: 282 - Loss: 191.0937218046791
Epoch: 283 - Loss: 191.08595616302446
Epoch: 284 - Loss: 191.07821000628329
Epoch: 285 - Loss: 191.07048330420866
Epoch: 286 - Loss: 191.06277593235492
Epoch: 287 - Loss: 191.0550810479616
Epoch: 288 - Loss: 191.04741203890126
Epoch: 289 - Loss: 191.0397621899846
Epoch: 290 - Loss: 191.03213120384268
Epoch: 291 - Loss: 191.02451916015423
Epoch: 292 - Loss: 191.01692565542132
Epoch: 293 - Loss: 191.0093545151716
Epoch: 294 - Loss: 191.0017977097477
Epoch: 295 - Loss: 190.99425575983324
Epoch: 296 - Loss: 190.98673822786796
Epoch: 297 - Loss: 190.97925105179428
Epoch: 298 - Loss: 190.9717479137752
Epoch: 299 - Loss: 190.96428199338771
Epoch: 300 - Loss: 190.9568267688839
Epoch: 1 - Loss: 190.44455883636968
Epoch: 2 - Loss: 188.39513097026725
Epoch: 3 - Loss: 187.79171915938576
Epoch: 4 - Loss: 187.51245917909432
Epoch: 5 - Loss: 187.32035657029627
Epoch: 6 - Loss: 187.15616702297123
Epoch: 7 - Loss: 187.00245102596068
Epoch: 8 - Loss: 186.8530785866024
Epoch: 9 - Loss: 186.70576737129815
Epoch: 10 - Loss: 186.559600390551
Epoch: 11 - Loss: 186.41431446304497
Epoch: 12 - Loss: 186.2698275598124
Epoch: 13 - Loss: 186.12614378596095
Epoch: 14 - Loss: 185.98324287705316
Epoch: 15 - Loss: 185.8412564228156
Epoch: 16 - Loss: 185.70014594460162
Epoch: 17 - Loss: 185.56001875928584
Epoch: 18 - Loss: 185.4208788036887
Epoch: 19 - Loss: 185.28279356364058
Epoch: 20 - Loss: 185.14571899044427
Epoch: 21 - Loss: 185.00975667495734
Epoch: 22 - Loss: 184.8748972310118
Epoch: 23 - Loss: 184.74114934698724
Epoch: 24 - Loss: 184.60852794412793
Epoch: 25 - Loss: 184.47707262148126
Epoch: 26 - Loss: 184.34676590954484
Epoch: 27 - Loss: 184.2176255798919
Epoch: 28 - Loss: 184.08969331922933
Epoch: 29 - Loss: 183.96296622365986
Epoch: 30 - Loss: 183.83745865775342
Epoch: 31 - Loss: 183.71317451967576
Epoch: 32 - Loss: 183.59013648028917
Epoch: 33 - Loss: 183.4683758758497
Epoch: 34 - Loss: 183.34785795981642
Epoch: 35 - Loss: 183.22863615142418
Epoch: 36 - Loss: 183.11070987898765
Epoch: 37 - Loss: 182.9940660944681
Epoch: 38 - Loss: 182.87871652650534
Epoch: 39 - Loss: 182.76465236361702
Epoch: 40 - Loss: 182.6518932605485
Epoch: 41 - Loss: 182.54036198003186
Epoch: 42 - Loss: 182.43009245954983
Epoch: 43 - Loss: 182.3210517930965
Epoch: 44 - Loss: 182.21321911552954
Epoch: 45 - Loss: 182.1065651579124
Epoch: 46 - Loss: 182.0010285830738
Epoch: 47 - Loss: 181.8965729851344
Epoch: 48 - Loss: 181.79316547182083
Epoch: 49 - Loss: 181.69069909295337
Epoch: 50 - Loss: 181.58913734773253
Epoch: 51 - Loss: 181.48837333277964
Epoch: 52 - Loss: 181.38835465142344
Epoch: 53 - Loss: 181.2889719803285
Epoch: 54 - Loss: 181.1901099724826
Epoch: 55 - Loss: 181.091662657921
Epoch: 56 - Loss: 180.99353021418483
Epoch: 57 - Loss: 180.89553564310876
Epoch: 58 - Loss: 180.79754773774528
Epoch: 59 - Loss: 180.69944288070653
Epoch: 60 - Loss: 180.59958124386404
Epoch: 61 - Loss: 180.49314697138888
Epoch: 62 - Loss: 180.3838793417577
Epoch: 63 - Loss: 180.27192440989796
Epoch: 64 - Loss: 180.15737191830593
Epoch: 65 - Loss: 180.04030134993963
Epoch: 66 - Loss: 179.92073055940622
Epoch: 67 - Loss: 179.79861474047064
Epoch: 68 - Loss: 179.67393833849619
Epoch: 69 - Loss: 179.54658593487213
Epoch: 70 - Loss: 179.41645221955568
Epoch: 71 - Loss: 179.2834273732119
Epoch: 72 - Loss: 179.14727995333325
Epoch: 73 - Loss: 179.0078966721132
Epoch: 74 - Loss: 178.86499764953382
Epoch: 75 - Loss: 178.71832504043113
Epoch: 76 - Loss: 178.56757771146192
Epoch: 77 - Loss: 178.4124404896375
Epoch: 78 - Loss: 178.25252965162792
Epoch: 79 - Loss: 178.08739020133785
Epoch: 80 - Loss: 177.91658056765743
Epoch: 81 - Loss: 177.7395707437748
Epoch: 82 - Loss: 177.55571087965578
Epoch: 83 - Loss: 177.36434822721066
Epoch: 84 - Loss: 177.1647296727875
Epoch: 85 - Loss: 176.9559866545081
Epoch: 86 - Loss: 176.7371994762329
Epoch: 87 - Loss: 176.5072028248326
Epoch: 88 - Loss: 176.26449480540487
Epoch: 89 - Loss: 176.0037706004756
Epoch: 90 - Loss: 175.62526323919028
Epoch: 91 - Loss: 172.30341917772625
Epoch: 92 - Loss: 170.58631681223508
Epoch: 93 - Loss: 169.73066957549796
Epoch: 94 - Loss: 168.8875869956515
Epoch: 95 - Loss: 168.07773374429178
Epoch: 96 - Loss: 167.41492735500668
Epoch: 97 - Loss: 167.00952334810546
Epoch: 98 - Loss: 166.7861879264523
Epoch: 99 - Loss: 166.63068597776953
Epoch: 100 - Loss: 166.47438063529864
Epoch: 101 - Loss: 166.28695993160227
Epoch: 102 - Loss: 166.05554115382063
Epoch: 103 - Loss: 165.79085903536495
Epoch: 104 - Loss: 165.53662709101022
Epoch: 105 - Loss: 165.30258208312839
Epoch: 106 - Loss: 164.95485169743452
Epoch: 107 - Loss: 164.42406516476774
Epoch: 108 - Loss: 163.3913374712829
Epoch: 109 - Loss: 161.9072495968375
Epoch: 110 - Loss: 162.00112021583578
Epoch: 111 - Loss: 161.68651300924725
Epoch: 112 - Loss: 161.25866627620576
Epoch: 113 - Loss: 160.8039531699429
Epoch: 114 - Loss: 160.35127993972296
Epoch: 115 - Loss: 160.00068298969373
Epoch: 116 - Loss: 160.39994073862027
Epoch: 117 - Loss: 159.69848483993144
Epoch: 118 - Loss: 159.5772284837149
Epoch: 119 - Loss: 159.4709224092265
Epoch: 120 - Loss: 159.33948904342736
Epoch: 121 - Loss: 159.19509152785264
Epoch: 122 - Loss: 159.0472333035701
Epoch: 123 - Loss: 158.90119178415117
Epoch: 124 - Loss: 158.7566816732082
Epoch: 125 - Loss: 158.6155584321751
Epoch: 126 - Loss: 158.4742568420364
Epoch: 127 - Loss: 158.32805439987553
Epoch: 128 - Loss: 158.1738475966653
Epoch: 129 - Loss: 158.0119461193968
Epoch: 130 - Loss: 157.84551383311512
Epoch: 131 - Loss: 157.6782336338424
Epoch: 132 - Loss: 157.5121321826226
Epoch: 133 - Loss: 157.3476594324144
Epoch: 134 - Loss: 157.18404197642778
Epoch: 135 - Loss: 157.01978390246433
Epoch: 136 - Loss: 156.85383861578626
Epoch: 137 - Loss: 156.68456453457765
Epoch: 138 - Loss: 156.51174106331638
Epoch: 139 - Loss: 156.3343710597384
Epoch: 140 - Loss: 156.15219821663393
Epoch: 141 - Loss: 155.9645690061957
Epoch: 142 - Loss: 155.77117522039592
Epoch: 143 - Loss: 155.5712391354026
Epoch: 144 - Loss: 155.36451191083106
Epoch: 145 - Loss: 155.15211192374116
Epoch: 146 - Loss: 154.931229767665
Epoch: 147 - Loss: 154.70480381805444
Epoch: 148 - Loss: 154.47614329967865
Epoch: 149 - Loss: 154.255350805944
Epoch: 150 - Loss: 154.0536682827227
Epoch: 151 - Loss: 153.89592844852314
Epoch: 152 - Loss: 153.78880446052128
Epoch: 153 - Loss: 153.72219352958365
Epoch: 154 - Loss: 153.63770026452494
Epoch: 155 - Loss: 153.49154004698045
Epoch: 156 - Loss: 153.29110593272938
Epoch: 157 - Loss: 153.0722237339588
Epoch: 158 - Loss: 152.86249754842066
Epoch: 159 - Loss: 152.67076736260583
Epoch: 160 - Loss: 152.49238653146642
Epoch: 161 - Loss: 152.31786802347753
Epoch: 162 - Loss: 152.13819221071975
Epoch: 163 - Loss: 151.9470396396523
Epoch: 164 - Loss: 151.74099134064264
Epoch: 165 - Loss: 151.5189656677344
Epoch: 166 - Loss: 151.2825103338679
Epoch: 167 - Loss: 151.03468780624516
Epoch: 168 - Loss: 150.77983760289447
Epoch: 169 - Loss: 150.52342797228846
Epoch: 170 - Loss: 150.27052667921382
Epoch: 171 - Loss: 150.0241232338973
Epoch: 172 - Loss: 149.78408378407298
Epoch: 173 - Loss: 149.54505301548593
Epoch: 174 - Loss: 149.29658589047975
Epoch: 175 - Loss: 149.0285907666699
